"Draft","Seat","Colors","Archetype","Themes","Creatures","Noncreatures","Lands","Avg MV","Mainboard","Sideboard"
"1","1","Red/Blue","RU Artifacts","Artifacts","7","16","17","2.74","Coalition Relic, Nettlecyst, Karn, Scion of Urza, Displacer Kitten, Paradoxical Outcome, Manifold Key, Urza's Saga, Astrologian's Planisphere, Pinnacle Emissary, Mishra's Bauble, Lórien Revealed, Upheaval, Kappa Cannoneer, Thopter Foundry, Shadowspear, Expedition Map, Forensic Gadgeteer, Retrofitter Foundry, Island, Island, Island, Island, Island, Island, Island, Island, Island, Mishra's Workshop, Goblin Engineer, The Mightstone and Weakstone, Mind Stone, Mox Sapphire, Emry, Lurker of the Loch, Tolarian Academy, Otawara, Soaring City, Spirebluff Canal, City of Traitors, Flooded Strand, Jetmir's Garden, Third Path Iconoclast","Bolas's Citadel, Krang, Utrom Warlord, Tear Asunder, Occult Epiphany, Haywire Mite, Scythecat Cub, Noble Hierarch, Delayed Blast Fireball, Show and Tell, Memory Lapse, Phantasmal Image, Agatha's Soul Cauldron, Polluted Delta, Mystical Tutor"
"1","2","Green/Red/Blue","GRU Midrange Combo","Wizards","13","10","17","3.13","Vivi Ornitier, Mox Jet, Nadu, Winged Wisdom, Thassa's Oracle, Breeding Pool, Library of Alexandria, Taiga, Emeritus of Ideation, Badgermole Cub, Torsten, Founder of Benalia, Swamp, Black Widow, Super Spy, Quantum Riddler, Jace, Vryn's Prodigy, Treasure Cruise, Force of Vigor, Oko, Thief of Crowns, Loot, the Pathfinder, Ketria Triome, Daze, Tropical Island, Shifting Woodland, Botanical Sanctum, Faerie Mastermind, Force of Negation, Island, Island, Island, Island, Island, Boseiju, Who Endures, Volcanic Island, Lightning Greaves, Oath of Druids, Thundering Falls, Fastbond, Sneak Attack, Batroc the Leaper, Uro, Titan of Nature's Wrath, Temple Garden","Lingering Souls, Fear of Missing Out, Sewer-veillance Cam, Faithless Looting, Cori-Steel Cutter, Thought Scour, Currency Converter, Archon of Cruelty, Sylvan Safekeeper, Shorikai, Genesis Engine, Sandstorm Salvager"
"1","3","Black/Red","BR Midrange","Artifacts, Spells","8","15","17","1.91","Wasteland, Dragon's Rage Channeler, Badlands, Sheoldred's Edict, Mana Crypt, Suplex, Duress, Mox Emerald, Blood Crypt, Kolaghan's Command, Smuggler's Copter, Carnage Interpreter, Unearth, Detective's Phoenix, Swamp, Swamp, Swamp, Blackcleave Cliffs, Skullclamp, Blooming Marsh, Mind Twist, Night's Whisper, Overgrown Tomb, Laelia, the Blade Reforged, Mountain, Mountain, Mountain, Mountain, Mountain, Mountain, Wheel of Fortune, Unholy Heat, Forest, Emperor of Bones, Voldaren Epicure, Bonecrusher Giant, Urborg, Tomb of Yawgmoth, Chrome Mox, Thoughtseize, Griselbrand","Traumatic Critique, Michelangelo, Weirdness to 11, Iron-Shield Elf, Lurrus of the Dream-Den, Lavaspur Boots, Talisman of Conviction, Mine Collapse, Melded Moxite, Proft's Eidetic Memory, Figure of Destiny, Blazing Rootwalla, Lush Portico, Goblin Bombardment, Thieving Skydiver, Exhume"
"1","4","Green/Red","GR Midrange Combo","Creatures","17","6","17","3.13","Avacyn's Pilgrim, Misty Rainforest, Stomping Ground, Multiversal Passage, Woodfall Primus, Fiery Confluence, Lightning Bolt, Mutagen Man, Living Ooze, Ouroboroid, Vibrance, Arena of Glory, Wooded Foothills, Llanowar Elves, Hexdrinker, Mana Vault, Etali, Primal Conqueror, Fanatic of Rhonas, Springheart Nantuko, Natural Order, Flame Slash, Copperline Gorge, Mountain, Forest, Forest, Forest, Forest, Forest, Forest, Forest, Forest, Forest, Forest, Questing Beast, Endurance, Titania, Protector of Argoth, Malevolent Rumble, Bristly Bill, Spine Sower, Vaultborn Tyrant, Headliner Scarlett, Delighted Halfling","Seasoned Pyromancer, Squee, Goblin Nabob, Imperial Seal, Corpse Dance, Manamorphose, Anje's Ravager, Tersa Lightshatter, Legion Extruder, Pyrokinesis, Ivora, Insatiable Heir, Emeritus of Abundance, Flow State, Chain of Smog, Anger, Satyr Wayfinder, Galvanic Discharge"
"1","5","Blue/White","UW Control","Spells","4","19","17","2.48","Talisman of Progress, The Wandering Emperor, Balance, Tamiyo, Inquisitive Student, Grim Monolith, Spara's Headquarters, Phyrexian Metamorph, Wrath of God, Stern Scolding, Get Lost, Aang's Iceberg, Sol Ring, Raffine's Tower, Savannah, Razorverge Thicket, Seachrome Coast, Teferi, Time Raveler, Island, Island, Island, Island, Island, Island, Plains, Plains, Plains, Sink into Stupor, Mana Leak, Brazen Borrower, Aang, Swift Savior, Mystic Confluence, Starting Town, Spell Pierce, Path to Exile, Marsh Flats, No More Lies, Oust, Reprieve, Hallowed Fountain, Teferi, Hero of Dominaria","Metamorphosis Fanatic, Appa, Steadfast Guardian, Undercity Sewers, Everflowing Chalice, Staff of the Storyteller, Shadowy Backstreet, Kavaero, Mind-Bitten, Tamiyo, Collector of Tales, Zirda, the Dawnwaker, Sanguine Evangelist, Basking Rootwalla, Jennifer Walters, Guardian Scalelord, Serra Paragon"
"1","6","Black","B Sneak and Show","Spells","10","13","17","2.22","Prismatic Vista, Nethergoyf, Raucous Theater, Grief, Grist, the Hunger Tide, Fatal Push, Cut Down, Dark Confidant, Troll of Khazad-dûm, Entomb, Sheoldred, the Apocalypse, Inquisition of Kozilek, Swamp, Swamp, Swamp, Swamp, Swamp, Swamp, Swamp, Swamp, Swamp, Swamp, Swamp, Swamp, Overlord of the Balemurk, Bitter Triumph, Underground Mortuary, Blazemire Verge, Hogaak, Arisen Necropolis, Shallow Grave, Reanimate, Moonshadow, Concealing Curtains, Toxic Deluge, Animate Dead, Wastewood Verge, Orcish Bowmasters, Mox Ruby, Vampiric Tutor, Mox Diamond","Wrenn and Six, Survival of the Fittest, Ragavan, Nimble Pilferer, Bloodtithe Harvester, Nissa, Who Shakes the World, Esika's Chariot, Vicious Rivalry, Town Greeter, Gau, Feral Youth, Once Upon a Time, Birds of Paradise, Damnation, Six, Marauding Mako, Tireless Tracker, Kaito, Bane of Nightmares, Fury"
"1","7","Red/White","RW Aggro","Humans","14","9","17","2.48","Parallax Wave, Palace Jailer, Ajani, Nacatl Pariah, Stoneforge Mystic, Adeline, Resplendent Cathar, Minsc & Boo, Timeless Heroes, Magda, Brazen Outlaw, Sacred Foundry, Karakas, Phelia, Exuberant Shepherd, Mother of Runes, Gut, True Soul Zealot, Chain Lightning, Elite Spellbinder, Elegant Parlor, Mountain, Mountain, Mountain, Council's Judgment, Swords to Plowshares, Flickerwisp, Guide of Souls, Ocelot Pride, Plains, Plains, Plains, Plains, Plains, Plains, Plains, Plains, Fable of the Mirror-Breaker, Arid Mesa, Plateau, Raugrin Triome, Thraben Inspector, Broadside Bombardiers, Elspeth, Storm Slayer, Abrade, Dismember","Phyrexian Dragon Engine, Fire Covenant, Ephemerate, Prismatic Ending, Erode, Lotus Petal, Lion Sash, Portable Hole, Bone Shards, Okoye, Mighty and Adored, Mana Tithe, Goblin Welder, Damn, Leyline Binding, Generous Ent, Channel"
"1","8","Black/Red/Blue","BRU Combo","Spells","5","18","17","2.61","Stormchaser's Talent, Ponder, Lutri, the Spellchaser, Gush, Frantic Search, Urza's Bauble, Gitaxian Probe, Ancient Tomb, Echo of Eons, Underworld Breach, Hullbreacher, Yawgmoth's Will, Spellseeker, Riverpyre Verge, Swamp, Doomsday, Jace, the Mind Sculptor, Wishclaw Talisman, Demonic Tutor, Xander's Lounge, Force of Will, Mountain, Mountain, Mountain, Saheeli, Sublime Artificer, Island, Island, Island, Island, Island, Island, Island, Timetwister, Thundertrap Trainer, Psychic Frog, Flame of Anor, Lion's Eye Diamond, Shelldock Isle, Watery Grave, Zagoth Triome","Zuran Orb, Tezzeret, Cruel Captain, Chandra, Torch of Defiance, Collective Brutality, Horizon Canopy, Master of Death, Bloodchief's Thirst, The Wondrous Wasp, Crabomination, Vindicate, Yavimaya, Cradle of Growth, Pillage the Bog, Coveted Jewel, Through the Breach, Candelabra of Tawnos, Leovold, Emissary of Trest"
"2","1","Blue/White","UW Control","Spells","7","16","17","3.04","Tundra, Displacer Kitten, The Wandering Emperor, Fractured Identity, Multiversal Passage, Balance, Grim Monolith, Windswept Heath, Prismatic Ending, Wrath of God, Subtlety, Stern Scolding, Spellseeker, Lórien Revealed, Daze, Mox Pearl, Teferi, Time Raveler, Island, Island, Island, Island, Island, Plains, Plains, Plains, Plains, Plains, Plains, Plains, Brazen Borrower, Aang, Swift Savior, Counterspell, Meticulous Archive, Skyclave Apparition, Shorikai, Genesis Engine, Eagles of the North, Unexpectedly Absent, No More Lies, Hallowed Fountain, Sunfall","Staff of the Storyteller, Sevinne's Reclamation, Mole Man, Moloid Master, Torsten, Founder of Benalia, Flash, Carnage Interpreter, Nissa, Who Shakes the World, Vindicate, Pillage the Bog, Wheel of Fortune, Leyline Binding, Plateau, Lightning Greaves, Omnath, Locus of Creation, Jetmir's Garden, Mystical Tutor, Dismember"
"2","2","Black/Blue","BU Combo","Spells, Wizards","8","15","17","2.83","Undercity Sewers, Frantic Search, Thassa's Oracle, Troll of Khazad-dûm, Stock Up, Emeritus of Ideation, Yawgmoth's Will, Malcolm, Alluring Scoundrel, Underground Sea, Consider, Jace, Wielder of Mysteries, Dark Ritual, Swamp, Swamp, Swamp, Swamp, Swamp, Swamp, Jace, Vryn's Prodigy, Cabal Ritual, Kavaero, Mind-Bitten, Occult Epiphany, Raffine's Tower, Doomsday, Tendrils of Agony, Miscalculation, Darkslick Shores, Force of Negation, Island, Island, Island, Island, Island, Thundertrap Trainer, Urborg, Tomb of Yawgmoth, Chain of Smog, Thoughtseize, Vampiric Tutor, Griselbrand, Watery Grave","Metamorphosis Fanatic, Traumatic Critique, Everflowing Chalice, Urza's Bauble, Iron-Shield Elf, Sewer-veillance Cam, Mutagen Man, Living Ooze, Ursine Monstrosity, Savannah, Waterlogged Grove, Melded Moxite, Yavimaya, Cradle of Growth, Okoye, Mighty and Adored, Vicious Rivalry, Thraben Inspector, Emeritus of Truce"
"2","3","Green/Red","GR Midrange Combo","Creatures","16","7","17","2.30","Prismatic Vista, Mox Jet, Green Sun's Zenith, Icetill Explorer, Pest Infestation, Taiga, Horizon Canopy, Badgermole Cub, Orcish Lumberjack, Minsc & Boo, Timeless Heroes, Lightning Bolt, Ouroboroid, Formidable Speaker, Bloodbraid Challenger, Fanatic of Rhonas, Gaea's Cradle, Pyrogoyf, Noble Hierarch, Mountain, Mountain, Island, Forest, Forest, Forest, Forest, Forest, Forest, Forest, Forest, Sylvan Safekeeper, Boseiju, Who Endures, Birds of Paradise, Bristly Bill, Spine Sower, Mox Sapphire, Baloth Prime, Six, Fastbond, Vaultborn Tyrant, Delighted Halfling, Bloodstained Mire","Avacyn's Pilgrim, Deathrite Shaman, Krang, Utrom Warlord, Vibrance, The Wondrous Wasp, Figure of Fable, Territorial Kavu, Force of Vigor, Death-Greeter's Champion, Flame Slash, Fireblast, Endurance, Night Nurse, Healer of Heroes, Wistfulness, Sandstorm Salvager, Abrade"
"2","4","Black/White","BW Aristocrats","Humans","12","11","17","1.87","Liliana of the Veil, Caustic Bronco, Umezawa's Jitte, Dark Confidant, Shadowy Backstreet, Duress, Lurrus of the Dream-Den, Unearth, Swamp, Swamp, Swamp, Swamp, Swamp, Swamp, Swamp, Swamp, Jacked Rabbit, Mother of Runes, Bone Shards, Barrowgoyf, Cathar Commando, Demonic Tutor, Concealing Curtains, Council's Judgment, Voice of Victory, Guide of Souls, Ocelot Pride, Plains, Plains, Plains, Plains, Animate Dead, Scrubland, Strip Mine, Path to Exile, Marsh Flats, Deep-Cavern Bat, Indatha Triome, Mox Diamond, Elspeth, Storm Slayer","Witch Enchanter, Twilight Diviner, Sedgemoor Witch, Entomb, Fallen Shinobi, Lion Sash, Triplicate Titan, Mishra's Bauble, Aang's Iceberg, Necromancy, Emrakul, the Aeons Torn, Razorverge Thicket, Blazemire Verge, Sanguine Evangelist, Emeritus of Abundance, Oust, Kaito, Bane of Nightmares"
"2","5","Red/White","RW Aggro","Humans","15","8","17","2.57","Palace Jailer, Phlage, Titan of Fire's Fury, Adeline, Resplendent Cathar, Fiery Confluence, Inspiring Vantage, Cori-Steel Cutter, Robber of the Rich, Giver of Runes, Karakas, Gut, True Soul Zealot, Arena of Glory, Containment Priest, Generous Plunderer, Elegant Parlor, Mountain, Mountain, Mountain, Mountain, Mountain, Mountain, Mountain, Burst Lightning, Otharri, Suns' Glory, Swords to Plowshares, Plains, Plains, Plains, Plains, Luminarch Aspirant, Figure of Destiny, Sage of the Skies, Pyrokinesis, Starting Town, Broadside Bombardiers, Chrome Mox, Galvanic Discharge, Reprieve, Sunbaked Canyon, Fury, Screaming Nemesis","Lingering Souls, Squee, Goblin Nabob, Ephemerate, The Legend of Roku, Baleful Strix, Keen-Eyed Curator, Winds of Abandon, Detective's Phoenix, Corpse Dance, Talisman of Conviction, Palantír of Orthanc, Hexing Squelcher, Glimmer Lens, Through the Breach, Agatha's Soul Cauldron, Voldaren Epicure"
"2","6","Red/Blue","RU Artifacts","Artifacts","6","17","17","2.96","Tezzeret, Cruel Captain, Sensei's Divining Top, Talisman of Creativity, Sword of the Meek, Creeping Tar Pit, Paradoxical Outcome, Hullbreacher, Urza's Saga, Pinnacle Emissary, Ugin, Eye of the Storms, Basalt Monolith, Pentad Prism, Mana Vault, Kappa Cannoneer, Xander's Lounge, Currency Converter, Coveted Jewel, Forensic Gadgeteer, Mountain, Mountain, Retrofitter Foundry, Saheeli, Sublime Artificer, Island, Island, Island, Island, Island, Island, Island, Island, Island, Island, Relic of Sauron, Time Spiral, Scalding Tarn, Emry, Lurker of the Loch, Mox Opal, Urza, Lord High Artificer, Lion's Eye Diamond, City of Traitors","Soul-Guide Lantern, Woodfall Primus, Eternal Witness, Spara's Headquarters, Talisman of Dominance, Cloak and Dagger, Entwined, Tamiyo, Collector of Tales, Skycoach Conductor, Wishclaw Talisman, Elite Spellbinder, Expedition Map, Preordain, Jennifer Walters, Mind Stone, Oath of Druids, Third Path Iconoclast, Exhume"
"2","7","Green/Red/Blue","GRU Spellslinger","Spells","8","15","17","2.09","Stormchaser's Talent, Ponder, Seasoned Pyromancer, Vivi Ornitier, Lutri, the Spellchaser, Steam Vents, Lose Focus, Gitaxian Probe, Tamiyo, Inquisitive Student, Breeding Pool, Mana Crypt, Ragavan, Nimble Pilferer, Mox Emerald, Astrologian's Planisphere, Riverpyre Verge, Oko, Thief of Crowns, Ketria Triome, Jace, the Mind Sculptor, Botanical Sanctum, Manamorphose, Force of Will, Dack Fayden, Mountain, Mountain, Faerie Mastermind, Abhorrent Oculus, Island, Island, Island, Island, Island, Island, Expressive Iteration, Thundering Falls, Bonecrusher Giant, Remand, Thornspire Verge, Otawara, Soaring City, Spirebluff Canal, Tarfire","Zuran Orb, Gush, Loot, the Pathfinder, Vengevine, Mine Collapse, Anje's Ravager, Arwen, Mortal Queen, Sentinel of the Nameless City, Phantasmal Image, Goblin Engineer, Marauding Mako, Flow State, Chromatic Star"
"2","8","Black/Green/Red","BGR Midrange","Humans","12","11","17","2.39","Raucous Theater, Grief, Wrenn and Six, Chandra, Torch of Defiance, Badlands, Fatal Push, Inti, Seneschal of the Sun, Oliphaunt, Cut Down, Sheoldred's Edict, Sheoldred, the Apocalypse, Bloodchief's Thirst, Swamp, Blackcleave Cliffs, Blooming Marsh, Verdant Catacombs, Bitter Triumph, Underground Mortuary, Chain Lightning, Infernal Grasp, Overgrown Tomb, Tersa Lightshatter, Gau, Feral Youth, Laelia, the Blade Reforged, Mountain, Mountain, Mountain, Mountain, Mountain, Mountain, Recurring Nightmare, Bayou, Wastewood Verge, Ignoble Hierarch, Ivora, Insatiable Heir, Tireless Tracker, Mox Ruby, Polluted Delta, Dauthi Voidwalker, Headliner Scarlett","Sear, Magda, Brazen Outlaw, Shallow Grave, Harvester of Misery, Archon of Cruelty, Basking Rootwalla, Questing Beast, Desecrex, Gift of Servitude, The Mightstone and Weakstone, Blazing Rootwalla, Satyr Wayfinder, Goblin Bombardment"
"3","1","Black/Red","BR Midrange","Black/Red","14","9","17","2.61","Savai Triome, Raucous Theater, Grief, Chandra, Torch of Defiance, Badlands, Fatal Push, Caustic Bronco, Oliphaunt, Dark Confidant, Sheoldred, the Apocalypse, Ragavan, Nimble Pilferer, Minsc & Boo, Timeless Heroes, Bloodchief's Thirst, Detective's Phoenix, Blackcleave Cliffs, Mind Twist, Death-Greeter's Champion, Anje's Ravager, Generous Plunderer, Blazemire Verge, Gau, Feral Youth, Copperline Gorge, Laelia, the Blade Reforged, Mountain, Mountain, Mountain, Mountain, Mountain, Mountain, Mountain, Mountain, Mountain, Burst Lightning, Scalding Tarn, Voldaren Epicure, Pyrokinesis, Mox Ruby, Tarfire, Ziatora's Proving Ground, Fury","Phyrexian Dragon Engine, Traumatic Critique, Sedgemoor Witch, Concealed Courtyard, Unearth, Overlord of the Balemurk, Wan Shi Tong, All-Knowing, Kappa Cannoneer, Okoye, Mighty and Adored, Voice of Victory, The Mightstone and Weakstone, Legion Extruder, Flow State, Unexpectedly Absent"
"3","2","Green/Blue","GU Midrange Combo","Artifacts","5","18","17","4.52","Coalition Relic, Nettlecyst, Karn, Scion of Urza, Tezzeret, Cruel Captain, Sensei's Divining Top, Pest Infestation, Windswept Heath, Portal to Phyrexia, Phyrexian Metamorph, Swamp, Triplicate Titan, Ugin, Eye of the Storms, Oko, Thief of Crowns, Sol Ring, Basalt Monolith, Kaldra Compleat, Gaea's Cradle, Thopter Foundry, Emrakul, the Aeons Torn, Coveted Jewel, Island, Island, Island, Island, Island, Island, Island, Forest, Forest, Forest, Forest, Myr Battlesphere, Lightning Greaves, Hedge Maze, Channel, Lush Portico, Mox Sapphire, Mox Opal, Blightsteel Colossus, City of Traitors","Avacyn's Pilgrim, Brightglass Gearhulk, Survival of the Fittest, Stomping Ground, Michelangelo, Weirdness to 11, Balance, Lion Sash, Cathar Commando, Overlord of the Mistmoors, Shadowspear, Natural Order, Sentinel of the Nameless City, Agatha's Soul Cauldron, Ignoble Hierarch, Malevolent Rumble, Batroc the Leaper, Serra Paragon"
"3","3","Red/Blue","RU Spellslinger","Artifacts, Spells","4","19","17","2.17","Stormchaser's Talent, Vivi Ornitier, Talisman of Creativity, Lutri, the Spellchaser, Echo of Eons, Brainstorm, Cori-Steel Cutter, Aether Spellbomb, Astrologian's Planisphere, Riverpyre Verge, Mishra's Bauble, Lórien Revealed, Firebolt, Dack Fayden, Mountain, Mountain, Mountain, Narset, Parter of Veils, Saheeli, Sublime Artificer, Force of Negation, Island, Island, Island, Island, Island, Island, Island, Island, Island, Island, Mishra's Workshop, Expressive Iteration, Counterspell, Time Walk, Thundertrap Trainer, Spell Pierce, Otawara, Soaring City, Spirebluff Canal, Lion's Eye Diamond, Third Path Iconoclast","Squee, Goblin Nabob, Sear, Tinker, Paradoxical Outcome, Phlage, Titan of Fire's Fury, Faithless Looting, Carnage Interpreter, Black Widow, Super Spy, Vindicate, Currency Converter, Retrofitter Foundry, Flickerwisp, Aang, Swift Savior, Sage of the Skies, Starting Town, Time Warp, Emeritus of Abundance, Oust"
"3","4","Black/Green/Blue/White","BGUW Midrange Combo","Black/Green/Blue/White","14","9","17","2.78","Zuran Orb, Nadu, Winged Wisdom, Icetill Explorer, Fractured Identity, Spara's Headquarters, Swamp, Swamp, Karakas, The Wondrous Wasp, Cloak and Dagger, Entwined, Wooded Foothills, Savannah, Tamiyo, Collector of Tales, Botanical Sanctum, Springheart Nantuko, Scythecat Cub, Noble Hierarch, Island, Forest, Forest, Forest, Forest, Forest, Leyline Binding, Generous Ent, Plains, Boseiju, Who Endures, Meticulous Archive, Titania, Protector of Argoth, Bristly Bill, Spine Sower, Path to Exile, Solitude, Fastbond, Night Nurse, Healer of Heroes, Orcish Bowmasters, Chrome Mox, Uro, Titan of Nature's Wrath, Reprieve, Hallowed Fountain, Dismember","Witch Enchanter, Appa, Steadfast Guardian, Stoneforge Mystic, Baleful Strix, Subtlety, Spellseeker, Winds of Abandon, Figure of Fable, Territorial Kavu, Force of Vigor, Elite Spellbinder, Phantasmal Image, Impractical Joke, Leovold, Emissary of Trest"
"3","5","Black/Blue","BU Tempo","Spells","12","11","17","2.43","Ponder, Undercity Sewers, Cut Down, Library of Alexandria, Sheoldred's Edict, Troll of Khazad-dûm, Stock Up, Tishana's Tidebinder, Master of Death, Malcolm, Alluring Scoundrel, Fallen Shinobi, Swamp, Swamp, Swamp, Swamp, Swamp, Swamp, Jace, Vryn's Prodigy, Kavaero, Mind-Bitten, Occult Epiphany, Raffine's Tower, Daze, Infernal Grasp, Darkslick Shores, Moonshadow, Faerie Mastermind, Island, Island, Island, Island, Emperor of Bones, Damnation, Marsh Flats, Urborg, Tomb of Yawgmoth, Psychic Frog, Deep-Cavern Bat, Thoughtseize, Shelldock Isle, Kaito, Bane of Nightmares, Mystical Tutor","Fire Covenant, Twilight Diviner, The Wandering Emperor, Soul-Guide Lantern, Bleachbone Verge, Kolaghan's Command, Talisman of Dominance, Tear Asunder, Lavaspur Boots, Mine Collapse, Damn, Commercial District, Desecrex, Gift of Servitude, Mind Stone, Exhume"
"3","6","Red/White","RW Aggro","Red/White","14","9","17","2.04","Palace Jailer, Fear of Missing Out, Ajani, Nacatl Pariah, Magda, Brazen Outlaw, Inspiring Vantage, Lightning Bolt, Sacred Foundry, Smuggler's Copter, Jacked Rabbit, Phelia, Exuberant Shepherd, Mother of Runes, Gut, True Soul Zealot, Pyrogoyf, Chain Lightning, Containment Priest, Flame Slash, Abandoned Air Temple, Mountain, Mountain, Mountain, Mountain, Mountain, Mountain, Mountain, Swords to Plowshares, Guide of Souls, Ocelot Pride, Plains, Plains, Plains, Plains, Fable of the Mirror-Breaker, Arid Mesa, Plateau, Figure of Destiny, Strip Mine, Galvanic Discharge, Elspeth, Storm Slayer, Abrade, Screaming Nemesis","Lingering Souls, Staff of the Storyteller, Erode, Orcish Lumberjack, Ketria Triome, Skycoach Conductor, Celestial Colonnade, Securitron Squadron, Delayed Blast Fireball, Fireblast, Jennifer Walters, Scrubland, Oath of Druids, Guardian Scalelord, Marauding Mako, Sunfall"
"3","7","Black/Red/Blue","BRU Combo","Artifacts, Spells","1","22","17","2.70","Gush, Frantic Search, Urza's Bauble, Gitaxian Probe, Thassa's Oracle, Ancient Tomb, Underworld Breach, Bolas's Citadel, Yawgmoth's Will, Lotus Petal, Stern Scolding, Brain Freeze, Dark Ritual, Swamp, Swamp, Swamp, Treasure Cruise, Doomsday, Pentad Prism, Night's Whisper, Wishclaw Talisman, Xander's Lounge, Thought Scour, Manamorphose, Force of Will, Wheel of Fortune, Island, Island, Island, Island, Island, Volcanic Island, Mana Confluence, Tolarian Academy, Memory Jar, Indatha Triome, Flame of Anor, Flooded Strand, Bloodstained Mire, Watery Grave","Displacer Kitten, Everflowing Chalice, Sword of the Meek, Shadowy Backstreet, Mole Man, Moloid Master, Manifold Key, Torsten, Founder of Benalia, Lurrus of the Dream-Den, Pinnacle Emissary, Godless Shrine, Arwen, Mortal Queen, Council's Judgment, Through the Breach"
"3","8","Black/Green","BG Graveyard","Black/Green","10","13","17","2.43","Metamorphosis Fanatic, Nethergoyf, Liliana of the Veil, Grist, the Hunger Tide, Deathrite Shaman, Entomb, Snuff Out, Mox Emerald, Swamp, Swamp, Swamp, Swamp, Swamp, Swamp, Swamp, Swamp, Swamp, Swamp, Corpse Dance, Blooming Marsh, Witherbloom Apprentice, Necromancy, Barrowgoyf, Bitter Triumph, Shifting Woodland, Overgrown Tomb, Town Greeter, Harvester of Misery, Recurring Nightmare, Forest, Bayou, Animate Dead, Life // Death, Six, Chain of Smog, Satyr Wayfinder, Polluted Delta, Dauthi Voidwalker, Mox Diamond, Zagoth Triome","Umezawa's Jitte, Woodfall Primus, Eternal Witness, Keen-Eyed Curator, Mutagen Man, Living Ooze, Ouroboroid, Tidehollow Sculler, Skullclamp, Talisman of Conviction, Vicious Rivalry, Concealing Curtains, Sanguine Evangelist, Super Shredder, Goblin Engineer, Thornspire Verge, Thieving Skydiver"
"4","1","Black/Green/Red/Blue","BGRU Combo","Artifacts, Spells","4","19","17","1.91","Vivi Ornitier, Undercity Sewers, Frantic Search, Breeding Pool, Deathrite Shaman, Bolas's Citadel, Yawgmoth's Will, Brain Freeze, Black Lotus, Dark Ritual, Swamp, Swamp, Swamp, Swamp, Blooming Marsh, Skycoach Conductor, Tendrils of Agony, Shifting Woodland, Wishclaw Talisman, Demonic Tutor, Manamorphose, Talisman of Curiosity, Yavimaya, Cradle of Growth, Overgrown Tomb, Darkslick Shores, Mountain, Mountain, Retrofitter Foundry, Island, Island, Island, Malevolent Rumble, Urborg, Tomb of Yawgmoth, Mox Opal, Fastbond, Flow State, Batroc the Leaper, Vampiric Tutor, Mox Diamond, Mystical Tutor","Karn, Scion of Urza, Icetill Explorer, Shadowy Backstreet, Concealed Courtyard, Adeline, Resplendent Cathar, Haywire Mite, Fanatic of Rhonas, Vicious Rivalry, Arwen, Mortal Queen, Town Greeter, Generous Ent, Show and Tell, Omnath, Locus of Creation, Bristly Bill, Spine Sower"
"4","2","Red/Blue/White","RUW Combo Control","Spells, Humans","12","11","17","2.78","Chandra, Torch of Defiance, Steam Vents, Multiversal Passage, Palace Jailer, Library of Alexandria, Sear, Ajani, Nacatl Pariah, Snapcaster Mage, Hullbreacher, Brainstorm, Magda, Brazen Outlaw, Gut, True Soul Zealot, Arena of Glory, Mana Drain, Miscalculation, Dack Fayden, Laelia, the Blade Reforged, Mountain, Mountain, Mountain, Mountain, Mountain, Teferi, Time Raveler, Otharri, Suns' Glory, Island, Island, Island, Island, Guide of Souls, Plains, Arid Mesa, Mana Leak, Raugrin Triome, Meticulous Archive, Mystic Confluence, Bonecrusher Giant, Third Path Iconoclast, Abrade, Fury, Dismember","Lingering Souls, Echo of Eons, Manifold Key, Winds of Abandon, Robber of the Rich, Overlord of the Mistmoors, Mine Collapse, Melded Moxite, Containment Priest, Okoye, Mighty and Adored, Currency Converter, Agatha's Soul Cauldron, Sage of the Skies, Guardian Scalelord, Eagles of the North"
"4","3","Red/Blue/White","RUW Artifacts","Artifacts","5","18","17","3.52","Talisman of Progress, Nettlecyst, Tezzeret, Cruel Captain, Talisman of Creativity, Balance, Grim Monolith, Mana Crypt, Paradoxical Outcome, Portal to Phyrexia, Inspiring Vantage, Triplicate Titan, Ugin, Eye of the Storms, Basalt Monolith, Talisman of Conviction, Raffine's Tower, Upheaval, Kappa Cannoneer, Elegant Parlor, Mountain, Mountain, Saheeli, Sublime Artificer, Island, Island, Island, Island, Island, Island, Island, Island, Island, Island, Island, Mishra's Workshop, Myr Battlesphere, Candelabra of Tawnos, Counterspell, Emry, Lurker of the Loch, Urza, Lord High Artificer, Chrome Mox, Chromatic Star","Phyrexian Dragon Engine, Displacer Kitten, Staff of the Storyteller, Soul-Guide Lantern, Consider, Vengevine, Emrakul, the Aeons Torn, Generous Plunderer, Delayed Blast Fireball, Glimmer Lens, Makdee and Itla, Skysnarers, Goblin Engineer, Legion Extruder, Thundertrap Trainer, Solitude, Shorikai, Genesis Engine, Chain of Smog, Sunfall"
"4","4","Black","B Reanimator","Spells","11","12","17","2.26","Metamorphosis Fanatic, Nethergoyf, Mox Jet, Grief, Fatal Push, Caustic Bronco, Entomb, Snuff Out, Sheoldred, the Apocalypse, Lurrus of the Dream-Den, Bloodchief's Thirst, Unearth, Swamp, Swamp, Swamp, Swamp, Swamp, Swamp, Swamp, Swamp, Swamp, Swamp, Swamp, Swamp, Swamp, Swamp, Crabomination, Skullclamp, Verdant Catacombs, Godless Shrine, Barrowgoyf, Mind Twist, Night's Whisper, Concealing Curtains, Toxic Deluge, Animate Dead, Emperor of Bones, Deep-Cavern Bat, Indatha Triome, Thoughtseize","Coalition Relic, Alpha Deathclaw, Wrenn and Six, Emeritus of Ideation, Horizon Canopy, Badgermole Cub, Malcolm, Alluring Scoundrel, Aether Spellbomb, Jacked Rabbit, Mother of Runes, Doomsday, Shadowspear, Goblin Welder, Council's Judgment, Sylvan Safekeeper, Oust, Reprieve, Delighted Halfling, Kaito, Bane of Nightmares"
"4","5","Green/Blue/White","GUW Soup","Green/Blue/White","15","8","17","2.78","Tundra, Avacyn's Pilgrim, Parallax Wave, Nadu, Winged Wisdom, Fractured Identity, Stomping Ground, Umezawa's Jitte, Windswept Heath, Ouroboroid, Formidable Speaker, Ursine Monstrosity, Llanowar Elves, Hexdrinker, Waterlogged Grove, Springheart Nantuko, Natural Order, Noble Hierarch, Sentinel of the Nameless City, Atraxa, Grand Unifier, Swords to Plowshares, Forest, Forest, Forest, Forest, Leyline Binding, Ocelot Pride, Questing Beast, Bayou, Plains, Plains, Plains, Ignoble Hierarch, Birds of Paradise, Path to Exile, Polluted Delta, Hallowed Fountain, Teferi, Hero of Dominaria, Flooded Strand, Temple Garden, Zagoth Triome","Cut Down, Together as One, Woodfall Primus, Wrath of God, Baleful Strix, Walking Ballista, Lion Sash, Get Lost, Aang's Iceberg, Loot, the Pathfinder, Flickerwisp, Loran of the Third Path"
"4","6","Red/Blue","RU Tempo","Spells, Humans","13","10","17","2.61","Wasteland, Lutri, the Spellchaser, Inti, Seneschal of the Sun, Thassa's Oracle, Stock Up, Ragavan, Nimble Pilferer, Sacred Foundry, Astrologian's Planisphere, Detective's Phoenix, Ancestral Recall, Black Widow, Super Spy, Quantum Riddler, The Wondrous Wasp, Treasure Cruise, Lórien Revealed, Wan Shi Tong, All-Knowing, Daze, Blazemire Verge, Mountain, Faerie Mastermind, Island, Island, Island, Island, Island, Island, Island, Island, Island, Island, Starting Town, Thundering Falls, Spell Pierce, Night Nurse, Healer of Heroes, Ledger Shredder, Orcish Bowmasters, Flame of Anor, Galvanic Discharge, Tarfire, Bloodstained Mire","Ephemerate, Sevinne's Reclamation, Troll of Khazad-dûm, Fallen Shinobi, Vibrance, Territorial Kavu, Bitter Triumph, Death-Greeter's Champion, Mana Tithe, Fireblast, Damn, Voice of Victory, Luminarch Aspirant, No More Lies, Serra Paragon, Goblin Bombardment"
"4","7","Green/Red/Blue","GRU Midrange Combo","Green/Red/Blue","10","13","17","2.61","Zuran Orb, Fabled Passage, Gitaxian Probe, Tamiyo, Inquisitive Student, Underworld Breach, Eternal Witness, Subtlety, Minsc & Boo, Timeless Heroes, Mutagen Man, Living Ooze, Spellseeker, Jace, Wielder of Mysteries, Nissa, Who Shakes the World, Ketria Triome, Botanical Sanctum, Scythecat Cub, Force of Will, Wheel of Fortune, Abhorrent Oculus, Island, Island, Island, Island, Island, Island, Forest, Forest, Forest, Forest, Memory Lapse, Brazen Borrower, Endurance, Hedge Maze, Once Upon a Time, Mox Sapphire, Tolarian Academy, Time Warp, Thornspire Verge, Otawara, Soaring City, Uro, Titan of Nature's Wrath, Lion's Eye Diamond","Seasoned Pyromancer, Traumatic Critique, The Wandering Emperor, Dark Confidant, Prismatic Ending, The Legend of Roku, Figure of Fable, Tear Asunder, Witherbloom Apprentice, Elite Spellbinder, Expedition Map, Basking Rootwalla, Impractical Joke, Mind Stone, Leovold, Emissary of Trest"
"4","8","Black/Red","BR Sneak and Show","Enchantments","11","12","17","3.35","Savai Triome, Raucous Theater, Badlands, Oliphaunt, Iron-Shield Elf, Sheoldred's Edict, Taiga, Fear of Missing Out, Worldspine Wurm, Duress, The One Ring, Bloodtithe Harvester, Blood Crypt, Kolaghan's Command, Swamp, Swamp, Swamp, Swamp, Swamp, Overlord of the Balemurk, Necromancy, Sol Ring, Mana Vault, Etali, Primal Conqueror, Pyrogoyf, Reanimate, Mountain, Mountain, Mountain, Mountain, Mountain, Mountain, Recurring Nightmare, Archon of Cruelty, Through the Breach, Wastewood Verge, Voldaren Epicure, Marauding Mako, Sneak Attack, Mox Ruby","Witch Enchanter, Twilight Diviner, Sedgemoor Witch, Orcish Lumberjack, Bloodbraid Challenger, Cathar Commando, Firebolt, Anje's Ravager, Hexing Squelcher, Unholy Heat, Super Shredder, Jennifer Walters, Scrubland, Figure of Destiny, Pyrokinesis, Satyr Wayfinder"
"5","1","Black/Green","BG Graveyard","Black/Green","14","9","17","2.61","Metamorphosis Fanatic, Nethergoyf, Twilight Diviner, Alpha Deathclaw, Liliana of the Veil, Grist, the Hunger Tide, Survival of the Fittest, Caustic Bronco, Deathrite Shaman, Inquisition of Kozilek, Unearth, Swamp, Swamp, Swamp, Swamp, Swamp, Swamp, Swamp, Swamp, Crabomination, Tear Asunder, Blooming Marsh, Verdant Catacombs, Witherbloom Apprentice, Necromancy, Gaea's Cradle, Vengevine, Overgrown Tomb, Concealing Curtains, Recurring Nightmare, Forest, Bayou, Agatha's Soul Cauldron, Wastewood Verge, Jennifer Walters, Orcish Bowmasters, Satyr Wayfinder, Polluted Delta, Dauthi Voidwalker, Ziatora's Proving Ground","Michelangelo, Weirdness to 11, Together as One, Wrath of God, Figure of Fable, Vindicate, Kaldra Compleat, Haywire Mite, Palantír of Orthanc, Esika's Chariot, Flickerwisp, Loran of the Third Path, Myr Battlesphere, Path to Exile, Anger"
"5","2","Red/White","RW Stompy","Humans, Creatures","18","5","17","2.70","Parallax Wave, Multiversal Passage, Taiga, Ajani, Nacatl Pariah, Forth Eorlingas!, Adeline, Resplendent Cathar, Minsc & Boo, Timeless Heroes, Fiery Confluence, Inspiring Vantage, Sacred Foundry, Cori-Steel Cutter, Karakas, Jacked Rabbit, Phelia, Exuberant Shepherd, Mother of Runes, Arena of Glory, Pyrogoyf, Death-Greeter's Champion, Generous Plunderer, Enduring Innocence, Tersa Lightshatter, Elegant Parlor, Mountain, Sanguine Evangelist, Voice of Victory, Guide of Souls, Commercial District, Ocelot Pride, Plains, Plains, Plains, Plains, Plains, Plains, Arid Mesa, Plateau, Figure of Destiny, Sage of the Skies, Solitude, Fury","Appa, Steadfast Guardian, Orcish Lumberjack, The Wondrous Wasp, Fanatic of Rhonas, Zirda, the Dawnwaker, Mana Tithe, Fireblast, Council's Judgment, Leyline Binding, Once Upon a Time, Eagles of the North, Flame of Anor"
"5","3","Blue","U Artifacts","Spells","7","16","17","2.78","Vivi Ornitier, Displacer Kitten, Fabled Passage, Sensei's Divining Top, Gush, Frantic Search, Gitaxian Probe, Echo of Eons, Tishana's Tidebinder, Hullbreacher, Brainstorm, Stern Scolding, Consider, Astrologian's Planisphere, Jace, Wielder of Mysteries, Bazaar of Baghdad, Jace, Vryn's Prodigy, Treasure Cruise, Occult Epiphany, Daze, Force of Will, Island, Island, Island, Island, Island, Island, Island, Island, Island, Island, Island, Island, Island, Island, Brazen Borrower, Mox Sapphire, Urza, Lord High Artificer, City of Traitors, Mystical Tutor","Breeding Pool, Shadowy Backstreet, Paradoxical Outcome, Talisman of Dominance, Lion Sash, Dark Ritual, Talisman of Conviction, Doomsday, Pentad Prism, Tamiyo, Collector of Tales, Wishclaw Talisman, Botanical Sanctum, Damn, Unholy Heat, Candelabra of Tawnos, Lightning Greaves, Wistfulness, Thieving Skydiver, Zagoth Triome"
"5","4","Black/Red/Blue","BRU Combo","Spells, Humans","6","17","17","2.13","Fire Covenant, Prismatic Vista, Mox Jet, Badlands, Tamiyo, Inquisitive Student, Dark Confidant, Collective Brutality, Sewer-veillance Cam, Sedgemoor Witch, Underworld Breach, Bolas's Citadel, Yawgmoth's Will, Blood Crypt, Spellseeker, Underground Sea, Riverpyre Verge, Swamp, Swamp, Quantum Riddler, Blackcleave Cliffs, Kavaero, Mind-Bitten, Wooded Foothills, Firebolt, Night's Whisper, Xander's Lounge, Thought Scour, Underground Mortuary, Burst Lightning, Island, Island, Island, Island, Mana Leak, Timetwister, Time Walk, Thornspire Verge, Thoughtseize, Lion's Eye Diamond, Galvanic Discharge, Bloodstained Mire","Everflowing Chalice, Horizon Canopy, Master of Death, Melded Moxite, Vicious Rivalry, Goblin Welder, Basking Rootwalla, Phantasmal Image, Voldaren Epicure, Goblin Bombardment, Exhume"
"5","5","Black/Red","BR Sneak and Show","Spells","7","16","17","3.09","Seasoned Pyromancer, Grief, Stomping Ground, Sheoldred's Edict, Troll of Khazad-dûm, Ancient Tomb, Fear of Missing Out, Suplex, Snuff Out, The One Ring, Faithless Looting, Lightning Bolt, Swamp, Swamp, Swamp, Swamp, Swamp, Swamp, Swamp, Swamp, Bone Shards, Etali, Primal Conqueror, Mind Twist, Demonic Tutor, Flame Slash, Blazemire Verge, Reanimate, Copperline Gorge, Mountain, Mountain, Mountain, Mountain, Archon of Cruelty, Fable of the Mirror-Breaker, Life // Death, Urborg, Tomb of Yawgmoth, Sneak Attack, Mox Diamond, Griselbrand, Dismember","Wrenn and Six, Chandra, Torch of Defiance, Erode, Torsten, Founder of Benalia, Bloodchief's Thirst, Fallen Shinobi, Territorial Kavu, Anje's Ravager, Delayed Blast Fireball, Gau, Feral Youth, Moonshadow, Super Shredder, Makdee and Itla, Skysnarers, Desecrex, Gift of Servitude, Goblin Engineer, Impractical Joke, Blazing Rootwalla"
"5","6","Blue/White","UW Control","Spells","8","15","17","2.43","Ponder, Misty Rainforest, The Wandering Emperor, Ephemerate, Lose Focus, Stock Up, Mox Emerald, Subtlety, Raffine's Tower, Mana Drain, Overlord of the Mistmoors, Celestial Colonnade, Elite Spellbinder, Miscalculation, Abandoned Air Temple, Seachrome Coast, Faerie Mastermind, Preordain, Abhorrent Oculus, Island, Island, Island, Island, Island, Island, Island, Island, Memory Lapse, Plains, Counterspell, Meticulous Archive, Remand, Skyclave Apparition, Marsh Flats, Psychic Frog, Ledger Shredder, No More Lies, Oust, Teferi, Hero of Dominaria, Watery Grave","Fatal Push, Soul-Guide Lantern, Sevinne's Reclamation, Lurrus of the Dream-Den, Flash, Tidehollow Sculler, Aang's Iceberg, Currency Converter, Hymn to Tourach, Atraxa, Grand Unifier, Proft's Eidetic Memory, Emperor of Bones, Deep-Cavern Bat, Flow State"
"5","7","Red/Blue","RU Artifacts","Artifacts","4","19","17","3.35","Nettlecyst, Karn, Scion of Urza, Tezzeret, Cruel Captain, Talisman of Creativity, Grim Monolith, Tinker, Portal to Phyrexia, Lotus Petal, Manifold Key, Pinnacle Emissary, Ancestral Recall, Ugin, Eye of the Storms, Sol Ring, Ketria Triome, Mana Vault, Upheaval, Kappa Cannoneer, Talisman of Curiosity, Coveted Jewel, Mountain, Mountain, Mountain, Island, Island, Island, Island, Island, Island, Island, Island, Island, Island, Island, Mishra's Workshop, Mind Stone, Emry, Lurker of the Loch, Tolarian Academy, Mox Opal, Blightsteel Colossus, Mox Ruby","Zuran Orb, Worldspine Wurm, Krang, Utrom Warlord, The Legend of Roku, Cabal Ritual, Skycoach Conductor, Jace, the Mind Sculptor, Mine Collapse, Shadowspear, Infernal Grasp, Expressive Iteration, Scrubland, Time Spiral, Mystic Confluence, Guardian Scalelord, Time Warp, Fastbond, Vampiric Tutor, Third Path Iconoclast"
"5","8","Green/White","GW Midrange Combo","Green/White","15","8","17","2.39","Avacyn's Pilgrim, Green Sun's Zenith, Pest Infestation, Badgermole Cub, Woodfall Primus, Eternal Witness, Spara's Headquarters, Elvish Mystic, Keen-Eyed Curator, Walking Ballista, Ouroboroid, Nissa, Who Shakes the World, Force of Vigor, Ursine Monstrosity, Llanowar Elves, Savannah, Mox Pearl, Springheart Nantuko, Natural Order, Razorverge Thicket, Noble Hierarch, Swords to Plowshares, Forest, Forest, Forest, Forest, Forest, Forest, Forest, Forest, Forest, Forest, Forest, Forest, Forest, Generous Ent, Sylvan Safekeeper, Channel, Bristly Bill, Spine Sower, Lush Portico","Staff of the Storyteller, Stoneforge Mystic, Smuggler's Copter, Winds of Abandon, Get Lost, Vibrance, Black Widow, Super Spy, Bloodbraid Challenger, Cathar Commando, Containment Priest, Securitron Squadron, Town Greeter, Thraben Inspector, Night Nurse, Healer of Heroes, Emeritus of Abundance, Serra Paragon, Uro, Titan of Nature's Wrath, Screaming Nemesis"
"6","1","Red/White","RW Aggro","Humans, Creatures","16","7","17","2.04","Fear of Missing Out, Phlage, Titan of Fire's Fury, Forth Eorlingas!, Ragavan, Nimble Pilferer, Sacred Foundry, Robber of the Rich, Giver of Runes, Jacked Rabbit, Death-Greeter's Champion, Flame Slash, Mountain, Mountain, Mountain, Mountain, Mountain, Mountain, Mountain, Mountain, Otharri, Suns' Glory, Voice of Victory, Swords to Plowshares, Guide of Souls, Ocelot Pride, Plains, Plains, Plains, Plains, Plains, Plains, Plains, Plains, Fable of the Mirror-Breaker, Luminarch Aspirant, Figure of Destiny, Path to Exile, Bonecrusher Giant, Broadside Bombardiers, Galvanic Discharge, Reprieve, Headliner Scarlett","Staff of the Storyteller, The Wandering Emperor, Stoneforge Mystic, Bloodtithe Harvester, Mutagen Man, Living Ooze, Detective's Phoenix, Cloak and Dagger, Entwined, Overlord of the Mistmoors, Enduring Innocence, Tersa Lightshatter, Unholy Heat, Basking Rootwalla, Super Shredder, Glimmer Lens, Scrubland, Sage of the Skies, Pyrokinesis, Unexpectedly Absent, Oust, Tarfire, Elspeth, Storm Slayer"
"6","2","Black/Blue","BU Combo","Artifacts, Spells","1","22","17","2.61","Stormchaser's Talent, Sensei's Divining Top, Imperial Seal, Frantic Search, Urza's Bauble, Thassa's Oracle, Stock Up, Echo of Eons, Bolas's Citadel, Yawgmoth's Will, Blood Crypt, Brain Freeze, Talisman of Dominance, Riverpyre Verge, Swamp, Swamp, Treasure Cruise, Mishra's Bauble, Wooded Foothills, Doomsday, Pentad Prism, Tendrils of Agony, Manamorphose, Mountain, Preordain, Island, Island, Island, Island, Island, Island, Island, Island, Volcanic Island, Timetwister, Mana Confluence, Spell Pierce, Urborg, Tomb of Yawgmoth, Memory Jar, Chromatic Star","Traumatic Critique, Everflowing Chalice, Lose Focus, Sewer-veillance Cam, Keen-Eyed Curator, Scythecat Cub, Arwen, Mortal Queen, Moonshadow, Desecrex, Gift of Servitude, Plateau, Candelabra of Tawnos, Impractical Joke, Meticulous Archive, Marauding Mako, No More Lies, Flame of Anor"
"6","3","Black/Green/Red/Blue","BGRU Sneak and Show","Spells","9","14","17","3.91","Savai Triome, Raucous Theater, Mox Jet, Undercity Sewers, Oliphaunt, Shadowy Backstreet, Torsten, Founder of Benalia, Kolaghan's Command, Dark Ritual, Bazaar of Baghdad, Swamp, Swamp, Swamp, Swamp, Swamp, Swamp, Swamp, Swamp, Swamp, Corpse Dance, Crabomination, Kavaero, Mind-Bitten, Bone Shards, Mind Twist, Botanical Sanctum, Emrakul, the Aeons Torn, Harvester of Misery, Forest, Show and Tell, Through the Breach, Myr Battlesphere, Emperor of Bones, Oath of Druids, Life // Death, Damnation, Mox Sapphire, Vampiric Tutor, Griselbrand, Dismember, Zagoth Triome","Squee, Goblin Nabob, Suplex, Consider, Tidehollow Sculler, Wan Shi Tong, All-Knowing, Daze, Kaldra Compleat, Jace, the Mind Sculptor, Thought Scour, Anje's Ravager, Generous Plunderer, Damn, Time Warp, Emeritus of Truce, Batroc the Leaper"
"6","4","Blue/White","UW Artifacts","Artifacts","6","17","17","2.30","Coalition Relic, Talisman of Progress, Tundra, Prismatic Vista, Fabled Passage, Fractured Identity, Tamiyo, Inquisitive Student, Sword of the Meek, Bleachbone Verge, Snapcaster Mage, Mana Crypt, Hullbreacher, Lotus Petal, Walking Ballista, Portable Hole, Sol Ring, Thopter Foundry, Expedition Map, Coveted Jewel, Forensic Gadgeteer, Saheeli, Sublime Artificer, Teferi, Time Raveler, Island, Island, Island, Island, Island, Island, Island, Island, Plains, Plains, Plains, Mana Leak, Time Spiral, Thundertrap Trainer, Tolarian Academy, Mox Opal, City of Traitors, Teferi, Hero of Dominaria","Witch Enchanter, Zuran Orb, Parallax Wave, Palace Jailer, Sevinne's Reclamation, Prismatic Ending, Erode, Lion Sash, Triplicate Titan, Figure of Fable, Natural Order, Faerie Mastermind, Flickerwisp, Phantasmal Image, Lightning Greaves, Guardian Scalelord"
"6","5","Blue","U Artifacts","Artifacts","8","15","17","3.61","Nettlecyst, Displacer Kitten, Tezzeret, Cruel Captain, Talisman of Creativity, Soul-Guide Lantern, Krang, Utrom Warlord, Portal to Phyrexia, Phyrexian Metamorph, Aether Spellbomb, Urza's Saga, Quantum Riddler, The Wondrous Wasp, Ugin, Eye of the Storms, Basalt Monolith, Raffine's Tower, Mana Vault, Mana Drain, Upheaval, Shadowspear, Seachrome Coast, Elegant Parlor, Force of Negation, Island, Island, Island, Island, Island, Island, Island, Island, Island, Island, Island, Island, Relic of Sauron, Mishra's Workshop, Emry, Lurker of the Loch, Shorikai, Genesis Engine, Night Nurse, Healer of Heroes, Urza, Lord High Artificer","Lingering Souls, Together as One, Subtlety, Inquisition of Kozilek, Stern Scolding, Get Lost, Lavaspur Boots, Loot, the Pathfinder, Cathar Commando, Skycoach Conductor, Gaea's Cradle, Vicious Rivalry, Sentinel of the Nameless City, Agatha's Soul Cauldron, Ivora, Insatiable Heir, Wistfulness, Serra Paragon"
"6","6","Black/Blue","BU Tempo","Spells","11","12","17","1.87","Nethergoyf, Wasteland, Dragon's Rage Channeler, Fatal Push, Caustic Bronco, Multiversal Passage, Cut Down, Wan Shi Tong, Librarian, Brainstorm, Spellseeker, Astrologian's Planisphere, Unearth, Fallen Shinobi, Swamp, Swamp, Swamp, Swamp, Swamp, Swamp, Swamp, Swamp, Jace, Vryn's Prodigy, Demonic Tutor, Xander's Lounge, Infernal Grasp, Concealing Curtains, Abhorrent Oculus, Island, Island, Island, Island, Counterspell, Remand, Psychic Frog, Deep-Cavern Bat, Otawara, Soaring City, Mox Ruby, Thoughtseize, Kaito, Bane of Nightmares, Watery Grave","Chandra, Torch of Defiance, Deathrite Shaman, Concealed Courtyard, Ouroboroid, Bloodbraid Challenger, Firebolt, Wishclaw Talisman, Hexing Squelcher, Gau, Feral Youth, Wheel of Fortune, Expressive Iteration, Bristly Bill, Spine Sower, Blazing Rootwalla, Flow State, Chain of Smog, Indatha Triome, Mystical Tutor"
"6","7","Black/Green","BG Graveyard","Black/Green","14","9","17","3.17","Twilight Diviner, Alpha Deathclaw, Liliana of the Veil, Grist, the Hunger Tide, Icetill Explorer, Troll of Khazad-dûm, Collective Brutality, Ancient Tomb, Entomb, Mox Emerald, Swamp, Swamp, Swamp, Swamp, Formidable Speaker, Tear Asunder, Ursine Monstrosity, Overlord of the Balemurk, Blooming Marsh, Verdant Catacombs, Witherbloom Apprentice, Fanatic of Rhonas, Shifting Woodland, Underground Mortuary, Yavimaya, Cradle of Growth, Pillage the Bog, Overgrown Tomb, Hogaak, Arisen Necropolis, Town Greeter, Recurring Nightmare, Forest, Forest, Forest, Forest, Wastewood Verge, Malevolent Rumble, Marsh Flats, Six, Vaultborn Tyrant, Satyr Wayfinder","Fire Covenant, Brightglass Gearhulk, Green Sun's Zenith, Iron-Shield Elf, Emeritus of Ideation, Winds of Abandon, Vibrance, Abandoned Air Temple, Toxic Deluge, Leyline Binding, Endurance, Tireless Tracker, Sandstorm Salvager"
"6","8","Green/Red/Blue","GRU Midrange Combo","Green/Red/Blue","15","8","17","2.43","Nadu, Winged Wisdom, Wrenn and Six, Lutri, the Spellchaser, Stomping Ground, Pest Infestation, Sear, Windswept Heath, Badgermole Cub, Spara's Headquarters, Mole Man, Moloid Master, Minsc & Boo, Timeless Heroes, The One Ring, Ancestral Recall, Territorial Kavu, Hexdrinker, Ketria Triome, Savannah, Pyrogoyf, Celestial Colonnade, Chain Lightning, Springheart Nantuko, Okoye, Mighty and Adored, Copperline Gorge, Commercial District, Forest, Generous Ent, Memory Lapse, Sylvan Safekeeper, Arid Mesa, Brazen Borrower, Ignoble Hierarch, Hedge Maze, Scalding Tarn, Lush Portico, Thornspire Verge, Uro, Titan of Nature's Wrath, Temple Garden, Sunbaked Canyon, Delighted Halfling, Bloodstained Mire","Orcish Lumberjack, Magda, Brazen Outlaw, Nissa, Who Shakes the World, Mana Tithe, Currency Converter, Goblin Welder"
"7","1","Blue/White","UW Control","Humans","15","8","17","2.83","Tundra, Displacer Kitten, The Wandering Emperor, Fractured Identity, Palace Jailer, Lose Focus, Ajani, Nacatl Pariah, Mana Crypt, Phyrexian Metamorph, Stoneforge Mystic, Winds of Abandon, Karakas, Phelia, Exuberant Shepherd, Mother of Runes, Raffine's Tower, Cathar Commando, Celestial Colonnade, Swords to Plowshares, Island, Loran of the Third Path, Plains, Plains, Plains, Plains, Plains, Plains, Plains, Plains, Plains, Plains, Aang, Swift Savior, Meticulous Archive, Strip Mine, Skyclave Apparition, Solitude, Eagles of the North, No More Lies, Serra Paragon, Reprieve, Thieving Skydiver","Lingering Souls, Sevinne's Reclamation, Emeritus of Ideation, The Legend of Roku, Mole Man, Moloid Master, Treasure Cruise, Pentad Prism, Haywire Mite, Razorverge Thicket, Arwen, Mortal Queen, Forensic Gadgeteer, Myr Battlesphere, Lightning Greaves, Emperor of Bones, Voldaren Epicure, Mox Opal"
"7","2","Green/Blue","GU Midrange Combo","Green/Blue","12","11","17","3.39","Nadu, Winged Wisdom, Breeding Pool, Tinker, Badgermole Cub, Wan Shi Tong, Librarian, Jace, Vryn's Prodigy, Nissa, Who Shakes the World, Oko, Thief of Crowns, Lórien Revealed, Waterlogged Grove, Tropical Island, Gaea's Cradle, Upheaval, Jace, the Mind Sculptor, Noble Hierarch, Sentinel of the Nameless City, Narset, Parter of Veils, Island, Island, Island, Island, Island, Island, Forest, Forest, Forest, Forest, Forest, Forest, Forest, Generous Ent, Timetwister, Titania, Protector of Argoth, Time Warp, Fastbond, Wistfulness, Vaultborn Tyrant, Mox Ruby, Uro, Titan of Nature's Wrath, Delighted Halfling","Grist, the Hunger Tide, Michelangelo, Weirdness to 11, Umezawa's Jitte, Krang, Utrom Warlord, Stern Scolding, Jacked Rabbit, Ursine Monstrosity, Wan Shi Tong, All-Knowing, Witherbloom Apprentice, Kaldra Compleat, Abandoned Air Temple, Moonshadow, Questing Beast, Show and Tell, Jennifer Walters, Oath of Druids, Urborg, Tomb of Yawgmoth, Emeritus of Abundance"
"7","3","Red/Blue","RU Spellslinger","Spells","8","15","17","1.96","Stormchaser's Talent, Vivi Ornitier, Dragon's Rage Channeler, Lutri, the Spellchaser, Gush, Sear, Snapcaster Mage, Suplex, Faithless Looting, Lightning Bolt, Cori-Steel Cutter, Ancestral Recall, Arena of Glory, Thought Scour, Manamorphose, Mountain, Mountain, Mountain, Mountain, Mountain, Mountain, Mountain, Unholy Heat, Island, Island, Island, Island, Island, Island, Volcanic Island, Brazen Borrower, Time Walk, Starting Town, Thundertrap Trainer, Spell Pierce, Bonecrusher Giant, Spirebluff Canal, Flame of Anor, Galvanic Discharge, Third Path Iconoclast","Twilight Diviner, Squee, Goblin Nabob, Prismatic Ending, Magda, Brazen Outlaw, Inspiring Vantage, Giver of Runes, Detective's Phoenix, Crabomination, Figure of Fable, Vindicate, Cloak and Dagger, Entwined, Gau, Feral Youth, Goblin Welder, Harvester of Misery, Sylvan Safekeeper, Blazing Rootwalla, Marauding Mako, Batroc the Leaper"
"7","4","Black/Blue","BU Reanimator","Artifacts, Spells","7","16","17","1.57","Mox Jet, Liliana of the Veil, Caustic Bronco, Imperial Seal, Cut Down, Tamiyo, Inquisitive Student, Library of Alexandria, Creeping Tar Pit, Concealed Courtyard, Snuff Out, Duress, Baleful Strix, Inquisition of Kozilek, Underground Sea, Talisman of Dominance, Unearth, Swamp, Swamp, Swamp, Swamp, Swamp, Swamp, Swamp, Swamp, Cabal Ritual, Mana Vault, Mox Pearl, Hymn to Tourach, Darkslick Shores, Concealing Curtains, Abhorrent Oculus, Deep-Cavern Bat, Chain of Smog, Vampiric Tutor, Dauthi Voidwalker, Flooded Strand, Jetmir's Garden, Mystical Tutor, Watery Grave, Zagoth Triome","Coalition Relic, Together as One, Paradoxical Outcome, Fanatic of Rhonas, Okoye, Mighty and Adored, Hogaak, Arisen Necropolis, Proft's Eidetic Memory, Desecrex, Gift of Servitude, Mana Confluence, Unexpectedly Absent, Griselbrand, Exhume, Chromatic Star"
"7","5","Green/Red","GR Midrange Combo","Green/Red","15","8","17","3.83","Misty Rainforest, Sylvan Caryatid, Inti, Seneschal of the Sun, Taiga, Woodfall Primus, Mox Emerald, Orcish Lumberjack, Minsc & Boo, Timeless Heroes, Vibrance, Gut, True Soul Zealot, Wooded Foothills, Blooming Marsh, Hexdrinker, Bloodbraid Challenger, Flame Slash, Yavimaya, Cradle of Growth, Esika's Chariot, Emrakul, the Aeons Torn, Generous Plunderer, Force of Will, Tersa Lightshatter, Copperline Gorge, Mountain, Mountain, Mountain, Mountain, Mountain, Mountain, Atraxa, Grand Unifier, Island, Commercial District, Forest, Through the Breach, Scalding Tarn, Once Upon a Time, Ivora, Insatiable Heir, Broadside Bombardiers, Sneak Attack, Thornspire Verge, Headliner Scarlett","Parallax Wave, Underworld Breach, Bloodchief's Thirst, Smuggler's Copter, Territorial Kavu, Mishra's Bauble, Lavaspur Boots, Hexing Squelcher, Basking Rootwalla, Luminarch Aspirant, Guardian Scalelord, Baloth Prime, Psychic Frog"
"7","6","Blue","U Artifacts","Artifacts","3","20","17","2.43","Savai Triome, Talisman of Progress, Nettlecyst, Karn, Scion of Urza, Everflowing Chalice, Fabled Passage, Tezzeret, Cruel Captain, Sensei's Divining Top, Sword of the Meek, Grim Monolith, Ancient Tomb, Echo of Eons, Lotus Petal, Manifold Key, Pinnacle Emissary, Triplicate Titan, Mana Drain, Palantír of Orthanc, Expedition Map, Currency Converter, Mountain, Retrofitter Foundry, Saheeli, Sublime Artificer, Island, Island, Island, Island, Island, Island, Island, Island, Mishra's Workshop, Plains, Agatha's Soul Cauldron, Arid Mesa, Candelabra of Tawnos, Mind Stone, Urza, Lord High Artificer, City of Traitors, Hallowed Fountain","Phyrexian Dragon Engine, Witch Enchanter, Avacyn's Pilgrim, Traumatic Critique, Staff of the Storyteller, Brightglass Gearhulk, Horizon Canopy, Adeline, Resplendent Cathar, Tidehollow Sculler, Savannah, Daze, Toxic Deluge, Impractical Joke, Flow State, Goblin Bombardment"
"7","7","Black/Green","BG Graveyard","Spells","8","15","17","2.22","Metamorphosis Fanatic, Nethergoyf, Alpha Deathclaw, Sheoldred's Edict, Collective Brutality, Deathrite Shaman, Entomb, Sheoldred, the Apocalypse, Black Lotus, Bazaar of Baghdad, Swamp, Swamp, Swamp, Swamp, Swamp, Swamp, Swamp, Swamp, Swamp, Corpse Dance, Tear Asunder, Verdant Catacombs, Necromancy, Bone Shards, Bitter Triumph, Mind Twist, Shifting Woodland, Pillage the Bog, Shallow Grave, Recurring Nightmare, Bayou, Boseiju, Who Endures, Wastewood Verge, Malevolent Rumble, Birds of Paradise, Marsh Flats, Six, Satyr Wayfinder, Indatha Triome, Thoughtseize","Zuran Orb, Bleachbone Verge, Walking Ballista, Black Widow, Super Spy, Aang's Iceberg, Vengevine, Night's Whisper, Springheart Nantuko, Damn, Super Shredder, Scrubland, Tireless Tracker, Anger, Chrome Mox"
"7","8","Black/Red/Blue","BRU Combo","Artifacts, Spells","2","21","17","2.65","Ponder, Seasoned Pyromancer, Prismatic Vista, Badlands, Talisman of Creativity, Gitaxian Probe, Sewer-veillance Cam, Brainstorm, Subtlety, Flash, Blood Crypt, Brain Freeze, Riverpyre Verge, Jace, Wielder of Mysteries, Doomsday, Mine Collapse, Miscalculation, Coveted Jewel, Mountain, Wheel of Fortune, Island, Island, Island, Island, Island, Island, Island, Island, Island, Relic of Sauron, Memory Lapse, Sink into Stupor, Expressive Iteration, Counterspell, Pyrokinesis, Thundering Falls, Lion's Eye Diamond, Polluted Delta, Bloodstained Mire, Dismember","Fallen Shinobi, Ouroboroid, Loot, the Pathfinder, Death-Greeter's Champion, Mana Tithe, Enduring Innocence, Seachrome Coast, Elegant Parlor, Otharri, Suns' Glory, Voice of Victory, Leyline Binding, Legion Extruder, Oust, Teferi, Hero of Dominaria, Sunbaked Canyon"
"8","1","Black/Blue","BU Artifacts","Artifacts","2","21","17","2.35","Karn, Scion of Urza, Sensei's Divining Top, Talisman of Creativity, Imperial Seal, Steam Vents, Library of Alexandria, Tinker, Mana Crypt, Portal to Phyrexia, Baleful Strix, The One Ring, Brain Freeze, Aether Spellbomb, Dark Ritual, Swamp, Swamp, Swamp, Swamp, Blackcleave Cliffs, Ugin, Eye of the Storms, Mishra's Bauble, Mind Twist, Wishclaw Talisman, Xander's Lounge, Expedition Map, Blazemire Verge, Coveted Jewel, Goblin Welder, Mountain, Island, Island, Island, Mishra's Workshop, Mox Opal, Memory Jar, Lion's Eye Diamond, Flooded Strand, Shelldock Isle, Bloodstained Mire, Chromatic Star","Survival of the Fittest, Krang, Utrom Warlord, Lurrus of the Dream-Den, Bloodchief's Thirst, Witherbloom Apprentice, Talisman of Conviction, Vicious Rivalry, Pillage the Bog, Overgrown Tomb, Phantasmal Image, Sneak Attack, Jetmir's Garden, Abrade"
"8","2","Black/Red","BR Sneak and Show","Spells","12","11","17","2.70","Savai Triome, Raucous Theater, Mox Jet, Inti, Seneschal of the Sun, Oliphaunt, Fear of Missing Out, Snuff Out, Fiery Confluence, Gut, True Soul Zealot, Arena of Glory, Barrowgoyf, Firebolt, Death-Greeter's Champion, Mine Collapse, Chain Lightning, Anje's Ravager, Hexing Squelcher, Tersa Lightshatter, Delayed Blast Fireball, Fireblast, Mountain, Mountain, Mountain, Mountain, Mountain, Mountain, Mountain, Mountain, Mountain, Mountain, Mountain, Mountain, Mountain, Mountain, Wheel of Fortune, Burst Lightning, Unholy Heat, Ivora, Insatiable Heir, Marauding Mako, Headliner Scarlett","Phyrexian Dragon Engine, Staff of the Storyteller, Fabled Passage, Iron-Shield Elf, Sheoldred's Edict, Taiga, Entomb, Erode, Duress, Orcish Lumberjack, Inquisition of Kozilek, Sacred Foundry, Tidehollow Sculler, Vibrance, Palantír of Orthanc, Moonshadow, Wastewood Verge, Guardian Scalelord, Deep-Cavern Bat"
"8","3","Black/Blue","BU Reanimator","Spells","10","13","17","3.43","Metamorphosis Fanatic, Grief, Troll of Khazad-dûm, Collective Brutality, Horizon Canopy, Master of Death, Underground Sea, Swamp, Swamp, Swamp, Swamp, Swamp, Swamp, Swamp, Swamp, Swamp, Swamp, Triplicate Titan, Crabomination, Verdant Catacombs, Necromancy, Bone Shards, Bitter Triumph, Infernal Grasp, Shallow Grave, Hymn to Tourach, Reanimate, Atraxa, Grand Unifier, Emperor of Bones, Life // Death, Damnation, Psychic Frog, Otawara, Soaring City, Indatha Triome, Vampiric Tutor, Mox Diamond, Griselbrand, Watery Grave, Dismember, Zagoth Triome","Nethergoyf, Traumatic Critique, Dark Confidant, Woodfall Primus, Faithless Looting, Fallen Shinobi, Jace, Wielder of Mysteries, Emrakul, the Aeons Torn, Concealing Curtains, Super Shredder, Desecrex, Gift of Servitude, Leovold, Emissary of Trest, Chain of Smog, Anger, Kaito, Bane of Nightmares"
"8","4","Green/Red/Blue","GRU Midrange Combo","Humans","12","11","17","2.70","Misty Rainforest, Wrenn and Six, Stomping Ground, Multiversal Passage, Eternal Witness, Stern Scolding, Spellseeker, Black Lotus, Riverpyre Verge, The Wondrous Wasp, Force of Vigor, Wooded Foothills, Loot, the Pathfinder, Hexdrinker, Ketria Triome, Waterlogged Grove, Mana Vault, Tropical Island, Shifting Woodland, Springheart Nantuko, Miscalculation, Dack Fayden, Copperline Gorge, Mountain, Island, Commercial District, Generous Ent, Sink into Stupor, Boseiju, Who Endures, Lightning Greaves, Starting Town, Titania, Protector of Argoth, Bristly Bill, Spine Sower, Time Warp, Fastbond, Wistfulness, Thornspire Verge, Ledger Shredder, Spirebluff Canal, Batroc the Leaper","Blood Crypt, Ursine Monstrosity, Vengevine, Town Greeter, Guide of Souls, Through the Breach, Third Path Iconoclast"
"8","5","Red/White","RW Aggro","Humans, Creatures","17","6","17","2.48","Parallax Wave, Palace Jailer, Umezawa's Jitte, Phlage, Titan of Fire's Fury, Stoneforge Mystic, Ragavan, Nimble Pilferer, Adeline, Resplendent Cathar, Inspiring Vantage, Smuggler's Copter, Robber of the Rich, Jacked Rabbit, Mother of Runes, Cathar Commando, Containment Priest, Abandoned Air Temple, Enduring Innocence, Elegant Parlor, Mountain, Sanguine Evangelist, Ocelot Pride, Glimmer Lens, Plains, Plains, Plains, Plains, Plains, Plains, Plains, Plains, Plains, Plains, Plateau, Luminarch Aspirant, Solitude, Galvanic Discharge, Reprieve, City of Traitors, Sunbaked Canyon, Fury, Screaming Nemesis","Michelangelo, Weirdness to 11, Sevinne's Reclamation, Suplex, Lotus Petal, Wrath of God, Kolaghan's Command, Formidable Speaker, Aang's Iceberg, Blooming Marsh, Kaldra Compleat, Overlord of the Mistmoors, Mana Tithe, Securitron Squadron, Voldaren Epicure, Satyr Wayfinder, Serra Paragon"
"8","6","Red/Blue","RU Artifacts","Artifacts","7","16","17","2.00","Stormchaser's Talent, Vivi Ornitier, Wasteland, Everflowing Chalice, Dragon's Rage Channeler, Lutri, the Spellchaser, Gush, Urza's Bauble, Thassa's Oracle, Grim Monolith, Ancient Tomb, Paradoxical Outcome, Brainstorm, Manifold Key, Cori-Steel Cutter, Walking Ballista, Urza's Saga, Bazaar of Baghdad, Daze, Currency Converter, Forensic Gadgeteer, Mountain, Mountain, Mountain, Retrofitter Foundry, Saheeli, Sublime Artificer, Preordain, Island, Island, Island, Island, Island, Island, Island, Island, Time Spiral, Scalding Tarn, Spell Pierce, Emry, Lurker of the Loch, Tolarian Academy","Appa, Steadfast Guardian, Squee, Goblin Nabob, Balance, Deathrite Shaman, Malcolm, Alluring Scoundrel, Black Widow, Super Spy, Lavaspur Boots, Occult Epiphany, Haywire Mite, Thought Scour, Shadowspear, Show and Tell, Goblin Engineer, Impractical Joke, Emeritus of Abundance, Flame of Anor"
"8","7","Black/Blue/White","BUW Control","Spells","4","19","17","2.65","Lingering Souls, The Wandering Emperor, Fractured Identity, Fatal Push, Cut Down, Creeping Tar Pit, Bleachbone Verge, Prismatic Ending, Concealed Courtyard, Sheoldred, the Apocalypse, Subtlety, Swamp, Swamp, Vindicate, Lórien Revealed, Mana Drain, Jace, the Mind Sculptor, Demonic Tutor, Mox Pearl, Seachrome Coast, Darkslick Shores, Faerie Mastermind, Council's Judgment, Damn, Abhorrent Oculus, Island, Island, Island, Island, Plains, Plains, Plains, Mana Leak, Scrubland, Meticulous Archive, Remand, No More Lies, Thoughtseize, Polluted Delta, Sunfall","Talisman of Progress, Caustic Bronco, Sedgemoor Witch, Phyrexian Metamorph, Lion Sash, Tear Asunder, Kavaero, Mind-Bitten, Doomsday, Thopter Foundry, The Mightstone and Weakstone, Emeritus of Truce, Unexpectedly Absent, Dauthi Voidwalker, Elspeth, Storm Slayer"
"8","8","Green/Blue","GU Midrange Combo","Spells","14","9","17","2.74","Tundra, Prismatic Vista, Avacyn's Pilgrim, Displacer Kitten, Green Sun's Zenith, Nadu, Winged Wisdom, Pest Infestation, Tishana's Tidebinder, Wan Shi Tong, Librarian, Hullbreacher, Ancestral Recall, Quantum Riddler, Wan Shi Tong, All-Knowing, Raffine's Tower, Savannah, Tamiyo, Collector of Tales, Skycoach Conductor, Fanatic of Rhonas, Gaea's Cradle, Botanical Sanctum, Yavimaya, Cradle of Growth, Razorverge Thicket, Force of Negation, Island, Island, Island, Forest, Forest, Forest, Memory Lapse, Raugrin Triome, Endurance, Ignoble Hierarch, Hedge Maze, Counterspell, Once Upon a Time, Mana Confluence, Malevolent Rumble, Tireless Tracker, Vaultborn Tyrant","Twilight Diviner, Zuran Orb, Brightglass Gearhulk, Sword of the Meek, Elite Spellbinder, Hogaak, Arisen Necropolis, Recurring Nightmare, Agatha's Soul Cauldron, Urborg, Tomb of Yawgmoth, Shorikai, Genesis Engine, Teferi, Hero of Dominaria"
"9","1","Black/Red/Blue","BRU Combo","Spells, Wizards","6","17","17","2.39","Gush, Frantic Search, Thassa's Oracle, Echo of Eons, Snapcaster Mage, Brainstorm, Brain Freeze, Cori-Steel Cutter, Riverpyre Verge, Jace, Wielder of Mysteries, Swamp, Swamp, Jace, Vryn's Prodigy, Cabal Ritual, Ketria Triome, Waterlogged Grove, Night's Whisper, Wishclaw Talisman, Xander's Lounge, Thought Scour, Force of Will, Wheel of Fortune, Saheeli, Sublime Artificer, Preordain, Island, Island, Island, Island, Island, Island, Island, Island, Volcanic Island, Jennifer Walters, Scalding Tarn, Thundertrap Trainer, Ledger Shredder, Thoughtseize, Lion's Eye Diamond, Bloodstained Mire","Fire Covenant, Nethergoyf, Staff of the Storyteller, Cut Down, Sear, Sedgemoor Witch, Suplex, Unearth, Hexing Squelcher, Sanguine Evangelist, Unholy Heat, Basking Rootwalla, Damnation, Chain of Smog, Anger"
"9","2","Black/Green/Red","BGR Sneak and Show","Enchantments","8","15","17","3.78","Metamorphosis Fanatic, Wasteland, Survival of the Fittest, Stomping Ground, Imperial Seal, Sheoldred's Edict, Bleachbone Verge, Mox Emerald, Torsten, Founder of Benalia, Bazaar of Baghdad, Swamp, Swamp, Swamp, Swamp, Wooded Foothills, Necromancy, Etali, Primal Conqueror, Palantír of Orthanc, Underground Mortuary, Emrakul, the Aeons Torn, Pillage the Bog, Overgrown Tomb, Shallow Grave, Town Greeter, Copperline Gorge, Recurring Nightmare, Archon of Cruelty, Commercial District, Forest, Generous Ent, Bayou, Animate Dead, Through the Breach, Emperor of Bones, Oath of Druids, Once Upon a Time, Sneak Attack, Indatha Triome, Vampiric Tutor, Polluted Delta","Krang, Utrom Warlord, Portal to Phyrexia, Cloak and Dagger, Entwined, Aang's Iceberg, Basalt Monolith, Damn, Flickerwisp, Mind Stone, Six, Emeritus of Abundance"
"9","3","Black/Blue/White","BUW Control","Spells","10","13","17","2.96","The Wandering Emperor, Grief, Fractured Identity, Shadowy Backstreet, Stock Up, Creeping Tar Pit, Ajani, Nacatl Pariah, Mana Crypt, Prismatic Ending, Concealed Courtyard, Spara's Headquarters, Baleful Strix, Fallen Shinobi, Ancestral Recall, Quantum Riddler, Phelia, Exuberant Shepherd, Vindicate, Lórien Revealed, Godless Shrine, Barrowgoyf, Infernal Grasp, Teferi, Time Raveler, Abhorrent Oculus, Island, Island, Island, Island, Island, Island, Plains, Plains, Scrubland, Remand, Marsh Flats, Solitude, Deep-Cavern Bat, No More Lies, Kaito, Bane of Nightmares, Watery Grave, Zagoth Triome","Brightglass Gearhulk, Ephemerate, Mutagen Man, Living Ooze, Winds of Abandon, Jacked Rabbit, Loot, the Pathfinder, Death-Greeter's Champion, Botanical Sanctum, Thraben Inspector, Guardian Scalelord, Baloth Prime, Time Warp, Elspeth, Storm Slayer"
"9","4","Green/Blue","GU Midrange Combo","Creatures","19","4","17","2.61","Misty Rainforest, Green Sun's Zenith, Nadu, Winged Wisdom, Icetill Explorer, Sylvan Caryatid, Pest Infestation, Eternal Witness, Elvish Mystic, Ouroboroid, Nissa, Who Shakes the World, Verdant Catacombs, Llanowar Elves, Hexdrinker, Fanatic of Rhonas, Gaea's Cradle, Esika's Chariot, Scythecat Cub, Noble Hierarch, Sentinel of the Nameless City, Island, Forest, Forest, Forest, Forest, Forest, Forest, Forest, Forest, Forest, Questing Beast, Sylvan Safekeeper, Boseiju, Who Endures, Ignoble Hierarch, Hedge Maze, Birds of Paradise, Wistfulness, Thornspire Verge, Vaultborn Tyrant, Uro, Titan of Nature's Wrath, Temple Garden","Avacyn's Pilgrim, Zuran Orb, Umezawa's Jitte, Deathrite Shaman, Emeritus of Ideation, Mole Man, Moloid Master, Wan Shi Tong, All-Knowing, Bone Shards, Anje's Ravager, Vicious Rivalry, Abandoned Air Temple, Hogaak, Arisen Necropolis, Agatha's Soul Cauldron, Night Nurse, Healer of Heroes, Sandstorm Salvager"
"9","5","Red/Blue","RU Combo Control","Spells","6","17","17","2.35","Savai Triome, Ponder, Seasoned Pyromancer, Tundra, Chandra, Torch of Defiance, Steam Vents, Lose Focus, Gitaxian Probe, Tishana's Tidebinder, Phlage, Titan of Fire's Fury, Subtlety, The One Ring, Inspiring Vantage, Lightning Bolt, Sacred Foundry, Spellseeker, Consider, Astrologian's Planisphere, Firebolt, Dack Fayden, Laelia, the Blade Reforged, Mountain, Mountain, Mountain, Burst Lightning, Island, Island, Island, Island, Island, Island, Expressive Iteration, Raugrin Triome, Time Walk, Flame of Anor, Galvanic Discharge, Teferi, Hero of Dominaria, Flooded Strand, Shelldock Isle, Mystical Tutor","Wrenn and Six, Breeding Pool, Bloodchief's Thirst, Underground Sea, Territorial Kavu, Tear Asunder, Talisman of Conviction, Skycoach Conductor, Melded Moxite, Wastewood Verge, Legion Extruder, Marauding Mako, Flow State, Thieving Skydiver"
"9","6","Black/Red","BR Aristocrats","Black/Red","12","11","17","2.35","Mox Jet, Badlands, Multiversal Passage, Fear of Missing Out, Forth Eorlingas!, Ragavan, Nimble Pilferer, Kolaghan's Command, Robber of the Rich, Black Lotus, Detective's Phoenix, Dark Ritual, Arena of Glory, Skullclamp, Pyrogoyf, Blazemire Verge, Fireblast, Gau, Feral Youth, Mountain, Mountain, Mountain, Mountain, Mountain, Mountain, Mountain, Mountain, Mountain, Mountain, Plains, Figure of Destiny, Voldaren Epicure, Pyrokinesis, Bonecrusher Giant, Ivora, Insatiable Heir, Chrome Mox, Goblin Bombardment, City of Traitors, Headliner Scarlett, Ziatora's Proving Ground, Fury, Dismember","Squee, Goblin Nabob, Caustic Bronco, Urza's Bauble, Iron-Shield Elf, Collective Brutality, Inquisition of Kozilek, Master of Death, Lurrus of the Dream-Den, Keen-Eyed Curator, Kaldra Compleat, Razorverge Thicket, Hymn to Tourach, Goblin Welder, Myr Battlesphere, Satyr Wayfinder, Dauthi Voidwalker"
"9","7","Blue","U Artifacts","Artifacts","7","16","17","2.91","Nettlecyst, Raucous Theater, Displacer Kitten, Tamiyo, Inquisitive Student, Tinker, Paradoxical Outcome, Manifold Key, Walking Ballista, Urza's Saga, Mishra's Bauble, Mana Vault, Upheaval, Expedition Map, Currency Converter, Forensic Gadgeteer, Retrofitter Foundry, Island, Island, Island, Island, Island, Island, Island, Island, Island, Island, Island, Island, Island, Forest, Relic of Sauron, The Mightstone and Weakstone, Timetwister, Time Spiral, Emry, Lurker of the Loch, Tolarian Academy, Mox Opal, Blightsteel Colossus, Urza, Lord High Artificer, Chromatic Star","Phyrexian Dragon Engine, Prismatic Vista, Vivi Ornitier, Traumatic Critique, Lion Sash, Tidehollow Sculler, Crabomination, Force of Vigor, Kavaero, Mind-Bitten, Daze, Zirda, the Dawnwaker, Talisman of Curiosity, Narset, Parter of Veils, Otharri, Suns' Glory, Leyline Binding, Goblin Engineer, Starting Town, Fastbond, Third Path Iconoclast"
"9","8","White","W Weenie","Artifacts, Humans","11","12","17","2.00","Witch Enchanter, Parallax Wave, Palace Jailer, Library of Alexandria, Giver of Runes, Get Lost, Karakas, Portable Hole, Mother of Runes, Cathar Commando, Mox Pearl, Containment Priest, Elite Spellbinder, Enduring Innocence, Council's Judgment, Voice of Victory, Swords to Plowshares, Glimmer Lens, Plains, Plains, Plains, Plains, Plains, Plains, Plains, Plains, Plains, Plains, Plains, Plains, Plains, Plains, Plains, Path to Exile, Skyclave Apparition, Serra Paragon, Mox Ruby, Oust, Reprieve, Mox Diamond","Talisman of Progress, Erode, Hullbreacher, Wrath of God, Stern Scolding, Aether Spellbomb, Ugin, Eye of the Storms, Figure of Fable, Occult Epiphany, Raffine's Tower, Celestial Colonnade, Yavimaya, Cradle of Growth, Arwen, Mortal Queen, Seachrome Coast, Phantasmal Image, Mana Confluence, Life // Death, Leovold, Emissary of Trest, Eagles of the North, Sunfall"
"10","1","Black/Blue","BU Tempo","Spells","10","13","17","2.30","Nethergoyf, Undercity Sewers, Fatal Push, Multiversal Passage, Cut Down, Tamiyo, Inquisitive Student, Sheoldred's Edict, Sheoldred, the Apocalypse, Brainstorm, Subtlety, Stern Scolding, Fallen Shinobi, Swamp, Swamp, Swamp, Swamp, Swamp, Quantum Riddler, Daze, Miscalculation, Hymn to Tourach, Abhorrent Oculus, Island, Island, Island, Island, Island, Island, Island, Island, Memory Lapse, Mana Leak, Counterspell, Mystic Confluence, Spell Pierce, Urborg, Tomb of Yawgmoth, Psychic Frog, Deep-Cavern Bat, Ledger Shredder, Polluted Delta","Twilight Diviner, Lingering Souls, Grist, the Hunger Tide, Caustic Bronco, Together as One, Concealed Courtyard, Master of Death, Jace, Wielder of Mysteries, Portable Hole, Tear Asunder, Godless Shrine, Thought Scour, Pillage the Bog, Hogaak, Arisen Necropolis, Moonshadow, Toxic Deluge, Super Shredder, Jennifer Walters"
"10","2","Green/Blue","GU Midrange Combo","Humans","10","13","17","2.83","Zuran Orb, Displacer Kitten, Nadu, Winged Wisdom, Pest Infestation, Lose Focus, Library of Alexandria, Eternal Witness, Mox Emerald, Spellseeker, Urza's Saga, Wooded Foothills, Waterlogged Grove, Tropical Island, Tamiyo, Collector of Tales, Gaea's Cradle, Upheaval, Okoye, Mighty and Adored, Force of Will, Island, Island, Forest, Forest, Forest, Forest, Forest, Forest, Forest, Generous Ent, Timetwister, Lightning Greaves, Hedge Maze, Titania, Protector of Argoth, Channel, Malevolent Rumble, Baloth Prime, Fastbond, Urza, Lord High Artificer, Mox Diamond, Shelldock Isle, Delighted Halfling","Tishana's Tidebinder, Bleachbone Verge, Prismatic Ending, Portal to Phyrexia, Magda, Brazen Outlaw, Detective's Phoenix, Treasure Cruise, Wan Shi Tong, All-Knowing, Witherbloom Apprentice, Haywire Mite, Town Greeter, Phantasmal Image, Damnation, Sandstorm Salvager"
"10","3","Black/Green/Red","BGR Midrange Combo","Black/Green/Red","14","9","17","3.35","Fabled Passage, Green Sun's Zenith, Survival of the Fittest, Sylvan Caryatid, Deathrite Shaman, Worldspine Wurm, Minsc & Boo, Timeless Heroes, Torsten, Founder of Benalia, Elvish Mystic, Black Lotus, Formidable Speaker, Force of Vigor, Arena of Glory, Mana Vault, Pyrogoyf, Springheart Nantuko, Natural Order, Yavimaya, Cradle of Growth, Esika's Chariot, Overgrown Tomb, Atraxa, Grand Unifier, Commercial District, Forest, Forest, Forest, Forest, Forest, Forest, Forest, Forest, Questing Beast, Bayou, Plains, Ignoble Hierarch, Once Upon a Time, Six, Vaultborn Tyrant, Satyr Wayfinder, Ziatora's Proving Ground, Zagoth Triome","Mole Man, Moloid Master, Carnage Interpreter, Tidehollow Sculler, The Wondrous Wasp, Territorial Kavu, Gut, True Soul Zealot, Kavaero, Mind-Bitten, Loot, the Pathfinder, Talisman of Curiosity, Expedition Map, Leyline Binding, Myr Battlesphere, Night Nurse, Healer of Heroes, Headliner Scarlett"
"10","4","Red/White","RW Aggro","Artifacts, Humans","14","9","17","2.52","Dragon's Rage Channeler, Palace Jailer, Sear, Ajani, Nacatl Pariah, Adeline, Resplendent Cathar, Fiery Confluence, Sacred Foundry, Cori-Steel Cutter, Smuggler's Copter, Robber of the Rich, Cathar Commando, Abandoned Air Temple, Securitron Squadron, Gau, Feral Youth, Elegant Parlor, Laelia, the Blade Reforged, Mountain, Mountain, Mountain, Mountain, Mountain, Voice of Victory, Swords to Plowshares, Glimmer Lens, Plains, Plains, Plains, Arid Mesa, Plateau, Figure of Destiny, Sage of the Skies, Pyrokinesis, Ivora, Insatiable Heir, Marsh Flats, Solitude, Mox Ruby, City of Traitors, Jetmir's Garden, Elspeth, Storm Slayer, Sunbaked Canyon","Squee, Goblin Nabob, Soul-Guide Lantern, Yawgmoth's Will, Wrath of God, Faithless Looting, Kaldra Compleat, Overlord of the Mistmoors, Mine Collapse, Anje's Ravager, Fireblast, Goblin Welder, Emeritus of Truce, Chain of Smog"
"10","5","Black/Red","BR Sneak and Show","Spells","8","15","17","3.30","Metamorphosis Fanatic, Mox Jet, Wasteland, Imperial Seal, Troll of Khazad-dûm, Collective Brutality, Entomb, Snuff Out, Inquisition of Kozilek, Bloodtithe Harvester, Kolaghan's Command, Swamp, Swamp, Swamp, Swamp, Swamp, Swamp, Swamp, Swamp, Swamp, Swamp, Swamp, Swamp, Blooming Marsh, Necromancy, Bone Shards, Etali, Primal Conqueror, Bitter Triumph, Xander's Lounge, Blazemire Verge, Shallow Grave, Harvester of Misery, Archon of Cruelty, Through the Breach, Emperor of Bones, Life // Death, Thoughtseize, Griselbrand, Bloodstained Mire, Dismember","Seasoned Pyromancer, Alpha Deathclaw, Echo of Eons, Raffine's Tower, Palantír of Orthanc, Tendrils of Agony, Night's Whisper, Wishclaw Talisman, Agatha's Soul Cauldron, Mana Confluence, Broadside Bombardiers, Marauding Mako, Spirebluff Canal, Goblin Bombardment, Lion's Eye Diamond, Galvanic Discharge, Watery Grave"
"10","6","Black/Blue","BU Artifacts","Artifacts","4","19","17","2.30","Coalition Relic, Karn, Scion of Urza, Everflowing Chalice, Talisman of Creativity, Grim Monolith, Tinker, Mana Crypt, Paradoxical Outcome, Hullbreacher, Lotus Petal, Phyrexian Metamorph, Manifold Key, Walking Ballista, Talisman of Dominance, Ancestral Recall, Swamp, Swamp, Swamp, Mishra's Bauble, Basalt Monolith, Thopter Foundry, Coveted Jewel, Mountain, Mountain, Retrofitter Foundry, Island, Island, Island, Island, Island, Island, Island, Island, Relic of Sauron, Mishra's Workshop, The Mightstone and Weakstone, Strip Mine, Emry, Lurker of the Loch, Tolarian Academy, Hallowed Fountain","Witch Enchanter, Wan Shi Tong, Librarian, Phlage, Titan of Fire's Fury, Stoneforge Mystic, Mutagen Man, Living Ooze, Get Lost, Mother of Runes, Oko, Thief of Crowns, Lavaspur Boots, Lórien Revealed, Occult Epiphany, Emrakul, the Aeons Torn, Teferi, Time Raveler, Sylvan Safekeeper, Legion Extruder, Endurance, Impractical Joke, No More Lies"
"10","7","Red/Blue","RU Spellslinger","Spells","6","17","17","2.39","Stormchaser's Talent, Ponder, Prismatic Vista, Lutri, the Spellchaser, Gush, Steam Vents, Gitaxian Probe, Thassa's Oracle, Emeritus of Ideation, Sewer-veillance Cam, The Legend of Roku, Aether Spellbomb, Consider, Astrologian's Planisphere, Riverpyre Verge, Black Widow, Super Spy, Blackcleave Cliffs, Ketria Triome, Flame Slash, Dack Fayden, Mountain, Burst Lightning, Force of Negation, Island, Island, Island, Island, Island, Island, Sink into Stupor, Expressive Iteration, Raugrin Triome, Scalding Tarn, Starting Town, Thundering Falls, Bonecrusher Giant, Remand, Otawara, Soaring City, Flame of Anor, Fury","Phyrexian Dragon Engine, Stomping Ground, Orcish Lumberjack, Bloodchief's Thirst, Talisman of Conviction, Pentad Prism, Melded Moxite, Shadowspear, Voldaren Epicure, Wistfulness, Flow State, Anger"
"10","8","Green/White","GW Blink","Green/White","14","9","17","2.61","Tundra, Appa, Steadfast Guardian, Avacyn's Pilgrim, Parallax Wave, Staff of the Storyteller, Fractured Identity, Umezawa's Jitte, Horizon Canopy, Windswept Heath, Erode, Spara's Headquarters, Giver of Runes, Phelia, Exuberant Shepherd, Aang's Iceberg, Savannah, Celestial Colonnade, Containment Priest, Mana Tithe, Razorverge Thicket, Arwen, Mortal Queen, Enduring Innocence, Flickerwisp, Guide of Souls, Loran of the Third Path, Plains, Plains, Plains, Plains, Plains, Plains, Plains, Plains, Plains, Bristly Bill, Spine Sower, Lush Portico, Skyclave Apparition, Eagles of the North, Unexpectedly Absent, Serra Paragon, Reprieve","Savai Triome, Brightglass Gearhulk, Michelangelo, Weirdness to 11, Lurrus of the Dream-Den, Kappa Cannoneer, Faerie Mastermind, Basking Rootwalla, Proft's Eidetic Memory, Goblin Engineer, Oath of Druids, Shorikai, Genesis Engine, Uro, Titan of Nature's Wrath, Sunfall, Chromatic Star"
"11","1","Black/Blue","BU Reanimator","Spells","7","16","17","2.13","Ponder, Undercity Sewers, Fatal Push, Tamiyo, Inquisitive Student, Mana Crypt, Duress, Brainstorm, Malcolm, Alluring Scoundrel, Swamp, Swamp, Swamp, Swamp, Jace, Vryn's Prodigy, Crabomination, Occult Epiphany, Raffine's Tower, Daze, Mana Drain, Infernal Grasp, Force of Will, Darkslick Shores, Faerie Mastermind, Toxic Deluge, Island, Island, Island, Island, Island, Island, Island, Island, Animate Dead, Mana Leak, Brazen Borrower, Timetwister, Damnation, Psychic Frog, Vampiric Tutor, Flooded Strand, Shelldock Isle","Displacer Kitten, Tezzeret, Cruel Captain, Sewer-veillance Cam, Bleachbone Verge, Erode, Master of Death, Kolaghan's Command, Portable Hole, Territorial Kavu, Lavaspur Boots, Tamiyo, Collector of Tales, Upheaval, Blazemire Verge, Retrofitter Foundry, Phantasmal Image, Oath of Druids, Eagles of the North"
"11","2","Black/Green/Red/Blue","BGRU Combo","Spells","3","20","17","2.43","Prismatic Vista, Zuran Orb, Misty Rainforest, Fabled Passage, Frantic Search, Thassa's Oracle, Breeding Pool, Stock Up, Echo of Eons, Underworld Breach, Hullbreacher, Lotus Petal, Brain Freeze, Kavaero, Mind-Bitten, Blooming Marsh, Sol Ring, Waterlogged Grove, Doomsday, Tendrils of Agony, Mind Twist, Shifting Woodland, Underground Mortuary, Botanical Sanctum, Manamorphose, Pillage the Bog, Overgrown Tomb, Wheel of Fortune, Preordain, Island, Island, Sink into Stupor, Hedge Maze, Time Spiral, Starting Town, Thundering Falls, Malevolent Rumble, Fastbond, Chain of Smog, Polluted Delta, Watery Grave","Avacyn's Pilgrim, Michelangelo, Weirdness to 11, Sheoldred's Edict, Esika's Chariot, Super Shredder, Wistfulness, Flame of Anor"
"11","3","Blue/White","UW Control","Spells","7","16","17","3.39","Fractured Identity, Multiversal Passage, Tishana's Tidebinder, Prismatic Ending, Wrath of God, Subtlety, Urza's Saga, Get Lost, Bazaar of Baghdad, Quantum Riddler, Wan Shi Tong, All-Knowing, Mana Vault, Jace, the Mind Sculptor, Celestial Colonnade, Miscalculation, Force of Negation, Council's Judgment, Island, Island, Island, Island, Island, Island, Island, Loran of the Third Path, Memory Lapse, Plains, Plains, Plains, Plains, Plains, Mystic Confluence, Time Walk, Skyclave Apparition, Solitude, Shorikai, Genesis Engine, No More Lies, Hallowed Fountain, Teferi, Hero of Dominaria, Sunfall","Sensei's Divining Top, Forth Eorlingas!, Flash, Sacred Foundry, Riverpyre Verge, Jace, Wielder of Mysteries, Treasure Cruise, Aang's Iceberg, Zirda, the Dawnwaker, Pyrogoyf, Yavimaya, Cradle of Growth, Tersa Lightshatter, Elegant Parlor, Omnath, Locus of Creation, Ledger Shredder, Batroc the Leaper, Sunbaked Canyon"
"11","4","Black/Red","BR Sneak and Show","Black/Red","13","10","17","3.48","Metamorphosis Fanatic, Mox Jet, Grief, Imperial Seal, Library of Alexandria, Troll of Khazad-dûm, Fear of Missing Out, Entomb, Bloodtithe Harvester, Blood Crypt, Swamp, Swamp, Swamp, Swamp, Swamp, Swamp, Swamp, Swamp, Swamp, Swamp, Corpse Dance, Overlord of the Balemurk, Bone Shards, Barrowgoyf, Etali, Primal Conqueror, Bitter Triumph, Palantír of Orthanc, Xander's Lounge, Harvester of Misery, Recurring Nightmare, Archon of Cruelty, Wastewood Verge, Emperor of Bones, Marsh Flats, Sneak Attack, Orcish Bowmasters, Griselbrand, Ziatora's Proving Ground, Exhume, Bloodstained Mire","Phyrexian Dragon Engine, Alpha Deathclaw, Squee, Goblin Nabob, Grist, the Hunger Tide, Woodfall Primus, Yawgmoth's Will, Orcish Lumberjack, Consider, The Wondrous Wasp, Basalt Monolith, Melded Moxite, Anje's Ravager, Concealing Curtains, Damn, Memory Jar"
"11","5","Red/Blue","RU Artifacts","Artifacts","6","17","17","3.35","Vivi Ornitier, Nettlecyst, Karn, Scion of Urza, Everflowing Chalice, Talisman of Creativity, Grim Monolith, Ancient Tomb, Creeping Tar Pit, Tinker, Phyrexian Metamorph, Manifold Key, The One Ring, Aether Spellbomb, Walking Ballista, Talisman of Dominance, Pinnacle Emissary, Ugin, Eye of the Storms, Kaldra Compleat, Kappa Cannoneer, Talisman of Curiosity, Coveted Jewel, Mountain, Mountain, Mountain, Saheeli, Sublime Artificer, Island, Island, Island, Island, Island, Island, Island, Island, Island, Mishra's Workshop, The Mightstone and Weakstone, Myr Battlesphere, Mind Stone, Tolarian Academy, Jetmir's Garden","Twilight Diviner, Brightglass Gearhulk, Emeritus of Ideation, Krang, Utrom Warlord, Mutagen Man, Living Ooze, Haywire Mite, Skycoach Conductor, Fanatic of Rhonas, Vengevine, Shadowspear, Emrakul, the Aeons Torn, Goblin Welder, Goblin Engineer, Expressive Iteration, Channel, Ivora, Insatiable Heir, Third Path Iconoclast"
"11","6","Green/Red","GR Midrange Combo","Green/Red","15","8","17","2.43","Green Sun's Zenith, Wrenn and Six, Stomping Ground, Pest Infestation, Windswept Heath, Badgermole Cub, Spara's Headquarters, Minsc & Boo, Timeless Heroes, Elvish Mystic, Black Lotus, Ouroboroid, Vibrance, Wooded Foothills, Llanowar Elves, Hexdrinker, Gaea's Cradle, Natural Order, Scythecat Cub, Noble Hierarch, Copperline Gorge, Laelia, the Blade Reforged, Mountain, Sentinel of the Nameless City, Forest, Forest, Forest, Forest, Forest, Questing Beast, Boseiju, Who Endures, Arid Mesa, Once Upon a Time, Titania, Protector of Argoth, Birds of Paradise, Lush Portico, Baloth Prime, Thornspire Verge, Indatha Triome, Mox Ruby, Fury","Deathrite Shaman, Keen-Eyed Curator, Smuggler's Copter, Karakas, Talisman of Conviction, Generous Ent, Lightning Greaves, Pyrokinesis, Emeritus of Abundance, Satyr Wayfinder, Sandstorm Salvager"
"11","7","Red","R Burn","Spells, Humans","11","12","17","1.96","Savai Triome, Seasoned Pyromancer, Dragon's Rage Channeler, Chandra, Torch of Defiance, Ragavan, Nimble Pilferer, Mox Emerald, Fiery Confluence, Magda, Brazen Outlaw, Lightning Bolt, Cori-Steel Cutter, Robber of the Rich, Arena of Glory, Chain Lightning, Flame Slash, Hexing Squelcher, Gau, Feral Youth, Mountain, Mountain, Mountain, Mountain, Mountain, Mountain, Mountain, Mountain, Mountain, Mountain, Mountain, Mountain, Mountain, Mountain, Burst Lightning, Unholy Heat, Fable of the Mirror-Breaker, Scalding Tarn, Figure of Destiny, Bonecrusher Giant, Galvanic Discharge, Headliner Scarlett, Abrade, Screaming Nemesis","Icetill Explorer, Suplex, Phlage, Titan of Fire's Fury, Mole Man, Moloid Master, Carnage Interpreter, Black Widow, Super Spy, Figure of Fable, Ursine Monstrosity, Mana Tithe, Securitron Squadron, Hogaak, Arisen Necropolis, Delayed Blast Fireball, Moonshadow, Otharri, Suns' Glory, Volcanic Island, Legion Extruder, Voldaren Epicure, Marauding Mako, Goblin Bombardment"
"11","8","Black/White","BW Aristocrats","Humans","13","10","17","2.04","Wasteland, Parallax Wave, Lingering Souls, Caustic Bronco, Palace Jailer, Shadowy Backstreet, Ajani, Nacatl Pariah, Concealed Courtyard, Snuff Out, Lurrus of the Dream-Den, Inspiring Vantage, Unearth, Tidehollow Sculler, Ancestral Recall, Swamp, Swamp, Jacked Rabbit, Phelia, Exuberant Shepherd, Skullclamp, Godless Shrine, Containment Priest, Elite Spellbinder, Enduring Innocence, Voice of Victory, Guide of Souls, Ocelot Pride, Plains, Plains, Plains, Plains, Plains, Plains, Plains, Plains, Strip Mine, Chrome Mox, Thoughtseize, Oust, Reprieve, City of Traitors","Witch Enchanter, Appa, Steadfast Guardian, Sevinne's Reclamation, Sedgemoor Witch, Dark Ritual, Savannah, Overlord of the Mistmoors, Expedition Map, Sanguine Evangelist, Basking Rootwalla, Impractical Joke, Sage of the Skies, Emeritus of Truce, Unexpectedly Absent, Serra Paragon"
"12","1","Black/Green","BG Sneak and Show","Spells","10","13","17","4.00","Metamorphosis Fanatic, Fire Covenant, Twilight Diviner, Liliana of the Veil, Grief, Badlands, Fatal Push, Entomb, Woodfall Primus, Bazaar of Baghdad, Swamp, Swamp, Swamp, Swamp, Swamp, Swamp, Swamp, Swamp, Swamp, Swamp, Swamp, Triplicate Titan, Necromancy, Sol Ring, Night's Whisper, Recurring Nightmare, Archon of Cruelty, Atraxa, Grand Unifier, Toxic Deluge, Forest, Forest, Animate Dead, Through the Breach, Emperor of Bones, Urborg, Tomb of Yawgmoth, Vaultborn Tyrant, Thoughtseize, Griselbrand, Exhume, Bloodstained Mire","Nethergoyf, Alpha Deathclaw, Deathrite Shaman, Sedgemoor Witch, Phlage, Titan of Fire's Fury, Detective's Phoenix, Arena of Glory, Vengevine, Pillage the Bog, Arwen, Mortal Queen, Hogaak, Arisen Necropolis, Basking Rootwalla, Questing Beast, Pyrokinesis, Ivora, Insatiable Heir, Broadside Bombardiers, Flow State, Goblin Bombardment"
"12","2","Black/Blue","BU Tempo","Spells","10","13","17","2.13","Undercity Sewers, Cut Down, Lose Focus, Tamiyo, Inquisitive Student, Troll of Khazad-dûm, Creeping Tar Pit, Duress, Baleful Strix, Inquisition of Kozilek, Malcolm, Alluring Scoundrel, Stern Scolding, Bloodchief's Thirst, Fallen Shinobi, Ancestral Recall, Swamp, Swamp, Swamp, Swamp, Swamp, Swamp, Blooming Marsh, Mana Drain, Hymn to Tourach, Reanimate, Darkslick Shores, Abhorrent Oculus, Island, Island, Island, Island, Island, Island, Island, Sink into Stupor, Brazen Borrower, Psychic Frog, Ledger Shredder, Vampiric Tutor, Dauthi Voidwalker, Kaito, Bane of Nightmares","Appa, Steadfast Guardian, Traumatic Critique, Brightglass Gearhulk, Soul-Guide Lantern, Master of Death, Spellseeker, Unearth, Tidehollow Sculler, Nissa, Who Shakes the World, Vindicate, Ursine Monstrosity, Overlord of the Balemurk, Wan Shi Tong, All-Knowing, Damn, Voice of Victory, Channel, Damnation, Uro, Titan of Nature's Wrath"
"12","3","Green/Blue/White","GUW Midrange Combo","Green/Blue/White","15","8","17","2.17","Misty Rainforest, Green Sun's Zenith, Ephemerate, Nadu, Winged Wisdom, Icetill Explorer, Breeding Pool, Horizon Canopy, Windswept Heath, Hullbreacher, Stoneforge Mystic, Elvish Mystic, Giver of Runes, Mother of Runes, Waterlogged Grove, Tropical Island, Fanatic of Rhonas, Esika's Chariot, Scythecat Cub, Razorverge Thicket, Noble Hierarch, Sentinel of the Nameless City, Swords to Plowshares, Forest, Forest, Forest, Generous Ent, Plains, Plains, Sylvan Safekeeper, Boseiju, Who Endures, Lightning Greaves, Bristly Bill, Spine Sower, Lush Portico, Fastbond, Indatha Triome, Reprieve, Flooded Strand, Temple Garden, Elspeth, Storm Slayer, Delighted Halfling","The Wandering Emperor, Phyrexian Metamorph, Adeline, Resplendent Cathar, Vibrance, Elite Spellbinder, Enduring Innocence, Fireblast, Leyline Binding, Scrubland, Sage of the Skies"
"12","4","Red/Blue","RU Artifacts","Artifacts","3","20","17","2.26","Karn, Scion of Urza, Displacer Kitten, Sensei's Divining Top, Talisman of Creativity, Steam Vents, Urza's Bauble, Sword of the Meek, Echo of Eons, Mana Crypt, Forth Eorlingas!, Manifold Key, Cori-Steel Cutter, Astrologian's Planisphere, Jace, the Mind Sculptor, Mox Pearl, Force of Will, Dack Fayden, Mountain, Mountain, Mountain, Mountain, Mountain, Saheeli, Sublime Artificer, Island, Island, Island, Island, Island, Island, Island, Island, Plains, Legion Extruder, Mox Sapphire, Urza, Lord High Artificer, Otawara, Soaring City, Spirebluff Canal, Third Path Iconoclast, Abrade, Chromatic Star","Seasoned Pyromancer, Sevinne's Reclamation, Sear, Emeritus of Ideation, Sewer-veillance Cam, Wan Shi Tong, Librarian, Carnage Interpreter, Jace, Vryn's Prodigy, Kavaero, Mind-Bitten, Cloak and Dagger, Entwined, Melded Moxite, Gau, Feral Youth, Burst Lightning, Otharri, Suns' Glory, Proft's Eidetic Memory, Impractical Joke, Guardian Scalelord, Blightsteel Colossus, Tarfire"
"12","5","Green/Red","GR Stompy","Green/Red","14","9","17","2.35","Wrenn and Six, Chandra, Torch of Defiance, Stomping Ground, Inti, Seneschal of the Sun, Taiga, Suplex, Blood Crypt, Robber of the Rich, Formidable Speaker, Gut, True Soul Zealot, Llanowar Elves, Gaea's Cradle, Pyrogoyf, Death-Greeter's Champion, Chain Lightning, Springheart Nantuko, Natural Order, Flame Slash, Generous Plunderer, Copperline Gorge, Laelia, the Blade Reforged, Mountain, Mountain, Mountain, Mountain, Mountain, Mountain, Mountain, Mountain, Mountain, Unholy Heat, Commercial District, Forest, Forest, Ignoble Hierarch, Once Upon a Time, Malevolent Rumble, Birds of Paradise, Bonecrusher Giant, Fury","Dragon's Rage Channeler, Survival of the Fittest, Michelangelo, Weirdness to 11, Worldspine Wurm, Concealed Courtyard, Eternal Witness, Faithless Looting, Keen-Eyed Curator, Territorial Kavu, Force of Vigor, Etali, Primal Conqueror, Shadowspear, Vicious Rivalry, Delayed Blast Fireball, Figure of Destiny, Anger"
"12","6","Black/Red/Blue","BRU Combo","Spells","5","18","17","2.30","Prismatic Vista, Vivi Ornitier, Mox Jet, Lutri, the Spellchaser, Imperial Seal, Gush, Multiversal Passage, Thassa's Oracle, Yawgmoth's Will, Snuff Out, Brainstorm, Kolaghan's Command, Underground Sea, Talisman of Dominance, Black Lotus, Jace, Wielder of Mysteries, Black Widow, Super Spy, The Wondrous Wasp, Blackcleave Cliffs, Verdant Catacombs, Ketria Triome, Doomsday, Tendrils of Agony, Mind Twist, Xander's Lounge, Miscalculation, Blazemire Verge, Mountain, Mountain, Mountain, Wheel of Fortune, Preordain, Island, Island, Island, Island, Island, Remand, Chain of Smog, Ziatora's Proving Ground","Grist, the Hunger Tide, Spara's Headquarters, Subtlety, Tear Asunder, Celestial Colonnade, Yavimaya, Cradle of Growth, Makdee and Itla, Skysnarers, Plateau, Meticulous Archive, Omnath, Locus of Creation, Oath of Druids, Wistfulness, Emeritus of Truce"
"12","7","Red/Blue","RU Artifacts","Artifacts","5","18","17","2.35","Zuran Orb, Krang, Utrom Warlord, Portal to Phyrexia, Ragavan, Nimble Pilferer, Mox Emerald, Aether Spellbomb, Walking Ballista, Ugin, Eye of the Storms, Mishra's Bauble, Basalt Monolith, Talisman of Conviction, Pentad Prism, Mana Vault, Palantír of Orthanc, Talisman of Curiosity, Expedition Map, Currency Converter, Goblin Welder, Mountain, Mountain, Mountain, Mountain, Island, Island, Island, Island, Forest, Forest, Forest, Forest, Mishra's Workshop, Plains, Volcanic Island, Candelabra of Tawnos, Mind Stone, Emry, Lurker of the Loch, Tolarian Academy, Memory Jar, Chrome Mox, City of Traitors","Squee, Goblin Nabob, Together as One, Lurrus of the Dream-Den, Get Lost, Lavaspur Boots, Skycoach Conductor, Zirda, the Dawnwaker, Manamorphose, Emrakul, the Aeons Torn, Tersa Lightshatter, Glimmer Lens, Fable of the Mirror-Breaker, Night Nurse, Healer of Heroes, Emeritus of Abundance, Eagles of the North, No More Lies, Satyr Wayfinder, Headliner Scarlett"
"12","8","Blue/White","UW Control","Spells, Humans","8","15","17","2.96","Balance, Stock Up, Ancient Tomb, Snapcaster Mage, The One Ring, Flash, Quantum Riddler, Karakas, Phelia, Exuberant Shepherd, Portable Hole, Oko, Thief of Crowns, Occult Epiphany, Raffine's Tower, Cathar Commando, Seachrome Coast, Council's Judgment, Island, Island, Island, Island, Island, Island, Island, Loran of the Third Path, Plains, Plains, Plains, Plains, Timetwister, Hedge Maze, Time Spiral, Aang, Swift Savior, Mystic Confluence, Time Walk, Starting Town, Thundertrap Trainer, Path to Exile, Skyclave Apparition, Time Warp, Teferi, Hero of Dominaria","Witch Enchanter, Lingering Souls, Staff of the Storyteller, Shadowy Backstreet, Collective Brutality, Prismatic Ending, Mole Man, Moloid Master, Brain Freeze, Winds of Abandon, Overlord of the Mistmoors, Thopter Foundry, Town Greeter, Sanguine Evangelist, Show and Tell, Phantasmal Image, Leovold, Emissary of Trest"
"13","1","Red/Blue/White","RUW Combo Control","Artifacts, Spells","6","17","17","2.65","Vivi Ornitier, Sensei's Divining Top, Steam Vents, Multiversal Passage, Oliphaunt, Lose Focus, Forth Eorlingas!, Cori-Steel Cutter, Astrologian's Planisphere, Black Lotus, Riverpyre Verge, Talisman of Conviction, Jace, the Mind Sculptor, Abandoned Air Temple, Mountain, Mountain, Mountain, Mountain, Island, Island, Island, Island, Plains, Fable of the Mirror-Breaker, Timetwister, Aang, Swift Savior, Counterspell, Meticulous Archive, Mana Confluence, Remand, Solitude, Shorikai, Genesis Engine, Spirebluff Canal, Flame of Anor, Polluted Delta, Tarfire, Teferi, Hero of Dominaria, Thieving Skydiver, Third Path Iconoclast, Abrade","Nettlecyst, Sevinne's Reclamation, Sewer-veillance Cam, Horizon Canopy, Pentad Prism, Melded Moxite, Infernal Grasp, Flickerwisp, Relic of Sauron, The Mightstone and Weakstone, Channel, Emeritus of Abundance, Wistfulness, Emeritus of Truce"
"13","2","Black/Red","BR Sneak and Show","Spells","9","14","17","2.70","Raucous Theater, Twilight Diviner, Troll of Khazad-dûm, Ancient Tomb, Sear, Ragavan, Nimble Pilferer, Inquisition of Kozilek, Bloodtithe Harvester, Kolaghan's Command, Swamp, Swamp, Swamp, Swamp, Swamp, Swamp, Swamp, Swamp, Swamp, Swamp, Swamp, Swamp, Corpse Dance, Bone Shards, Godless Shrine, Barrowgoyf, Night's Whisper, Currency Converter, Shallow Grave, Hymn to Tourach, Reanimate, Moonshadow, Mountain, Mountain, Recurring Nightmare, Atraxa, Grand Unifier, Through the Breach, Orcish Bowmasters, Vampiric Tutor, Griselbrand, Exhume","Traumatic Critique, Urza's Bauble, Balance, Together as One, Phlage, Titan of Fire's Fury, Adeline, Resplendent Cathar, Magda, Brazen Outlaw, Get Lost, Detective's Phoenix, Formidable Speaker, Force of Vigor, Lavaspur Boots, Shadowspear, Okoye, Mighty and Adored, Gau, Feral Youth, Goblin Welder, Impractical Joke, Thraben Inspector, Blazing Rootwalla"
"13","3","Blue/White","UW Artifacts","Artifacts","8","15","17","3.87","Talisman of Progress, Displacer Kitten, Tezzeret, Cruel Captain, Breeding Pool, Echo of Eons, Mana Crypt, Paradoxical Outcome, Hullbreacher, Portal to Phyrexia, Walking Ballista, Urza's Saga, Pinnacle Emissary, Triplicate Titan, Ugin, Eye of the Storms, Mishra's Bauble, Basalt Monolith, Kaldra Compleat, Kappa Cannoneer, Mox Pearl, Talisman of Curiosity, Coveted Jewel, Forensic Gadgeteer, Teferi, Time Raveler, Island, Island, Island, Island, Island, Island, Island, Island, Island, Plains, Myr Battlesphere, Mind Stone, Tolarian Academy, Indatha Triome, Hallowed Fountain, Jetmir's Garden, Zagoth Triome","Phyrexian Dragon Engine, Prismatic Ending, Krang, Utrom Warlord, Wrath of God, Stoneforge Mystic, Lion Sash, Aang's Iceberg, Daze, Thought Scour, Dack Fayden, Show and Tell, Lightning Greaves, Skyclave Apparition, Reprieve, Elspeth, Storm Slayer"
"13","4","Black/Blue","BU Reanimator","Spells","10","13","17","2.65","Savai Triome, Metamorphosis Fanatic, Liliana of the Veil, Fatal Push, Tamiyo, Inquisitive Student, Creeping Tar Pit, Snuff Out, Duress, Sheoldred, the Apocalypse, Baleful Strix, Swamp, Swamp, Swamp, Swamp, Swamp, Swamp, Swamp, Swamp, Swamp, Kavaero, Mind-Bitten, Necromancy, Mind Twist, Demonic Tutor, Darkslick Shores, Archon of Cruelty, Force of Negation, Island, Forest, Animate Dead, Emperor of Bones, Life // Death, Marsh Flats, Psychic Frog, Deep-Cavern Bat, Ledger Shredder, Mox Ruby, Thoughtseize, Shelldock Isle, Kaito, Bane of Nightmares, Watery Grave","Soul-Guide Lantern, Pest Infestation, Dark Confidant, Lurrus of the Dream-Den, Mutagen Man, Living Ooze, Giver of Runes, Oko, Thief of Crowns, Tear Asunder, Loot, the Pathfinder, Witherbloom Apprentice, Vicious Rivalry, Pillage the Bog, Arwen, Mortal Queen, Concealing Curtains, Malevolent Rumble, Flow State"
"13","5","Blue","U Midrange Combo","Spells, Humans","11","12","17","3.00","Tundra, Misty Rainforest, Fabled Passage, Lutri, the Spellchaser, Gush, Emeritus of Ideation, Spara's Headquarters, Phyrexian Metamorph, Subtlety, Malcolm, Alluring Scoundrel, Flash, Consider, Quantum Riddler, Jace, Vryn's Prodigy, Treasure Cruise, Mana Drain, Miscalculation, Mountain, Preordain, Abhorrent Oculus, Island, Island, Island, Island, Island, Island, Island, Island, Island, Island, Island, Proft's Eidetic Memory, Memory Lapse, Makdee and Itla, Skysnarers, Mana Leak, Brazen Borrower, Starting Town, Time Warp, Urza, Lord High Artificer, Chrome Mox","Sylvan Caryatid, Badlands, Michelangelo, Weirdness to 11, Collective Brutality, Worldspine Wurm, Entomb, Bleachbone Verge, Erode, The Legend of Roku, Unearth, Fallen Shinobi, Tamiyo, Collector of Tales, Overlord of the Mistmoors, Underground Mortuary, Containment Priest, Emrakul, the Aeons Torn, Loran of the Third Path"
"13","6","Black/Red/Blue","BRU Combo","Artifacts, Spells","1","22","17","2.04","Ponder, Mox Jet, Wasteland, Imperial Seal, Frantic Search, Gitaxian Probe, Thassa's Oracle, Grim Monolith, Underworld Breach, Bolas's Citadel, Yawgmoth's Will, Brainstorm, Faithless Looting, Swamp, Swamp, Swamp, Swamp, Swamp, Cabal Ritual, Verdant Catacombs, Doomsday, Tendrils of Agony, Wishclaw Talisman, Manamorphose, Mountain, Narset, Parter of Veils, Island, Island, Island, Island, Island, Forest, Forest, Bayou, Volcanic Island, Time Spiral, Mox Sapphire, Lion's Eye Diamond, Mystical Tutor, Chromatic Star","Coalition Relic, Stormchaser's Talent, Deathrite Shaman, Tinker, Keen-Eyed Curator, Black Widow, Super Spy, The Wondrous Wasp, Cloak and Dagger, Entwined, Savannah, Springheart Nantuko, Securitron Squadron, Candelabra of Tawnos, Oath of Druids, Lush Portico, Leovold, Emissary of Trest, Guardian Scalelord, Six, Satyr Wayfinder"
"13","7","Green","G Midrange Combo","Creatures","17","6","17","2.57","Green Sun's Zenith, Nadu, Winged Wisdom, Icetill Explorer, Taiga, Windswept Heath, Badgermole Cub, Mox Emerald, Elvish Mystic, Nissa, Who Shakes the World, Ursine Monstrosity, Wooded Foothills, Skullclamp, Hexdrinker, Sol Ring, Tropical Island, Fanatic of Rhonas, Shifting Woodland, Gaea's Cradle, Esika's Chariot, Scythecat Cub, Copperline Gorge, Sentinel of the Nameless City, Forest, Forest, Forest, Forest, Forest, Forest, Forest, Forest, Forest, Questing Beast, Sylvan Safekeeper, Boseiju, Who Endures, Ignoble Hierarch, Titania, Protector of Argoth, Birds of Paradise, Baloth Prime, Tireless Tracker, Vaultborn Tyrant","Witch Enchanter, Avacyn's Pilgrim, Survival of the Fittest, Woodfall Primus, Torsten, Founder of Benalia, Winds of Abandon, Territorial Kavu, Razorverge Thicket, Enduring Innocence, Sanguine Evangelist, Leyline Binding, Night Nurse, Healer of Heroes, Sandstorm Salvager, Temple Garden"
"13","8","Red","R Burn","Humans","13","10","17","2.48","Seasoned Pyromancer, Dragon's Rage Channeler, Chandra, Torch of Defiance, Fear of Missing Out, Suplex, Lightning Bolt, Gut, True Soul Zealot, Arena of Glory, Firebolt, Death-Greeter's Champion, Flame Slash, Anje's Ravager, Hexing Squelcher, Delayed Blast Fireball, Fireblast, Elegant Parlor, Laelia, the Blade Reforged, Mountain, Mountain, Mountain, Mountain, Mountain, Mountain, Mountain, Mountain, Mountain, Mountain, Mountain, Mountain, Mountain, Legion Extruder, Figure of Destiny, Marauding Mako, Goblin Bombardment, Galvanic Discharge, City of Traitors, Headliner Scarlett, Fury, Bloodstained Mire, Screaming Nemesis","Fire Covenant, Lingering Souls, Squee, Goblin Nabob, Caustic Bronco, Palace Jailer, Mole Man, Moloid Master, Orcish Lumberjack, Figure of Fable, Overlord of the Balemurk, Zirda, the Dawnwaker, Blazemire Verge, Harvester of Misery, Toxic Deluge, Damn, Luminarch Aspirant, Sage of the Skies, Thornspire Verge, Anger"
"14","1","Blue/White","UW Artifacts","Artifacts","2","21","17","2.91","Nettlecyst, Displacer Kitten, Tezzeret, Cruel Captain, Sensei's Divining Top, Soul-Guide Lantern, Sword of the Meek, Echo of Eons, Astrologian's Planisphere, Swamp, Ugin, Eye of the Storms, Raffine's Tower, Pentad Prism, Kaldra Compleat, Mana Drain, Upheaval, Jace, the Mind Sculptor, Kappa Cannoneer, Celestial Colonnade, Thopter Foundry, Shadowspear, Abandoned Air Temple, Island, Island, Island, Island, Island, Island, Island, Island, Island, Island, Island, The Mightstone and Weakstone, Mox Sapphire, Path to Exile, Tolarian Academy, Mox Opal, No More Lies, Lion's Eye Diamond, City of Traitors","Staff of the Storyteller, Sewer-veillance Cam, Bolas's Citadel, Lion Sash, Tidehollow Sculler, Get Lost, Lavaspur Boots, Securitron Squadron, Makdee and Itla, Skysnarers, Desecrex, Gift of Servitude, Wastewood Verge, Thraben Inspector, Omnath, Locus of Creation, Thundering Falls, Thieving Skydiver, Elspeth, Storm Slayer, Sunfall"
"14","2","Black/Blue","BU Tempo","Spells","10","13","17","2.52","Fabled Passage, Fatal Push, Caustic Bronco, Cut Down, Library of Alexandria, Shadowy Backstreet, Sheoldred's Edict, Wan Shi Tong, Librarian, Snapcaster Mage, Hullbreacher, Duress, Subtlety, Malcolm, Alluring Scoundrel, Stern Scolding, Bloodchief's Thirst, Fallen Shinobi, Swamp, Verdant Catacombs, Occult Epiphany, Underground Mortuary, Botanical Sanctum, Okoye, Mighty and Adored, Miscalculation, Force of Negation, Abhorrent Oculus, Island, Island, Island, Island, Island, Island, Island, Jennifer Walters, Scalding Tarn, Mystic Confluence, Starting Town, Damnation, Remand, Time Warp, Watery Grave","Coalition Relic, Phyrexian Dragon Engine, Traumatic Critique, Grist, the Hunger Tide, Gush, Mishra's Bauble, Skullclamp, Witherbloom Apprentice, Haywire Mite, Overlord of the Mistmoors, Pillage the Bog, Enduring Innocence, Tarfire"
"14","3","Black/Red","BR Aristocrats","Spells","10","13","17","2.13","Fire Covenant, Dragon's Rage Channeler, Imperial Seal, Dark Confidant, Sedgemoor Witch, Underworld Breach, Yawgmoth's Will, Snuff Out, Lotus Petal, Sheoldred, the Apocalypse, Inquisition of Kozilek, Lurrus of the Dream-Den, Bloodtithe Harvester, Blood Crypt, Carnage Interpreter, Swamp, Swamp, Swamp, Swamp, Swamp, Swamp, Swamp, Swamp, Swamp, Swamp, Swamp, Cabal Ritual, Arena of Glory, Mind Twist, Flame Slash, Hymn to Tourach, Mountain, Mountain, Urborg, Tomb of Yawgmoth, Broadside Bombardiers, Deep-Cavern Bat, Vampiric Tutor, Dauthi Voidwalker, Sunbaked Canyon, Dismember","Sevinne's Reclamation, Master of Death, Winds of Abandon, Mine Collapse, Melded Moxite, Arwen, Mortal Queen, Tersa Lightshatter, Fireblast, Recurring Nightmare, Relic of Sauron, Agatha's Soul Cauldron, Skyclave Apparition, Marauding Mako, Unexpectedly Absent, Anger, Flame of Anor, Griselbrand, Screaming Nemesis"
"14","4","Red/Blue/White","RUW Artifacts","Artifacts","4","19","17","2.13","Stormchaser's Talent, Talisman of Progress, Wasteland, Talisman of Creativity, Fractured Identity, Multiversal Passage, Balance, Palace Jailer, Windswept Heath, Mana Crypt, Phlage, Titan of Fire's Fury, Flash, Brain Freeze, Cori-Steel Cutter, Urza's Saga, Pinnacle Emissary, Portable Hole, Basalt Monolith, Talisman of Conviction, Elegant Parlor, Mountain, Retrofitter Foundry, Narset, Parter of Veils, Island, Island, Island, Island, Island, Island, Plains, Plains, Plains, Mana Leak, Legion Extruder, Raugrin Triome, Timetwister, Thundertrap Trainer, Spell Pierce, Spirebluff Canal, Chromatic Star","Avacyn's Pilgrim, Parallax Wave, Lingering Souls, Krang, Utrom Warlord, Erode, The Legend of Roku, Wrath of God, Talisman of Dominance, Phelia, Exuberant Shepherd, Mother of Runes, Vicious Rivalry, Delayed Blast Fireball, Luminarch Aspirant, Guardian Scalelord, Emeritus of Truce"
"14","5","Green/Blue","GU Midrange Combo","Green/Blue","15","8","17","2.30","Zuran Orb, Green Sun's Zenith, Sylvan Caryatid, Tamiyo, Inquisitive Student, Stock Up, Deathrite Shaman, The One Ring, Formidable Speaker, Oko, Thief of Crowns, Wooded Foothills, Llanowar Elves, Ketria Triome, Waterlogged Grove, Tropical Island, Tamiyo, Collector of Tales, Fanatic of Rhonas, Shifting Woodland, Gaea's Cradle, Scythecat Cub, Noble Hierarch, Sentinel of the Nameless City, Island, Forest, Forest, Forest, Forest, Forest, Forest, Forest, Forest, Lightning Greaves, Hedge Maze, Once Upon a Time, Titania, Protector of Argoth, Birds of Paradise, Wistfulness, Sandstorm Salvager, Uro, Titan of Nature's Wrath, Flooded Strand, Delighted Halfling","Brightglass Gearhulk, The Wandering Emperor, Survival of the Fittest, Mole Man, Moloid Master, Keen-Eyed Curator, Jace, Vryn's Prodigy, Daze, Skycoach Conductor, Proft's Eidetic Memory, Phantasmal Image, Aang, Swift Savior, Oath of Druids, Sage of the Skies, Emeritus of Abundance"
"14","6","Green/Red","GR Stompy","Creatures","17","6","17","2.35","Wrenn and Six, Chandra, Torch of Defiance, Stomping Ground, Inti, Seneschal of the Sun, Taiga, Ancient Tomb, Badgermole Cub, Ragavan, Nimble Pilferer, Mox Emerald, Orcish Lumberjack, Magda, Brazen Outlaw, Elvish Mystic, Robber of the Rich, Ouroboroid, Gut, True Soul Zealot, Hexdrinker, Bloodbraid Challenger, Chain Lightning, Springheart Nantuko, Laelia, the Blade Reforged, Mountain, Mountain, Mountain, Mountain, Mountain, Mountain, Mountain, Commercial District, Forest, Forest, Boseiju, Who Endures, Ignoble Hierarch, Pyrokinesis, Bristly Bill, Spine Sower, Bonecrusher Giant, Thornspire Verge, Galvanic Discharge, Jetmir's Garden, Fury, Bloodstained Mire","Adeline, Resplendent Cathar, Nissa, Who Shakes the World, Force of Vigor, Hexing Squelcher, Sanguine Evangelist, Otharri, Suns' Glory, Voice of Victory, Swords to Plowshares, Ocelot Pride, Sylvan Safekeeper, Volcanic Island, Endurance, Figure of Destiny, Temple Garden"
"14","7","Black/Red","BR Sneak and Show","Spells","10","13","17","2.57","Nethergoyf, Undercity Sewers, Grief, Steam Vents, Oliphaunt, Troll of Khazad-dûm, Suplex, Faithless Looting, Kolaghan's Command, Swamp, Swamp, Swamp, Swamp, Swamp, Swamp, Swamp, Swamp, Swamp, Swamp, Blackcleave Cliffs, Overlord of the Balemurk, Barrowgoyf, Firebolt, Night's Whisper, Infernal Grasp, Currency Converter, Reanimate, Harvester of Misery, Darkslick Shores, Mountain, Toxic Deluge, Island, Super Shredder, Animate Dead, Voldaren Epicure, Psychic Frog, Sneak Attack, Chrome Mox, Ziatora's Proving Ground, Exhume","Sear, Concealed Courtyard, Forth Eorlingas!, Brainstorm, Torsten, Founder of Benalia, Smuggler's Copter, Karakas, Vindicate, Blooming Marsh, Containment Priest, Mana Tithe, Gau, Feral Youth, Concealing Curtains, Unholy Heat, Impractical Joke, Mana Confluence, Hallowed Fountain"
"14","8","Black/Red/Blue","BRU Sneak and Show","Spells","7","16","17","3.57","Savai Triome, Ponder, Badlands, Iron-Shield Elf, Tinker, Entomb, Inspiring Vantage, Consider, Swamp, Swamp, Swamp, Swamp, Triplicate Titan, Corpse Dance, Crabomination, Bone Shards, Wishclaw Talisman, Demonic Tutor, Thought Scour, Emrakul, the Aeons Torn, Wheel of Fortune, Atraxa, Grand Unifier, Preordain, Island, Island, Island, Island, Island, Island, Island, Show and Tell, Memory Lapse, Fable of the Mirror-Breaker, Through the Breach, Myr Battlesphere, Expressive Iteration, Ledger Shredder, Otawara, Soaring City, Shelldock Isle, Zagoth Triome","Alpha Deathclaw, Fear of Missing Out, Tishana's Tidebinder, Black Widow, Super Spy, Quantum Riddler, Cloak and Dagger, Entwined, Aang's Iceberg, Zirda, the Dawnwaker, Generous Plunderer, Saheeli, Sublime Artificer, Glimmer Lens, Sink into Stupor, Time Spiral, Emry, Lurker of the Loch, Memory Jar, Goblin Bombardment"
"15","1","Black/Blue","BU Tempo","Merfolk","13","10","17","2.13","Undercity Sewers, Fatal Push, Thassa's Oracle, Tamiyo, Inquisitive Student, Dark Confidant, Library of Alexandria, Collective Brutality, Tishana's Tidebinder, Hullbreacher, Duress, Sheoldred, the Apocalypse, Malcolm, Alluring Scoundrel, Bloodchief's Thirst, Swamp, Swamp, Swamp, Swamp, Swamp, Swamp, Raffine's Tower, Forensic Gadgeteer, Faerie Mastermind, Retrofitter Foundry, Island, Island, Island, Island, Island, Island, Island, Island, Sink into Stupor, Mana Leak, Remand, Deep-Cavern Bat, Urza, Lord High Artificer, Orcish Bowmasters, Mox Diamond, Thieving Skydiver, Kaito, Bane of Nightmares","Iron-Shield Elf, Grim Monolith, Bolas's Citadel, Lotus Petal, Manifold Key, Talisman of Dominance, Lion Sash, Cabal Ritual, Tear Asunder, Cathar Commando, Razorverge Thicket, Blazemire Verge, Super Shredder, Makdee and Itla, Skysnarers, The Mightstone and Weakstone, Mind Stone, Leovold, Emissary of Trest, Eagles of the North, Memory Jar"
"15","2","Red/White","RW Stompy","Humans","15","8","17","2.96","Parallax Wave, Palace Jailer, Ajani, Nacatl Pariah, Horizon Canopy, Windswept Heath, Spara's Headquarters, Adeline, Resplendent Cathar, Minsc & Boo, Timeless Heroes, Fiery Confluence, Winds of Abandon, Giver of Runes, Phelia, Exuberant Shepherd, Mother of Runes, Gut, True Soul Zealot, Overlord of the Mistmoors, Elite Spellbinder, Flame Slash, Mana Tithe, Abandoned Air Temple, Elegant Parlor, Mountain, Mountain, Mountain, Mountain, Sanguine Evangelist, Flickerwisp, Plains, Plains, Plains, Plains, Plains, Plains, Plains, Plains, Fable of the Mirror-Breaker, Luminarch Aspirant, Skyclave Apparition, Broadside Bombardiers, Serra Paragon, Elspeth, Storm Slayer","Balance, Fear of Missing Out, Emeritus of Ideation, Prismatic Ending, Concealed Courtyard, Wrath of God, Xander's Lounge, Fireblast, Goblin Welder, Burst Lightning, Teferi, Time Raveler, Unholy Heat, Leyline Binding, Legion Extruder, Scrubland, Blazing Rootwalla, Sunfall"
"15","3","Black/Blue","BU Reanimator","Spells","11","12","17","3.09","Metamorphosis Fanatic, Nethergoyf, Survival of the Fittest, Sheoldred's Edict, Troll of Khazad-dûm, Creeping Tar Pit, Entomb, Master of Death, Swamp, Swamp, Swamp, Swamp, Swamp, Swamp, Swamp, Swamp, Swamp, Crabomination, Kavaero, Mind-Bitten, Blooming Marsh, Necromancy, Waterlogged Grove, Barrowgoyf, Bitter Triumph, Demonic Tutor, Overgrown Tomb, Shallow Grave, Hymn to Tourach, Harvester of Misery, Concealing Curtains, Recurring Nightmare, Archon of Cruelty, Bayou, Animate Dead, Strip Mine, Life // Death, Urborg, Tomb of Yawgmoth, Ledger Shredder, Shelldock Isle, Exhume","Stormchaser's Talent, Traumatic Critique, Squee, Goblin Nabob, Michelangelo, Weirdness to 11, Pest Infestation, Sevinne's Reclamation, Smuggler's Copter, Consider, Ursine Monstrosity, Preordain, Phantasmal Image, Agatha's Soul Cauldron, Bristly Bill, Spine Sower, Time Warp"
"15","4","Green/Blue","GU Midrange Combo","Creatures","17","6","17","2.83","Green Sun's Zenith, Nadu, Winged Wisdom, Sylvan Caryatid, Ancient Tomb, Badgermole Cub, Mox Emerald, Elvish Mystic, Ouroboroid, Nissa, Who Shakes the World, Force of Vigor, Ketria Triome, Fanatic of Rhonas, Gaea's Cradle, Botanical Sanctum, Springheart Nantuko, Yavimaya, Cradle of Growth, Esika's Chariot, Scythecat Cub, Noble Hierarch, Forest, Forest, Forest, Forest, Forest, Forest, Forest, Forest, Forest, Generous Ent, Boseiju, Who Endures, Ignoble Hierarch, Titania, Protector of Argoth, Channel, Baloth Prime, Tireless Tracker, Vaultborn Tyrant, Otawara, Soaring City, Indatha Triome, Uro, Titan of Nature's Wrath, Delighted Halfling","Zuran Orb, Together as One, Krang, Utrom Warlord, Subtlety, Keen-Eyed Curator, Walking Ballista, Quantum Riddler, Territorial Kavu, Loot, the Pathfinder, Upheaval, Okoye, Mighty and Adored, Expedition Map, Town Greeter, Teferi, Hero of Dominaria"
"15","5","Black/Blue","BU Tempo","Spells","4","19","17","2.96","Imperial Seal, Gush, Multiversal Passage, Lose Focus, Snuff Out, Inquisition of Kozilek, The One Ring, Fallen Shinobi, Swamp, Swamp, Swamp, Swamp, Swamp, Swamp, Treasure Cruise, Lórien Revealed, Verdant Catacombs, Sol Ring, Daze, Doomsday, Night's Whisper, Thought Scour, Darkslick Shores, Force of Negation, Abhorrent Oculus, Island, Island, Island, Island, Island, Island, Proft's Eidetic Memory, Memory Lapse, Mystic Confluence, Thundertrap Trainer, Psychic Frog, Chain of Smog, Polluted Delta, Flooded Strand, Dismember","Talisman of Progress, Brightglass Gearhulk, Tezzeret, Cruel Captain, Sensei's Divining Top, Bleachbone Verge, Riverpyre Verge, Wan Shi Tong, All-Knowing, Godless Shrine, Skycoach Conductor, Vengevine, Saheeli, Sublime Artificer, Damn, Desecrex, Gift of Servitude, Guardian Scalelord, Night Nurse, Healer of Heroes, Hallowed Fountain, Griselbrand"
"15","6","Green/Red/Blue","GRU Midrange Combo","Green/Red/Blue","15","8","17","2.48","Seasoned Pyromancer, Wasteland, Dragon's Rage Channeler, Wrenn and Six, Icetill Explorer, Lutri, the Spellchaser, Stomping Ground, Oliphaunt, Taiga, Deathrite Shaman, Ragavan, Nimble Pilferer, Mutagen Man, Living Ooze, Vibrance, Oko, Thief of Crowns, Wooded Foothills, Skullclamp, Tersa Lightshatter, Copperline Gorge, Mountain, Mountain, Mountain, Sentinel of the Nameless City, Wheel of Fortune, Island, Island, Commercial District, Forest, Forest, Forest, Arid Mesa, Once Upon a Time, Time Walk, Birds of Paradise, Bonecrusher Giant, Ivora, Insatiable Heir, Six, Fastbond, Ziatora's Proving Ground, Abrade, Bloodstained Mire","Phyrexian Dragon Engine, Nettlecyst, Karn, Scion of Urza, Underworld Breach, Mishra's Bauble, Vindicate, Haywire Mite, Mine Collapse, Melded Moxite, Anje's Ravager, Basking Rootwalla, Voldaren Epicure, Oath of Druids"
"15","7","Red/White","RW Aggro","Spells, Humans","11","12","17","2.00","Savai Triome, Prismatic Vista, Sear, Suplex, Lightning Bolt, Sacred Foundry, Cori-Steel Cutter, Robber of the Rich, Get Lost, Detective's Phoenix, Ancestral Recall, Karakas, Jacked Rabbit, Talisman of Conviction, Death-Greeter's Champion, Chain Lightning, Containment Priest, Hexing Squelcher, Gau, Feral Youth, Laelia, the Blade Reforged, Mountain, Mountain, Mountain, Mountain, Mountain, Mountain, Mountain, Mountain, Mountain, Mountain, Otharri, Suns' Glory, Guide of Souls, Glimmer Lens, Plains, Plateau, Raugrin Triome, Path to Exile, Galvanic Discharge, Oust, Screaming Nemesis","Lingering Souls, Staff of the Storyteller, Fractured Identity, Carnage Interpreter, Pinnacle Emissary, Black Widow, Super Spy, Figure of Fable, Portable Hole, Shifting Woodland, Delayed Blast Fireball, Wastewood Verge, Candelabra of Tawnos, Emeritus of Abundance, Thornspire Verge, Anger, Goblin Bombardment"
"15","8","Black/Green/Red/Blue","BGRU Sneak and Show","Artifacts","8","15","17","4.26","Talisman of Creativity, Steam Vents, Tinker, Worldspine Wurm, Portal to Phyrexia, Faithless Looting, Flash, Blood Crypt, Jace, Vryn's Prodigy, Cloak and Dagger, Entwined, Mana Vault, Tropical Island, Etali, Primal Conqueror, Palantír of Orthanc, Talisman of Curiosity, Force of Will, Dack Fayden, Mountain, Mountain, Atraxa, Grand Unifier, Island, Island, Island, Forest, Relic of Sauron, Show and Tell, Through the Breach, Myr Battlesphere, Volcanic Island, Scalding Tarn, Mana Confluence, Thundering Falls, Tolarian Academy, Mox Opal, Sneak Attack, Blightsteel Colossus, Spirebluff Canal, Batroc the Leaper, Temple Garden, Watery Grave","Fire Covenant, Twilight Diviner, Aang's Iceberg, Bone Shards, Kappa Cannoneer, Wishclaw Talisman, Manamorphose, Vicious Rivalry, Pillage the Bog, Aang, Swift Savior, Wistfulness"
"16","1","Green/Blue","GU Midrange Combo","Humans, Creatures","18","5","17","2.78","Avacyn's Pilgrim, Zuran Orb, Misty Rainforest, Nadu, Winged Wisdom, Icetill Explorer, Multiversal Passage, Pest Infestation, Breeding Pool, Worldspine Wurm, Wan Shi Tong, Librarian, Mole Man, Moloid Master, Elvish Mystic, Keen-Eyed Curator, Oko, Thief of Crowns, Wooded Foothills, Llanowar Elves, Waterlogged Grove, Haywire Mite, Tropical Island, Botanical Sanctum, Natural Order, Razorverge Thicket, Forest, Forest, Forest, Forest, Forest, Sylvan Safekeeper, Jennifer Walters, Hedge Maze, Once Upon a Time, Titania, Protector of Argoth, Strip Mine, Baloth Prime, Wistfulness, Otawara, Soaring City, Batroc the Leaper, Sandstorm Salvager, Uro, Titan of Nature's Wrath, Temple Garden","Brightglass Gearhulk, Ephemerate, Krang, Utrom Warlord, Torsten, Founder of Benalia, Get Lost, Underground Mortuary, Forensic Gadgeteer, Luminarch Aspirant, Leovold, Emissary of Trest, Flame of Anor"
"16","2","Red/Blue","RU Artifacts","Artifacts","3","20","17","2.26","Tezzeret, Cruel Captain, Urza's Bauble, Gitaxian Probe, Thassa's Oracle, Sword of the Meek, Grim Monolith, Echo of Eons, Underworld Breach, Hullbreacher, Lotus Petal, Brain Freeze, Cori-Steel Cutter, Talisman of Dominance, Urza's Saga, Riverpyre Verge, Swamp, Mishra's Bauble, Basalt Monolith, Pentad Prism, Kappa Cannoneer, Force of Will, Mountain, Mountain, Wheel of Fortune, Retrofitter Foundry, Island, Island, Island, Island, Island, Island, Island, Island, Island, Relic of Sauron, Mishra's Workshop, Volcanic Island, Starting Town, Lion's Eye Diamond, Chromatic Star","Tundra, Survival of the Fittest, Lose Focus, Sedgemoor Witch, Faithless Looting, Mutagen Man, Living Ooze, Winds of Abandon, Treasure Cruise, Palantír of Orthanc, Manamorphose, Expedition Map, Enduring Innocence, Fireblast, Goblin Welder, Faerie Mastermind, Myr Battlesphere, Voldaren Epicure"
"16","3","Red/White","RW Aggro","Humans, Creatures","16","7","17","2.26","Savai Triome, Staff of the Storyteller, The Wandering Emperor, Library of Alexandria, Ajani, Nacatl Pariah, Phlage, Titan of Fire's Fury, Adeline, Resplendent Cathar, Inspiring Vantage, Giver of Runes, Jacked Rabbit, Mother of Runes, Gut, True Soul Zealot, Cathar Commando, Mox Pearl, Containment Priest, Flame Slash, Elegant Parlor, Sanguine Evangelist, Otharri, Suns' Glory, Swords to Plowshares, Guide of Souls, Plains, Plains, Plains, Plains, Plains, Plains, Plains, Plains, Plains, Plains, Fable of the Mirror-Breaker, Arid Mesa, Figure of Destiny, Sage of the Skies, Path to Exile, Skyclave Apparition, Solitude, Sunbaked Canyon, Bloodstained Mire","Lingering Souls, Dark Confidant, Shadowy Backstreet, Deathrite Shaman, Together as One, Vindicate, Aang's Iceberg, Skycoach Conductor, Vengevine, Animate Dead, Omnath, Locus of Creation, Oath of Druids, Guardian Scalelord, Indatha Triome, Third Path Iconoclast"
"16","4","Green/Red","GR Stompy","Creatures","18","5","17","2.74","Prismatic Vista, Wrenn and Six, Sylvan Caryatid, Stomping Ground, Umezawa's Jitte, Taiga, Windswept Heath, Badgermole Cub, Orcish Lumberjack, Minsc & Boo, Timeless Heroes, Nissa, Who Shakes the World, Territorial Kavu, Force of Vigor, Ursine Monstrosity, Verdant Catacombs, Ketria Triome, Bloodbraid Challenger, Fanatic of Rhonas, Generous Plunderer, Gau, Feral Youth, Copperline Gorge, Sentinel of the Nameless City, Commercial District, Forest, Forest, Forest, Forest, Forest, Forest, Forest, Questing Beast, Generous Ent, Boseiju, Who Endures, Endurance, Ignoble Hierarch, Bristly Bill, Spine Sower, Night Nurse, Healer of Heroes, Tireless Tracker, Thornspire Verge, Delighted Halfling","Phyrexian Dragon Engine, Traumatic Critique, Ugin, Eye of the Storms, Figure of Fable, Tear Asunder, Firebolt, Delayed Blast Fireball, Dack Fayden, Town Greeter, Candelabra of Tawnos, Damnation, Blightsteel Colossus"
"16","5","Black/Blue","BU Reanimator","Spells","8","15","17","3.22","Ponder, Liliana of the Veil, Fatal Push, Frantic Search, Troll of Khazad-dûm, Creeping Tar Pit, Entomb, Inquisition of Kozilek, Stern Scolding, Bazaar of Baghdad, Swamp, Swamp, Swamp, Swamp, Swamp, Triplicate Titan, Quantum Riddler, Blooming Marsh, Bone Shards, Etali, Primal Conqueror, Jace, the Mind Sculptor, Xander's Lounge, Shallow Grave, Harvester of Misery, Preordain, Abhorrent Oculus, Island, Island, Island, Island, Island, Show and Tell, Memory Lapse, Thundering Falls, Life // Death, Urborg, Tomb of Yawgmoth, Psychic Frog, Griselbrand, Exhume, Watery Grave","Alpha Deathclaw, Carnage Interpreter, Astrologian's Planisphere, Pinnacle Emissary, Wan Shi Tong, All-Knowing, Coveted Jewel, Moonshadow, Phantasmal Image, Through the Breach, Brazen Borrower, Emry, Lurker of the Loch, Emeritus of Truce, Chrome Mox, Thieving Skydiver, Kaito, Bane of Nightmares"
"16","6","Blue/White","UW Control","Spells","6","17","17","2.70","Stormchaser's Talent, Talisman of Progress, Balance, Palace Jailer, Tishana's Tidebinder, Concealed Courtyard, Spara's Headquarters, Wrath of God, Subtlety, Spellseeker, Black Lotus, Karakas, Raffine's Tower, Mana Vault, Thopter Foundry, Mana Tithe, Narset, Parter of Veils, Council's Judgment, Teferi, Time Raveler, Island, Island, Island, Island, Island, Plains, Plains, Plains, Plains, Plains, Sink into Stupor, Counterspell, Eagles of the North, Ledger Shredder, No More Lies, Polluted Delta, Oust, Hallowed Fountain, Teferi, Hero of Dominaria, Shelldock Isle, Elspeth, Storm Slayer","Coalition Relic, Soul-Guide Lantern, Unearth, Crabomination, Kavaero, Mind-Bitten, Savannah, Kaldra Compleat, Tamiyo, Collector of Tales, Upheaval, Securitron Squadron, Saheeli, Sublime Artificer, Flickerwisp, Leyline Binding, The Mightstone and Weakstone, Channel"
"16","7","Black/Blue","BU Combo","Spells","3","20","17","2.52","Fabled Passage, Sensei's Divining Top, Imperial Seal, Cut Down, Sheoldred's Edict, Bolas's Citadel, Yawgmoth's Will, Snuff Out, Sheoldred, the Apocalypse, Brainstorm, Underground Sea, Jace, Wielder of Mysteries, Swamp, Swamp, Swamp, Swamp, Swamp, Swamp, Swamp, Swamp, Swamp, Swamp, Cabal Ritual, Doomsday, Demonic Tutor, Miscalculation, Darkslick Shores, Toxic Deluge, Island, Island, Scalding Tarn, Time Walk, Time Warp, Deep-Cavern Bat, Chain of Smog, Orcish Bowmasters, Memory Jar, Mox Ruby, Mystical Tutor, Zagoth Triome","Twilight Diviner, Sevinne's Reclamation, Iron-Shield Elf, Horizon Canopy, Erode, Phyrexian Metamorph, Master of Death, Bloodchief's Thirst, Corpse Dance, Overlord of the Balemurk, Mine Collapse, Atraxa, Grand Unifier, Unholy Heat, Bayou, Super Shredder, Agatha's Soul Cauldron, Lightning Greaves"
"16","8","Black/Red","BR Sneak and Show","Spells, Humans","12","11","17","2.30","Seasoned Pyromancer, Fire Covenant, Nethergoyf, Raucous Theater, Mox Jet, Dragon's Rage Channeler, Badlands, Inti, Seneschal of the Sun, Duress, Ragavan, Nimble Pilferer, Fiery Confluence, Blood Crypt, Kolaghan's Command, Swamp, Swamp, Swamp, Arena of Glory, Barrowgoyf, Infernal Grasp, Blazemire Verge, Tersa Lightshatter, Hymn to Tourach, Reanimate, Mountain, Mountain, Mountain, Mountain, Mountain, Mountain, Mountain, Mountain, Mountain, Burst Lightning, Pyrokinesis, Ivora, Insatiable Heir, Marauding Mako, Dauthi Voidwalker, Headliner Scarlett, Abrade, Fury","Squee, Goblin Nabob, Lutri, the Spellchaser, Prismatic Ending, Stoneforge Mystic, Vibrance, Cloak and Dagger, Entwined, Witherbloom Apprentice, Zirda, the Dawnwaker, Elite Spellbinder, Okoye, Mighty and Adored, Abandoned Air Temple, Concealing Curtains, Desecrex, Gift of Servitude, Legion Extruder, Emeritus of Abundance, Anger, Jetmir's Garden"
"17","1","Green/Red/Blue","GRU Midrange Combo","Spells","9","14","17","3.96","Misty Rainforest, Stomping Ground, Lose Focus, Breeding Pool, Taiga, Worldspine Wurm, Underworld Breach, Hullbreacher, Woodfall Primus, Subtlety, Minsc & Boo, Timeless Heroes, Faithless Looting, The Wondrous Wasp, Verdant Catacombs, Etali, Primal Conqueror, Shifting Woodland, Xander's Lounge, Botanical Sanctum, Emrakul, the Aeons Torn, Mountain, Island, Island, Commercial District, Forest, Forest, Forest, Forest, Show and Tell, Through the Breach, Volcanic Island, Expressive Iteration, Time Spiral, Oath of Druids, Malevolent Rumble, Fastbond, Vaultborn Tyrant, Batroc the Leaper, Chrome Mox, Lion's Eye Diamond, Abrade","Zuran Orb, Squee, Goblin Nabob, Badgermole Cub, Bolas's Citadel, Robber of the Rich, Territorial Kavu, Savannah, Springheart Nantuko, Abandoned Air Temple, Bayou, Endurance, Memory Jar"
"17","2","Red/Blue","RU Artifacts","Artifacts","8","15","17","2.35","Vivi Ornitier, Nettlecyst, Karn, Scion of Urza, Steam Vents, Urza's Bauble, Shadowy Backstreet, Paradoxical Outcome, Manifold Key, Aether Spellbomb, Walking Ballista, Pinnacle Emissary, Swamp, Mishra's Bauble, Kappa Cannoneer, Thopter Foundry, Currency Converter, Coveted Jewel, Forensic Gadgeteer, Goblin Welder, Mountain, Mountain, Mountain, Mountain, Retrofitter Foundry, Island, Island, Island, Island, Island, Island, Island, Island, Relic of Sauron, The Mightstone and Weakstone, Candelabra of Tawnos, Emry, Lurker of the Loch, Tolarian Academy, Mox Opal, Otawara, Soaring City, Third Path Iconoclast","Talisman of Progress, Michelangelo, Weirdness to 11, Balance, Suplex, Triplicate Titan, Treasure Cruise, Lavaspur Boots, Melded Moxite, Vicious Rivalry, Dack Fayden, Burst Lightning, Basking Rootwalla, Loran of the Third Path, Fable of the Mirror-Breaker, Goblin Engineer, Jennifer Walters, Mind Stone, No More Lies"
"17","3","Blue","U Combo","Spells","7","16","17","2.61","Fabled Passage, Sensei's Divining Top, Thassa's Oracle, Echo of Eons, Tinker, Tishana's Tidebinder, Brainstorm, Malcolm, Alluring Scoundrel, Brain Freeze, Underground Sea, Talisman of Dominance, Consider, Jace, Wielder of Mysteries, Swamp, Lórien Revealed, Jace, the Mind Sculptor, Demonic Tutor, Miscalculation, Narset, Parter of Veils, Force of Negation, Island, Island, Island, Island, Island, Island, Island, Island, Island, Island, Island, Island, Island, Sink into Stupor, Brazen Borrower, Thundertrap Trainer, Remand, Ledger Shredder, Flooded Strand, Thieving Skydiver","Badlands, Sevinne's Reclamation, Krang, Utrom Warlord, Phyrexian Metamorph, Master of Death, Fallen Shinobi, Ugin, Eye of the Storms, Oko, Thief of Crowns, Blooming Marsh, Bloodbraid Challenger, Tamiyo, Collector of Tales, Palantír of Orthanc, Tendrils of Agony, Wishclaw Talisman, Manamorphose, Hogaak, Arisen Necropolis, Wheel of Fortune, Teferi, Time Raveler, Flame of Anor"
"17","4","Black/Blue","BU Reanimator","Spells, Humans","9","14","17","2.70","Metamorphosis Fanatic, Grief, Collective Brutality, Snapcaster Mage, Duress, Inquisition of Kozilek, Swamp, Swamp, Swamp, Swamp, Swamp, Swamp, Swamp, Swamp, Swamp, Swamp, Swamp, Jace, Vryn's Prodigy, Kavaero, Mind-Bitten, Necromancy, Bone Shards, Mana Drain, Mind Twist, Shallow Grave, Harvester of Misery, Preordain, Toxic Deluge, Abhorrent Oculus, Island, Island, Island, Island, Island, Emperor of Bones, Counterspell, Time Walk, Life // Death, Griselbrand, Exhume, Watery Grave","Nethergoyf, Twilight Diviner, Sheoldred's Edict, Sewer-veillance Cam, Sedgemoor Witch, Unearth, Wan Shi Tong, All-Knowing, Doomsday, Thought Scour, Celestial Colonnade, Shadowspear, Expedition Map, Pillage the Bog, Arwen, Mortal Queen, Concealing Curtains, Agatha's Soul Cauldron, Myr Battlesphere, Mystic Confluence, Blightsteel Colossus, Elspeth, Storm Slayer, Kaito, Bane of Nightmares"
"17","5","Red","R Aggro","Artifacts, Humans","12","11","17","2.39","Seasoned Pyromancer, Mana Crypt, Lotus Petal, Phlage, Titan of Fire's Fury, Forth Eorlingas!, The One Ring, Fiery Confluence, Lightning Bolt, Mana Vault, Flame Slash, Generous Plunderer, Hexing Squelcher, Tersa Lightshatter, Gau, Feral Youth, Mountain, Mountain, Mountain, Mountain, Mountain, Mountain, Mountain, Mountain, Mountain, Mountain, Mountain, Mountain, Mountain, Mountain, Plains, Legion Extruder, Voldaren Epicure, Pyrokinesis, Strip Mine, Ivora, Insatiable Heir, Broadside Bombardiers, Galvanic Discharge, Headliner Scarlett, Sunbaked Canyon, Fury, Screaming Nemesis","Witch Enchanter, Gitaxian Probe, Windswept Heath, Mole Man, Moloid Master, Lion Sash, Jacked Rabbit, Mother of Runes, Talisman of Conviction, Pentad Prism, Skycoach Conductor, Zirda, the Dawnwaker, Elite Spellbinder, Anje's Ravager, Damn, Boseiju, Who Endures, Meticulous Archive, Shorikai, Genesis Engine, Marauding Mako, Night Nurse, Healer of Heroes, Emeritus of Abundance"
"17","6","Black/Red","BR Sneak and Show","Spells","8","15","17","1.96","Fire Covenant, Raucous Theater, Mox Jet, Cut Down, Dark Confidant, Sear, Entomb, Snuff Out, Bloodtithe Harvester, Kolaghan's Command, Carnage Interpreter, Dark Ritual, Swamp, Swamp, Swamp, Swamp, Swamp, Swamp, Swamp, Swamp, Swamp, Swamp, Swamp, Blackcleave Cliffs, Gut, True Soul Zealot, Bitter Triumph, Infernal Grasp, Blazemire Verge, Moonshadow, Recurring Nightmare, Super Shredder, Animate Dead, Scalding Tarn, Deep-Cavern Bat, Orcish Bowmasters, Thoughtseize, Mox Diamond, Ziatora's Proving Ground, Bloodstained Mire, Dismember","Traumatic Critique, Iron-Shield Elf, Deathrite Shaman, Lurrus of the Dream-Den, Keen-Eyed Curator, Detective's Phoenix, Firebolt, Death-Greeter's Champion, Underground Mortuary, Securitron Squadron, Delayed Blast Fireball, Desecrex, Gift of Servitude, Chain of Smog, Anger, Goblin Bombardment, Temple Garden"
"17","7","White","W Aggro","Humans","15","8","17","2.35","Wasteland, Parallax Wave, The Wandering Emperor, Multiversal Passage, Umezawa's Jitte, Ajani, Nacatl Pariah, Horizon Canopy, Stoneforge Mystic, Mox Emerald, Inspiring Vantage, Get Lost, Karakas, Phelia, Exuberant Shepherd, Mox Pearl, Razorverge Thicket, Enduring Innocence, Sanguine Evangelist, Otharri, Suns' Glory, Voice of Victory, Flickerwisp, Guide of Souls, Ocelot Pride, Plains, Plains, Plains, Plains, Plains, Plains, Plains, Makdee and Itla, Skysnarers, Plateau, Raugrin Triome, Luminarch Aspirant, Sage of the Skies, Path to Exile, Skyclave Apparition, Solitude, Reprieve, Hallowed Fountain, Jetmir's Garden","Appa, Steadfast Guardian, Ephemerate, Wrenn and Six, Torsten, Founder of Benalia, Portable Hole, Godless Shrine, Overlord of the Mistmoors, Scrubland, Omnath, Locus of Creation, Mana Confluence, Unexpectedly Absent, Tarfire"
"17","8","Green","G Midrange Combo","Creatures","18","5","17","2.61","Prismatic Vista, Nadu, Winged Wisdom, Icetill Explorer, Sylvan Caryatid, Pest Infestation, Eternal Witness, Elvish Mystic, Ouroboroid, Nissa, Who Shakes the World, Skullclamp, Llanowar Elves, Tropical Island, Fanatic of Rhonas, Natural Order, Scythecat Cub, Forest, Forest, Forest, Forest, Forest, Forest, Forest, Forest, Forest, Forest, Forest, Forest, Forest, Forest, Questing Beast, Generous Ent, Sylvan Safekeeper, Ignoble Hierarch, Hedge Maze, Once Upon a Time, Titania, Protector of Argoth, Birds of Paradise, Tireless Tracker, Uro, Titan of Nature's Wrath, Delighted Halfling","Avacyn's Pilgrim, Everflowing Chalice, Brightglass Gearhulk, Grist, the Hunger Tide, Survival of the Fittest, Fractured Identity, Together as One, Mutagen Man, Living Ooze, Tidehollow Sculler, Ursine Monstrosity, Haywire Mite, Upheaval, Vengevine, Talisman of Curiosity, Okoye, Mighty and Adored, Thraben Inspector, Marsh Flats, Flow State, Urza, Lord High Artificer"
"18","1","Red/White","RW Aggro","Humans","15","8","17","2.35","Mox Jet, Parallax Wave, Palace Jailer, Ajani, Nacatl Pariah, Adeline, Resplendent Cathar, Inspiring Vantage, Smuggler's Copter, Mother of Runes, Containment Priest, Abandoned Air Temple, Enduring Innocence, Laelia, the Blade Reforged, Mountain, Sanguine Evangelist, Otharri, Suns' Glory, Voice of Victory, Swords to Plowshares, Guide of Souls, Loran of the Third Path, Glimmer Lens, Plains, Plains, Plains, Plains, Plains, Plains, Plains, Plains, Plains, Plains, Plains, Plains, Plateau, Sage of the Skies, Mox Sapphire, Path to Exile, Broadside Bombardiers, Serra Paragon, Reprieve, Sunbaked Canyon","Staff of the Storyteller, The Wandering Emperor, Urza's Bauble, Balance, Sevinne's Reclamation, Wrath of God, Keen-Eyed Curator, Winds of Abandon, Lion Sash, Tidehollow Sculler, Kaldra Compleat, Razorverge Thicket, Arwen, Mortal Queen, Securitron Squadron, Delayed Blast Fireball, Flickerwisp, Marauding Mako, Flow State"
"18","2","Green/Red","GR Stompy","Green/Red","15","8","17","2.91","Seasoned Pyromancer, Dragon's Rage Channeler, Chandra, Torch of Defiance, Stomping Ground, Inti, Seneschal of the Sun, Oliphaunt, Taiga, Ancient Tomb, Fear of Missing Out, Suplex, Ragavan, Nimble Pilferer, Minsc & Boo, Timeless Heroes, Fiery Confluence, Magda, Brazen Outlaw, Lightning Bolt, Vibrance, Arena of Glory, Hexdrinker, Bloodbraid Challenger, Hexing Squelcher, Tersa Lightshatter, Fireblast, Mountain, Mountain, Mountain, Mountain, Mountain, Mountain, Mountain, Mountain, Mountain, Mountain, Mountain, Boseiju, Who Endures, Strip Mine, Bonecrusher Giant, Galvanic Discharge, Headliner Scarlett, Abrade, Screaming Nemesis","Nethergoyf, Twilight Diviner, Krang, Utrom Warlord, Elvish Mystic, Carnage Interpreter, Nissa, Who Shakes the World, Aang's Iceberg, Ursine Monstrosity, Overlord of the Mistmoors, Esika's Chariot, Anje's Ravager, Town Greeter, Sentinel of the Nameless City, Desecrex, Gift of Servitude, Blazing Rootwalla, Sandstorm Salvager"
"18","3","Red/Blue","RU Artifacts","Artifacts","5","18","17","3.22","Coalition Relic, Talisman of Progress, Nettlecyst, Everflowing Chalice, Sensei's Divining Top, Multiversal Passage, Breeding Pool, Portal to Phyrexia, The One Ring, Talisman of Dominance, Black Lotus, Pinnacle Emissary, Ancestral Recall, Basalt Monolith, Talisman of Conviction, Waterlogged Grove, Upheaval, Jace, the Mind Sculptor, Kappa Cannoneer, Celestial Colonnade, Talisman of Curiosity, Expedition Map, Coveted Jewel, Forensic Gadgeteer, Mountain, Mountain, Mountain, Saheeli, Sublime Artificer, Island, Island, Island, Island, Island, Island, Island, Mishra's Workshop, Plains, Myr Battlesphere, Emry, Lurker of the Loch, Shelldock Isle","Witch Enchanter, Vivi Ornitier, Lutri, the Spellchaser, Snapcaster Mage, Erode, Flash, Quantum Riddler, Jace, Vryn's Prodigy, Territorial Kavu, Oko, Thief of Crowns, Cloak and Dagger, Entwined, Council's Judgment, Proft's Eidetic Memory, Spell Pierce, Eagles of the North, Thieving Skydiver"
"18","4","Green/Blue/White","GUW Midrange Combo","Green/Blue/White","14","9","17","3.04","Tundra, Wasteland, Misty Rainforest, Fabled Passage, Green Sun's Zenith, Icetill Explorer, Badgermole Cub, Spara's Headquarters, Wooded Foothills, Verdant Catacombs, Llanowar Elves, Tropical Island, Tamiyo, Collector of Tales, Shifting Woodland, Mox Pearl, Botanical Sanctum, Springheart Nantuko, Yavimaya, Cradle of Growth, Scythecat Cub, Noble Hierarch, Atraxa, Grand Unifier, Preordain, Forest, Forest, Forest, Forest, Questing Beast, Generous Ent, Sylvan Safekeeper, Timetwister, Hedge Maze, Time Spiral, Titania, Protector of Argoth, Channel, Bristly Bill, Spine Sower, Time Warp, Fastbond, Tireless Tracker, Vaultborn Tyrant, Hallowed Fountain","Deathrite Shaman, Torsten, Founder of Benalia, Spellseeker, Figure of Fable, Vicious Rivalry, Moonshadow, Unholy Heat, Oath of Druids, Night Nurse, Healer of Heroes"
"18","5","Black/Blue","BU Reanimator","Spells","5","18","17","2.35","Ponder, Undercity Sewers, Grief, Imperial Seal, Frantic Search, Gitaxian Probe, Sheoldred's Edict, Creeping Tar Pit, Entomb, Mana Crypt, Snuff Out, Duress, Sheoldred, the Apocalypse, Stern Scolding, Bazaar of Baghdad, Swamp, Swamp, Swamp, Swamp, Swamp, Swamp, Swamp, Swamp, Swamp, Corpse Dance, Overlord of the Balemurk, Occult Epiphany, Daze, Bitter Triumph, Miscalculation, Hymn to Tourach, Reanimate, Abhorrent Oculus, Island, Island, Scalding Tarn, Otawara, Soaring City, Griselbrand, Exhume, Watery Grave","Caustic Bronco, Together as One, Tishana's Tidebinder, Bleachbone Verge, Bloodchief's Thirst, Fallen Shinobi, Underground Mortuary, Shadowspear, Faerie Mastermind, Basking Rootwalla, Phantasmal Image, Impractical Joke, Aang, Swift Savior, Baloth Prime, Unexpectedly Absent, Memory Jar"
"18","6","Black","B Sneak and Show","Spells","11","12","17","4.30","Savai Triome, Metamorphosis Fanatic, Raucous Theater, Grist, the Hunger Tide, Iron-Shield Elf, Worldspine Wurm, Hullbreacher, Faithless Looting, Unearth, Swamp, Swamp, Swamp, Swamp, Swamp, Swamp, Crabomination, Blooming Marsh, Necromancy, Bone Shards, Barrowgoyf, Demonic Tutor, Emrakul, the Aeons Torn, Blazemire Verge, Currency Converter, Recurring Nightmare, Archon of Cruelty, Bayou, Through the Breach, Arid Mesa, Volcanic Island, Emperor of Bones, Time Walk, Damnation, Marsh Flats, Blightsteel Colossus, Dauthi Voidwalker, Ziatora's Proving Ground, Bloodstained Mire, Dismember, Zagoth Triome","Avacyn's Pilgrim, Sylvan Caryatid, Formidable Speaker, Vindicate, Witherbloom Apprentice, Cathar Commando, Skycoach Conductor, Zirda, the Dawnwaker, Ignoble Hierarch, Anger, Satyr Wayfinder"
"18","7","Black/Red/Blue","BRU Combo","Artifacts, Spells","5","18","17","1.83","Badlands, Talisman of Creativity, Thassa's Oracle, Dark Confidant, Troll of Khazad-dûm, Underworld Breach, Lotus Petal, Brainstorm, Blood Crypt, Brain Freeze, Underground Sea, Consider, Dark Ritual, Swamp, Swamp, Swamp, Swamp, Swamp, Swamp, Doomsday, Pentad Prism, Tendrils of Agony, Mind Twist, Night's Whisper, Mountain, Toxic Deluge, Island, Island, Island, Island, Island, Thundering Falls, Urborg, Tomb of Yawgmoth, Psychic Frog, Chain of Smog, Chrome Mox, Vampiric Tutor, Lion's Eye Diamond, Third Path Iconoclast, Mystical Tutor","Phyrexian Dragon Engine, Traumatic Critique, Cut Down, Sear, Sedgemoor Witch, Concealed Courtyard, The Legend of Roku, Phyrexian Metamorph, Master of Death, Sacred Foundry, Detective's Phoenix, Okoye, Mighty and Adored, Goblin Engineer, Endurance, Mind Stone, Tarfire, Kaito, Bane of Nightmares"
"18","8","Blue/White","UW Control","Artifacts, Spells","3","20","17","2.96","Displacer Kitten, Fractured Identity, Lose Focus, Grim Monolith, Tinker, Wan Shi Tong, Librarian, Prismatic Ending, Subtlety, Aether Spellbomb, Astrologian's Planisphere, Portable Hole, Lórien Revealed, Mana Drain, Thopter Foundry, Force of Will, Seachrome Coast, Force of Negation, Teferi, Time Raveler, Island, Island, Island, Island, Island, Island, Island, Island, Island, Plains, Plains, Plains, Plains, Sink into Stupor, Mana Leak, Raugrin Triome, Meticulous Archive, Mystic Confluence, Shorikai, Genesis Engine, No More Lies, Polluted Delta, Teferi, Hero of Dominaria","Karn, Scion of Urza, Ephemerate, Sewer-veillance Cam, Horizon Canopy, Malcolm, Alluring Scoundrel, Walking Ballista, Riverpyre Verge, Treasure Cruise, Wan Shi Tong, All-Knowing, Thought Scour, Damn, Jennifer Walters, Lightning Greaves, Lush Portico, Leovold, Emissary of Trest, Guardian Scalelord, Ledger Shredder, Chromatic Star"
"19","1","Black/White","BW Aristocrats","Spells, Humans","13","10","17","2.04","Prismatic Vista, Parallax Wave, Lingering Souls, Multiversal Passage, Dark Confidant, Shadowy Backstreet, Troll of Khazad-dûm, Creeping Tar Pit, Bleachbone Verge, Sheoldred, the Apocalypse, Forth Eorlingas!, Baleful Strix, Inquisition of Kozilek, Bloodchief's Thirst, Unearth, Swamp, Swamp, Swamp, Phelia, Exuberant Shepherd, Mother of Runes, Mishra's Bauble, Bitter Triumph, Containment Priest, Securitron Squadron, Voice of Victory, Guide of Souls, Plains, Plains, Plains, Plains, Plains, Arid Mesa, Plateau, Thraben Inspector, Luminarch Aspirant, Path to Exile, Orcish Bowmasters, Flooded Strand, Watery Grave, Dismember","Michelangelo, Weirdness to 11, Gitaxian Probe, Wrath of God, Winds of Abandon, Kavaero, Mind-Bitten, Occult Epiphany, Doomsday, Tendrils of Agony, Teferi, Time Raveler, Sink into Stupor, Impractical Joke, Flame of Anor, Chromatic Star"
"19","2","Blue/White","UW Control","Spells, Humans","8","15","17","2.91","The Wandering Emperor, Ephemerate, Fractured Identity, Balance, Palace Jailer, Windswept Heath, Prismatic Ending, Subtlety, Stern Scolding, Spellseeker, Get Lost, Raffine's Tower, Overlord of the Mistmoors, Celestial Colonnade, Elite Spellbinder, Mana Tithe, Seachrome Coast, Council's Judgment, Swords to Plowshares, Flickerwisp, Loran of the Third Path, Ocelot Pride, Plains, Plains, Plains, Plains, Plains, Plains, Plains, Plains, Plains, Plains, Mystic Confluence, Marsh Flats, Shorikai, Genesis Engine, Unexpectedly Absent, Reprieve, Hallowed Fountain, Teferi, Hero of Dominaria, Shelldock Isle","Appa, Steadfast Guardian, Staff of the Storyteller, Woodfall Primus, Phyrexian Metamorph, Adeline, Resplendent Cathar, Talisman of Dominance, Black Widow, Super Spy, Jacked Rabbit, Vindicate, Demonic Tutor, Moonshadow, Sage of the Skies, Lush Portico, Emeritus of Abundance, Indatha Triome"
"19","3","Red/Blue","RU Artifacts","Artifacts","3","20","17","2.17","Coalition Relic, Tezzeret, Cruel Captain, Talisman of Creativity, Steam Vents, Grim Monolith, Sewer-veillance Cam, Spara's Headquarters, Brainstorm, Mox Emerald, Aether Spellbomb, Ugin, Eye of the Storms, Wooded Foothills, Basalt Monolith, Kaldra Compleat, Palantír of Orthanc, Forensic Gadgeteer, Goblin Welder, Mountain, Mountain, Mountain, Mountain, Mountain, Retrofitter Foundry, Preordain, Island, Island, Island, Island, Island, Island, Island, Island, Island, Goblin Engineer, Mana Leak, Legion Extruder, Candelabra of Tawnos, Mind Stone, Time Walk, Mox Diamond","Phyrexian Dragon Engine, Fire Covenant, Squee, Goblin Nabob, Bolas's Citadel, Wishclaw Talisman, Arwen, Mortal Queen, Hexing Squelcher, Agatha's Soul Cauldron, Lightning Greaves, Pyrokinesis, Thundertrap Trainer, Skyclave Apparition, Baloth Prime, Time Warp, Wistfulness, Emeritus of Truce, Flow State, Sandstorm Salvager, Sunbaked Canyon"
"19","4","Green/Red","GR Stompy","Creatures","18","5","17","2.52","Wasteland, Wrenn and Six, Sylvan Caryatid, Stomping Ground, Inti, Seneschal of the Sun, Taiga, Badgermole Cub, Minsc & Boo, Timeless Heroes, Vibrance, Llanowar Elves, Hexdrinker, Sol Ring, Bloodbraid Challenger, Fanatic of Rhonas, Yavimaya, Cradle of Growth, Esika's Chariot, Scythecat Cub, Noble Hierarch, Mountain, Mountain, Forest, Forest, Forest, Forest, Forest, Forest, Forest, Forest, Questing Beast, Boseiju, Who Endures, Endurance, Ignoble Hierarch, Titania, Protector of Argoth, Six, Tireless Tracker, Thornspire Verge, Mox Ruby, Temple Garden, Headliner Scarlett, Delighted Halfling","Nadu, Winged Wisdom, Iron-Shield Elf, Suplex, Magda, Brazen Outlaw, Keen-Eyed Curator, Mutagen Man, Living Ooze, Karakas, The Wondrous Wasp, Territorial Kavu, Tear Asunder, Skullclamp, Expedition Map, Hogaak, Arisen Necropolis, Sylvan Safekeeper, Desecrex, Gift of Servitude"
"19","5","Black/Red","BR Sneak and Show","Spells","8","15","17","3.30","Savai Triome, Raucous Theater, Liliana of the Veil, Grief, Collective Brutality, Snuff Out, Duress, Faithless Looting, Kolaghan's Command, Dark Ritual, Bazaar of Baghdad, Swamp, Swamp, Swamp, Swamp, Swamp, Swamp, Swamp, Swamp, Swamp, Swamp, Swamp, Swamp, Crabomination, Bone Shards, Barrowgoyf, Etali, Primal Conqueror, Night's Whisper, Blazemire Verge, Hymn to Tourach, Harvester of Misery, Recurring Nightmare, Archon of Cruelty, Animate Dead, Through the Breach, Deep-Cavern Bat, Thoughtseize, Griselbrand, Ziatora's Proving Ground, Exhume","Brightglass Gearhulk, Sheoldred's Edict, Sedgemoor Witch, The Legend of Roku, Yawgmoth's Will, Master of Death, Cabal Ritual, Force of Vigor, Cloak and Dagger, Entwined, Godless Shrine, Shifting Woodland, Manamorphose, Town Greeter, Concealing Curtains, Burst Lightning, Super Shredder, Chain of Smog"
"19","6","Blue","U Artifacts","Artifacts, Humans","11","12","17","3.74","Nettlecyst, Displacer Kitten, Urza's Bauble, Sword of the Meek, Emeritus of Ideation, Portal to Phyrexia, Ragavan, Nimble Pilferer, The One Ring, Astrologian's Planisphere, Riverpyre Verge, Pinnacle Emissary, Triplicate Titan, Mana Vault, Mana Drain, Kappa Cannoneer, Okoye, Mighty and Adored, Currency Converter, Coveted Jewel, Island, Island, Island, Island, Island, Island, Island, Island, Forest, Plains, The Mightstone and Weakstone, Myr Battlesphere, Raugrin Triome, Timetwister, Scalding Tarn, Thundering Falls, Emry, Lurker of the Loch, Tolarian Academy, Night Nurse, Healer of Heroes, Urza, Lord High Artificer, Otawara, Soaring City, City of Traitors","Survival of the Fittest, Erode, Mole Man, Moloid Master, Figure of Fable, Arena of Glory, Aang's Iceberg, Skycoach Conductor, Zirda, the Dawnwaker, Mine Collapse, Abandoned Air Temple, Fireblast, Otharri, Suns' Glory, Omnath, Locus of Creation, Satyr Wayfinder, Tarfire"
"19","7","Black/Green/Blue","BGU Value","Spells","10","13","17","3.43","Undercity Sewers, Alpha Deathclaw, Fabled Passage, Lose Focus, Tamiyo, Inquisitive Student, Stock Up, Echo of Eons, Worldspine Wurm, Snapcaster Mage, Mana Crypt, Underground Sea, Consider, Witherbloom Apprentice, Necromancy, Tamiyo, Collector of Tales, Xander's Lounge, Underground Mortuary, Overgrown Tomb, Atraxa, Grand Unifier, Toxic Deluge, Island, Island, Island, Island, Island, Island, Forest, Forest, Generous Ent, Bayou, Show and Tell, Memory Lapse, Hedge Maze, Time Spiral, Life // Death, Psychic Frog, Batroc the Leaper, Uro, Titan of Nature's Wrath, Mystical Tutor, Zagoth Triome","Gush, Tishana's Tidebinder, Wan Shi Tong, Librarian, Eternal Witness, Orcish Lumberjack, Jace, Wielder of Mysteries, Vengevine, Talisman of Curiosity, Tersa Lightshatter, Leyline Binding, Oath of Druids, Thieving Skydiver, Kaito, Bane of Nightmares"
"19","8","Red/Blue","RU Spellslinger","Spells","12","11","17","2.04","Stormchaser's Talent, Seasoned Pyromancer, Dragon's Rage Channeler, Lutri, the Spellchaser, Fear of Missing Out, Hullbreacher, Malcolm, Alluring Scoundrel, Lightning Bolt, Cori-Steel Cutter, Quantum Riddler, Daze, Firebolt, Chain Lightning, Laelia, the Blade Reforged, Mountain, Mountain, Mountain, Mountain, Mountain, Mountain, Mountain, Mountain, Mountain, Mountain, Faerie Mastermind, Unholy Heat, Island, Island, Island, Island, Island, Proft's Eidetic Memory, Volcanic Island, Expressive Iteration, Remand, Ledger Shredder, Spirebluff Canal, Galvanic Discharge, Third Path Iconoclast, Screaming Nemesis","Avacyn's Pilgrim, Traumatic Critique, Chandra, Torch of Defiance, Sensei's Divining Top, Frantic Search, Sacred Foundry, Blackcleave Cliffs, Gut, True Soul Zealot, Cathar Commando, Death-Greeter's Champion, Enduring Innocence, Gau, Feral Youth, Elegant Parlor, Aang, Swift Savior, Voldaren Epicure, Once Upon a Time, Mana Confluence, Channel, Ivora, Insatiable Heir, Goblin Bombardment"
"20","1","Black/Red","BR Sneak and Show","Spells","11","12","17","2.52","Seasoned Pyromancer, Fire Covenant, Raucous Theater, Dragon's Rage Channeler, Fabled Passage, Grief, Badlands, Fatal Push, Fear of Missing Out, Snuff Out, Duress, Sheoldred, the Apocalypse, Ragavan, Nimble Pilferer, Faithless Looting, Bloodtithe Harvester, Kolaghan's Command, Carnage Interpreter, Black Lotus, Swamp, Swamp, Swamp, Swamp, Swamp, Swamp, Blackcleave Cliffs, Bitter Triumph, Chain Lightning, Infernal Grasp, Blazemire Verge, Tersa Lightshatter, Mountain, Mountain, Mountain, Mountain, Mountain, Mountain, Fable of the Mirror-Breaker, Ivora, Insatiable Heir, Sneak Attack, Griselbrand","Chandra, Torch of Defiance, Cut Down, Soul-Guide Lantern, Iron-Shield Elf, Master of Death, Detective's Phoenix, Corpse Dance, Bloodbraid Challenger, Zirda, the Dawnwaker, Mine Collapse, Flame Slash, Fireblast, Super Shredder, Life // Death, Spirebluff Canal, Serra Paragon, Screaming Nemesis"
"20","2","Blue/White","UW Control","Spells","9","14","17","3.09","The Wandering Emperor, Fractured Identity, Stock Up, Snapcaster Mage, Stoneforge Mystic, Winds of Abandon, Get Lost, Phelia, Exuberant Shepherd, Celestial Colonnade, Abandoned Air Temple, Council's Judgment, Teferi, Time Raveler, Swords to Plowshares, Island, Island, Island, Island, Loran of the Third Path, Memory Lapse, Plains, Plains, Plains, Plains, Plains, Plains, Plains, Plains, Plains, Plains, Sink into Stupor, Arid Mesa, Mana Leak, Brazen Borrower, Aang, Swift Savior, Skyclave Apparition, Solitude, Eagles of the North, Reprieve, Elspeth, Storm Slayer, Sunfall","Green Sun's Zenith, Bleachbone Verge, Prismatic Ending, Malcolm, Alluring Scoundrel, Crabomination, Aang's Iceberg, Overlord of the Balemurk, Wan Shi Tong, All-Knowing, Occult Epiphany, Cathar Commando, Okoye, Mighty and Adored, Mana Tithe, Enduring Innocence, Flickerwisp, Proft's Eidetic Memory, Thraben Inspector, Sage of the Skies, Galvanic Discharge, Temple Garden"
"20","3","Black/Red/Blue","BRU Combo","Artifacts, Spells","3","20","17","2.26","Coalition Relic, Vivi Ornitier, Sensei's Divining Top, Talisman of Creativity, Gush, Underworld Breach, Hullbreacher, Yawgmoth's Will, Brainstorm, Baleful Strix, Stern Scolding, Cori-Steel Cutter, Talisman of Dominance, Consider, Riverpyre Verge, Swamp, Swamp, Swamp, Swamp, Swamp, Swamp, Cabal Ritual, Ketria Triome, Daze, Doomsday, Tendrils of Agony, Night's Whisper, Wishclaw Talisman, Xander's Lounge, Mountain, Toxic Deluge, Island, Island, Island, Island, Volcanic Island, Scalding Tarn, Chrome Mox, Flame of Anor, Watery Grave","Michelangelo, Weirdness to 11, Dark Confidant, Collective Brutality, Together as One, Badgermole Cub, Concealed Courtyard, The Wondrous Wasp, Force of Vigor, Loot, the Pathfinder, Gau, Feral Youth, Moonshadow, Endurance, Mind Stone, Marauding Mako, Tarfire, Abrade"
"20","4","Red/Blue/White","RUW Combo Control","Spells, Humans","12","11","17","2.52","Stormchaser's Talent, Ponder, Misty Rainforest, Lutri, the Spellchaser, Steam Vents, Suplex, Phlage, Titan of Fire's Fury, Forth Eorlingas!, Fiery Confluence, Magda, Brazen Outlaw, Inspiring Vantage, Sacred Foundry, Spellseeker, Ancestral Recall, Jace, Vryn's Prodigy, Treasure Cruise, Death-Greeter's Champion, Thought Scour, Miscalculation, Dack Fayden, Mountain, Mountain, Mountain, Faerie Mastermind, Otharri, Suns' Glory, Voice of Victory, Abhorrent Oculus, Island, Island, Island, Island, Island, Island, Plateau, Meticulous Archive, Thundertrap Trainer, Thundering Falls, Bonecrusher Giant, Otawara, Soaring City, Mox Diamond","Adeline, Resplendent Cathar, Pentad Prism, Palantír of Orthanc, Overlord of the Mistmoors, Shadowspear, Emrakul, the Aeons Torn, Town Greeter, Sentinel of the Nameless City, Sanguine Evangelist, Glimmer Lens, Lightning Greaves, Luminarch Aspirant, Figure of Destiny, Blazing Rootwalla"
"20","5","Blue","U Artifacts","Artifacts","7","16","17","4.17","Nettlecyst, Karn, Scion of Urza, Emeritus of Ideation, Mana Crypt, Krang, Utrom Warlord, Spara's Headquarters, Phyrexian Metamorph, Manifold Key, Ugin, Eye of the Storms, Basalt Monolith, Waterlogged Grove, Kaldra Compleat, Tropical Island, Upheaval, Kappa Cannoneer, Botanical Sanctum, Talisman of Curiosity, Esika's Chariot, Expedition Map, Currency Converter, Coveted Jewel, Forensic Gadgeteer, Retrofitter Foundry, Saheeli, Sublime Artificer, Island, Island, Island, Island, Island, Island, Island, Island, Island, Island, Island, Commercial District, The Mightstone and Weakstone, Hedge Maze, Emry, Lurker of the Loch, Blightsteel Colossus","Brightglass Gearhulk, Elvish Mystic, Lion Sash, Ouroboroid, Formidable Speaker, Hexdrinker, Haywire Mite, Gaea's Cradle, Melded Moxite, Razorverge Thicket, Delayed Blast Fireball, Makdee and Itla, Skysnarers, Boseiju, Who Endures, Omnath, Locus of Creation, Bristly Bill, Spine Sower, Thieving Skydiver"
"20","6","Black/Blue/White","BUW Artifacts","Artifacts","5","18","17","2.65","Zuran Orb, Wasteland, Displacer Kitten, Everflowing Chalice, Imperial Seal, Multiversal Passage, Balance, Shadowy Backstreet, Grim Monolith, Ancient Tomb, Horizon Canopy, Bolas's Citadel, Erode, Portal to Phyrexia, Lotus Petal, Flash, Triplicate Titan, Portable Hole, Mishra's Bauble, Blooming Marsh, Talisman of Conviction, Raffine's Tower, Mana Vault, Thopter Foundry, Securitron Squadron, Elegant Parlor, Island, Island, Island, Mishra's Workshop, Plains, Plains, Scrubland, Starting Town, Urza, Lord High Artificer, Vaultborn Tyrant, Memory Jar, Mox Ruby, Zagoth Triome, Chromatic Star","Phyrexian Dragon Engine, Witch Enchanter, Survival of the Fittest, Umezawa's Jitte, The Legend of Roku, Torsten, Founder of Benalia, Vicious Rivalry, Sylvan Safekeeper, Desecrex, Gift of Servitude, Broadside Bombardiers"
"20","7","Black/Green/Blue","BGU Value","Spells, Wizards","10","13","17","2.48","Nethergoyf, Mox Jet, Undercity Sewers, Nadu, Winged Wisdom, Frantic Search, Thassa's Oracle, Tamiyo, Inquisitive Student, Sheoldred's Edict, Tishana's Tidebinder, Subtlety, Inquisition of Kozilek, Fallen Shinobi, Swamp, Swamp, Swamp, Swamp, Swamp, Lórien Revealed, Pillage the Bog, Darkslick Shores, Concealing Curtains, Island, Island, Island, Island, Island, Island, Forest, Animate Dead, Timetwister, Time Spiral, Spell Pierce, Remand, Urborg, Tomb of Yawgmoth, Psychic Frog, Deep-Cavern Bat, Chain of Smog, Flooded Strand, Shelldock Isle, Kaito, Bane of Nightmares","Tinker, Eternal Witness, Keen-Eyed Curator, Nissa, Who Shakes the World, Witherbloom Apprentice, Skycoach Conductor, Elite Spellbinder, Noble Hierarch, Harvester of Misery, Damn, Basking Rootwalla, Relic of Sauron, Mana Confluence, Channel, Damnation, Six, Wistfulness"
"20","8","Black/Green/Red","BGR Midrange","Creatures","19","4","17","2.65","Savai Triome, Alpha Deathclaw, Wrenn and Six, Icetill Explorer, Sylvan Caryatid, Stomping Ground, Taiga, Deathrite Shaman, Vibrance, Territorial Kavu, Oko, Thief of Crowns, Gut, True Soul Zealot, Tear Asunder, Arena of Glory, Wooded Foothills, Verdant Catacombs, Barrowgoyf, Mind Twist, Fanatic of Rhonas, Pyrogoyf, Yavimaya, Cradle of Growth, Scythecat Cub, Overgrown Tomb, Copperline Gorge, Forest, Forest, Questing Beast, Wastewood Verge, Strip Mine, Birds of Paradise, Marsh Flats, Baloth Prime, Tireless Tracker, Orcish Bowmasters, Satyr Wayfinder, Batroc the Leaper, Jetmir's Garden, Ziatora's Proving Ground, Delighted Halfling, Bloodstained Mire","Karakas, Savannah, Generous Plunderer, Shallow Grave, Hymn to Tourach, Lush Portico, Anger"
"21","1","Black/Red/Blue","BRU Artifacts","Artifacts","3","20","17","2.48","Talisman of Progress, Raucous Theater, Karn, Scion of Urza, Everflowing Chalice, Sensei's Divining Top, Talisman of Creativity, Sword of the Meek, Grim Monolith, Mana Crypt, Phyrexian Metamorph, Manifold Key, Talisman of Dominance, Pinnacle Emissary, Swamp, Blackcleave Cliffs, Ugin, Eye of the Storms, Basalt Monolith, Upheaval, Thopter Foundry, Mountain, Mountain, Saheeli, Sublime Artificer, Island, Island, Island, Island, Island, Island, Island, Island, Island, Relic of Sauron, Plains, The Mightstone and Weakstone, Candelabra of Tawnos, Emry, Lurker of the Loch, Tolarian Academy, Mox Opal, Polluted Delta, Mox Diamond","Coalition Relic, Sear, Krang, Utrom Warlord, Astrologian's Planisphere, Portable Hole, Pentad Prism, Kaldra Compleat, Mine Collapse, Underground Mortuary, Talisman of Curiosity, Expedition Map, Arwen, Mortal Queen, Currency Converter, Goblin Welder, Toxic Deluge, Agatha's Soul Cauldron, Counterspell, Voldaren Epicure"
"21","2","Green/Blue/White","GUW Midrange Combo","Creatures","16","7","17","3.65","Prismatic Vista, Green Sun's Zenith, Nadu, Winged Wisdom, Sylvan Caryatid, Multiversal Passage, Pest Infestation, Worldspine Wurm, Badgermole Cub, Snapcaster Mage, Eternal Witness, Torsten, Founder of Benalia, Force of Vigor, Oko, Thief of Crowns, Blooming Marsh, Waterlogged Grove, Tropical Island, Gaea's Cradle, Natural Order, Okoye, Mighty and Adored, Atraxa, Grand Unifier, Forest, Forest, Forest, Forest, Forest, Forest, Generous Ent, Plains, Endurance, Hedge Maze, Titania, Protector of Argoth, Channel, Birds of Paradise, Bristly Bill, Spine Sower, Mox Sapphire, Baloth Prime, Vaultborn Tyrant, Flooded Strand, Shelldock Isle, Zagoth Triome","Fire Covenant, Michelangelo, Weirdness to 11, Sheoldred's Edict, Yawgmoth's Will, Inspiring Vantage, Walking Ballista, Palantír of Orthanc, Coveted Jewel, Omnath, Locus of Creation, Mana Confluence, Life // Death, Eagles of the North"
"21","3","Black/White","BW Aristocrats","Black/White","14","9","17","2.43","Mox Jet, Liliana of the Veil, Grief, Fatal Push, Umezawa's Jitte, Dark Confidant, Ajani, Nacatl Pariah, Bleachbone Verge, Concealed Courtyard, Snuff Out, Adeline, Resplendent Cathar, Lurrus of the Dream-Den, Giver of Runes, Lion Sash, Swamp, Swamp, Swamp, Jacked Rabbit, Phelia, Exuberant Shepherd, Vindicate, Verdant Catacombs, Overlord of the Mistmoors, Elite Spellbinder, Swords to Plowshares, Flickerwisp, Glimmer Lens, Plains, Plains, Plains, Plains, Plains, Plains, Plains, Plains, Scrubland, Emperor of Bones, Strip Mine, Skyclave Apparition, Indatha Triome, Thoughtseize","Appa, Steadfast Guardian, Nettlecyst, Avacyn's Pilgrim, Ephemerate, Sevinne's Reclamation, Iron-Shield Elf, Troll of Khazad-dûm, Baleful Strix, Black Widow, Super Spy, Crabomination, Mishra's Bauble, Talisman of Conviction, Savannah, Night's Whisper, Desecrex, Gift of Servitude, Figure of Destiny"
"21","4","Blue/White","UW Control","Spells, Humans","6","17","17","2.22","Ponder, Tundra, Fabled Passage, Balance, Palace Jailer, Library of Alexandria, Tishana's Tidebinder, Prismatic Ending, Brainstorm, Stern Scolding, Brain Freeze, Jace, Vryn's Prodigy, Mana Drain, Mox Pearl, Celestial Colonnade, Containment Priest, Mana Tithe, Force of Will, Island, Island, Island, Island, Island, Island, Loran of the Third Path, Plains, Plains, Plains, Plains, Plains, Time Spiral, Meticulous Archive, Spell Pierce, Path to Exile, Marsh Flats, Urza, Lord High Artificer, Unexpectedly Absent, No More Lies, Lion's Eye Diamond, Sunfall","Witch Enchanter, Entomb, Kolaghan's Command, Mother of Runes, Aang's Iceberg, Wan Shi Tong, All-Knowing, Bone Shards, Hexing Squelcher, Abhorrent Oculus, Luminarch Aspirant, Emeritus of Abundance, Blightsteel Colossus, Uro, Titan of Nature's Wrath, Third Path Iconoclast, Exhume, Chromatic Star"
"21","5","Red/Blue","RU Spellslinger","Spells","6","17","17","2.48","Stormchaser's Talent, Seasoned Pyromancer, Wasteland, Dragon's Rage Channeler, Gitaxian Probe, Ragavan, Nimble Pilferer, Cori-Steel Cutter, Riverpyre Verge, Gut, True Soul Zealot, Arena of Glory, Skullclamp, Ketria Triome, Jace, the Mind Sculptor, Chain Lightning, Dack Fayden, Mountain, Mountain, Mountain, Mountain, Mountain, Mountain, Mountain, Mountain, Mountain, Wheel of Fortune, Island, Island, Island, Island, Memory Lapse, Expressive Iteration, Timetwister, Mystic Confluence, Pyrokinesis, Broadside Bombardiers, Flame of Anor, Galvanic Discharge, Tarfire, Abrade, Fury","Twilight Diviner, Icetill Explorer, Badlands, Urza's Bauble, Oliphaunt, Flash, Aether Spellbomb, Etali, Primal Conqueror, Tamiyo, Collector of Tales, Skycoach Conductor, Thought Scour, Sink into Stupor, Phantasmal Image, Through the Breach, Legion Extruder, Marauding Mako, Anger, Goblin Bombardment"
"21","6","Black/Blue","BU Tempo","Spells","9","14","17","2.61","Caustic Bronco, Tamiyo, Inquisitive Student, Collective Brutality, Creeping Tar Pit, Sedgemoor Witch, Wan Shi Tong, Librarian, Sheoldred, the Apocalypse, Consider, Unearth, Fallen Shinobi, Ancestral Recall, Swamp, Swamp, Swamp, Swamp, Swamp, Swamp, Swamp, Treasure Cruise, Lórien Revealed, Occult Epiphany, Daze, Doomsday, Xander's Lounge, Hymn to Tourach, Darkslick Shores, Moonshadow, Force of Negation, Island, Island, Island, Island, Island, Proft's Eidetic Memory, Scalding Tarn, Psychic Frog, Dauthi Voidwalker, Kaito, Bane of Nightmares, Bloodstained Mire, Dismember","Metamorphosis Fanatic, Imperial Seal, Master of Death, Bloodtithe Harvester, Blood Crypt, Spellseeker, Tidehollow Sculler, Corpse Dance, Cabal Ritual, Overlord of the Balemurk, Blazemire Verge, Harvester of Misery, Recurring Nightmare, Makdee and Itla, Skysnarers, Damnation, Leovold, Emissary of Trest, Wistfulness"
"21","7","Red/Blue/White","RUW Combo Control","Red/Blue/White","10","13","17","2.83","Savai Triome, Staff of the Storyteller, The Wandering Emperor, Fractured Identity, Lutri, the Spellchaser, Lose Focus, Windswept Heath, Erode, Hullbreacher, Spara's Headquarters, Phlage, Titan of Fire's Fury, Stoneforge Mystic, Sacred Foundry, Winds of Abandon, Karakas, Wooded Foothills, Flame Slash, Abandoned Air Temple, Elegant Parlor, Mountain, Mountain, Retrofitter Foundry, Otharri, Suns' Glory, Island, Leyline Binding, Ocelot Pride, Plains, Arid Mesa, Mana Leak, Volcanic Island, Plateau, Brazen Borrower, Thraben Inspector, Starting Town, Thundertrap Trainer, Shorikai, Genesis Engine, Batroc the Leaper, Hallowed Fountain, Teferi, Hero of Dominaria, Elspeth, Storm Slayer","Traumatic Critique, Horizon Canopy, Tear Asunder, Lavaspur Boots, Shifting Woodland, Enduring Innocence, Delayed Blast Fireball, Lush Portico, Flow State"
"21","8","Green/Red","GR Midrange","Creatures","16","7","17","2.35","Survival of the Fittest, Chandra, Torch of Defiance, Stomping Ground, Taiga, Orcish Lumberjack, Minsc & Boo, Timeless Heroes, Magda, Brazen Outlaw, Lightning Bolt, Detective's Phoenix, Formidable Speaker, Vengevine, Anje's Ravager, Overgrown Tomb, Tersa Lightshatter, Gau, Feral Youth, Copperline Gorge, Mountain, Mountain, Mountain, Mountain, Mountain, Mountain, Mountain, Mountain, Basking Rootwalla, Commercial District, Questing Beast, Bayou, Fable of the Mirror-Breaker, Ignoble Hierarch, Once Upon a Time, Blazing Rootwalla, Ivora, Insatiable Heir, Thornspire Verge, Mox Ruby, City of Traitors, Headliner Scarlett, Ziatora's Proving Ground, Delighted Halfling, Screaming Nemesis","Phyrexian Dragon Engine, Alpha Deathclaw, Squee, Goblin Nabob, Faithless Looting, The Wondrous Wasp, Haywire Mite, Zirda, the Dawnwaker, Manamorphose, Shallow Grave, Fireblast, Sentinel of the Nameless City, Goblin Engineer, Six"
"22","1","Blue","U Artifacts","Artifacts","6","17","17","3.57","Talisman of Progress, Prismatic Vista, Sensei's Divining Top, Tinker, Bleachbone Verge, Portal to Phyrexia, Phyrexian Metamorph, Manifold Key, Walking Ballista, Ugin, Eye of the Storms, Basalt Monolith, Upheaval, Kappa Cannoneer, Thopter Foundry, Force of Will, Forensic Gadgeteer, Mountain, Saheeli, Sublime Artificer, Force of Negation, Island, Island, Island, Island, Island, Island, Island, Island, Island, Island, Island, Island, Plains, The Mightstone and Weakstone, Myr Battlesphere, Candelabra of Tawnos, Time Spiral, Tolarian Academy, Mox Opal, Urza, Lord High Artificer, Chromatic Star","Coalition Relic, Phyrexian Dragon Engine, Displacer Kitten, Cut Down, Soul-Guide Lantern, Lion Sash, Portable Hole, Force of Vigor, Aang's Iceberg, Lórien Revealed, Blooming Marsh, Vicious Rivalry, Infernal Grasp, Glimmer Lens, Agatha's Soul Cauldron, Thraben Inspector, Night Nurse, Healer of Heroes, Thieving Skydiver, Exhume"
"22","2","Black/Green/Red/Blue","BGRU Sneak and Show","Black/Green/Red/Blue","11","12","17","5.22","Undercity Sewers, Troll of Khazad-dûm, Collective Brutality, Ancient Tomb, Worldspine Wurm, Entomb, Woodfall Primus, Baleful Strix, Mox Emerald, Torsten, Founder of Benalia, Flash, Swamp, Swamp, Swamp, Swamp, Corpse Dance, Bitter Triumph, Xander's Lounge, Emrakul, the Aeons Torn, Dack Fayden, Darkslick Shores, Archon of Cruelty, Atraxa, Grand Unifier, Forest, Forest, Forest, Forest, Forest, Plains, Animate Dead, Through the Breach, Oath of Druids, Life // Death, Marsh Flats, Sneak Attack, Blightsteel Colossus, Vaultborn Tyrant, Otawara, Soaring City, Polluted Delta, Griselbrand","Survival of the Fittest, Talisman of Creativity, Iron-Shield Elf, Sear, Echo of Eons, Overlord of the Balemurk, Barrowgoyf, Harvester of Misery, Narset, Parter of Veils, Leyline Binding, Sylvan Safekeeper, Mind Stone, Channel, Marauding Mako, Sandstorm Salvager"
"22","3","Black/Red/Blue","BRU Combo","Artifacts, Spells","3","20","17","2.26","Savai Triome, Imperial Seal, Frantic Search, Thassa's Oracle, Sheoldred's Edict, Underworld Breach, Yawgmoth's Will, The One Ring, Blood Crypt, Brain Freeze, Urza's Saga, Dark Ritual, Swamp, Swamp, Swamp, Swamp, Swamp, Swamp, Swamp, Swamp, Treasure Cruise, Mishra's Bauble, Pentad Prism, Tendrils of Agony, Wishclaw Talisman, Demonic Tutor, Manamorphose, Wheel of Fortune, Island, Island, Island, Commercial District, Mana Confluence, Fastbond, Orcish Bowmasters, Batroc the Leaper, Lion's Eye Diamond, Mystical Tutor, Watery Grave, Dismember","Twilight Diviner, Lingering Souls, Liliana of the Veil, Sevinne's Reclamation, Sewer-veillance Cam, Sedgemoor Witch, Erode, Necromancy, Godless Shrine, Vengevine, Pillage the Bog, Hogaak, Arisen Necropolis, Concealing Curtains, Super Shredder, Scrubland, Satyr Wayfinder"
"22","4","Red/Blue","RU Spellslinger","Spells","11","12","17","1.96","Seasoned Pyromancer, Vivi Ornitier, Dragon's Rage Channeler, Steam Vents, Fear of Missing Out, Hullbreacher, Ragavan, Nimble Pilferer, Malcolm, Alluring Scoundrel, Stern Scolding, Fiery Confluence, Lightning Bolt, Consider, Astrologian's Planisphere, Riverpyre Verge, Mana Drain, Thought Scour, Flame Slash, Miscalculation, Mountain, Mountain, Mountain, Mountain, Mountain, Mountain, Mountain, Faerie Mastermind, Island, Island, Island, Island, Island, Fable of the Mirror-Breaker, Volcanic Island, Scalding Tarn, Thundering Falls, Ledger Shredder, Galvanic Discharge, Third Path Iconoclast, Abrade, Screaming Nemesis","Fire Covenant, Appa, Steadfast Guardian, Traumatic Critique, Everflowing Chalice, Ephemerate, Wrenn and Six, Oliphaunt, Together as One, Windswept Heath, The Legend of Roku, Carnage Interpreter, Vibrance, Tear Asunder, Death-Greeter's Champion, Anje's Ravager, Anger, Goblin Bombardment"
"22","5","Blue/White","UW Control","Spells","6","17","17","2.87","Witch Enchanter, The Wandering Emperor, Fractured Identity, Library of Alexandria, Wan Shi Tong, Librarian, Snapcaster Mage, Prismatic Ending, Spara's Headquarters, Brainstorm, Quantum Riddler, Wan Shi Tong, All-Knowing, Occult Epiphany, Raffine's Tower, Daze, Jace, the Mind Sculptor, Celestial Colonnade, Mana Tithe, Abandoned Air Temple, Seachrome Coast, Council's Judgment, Island, Island, Island, Island, Island, Island, Proft's Eidetic Memory, Plains, Sink into Stupor, Arid Mesa, Mana Leak, Raugrin Triome, Timetwister, Aang, Swift Savior, Path to Exile, No More Lies, Hallowed Fountain, Teferi, Hero of Dominaria, Flooded Strand, Sunfall","Zuran Orb, Umezawa's Jitte, Krang, Utrom Warlord, Orcish Lumberjack, Pinnacle Emissary, Melded Moxite, Razorverge Thicket, Fireblast, Omnath, Locus of Creation, Lush Portico, Emeritus of Abundance, Kaito, Bane of Nightmares"
"22","6","Green/Blue","GU Midrange Combo","Creatures","16","7","17","2.78","Misty Rainforest, Green Sun's Zenith, Icetill Explorer, Tamiyo, Inquisitive Student, Breeding Pool, Tishana's Tidebinder, Badgermole Cub, Subtlety, Elvish Mystic, Spellseeker, Ouroboroid, Jace, Vryn's Prodigy, Formidable Speaker, Tamiyo, Collector of Tales, Fanatic of Rhonas, Shifting Woodland, Gaea's Cradle, Botanical Sanctum, Springheart Nantuko, Yavimaya, Cradle of Growth, Scythecat Cub, Preordain, Island, Island, Island, Forest, Forest, Forest, Forest, Forest, Forest, Generous Ent, Memory Lapse, Counterspell, Mystic Confluence, Once Upon a Time, Wistfulness, Tireless Tracker, Shelldock Isle, Zagoth Triome","Avacyn's Pilgrim, Gush, Michelangelo, Weirdness to 11, Gitaxian Probe, Emeritus of Ideation, Creeping Tar Pit, Keen-Eyed Curator, Mutagen Man, Living Ooze, Lavaspur Boots, Ursine Monstrosity, Loot, the Pathfinder, Wastewood Verge, Jennifer Walters, Thornspire Verge"
"22","7","Black/Green/Blue","BGU Value","Spells","11","12","17","1.43","Ponder, Nadu, Winged Wisdom, Fatal Push, Caustic Bronco, Pest Infestation, Deathrite Shaman, Duress, Inquisition of Kozilek, Underground Sea, Unearth, Fallen Shinobi, Swamp, Swamp, Swamp, Swamp, Swamp, Swamp, Swamp, Verdant Catacombs, Witherbloom Apprentice, Hexdrinker, Mana Vault, Tropical Island, Mind Twist, Overgrown Tomb, Reanimate, Island, Island, Forest, Forest, Bayou, Boseiju, Who Endures, Ignoble Hierarch, Emperor of Bones, Mox Sapphire, Remand, Psychic Frog, Chrome Mox, Dauthi Voidwalker, Delighted Halfling","Parallax Wave, Brightglass Gearhulk, Horizon Canopy, Eternal Witness, Lotus Petal, Territorial Kavu, Bone Shards, Doomsday, Securitron Squadron, Sentinel of the Nameless City, Questing Beast, Endurance, Luminarch Aspirant, Titania, Protector of Argoth, Baloth Prime, Emeritus of Truce"
"22","8","Red/White","RW Aggro","Creatures","17","6","17","2.17","Raucous Theater, Mox Jet, Chandra, Torch of Defiance, Shadowy Backstreet, Ajani, Nacatl Pariah, Mana Crypt, Phlage, Titan of Fire's Fury, Stoneforge Mystic, Inspiring Vantage, Sacred Foundry, Black Lotus, Jacked Rabbit, Mother of Runes, Cathar Commando, Chain Lightning, Laelia, the Blade Reforged, Mountain, Mountain, Mountain, Mountain, Sanguine Evangelist, Voice of Victory, Loran of the Third Path, Ocelot Pride, Plains, Plains, Plains, Plains, Plains, Plains, Plateau, Figure of Destiny, Strip Mine, Ivora, Insatiable Heir, Solitude, Broadside Bombardiers, Oust, Headliner Scarlett, Sunbaked Canyon, Fury","Master of Death, Bloodtithe Harvester, Tidehollow Sculler, The Wondrous Wasp, Figure of Fable, Haywire Mite, Hexing Squelcher, Delayed Blast Fireball, Copperline Gorge, Unholy Heat, Voldaren Epicure, Blazing Rootwalla, Damnation, Eagles of the North, Serra Paragon"
"23","1","Black/Red/Blue","BRU Combo","Artifacts, Spells","3","20","17","2.74","Savai Triome, Fabled Passage, Talisman of Creativity, Stomping Ground, Frantic Search, Multiversal Passage, Underworld Breach, Bolas's Citadel, Mana Crypt, Yawgmoth's Will, Mole Man, Moloid Master, Underground Sea, Talisman of Dominance, Jace, Wielder of Mysteries, Dark Ritual, Swamp, Swamp, Swamp, The Wondrous Wasp, Cabal Ritual, Cloak and Dagger, Entwined, Lórien Revealed, Manamorphose, Miscalculation, Mountain, Saheeli, Sublime Artificer, Island, Island, Island, Island, Island, Arid Mesa, Volcanic Island, Expressive Iteration, Candelabra of Tawnos, Timetwister, Time Spiral, Tolarian Academy, Memory Jar, Vampiric Tutor","Twilight Diviner, Michelangelo, Weirdness to 11, Bloodchief's Thirst, Ursine Monstrosity, Overlord of the Balemurk, Wan Shi Tong, All-Knowing, Talisman of Conviction, Melded Moxite, Arwen, Mortal Queen, Goblin Welder, Super Shredder, Legion Extruder, Damnation, Emeritus of Abundance"
"23","2","Blue/White","UW Control","Spells, Humans","8","15","17","2.83","Wasteland, The Wandering Emperor, Fractured Identity, Palace Jailer, Lose Focus, Snapcaster Mage, Prismatic Ending, Winds of Abandon, Consider, Quantum Riddler, Portable Hole, Cathar Commando, Elite Spellbinder, Teferi, Time Raveler, Island, Island, Island, Island, Plains, Plains, Plains, Plains, Plains, Plains, Plains, Plains, Plains, Plains, Plains, Mana Leak, Thraben Inspector, Aang, Swift Savior, Remand, Solitude, Shorikai, Genesis Engine, Otawara, Soaring City, Oust, Reprieve, Teferi, Hero of Dominaria, Sunfall","Lingering Souls, Squee, Goblin Nabob, Thassa's Oracle, Erode, Phyrexian Metamorph, Manifold Key, Torsten, Founder of Benalia, Treasure Cruise, Witherbloom Apprentice, Talisman of Curiosity, Forensic Gadgeteer, Copperline Gorge, Generous Ent, Night Nurse, Healer of Heroes, Emeritus of Truce, Ledger Shredder, Sandstorm Salvager, Lion's Eye Diamond, Mox Diamond, Jetmir's Garden"
"23","3","Blue","U Artifacts","Artifacts","5","18","17","3.78","Talisman of Progress, Karn, Scion of Urza, Displacer Kitten, Everflowing Chalice, Tezzeret, Cruel Captain, Grim Monolith, Windswept Heath, Portal to Phyrexia, Spara's Headquarters, Lotus Petal, Astrologian's Planisphere, Black Lotus, Swamp, Swamp, Swamp, Triplicate Titan, Ugin, Eye of the Storms, Basalt Monolith, Godless Shrine, Upheaval, Thopter Foundry, Expedition Map, Currency Converter, Coveted Jewel, Mountain, Mountain, Island, Island, Island, Island, Island, Island, Island, Relic of Sauron, Mishra's Workshop, Myr Battlesphere, Meticulous Archive, Emry, Lurker of the Loch, Mox Opal, Blightsteel Colossus","Wrenn and Six, Soul-Guide Lantern, Orcish Lumberjack, Tidehollow Sculler, Lavaspur Boots, Aang's Iceberg, Skullclamp, Occult Epiphany, Kaldra Compleat, Abandoned Air Temple, Overgrown Tomb, Commercial District, Impractical Joke, Hedge Maze, Titania, Protector of Argoth, Guardian Scalelord, Unexpectedly Absent"
"23","4","Red/Blue","RU Spellslinger","Spells","11","12","17","2.52","Prismatic Vista, Vivi Ornitier, Lutri, the Spellchaser, Steam Vents, Oliphaunt, Tishana's Tidebinder, The Legend of Roku, Fiery Confluence, Cori-Steel Cutter, Sol Ring, Ketria Triome, Mox Pearl, Chain Lightning, Flame Slash, Delayed Blast Fireball, Mountain, Mountain, Mountain, Mountain, Mountain, Mountain, Mountain, Mountain, Mountain, Mountain, Mountain, Faerie Mastermind, Unholy Heat, Island, Island, Brazen Borrower, Thundering Falls, Bonecrusher Giant, Ivora, Insatiable Heir, Time Warp, Broadside Bombardiers, Marauding Mako, Batroc the Leaper, Flame of Anor, Abrade","Coalition Relic, Phyrexian Dragon Engine, Traumatic Critique, Undercity Sewers, Grist, the Hunger Tide, Blood Crypt, Kolaghan's Command, Barrowgoyf, Containment Priest, Shadowspear, Anje's Ravager, Vicious Rivalry, Harvester of Misery, Retrofitter Foundry, Leyline Binding, Boseiju, Who Endures, Ziatora's Proving Ground, Kaito, Bane of Nightmares"
"23","5","Green/Blue","GU Midrange Combo","Creatures","19","4","17","2.35","Misty Rainforest, Green Sun's Zenith, Nadu, Winged Wisdom, Icetill Explorer, Sylvan Caryatid, Breeding Pool, Badgermole Cub, The One Ring, Elvish Mystic, Ouroboroid, Ancestral Recall, Oko, Thief of Crowns, Verdant Catacombs, Llanowar Elves, Hexdrinker, Tropical Island, Fanatic of Rhonas, Gaea's Cradle, Scythecat Cub, Noble Hierarch, Sentinel of the Nameless City, Island, Forest, Forest, Forest, Forest, Forest, Forest, Forest, Forest, Forest, Forest, Questing Beast, Birds of Paradise, Bristly Bill, Spine Sower, Lush Portico, Six, Wistfulness, Tireless Tracker, Delighted Halfling","Alpha Deathclaw, Survival of the Fittest, Deathrite Shaman, Paradoxical Outcome, Keen-Eyed Curator, Walking Ballista, Haywire Mite, Skycoach Conductor, Esika's Chariot, Town Greeter, Basking Rootwalla, Memory Lapse, Omnath, Locus of Creation, Baloth Prime, Flow State, Vaultborn Tyrant"
"23","6","Black/Red","BR Sneak and Show","Spells","7","16","17","2.78","Seasoned Pyromancer, Raucous Theater, Liliana of the Veil, Grief, Badlands, Fatal Push, Sheoldred's Edict, Troll of Khazad-dûm, Collective Brutality, Snuff Out, Sheoldred, the Apocalypse, Carnage Interpreter, Swamp, Swamp, Swamp, Swamp, Swamp, Swamp, Swamp, Swamp, Swamp, Wooded Foothills, Blooming Marsh, Necromancy, Bone Shards, Mind Twist, Demonic Tutor, Underground Mortuary, Infernal Grasp, Blazemire Verge, Hymn to Tourach, Archon of Cruelty, Bayou, Animate Dead, Emperor of Bones, Life // Death, Sneak Attack, Indatha Triome, Mox Ruby, Exhume","Ephemerate, Dark Confidant, Shadowy Backstreet, Krang, Utrom Warlord, Forth Eorlingas!, Lurrus of the Dream-Den, Unearth, Bloodbraid Challenger, Palantír of Orthanc, Emrakul, the Aeons Torn, Burst Lightning, Chain of Smog, Anger, Goblin Bombardment"
"23","7","Black/Blue","BU Reanimator","Spells","7","16","17","2.74","Ponder, Tundra, Ancient Tomb, Creeping Tar Pit, Entomb, Concealed Courtyard, Baleful Strix, Subtlety, Stern Scolding, Bazaar of Baghdad, Swamp, Swamp, Swamp, Swamp, Kavaero, Mind-Bitten, Daze, Mana Drain, Bitter Triumph, Jace, the Mind Sculptor, Botanical Sanctum, Force of Will, Shallow Grave, Reanimate, Recurring Nightmare, Atraxa, Grand Unifier, Force of Negation, Preordain, Abhorrent Oculus, Island, Island, Island, Island, Sink into Stupor, Counterspell, Mox Sapphire, Urborg, Tomb of Yawgmoth, Deep-Cavern Bat, Shelldock Isle, Griselbrand, Watery Grave","Sedgemoor Witch, Woodfall Primus, Wrath of God, Formidable Speaker, Vindicate, Shifting Woodland, Yavimaya, Cradle of Growth, Pillage the Bog, Show and Tell, The Mightstone and Weakstone, Thundertrap Trainer, Dauthi Voidwalker, Thieving Skydiver"
"23","8","Red/White","RW Aggro","Humans, Creatures","16","7","17","2.35","Parallax Wave, Inti, Seneschal of the Sun, Umezawa's Jitte, Fear of Missing Out, Sear, Ajani, Nacatl Pariah, Suplex, Phlage, Titan of Fire's Fury, Lightning Bolt, Sacred Foundry, Robber of the Rich, Giver of Runes, Karakas, Mother of Runes, Arena of Glory, Pyrogoyf, Generous Plunderer, Tersa Lightshatter, Gau, Feral Youth, Elegant Parlor, Laelia, the Blade Reforged, Mountain, Mountain, Mountain, Mountain, Mountain, Mountain, Mountain, Mountain, Mountain, Swords to Plowshares, Ocelot Pride, Plains, Plains, Plateau, Luminarch Aspirant, Headliner Scarlett, Elspeth, Storm Slayer, Sunbaked Canyon, Screaming Nemesis","Appa, Steadfast Guardian, Dragon's Rage Channeler, Staff of the Storyteller, Sevinne's Reclamation, Bleachbone Verge, Lion Sash, Vibrance, Zirda, the Dawnwaker, Mana Tithe, Fireblast, Council's Judgment, Desecrex, Gift of Servitude, Voldaren Epicure, Oath of Druids, Thornspire Verge, Tarfire"
"24","1","Black/White","BW Aristocrats","Humans","14","9","17","2.43","Metamorphosis Fanatic, Mox Jet, Lingering Souls, Grief, Multiversal Passage, Cut Down, Shadowy Backstreet, Sheoldred's Edict, Ancient Tomb, Sedgemoor Witch, Bleachbone Verge, Concealed Courtyard, Sheoldred, the Apocalypse, Tidehollow Sculler, Swamp, Swamp, Swamp, Swamp, Swamp, Swamp, Swamp, Swamp, Black Widow, Super Spy, Mother of Runes, Raffine's Tower, Godless Shrine, Barrowgoyf, Mind Twist, Overlord of the Mistmoors, Mana Tithe, Enduring Innocence, Hymn to Tourach, Moonshadow, Toxic Deluge, Guide of Souls, Super Shredder, Animate Dead, Scrubland, Deep-Cavern Bat, Indatha Triome","Appa, Steadfast Guardian, Nettlecyst, Brightglass Gearhulk, Iron-Shield Elf, Bolas's Citadel, Lotus Petal, Walking Ballista, Crabomination, Haywire Mite, Burst Lightning, Desecrex, Gift of Servitude, Emeritus of Truce, Sandstorm Salvager"
"24","2","Red/White","RW Aggro","Humans, Creatures","17","6","17","2.30","Savai Triome, Palace Jailer, Umezawa's Jitte, Ajani, Nacatl Pariah, Windswept Heath, Stoneforge Mystic, Sacred Foundry, Giver of Runes, Get Lost, Karakas, Phelia, Exuberant Shepherd, Skullclamp, Cathar Commando, Elite Spellbinder, Abandoned Air Temple, Securitron Squadron, Elegant Parlor, Sanguine Evangelist, Council's Judgment, Voice of Victory, Flickerwisp, Ocelot Pride, Plains, Plains, Plains, Plains, Plains, Plains, Plains, Plains, Plains, Makdee and Itla, Skysnarers, Arid Mesa, Luminarch Aspirant, Figure of Destiny, Sage of the Skies, Strip Mine, Broadside Bombardiers, Reprieve, Elspeth, Storm Slayer","Fabled Passage, Sevinne's Reclamation, Erode, Winds of Abandon, Lion Sash, Nissa, Who Shakes the World, Ursine Monstrosity, Talisman of Conviction, Savannah, Zirda, the Dawnwaker, Generous Plunderer, Arwen, Mortal Queen, Basking Rootwalla, Flow State"
"24","3","Blue/White","UW Control","Artifacts, Spells","3","20","17","2.48","Talisman of Progress, Tundra, Fractured Identity, Balance, Snapcaster Mage, Hullbreacher, Brainstorm, Black Lotus, Portable Hole, Occult Epiphany, Mana Vault, Jace, the Mind Sculptor, Celestial Colonnade, Miscalculation, Seachrome Coast, Narset, Parter of Veils, Preordain, Teferi, Time Raveler, Island, Island, Island, Island, Island, Island, Island, Island, Island, Island, Island, Island, Loran of the Third Path, Memory Lapse, Plains, Plains, Mystic Confluence, Mox Sapphire, Remand, Shorikai, Genesis Engine, Teferi, Hero of Dominaria, Sunfall","Coalition Relic, Ephemerate, Chandra, Torch of Defiance, Stomping Ground, Sword of the Meek, Together as One, Phyrexian Metamorph, Kolaghan's Command, Talisman of Dominance, Lavaspur Boots, Shifting Woodland, Talisman of Curiosity, Yavimaya, Cradle of Growth, Expedition Map, Phantasmal Image, Impractical Joke, Eagles of the North, Batroc the Leaper, Sunbaked Canyon"
"24","4","Red/Blue","RU Artifacts","Artifacts","7","16","17","3.61","Prismatic Vista, Everflowing Chalice, Tinker, Sewer-veillance Cam, Paradoxical Outcome, Urza's Saga, Pinnacle Emissary, Triplicate Titan, The Wondrous Wasp, Blackcleave Cliffs, Ugin, Eye of the Storms, Sol Ring, Basalt Monolith, Ketria Triome, Pentad Prism, Pyrogoyf, Currency Converter, Dack Fayden, Mountain, Mountain, Mountain, Island, Island, Island, Island, Island, Island, Island, Island, Island, Relic of Sauron, Mishra's Workshop, Fable of the Mirror-Breaker, The Mightstone and Weakstone, Myr Battlesphere, Emry, Lurker of the Loch, Blightsteel Colossus, Memory Jar, Lion's Eye Diamond, Chromatic Star","Seasoned Pyromancer, Fire Covenant, Traumatic Critique, Wrenn and Six, Oliphaunt, Emeritus of Ideation, The Legend of Roku, Carnage Interpreter, Melded Moxite, Emrakul, the Aeons Torn, Tersa Lightshatter, Through the Breach, Hedge Maze, Voldaren Epicure, Goblin Bombardment, Galvanic Discharge, Screaming Nemesis"
"24","5","Green/Blue","GU Midrange Combo","Druids, Creatures","19","4","17","2.09","Nadu, Winged Wisdom, Icetill Explorer, Sylvan Caryatid, Breeding Pool, Horizon Canopy, Badgermole Cub, Mana Crypt, Elvish Mystic, Formidable Speaker, Oko, Thief of Crowns, Llanowar Elves, Hexdrinker, Tropical Island, Fanatic of Rhonas, Gaea's Cradle, Botanical Sanctum, Springheart Nantuko, Natural Order, Scythecat Cub, Razorverge Thicket, Noble Hierarch, Sentinel of the Nameless City, Forest, Forest, Forest, Forest, Forest, Forest, Forest, Forest, Forest, Forest, Boseiju, Who Endures, Birds of Paradise, Bristly Bill, Spine Sower, Six, Fastbond, Tireless Tracker, Uro, Titan of Nature's Wrath, Delighted Halfling","Ponder, Avacyn's Pilgrim, Displacer Kitten, Survival of the Fittest, Deathrite Shaman, Mutagen Man, Living Ooze, Figure of Fable, Force of Vigor, Tear Asunder, Tamiyo, Collector of Tales, Tendrils of Agony, Blazemire Verge, Generous Ent, Time Warp, Thornspire Verge"
"24","6","Black/Blue","BU Tempo","Spells","8","15","17","2.43","Badlands, Lutri, the Spellchaser, Lose Focus, Gitaxian Probe, Baleful Strix, Inquisition of Kozilek, Bloodchief's Thirst, Blood Crypt, Underground Sea, Consider, Astrologian's Planisphere, Swamp, Swamp, Quantum Riddler, Treasure Cruise, Mana Drain, Night's Whisper, Thought Scour, Harvester of Misery, Mountain, Faerie Mastermind, Abhorrent Oculus, Island, Island, Island, Island, Island, Island, Island, Proft's Eidetic Memory, Scalding Tarn, Marsh Flats, Otawara, Soaring City, Thoughtseize, Vampiric Tutor, City of Traitors, Dauthi Voidwalker, Thieving Skydiver, Kaito, Bane of Nightmares, Dismember","Twilight Diviner, Tezzeret, Cruel Captain, Squee, Goblin Nabob, Michelangelo, Weirdness to 11, Urza's Bauble, Pest Infestation, Loot, the Pathfinder, Bone Shards, Retrofitter Foundry, Commercial District, Questing Beast, Jennifer Walters, Emeritus of Abundance, Chain of Smog, Anger"
"24","7","Red/Blue","RU Combo","Spells","3","20","17","2.61","Gush, Frantic Search, Steam Vents, Tamiyo, Inquisitive Student, Grim Monolith, Echo of Eons, Stern Scolding, Fiery Confluence, Faithless Looting, Brain Freeze, Chain Lightning, Manamorphose, Hexing Squelcher, Delayed Blast Fireball, Copperline Gorge, Mountain, Mountain, Mountain, Mountain, Wheel of Fortune, Saheeli, Sublime Artificer, Unholy Heat, Island, Island, Island, Island, Island, Volcanic Island, Expressive Iteration, Raugrin Triome, Time Spiral, Counterspell, Pyrokinesis, Starting Town, Thundering Falls, Spirebluff Canal, Tarfire, Flooded Strand, Third Path Iconoclast, Mystical Tutor","Inti, Seneschal of the Sun, Fear of Missing Out, Orcish Lumberjack, Smuggler's Copter, Cloak and Dagger, Entwined, Upheaval, Anje's Ravager, Hogaak, Arisen Necropolis, Forensic Gadgeteer, Fireblast, Otharri, Suns' Glory, No More Lies, Serra Paragon, Headliner Scarlett"
"24","8","Black/Green/Blue","BGU Sneak and Show","Spells","7","16","17","3.17","Wasteland, Liliana of the Veil, Grist, the Hunger Tide, Collective Brutality, Worldspine Wurm, Entomb, Woodfall Primus, Duress, Minsc & Boo, Timeless Heroes, Flash, Bazaar of Baghdad, Swamp, Swamp, Swamp, Swamp, Corpse Dance, Wooded Foothills, Waterlogged Grove, Mox Pearl, Underground Mortuary, Pillage the Bog, Overgrown Tomb, Shallow Grave, Atraxa, Grand Unifier, Forest, Forest, Mana Leak, Emperor of Bones, Mana Confluence, Malevolent Rumble, Life // Death, Leovold, Emissary of Trest, Spell Pierce, Urborg, Tomb of Yawgmoth, Psychic Frog, Vaultborn Tyrant, Polluted Delta, Exhume, Watery Grave, Zagoth Triome","Zuran Orb, Green Sun's Zenith, Ouroboroid, Vengevine, Wishclaw Talisman, Vicious Rivalry, Sylvan Safekeeper, Mind Stone, Oath of Druids, Channel, Wistfulness"
"25","1","Blue/White","UW Control","Spells, Humans","8","15","17","2.83","Displacer Kitten, Tezzeret, Cruel Captain, Lose Focus, Prismatic Ending, Hullbreacher, Wrath of God, Jace, Vryn's Prodigy, Raffine's Tower, Celestial Colonnade, Mana Tithe, Razorverge Thicket, Force of Will, Seachrome Coast, Preordain, Council's Judgment, Teferi, Time Raveler, Abhorrent Oculus, Island, Island, Island, Island, Island, Island, Island, Loran of the Third Path, Memory Lapse, Plains, Plains, Plains, Plains, Jennifer Walters, Thraben Inspector, Spell Pierce, Time Warp, Solitude, Shorikai, Genesis Engine, No More Lies, Hallowed Fountain, Teferi, Hero of Dominaria, Shelldock Isle","Undercity Sewers, Ephemerate, Cut Down, Shadowy Backstreet, Sedgemoor Witch, Triplicate Titan, Vindicate, Godless Shrine, Tendrils of Agony, Night's Whisper, Mine Collapse, Shadowspear, Infernal Grasp, Sage of the Skies, Mana Confluence, Watery Grave"
"25","2","Blue","U Artifacts","Artifacts","4","19","17","2.74","Nettlecyst, Raucous Theater, Steam Vents, Urza's Bauble, Tamiyo, Inquisitive Student, Sword of the Meek, Ancient Tomb, Paradoxical Outcome, Portal to Phyrexia, Lotus Petal, Manifold Key, Aether Spellbomb, Talisman of Dominance, Ugin, Eye of the Storms, Pentad Prism, Kappa Cannoneer, Mox Pearl, Expedition Map, Blazemire Verge, Coveted Jewel, Retrofitter Foundry, Island, Island, Island, Island, Island, Island, Island, Island, Forest, Relic of Sauron, Mishra's Workshop, Plains, The Mightstone and Weakstone, Emry, Lurker of the Loch, Tolarian Academy, Urza, Lord High Artificer, Chrome Mox, Bloodstained Mire, Chromatic Star","Coalition Relic, Together as One, Echo of Eons, Yawgmoth's Will, Brain Freeze, Unearth, Doomsday, Skycoach Conductor, Proft's Eidetic Memory, Super Shredder, Goblin Engineer, Sneak Attack, Ledger Shredder, Serra Paragon, Vampiric Tutor"
"25","3","Black/Green","BG Graveyard","Black/Green","12","11","17","2.26","Alpha Deathclaw, Grist, the Hunger Tide, Sylvan Caryatid, Imperial Seal, Mana Crypt, Duress, Sheoldred, the Apocalypse, Elvish Mystic, Bazaar of Baghdad, Swamp, Swamp, Swamp, Formidable Speaker, Necromancy, Natural Order, Yavimaya, Cradle of Growth, Pillage the Bog, Overgrown Tomb, Noble Hierarch, Town Greeter, Mountain, Recurring Nightmare, Forest, Forest, Forest, Forest, Forest, Forest, Generous Ent, Wastewood Verge, Ignoble Hierarch, Malevolent Rumble, Marsh Flats, Urborg, Tomb of Yawgmoth, Six, Deep-Cavern Bat, Mox Ruby, Thoughtseize, Delighted Halfling, Zagoth Triome","Twilight Diviner, Iron-Shield Elf, Bloodchief's Thirst, Mutagen Man, Living Ooze, Force of Vigor, Moonshadow, Concealing Curtains, Sanguine Evangelist, Sylvan Safekeeper, Agatha's Soul Cauldron, Myr Battlesphere, Lightning Greaves, Channel, Leovold, Emissary of Trest, Batroc the Leaper"
"25","4","Black/Blue","BU Sneak and Show","Spells","8","15","17","2.70","Grief, Troll of Khazad-dûm, Collective Brutality, Creeping Tar Pit, Entomb, Baleful Strix, Flash, Black Lotus, Dark Ritual, Swamp, Swamp, Swamp, Swamp, Swamp, Swamp, Swamp, Swamp, Swamp, Swamp, Swamp, Swamp, Corpse Dance, Crabomination, Bone Shards, Barrowgoyf, Bitter Triumph, Demonic Tutor, Xander's Lounge, Hymn to Tourach, Island, Show and Tell, Animate Dead, Scalding Tarn, Emperor of Bones, Life // Death, Remand, Psychic Frog, Griselbrand, Ziatora's Proving Ground, Dismember","Fire Covenant, Squee, Goblin Nabob, Gitaxian Probe, Dark Confidant, Concealed Courtyard, Brainstorm, Master of Death, Stern Scolding, Faithless Looting, Bloodtithe Harvester, Kolaghan's Command, Tidehollow Sculler, Kavaero, Mind-Bitten, Palantír of Orthanc, Currency Converter, Wheel of Fortune, Expressive Iteration, Starting Town"
"25","5","Red/White","RW Stompy","Humans, Creatures","17","6","17","2.57","Witch Enchanter, Wasteland, Parallax Wave, Inti, Seneschal of the Sun, Ajani, Nacatl Pariah, Forth Eorlingas!, Adeline, Resplendent Cathar, Minsc & Boo, Timeless Heroes, Lightning Bolt, Sacred Foundry, Giver of Runes, Riverpyre Verge, Karakas, Jacked Rabbit, Phelia, Exuberant Shepherd, Elite Spellbinder, Generous Plunderer, Elegant Parlor, Laelia, the Blade Reforged, Mountain, Mountain, Mountain, Guide of Souls, Commercial District, Ocelot Pride, Plains, Plains, Plains, Plains, Plains, Plains, Plains, Makdee and Itla, Skysnarers, Path to Exile, Ivora, Insatiable Heir, Broadside Bombardiers, Eagles of the North, Elspeth, Storm Slayer, Sunbaked Canyon, Screaming Nemesis","Appa, Steadfast Guardian, Mole Man, Moloid Master, Orcish Lumberjack, Lurrus of the Dream-Den, Carnage Interpreter, Figure of Fable, Portable Hole, Talisman of Conviction, Overlord of the Mistmoors, Harvester of Misery, Flickerwisp, Leyline Binding, Chain of Smog, Goblin Bombardment, Third Path Iconoclast"
"25","6","Blue/White","UW Control","Spells","6","17","17","2.57","Stormchaser's Talent, Ponder, The Wandering Emperor, Sensei's Divining Top, Wan Shi Tong, Librarian, Snapcaster Mage, Spara's Headquarters, Subtlety, Spellseeker, Winds of Abandon, Astrologian's Planisphere, Get Lost, Wan Shi Tong, All-Knowing, Occult Epiphany, Mana Drain, Jace, the Mind Sculptor, Miscalculation, Island, Island, Island, Island, Island, Island, Island, Island, Island, Island, Island, Plains, Plains, Brazen Borrower, Raugrin Triome, Timetwister, Meticulous Archive, Mystic Confluence, Time Walk, Polluted Delta, Oust, Reprieve, Sunfall","Karn, Scion of Urza, Brightglass Gearhulk, Gush, Emeritus of Ideation, Tinker, Sewer-veillance Cam, Krang, Utrom Warlord, Kaldra Compleat, Containment Priest, Vicious Rivalry, Arwen, Mortal Queen, Dack Fayden, Phantasmal Image, Volcanic Island, Lush Portico, Spirebluff Canal, Thieving Skydiver, Mystical Tutor"
"25","7","Green/Red","GR Burn","Spells","10","13","17","2.52","Chandra, Torch of Defiance, Stomping Ground, Multiversal Passage, Taiga, Fear of Missing Out, Sear, Suplex, Ragavan, Nimble Pilferer, Mox Emerald, Fiery Confluence, Magda, Brazen Outlaw, Robber of the Rich, Black Widow, Super Spy, Arena of Glory, Skullclamp, Etali, Primal Conqueror, Firebolt, Pyrogoyf, Melded Moxite, Chain Lightning, Manamorphose, Tersa Lightshatter, Fireblast, Gau, Feral Youth, Mountain, Mountain, Mountain, Mountain, Mountain, Mountain, Mountain, Mountain, Mountain, Mountain, Mountain, Burst Lightning, Pyrokinesis, Strip Mine, Blazing Rootwalla, Jetmir's Garden","Phyrexian Dragon Engine, Soul-Guide Lantern, Horizon Canopy, Bleachbone Verge, Walking Ballista, Lion Sash, Mother of Runes, Lavaspur Boots, Aang's Iceberg, Ursine Monstrosity, Abandoned Air Temple, Otharri, Suns' Glory, Glimmer Lens, Omnath, Locus of Creation, Night Nurse, Healer of Heroes, Unexpectedly Absent"
"25","8","Green/Blue","GU Midrange Combo","Creatures","17","6","17","3.09","Avacyn's Pilgrim, Green Sun's Zenith, Icetill Explorer, Pest Infestation, Worldspine Wurm, Windswept Heath, Badgermole Cub, Woodfall Primus, Eternal Witness, Ouroboroid, The Wondrous Wasp, Oko, Thief of Crowns, Hexdrinker, Ketria Triome, Savannah, Waterlogged Grove, Tropical Island, Shifting Woodland, Gaea's Cradle, Botanical Sanctum, Esika's Chariot, Scythecat Cub, Sentinel of the Nameless City, Forest, Forest, Forest, Forest, Forest, Forest, Forest, Forest, Boseiju, Who Endures, Endurance, Once Upon a Time, Titania, Protector of Argoth, Bristly Bill, Spine Sower, Fastbond, Satyr Wayfinder, Sandstorm Salvager, Uro, Titan of Nature's Wrath","Wrenn and Six, Tishana's Tidebinder, Fallen Shinobi, Jace, Wielder of Mysteries, Vibrance, Treasure Cruise, Territorial Kavu, Wishclaw Talisman, Basking Rootwalla, Bayou, Emeritus of Truce, Thornspire Verge, Memory Jar"
"26","1","Green/Red/White","GRW Stompy","Humans","10","13","17","2.65","Avacyn's Pilgrim, Parallax Wave, The Wandering Emperor, Wrenn and Six, Multiversal Passage, Taiga, Sear, Windswept Heath, Prismatic Ending, Forth Eorlingas!, Stoneforge Mystic, Minsc & Boo, Timeless Heroes, Inspiring Vantage, Get Lost, Mother of Runes, Hexdrinker, Bloodbraid Challenger, Chain Lightning, Okoye, Mighty and Adored, Razorverge Thicket, Abandoned Air Temple, Mountain, Forest, Leyline Binding, Plains, Plains, Plains, Plains, Plains, Plateau, Jennifer Walters, Luminarch Aspirant, Lush Portico, Bonecrusher Giant, Reprieve, City of Traitors, Mox Diamond, Elspeth, Storm Slayer, Ziatora's Proving Ground, Fury","Sevinne's Reclamation, Bleachbone Verge, Kolaghan's Command, Cori-Steel Cutter, Vicious Rivalry, Delayed Blast Fireball, Fireblast, Super Shredder, Scrubland, Channel, Baloth Prime, Sunfall"
"26","2","Blue","U Artifacts","Artifacts, Spells","3","20","17","3.04","Thassa's Oracle, Sword of the Meek, Grim Monolith, Echo of Eons, Tinker, Snapcaster Mage, Bolas's Citadel, Paradoxical Outcome, Phyrexian Metamorph, Manifold Key, Talisman of Dominance, Swamp, Ugin, Eye of the Storms, Pentad Prism, Mana Vault, Mana Drain, Upheaval, Jace, the Mind Sculptor, Retrofitter Foundry, Island, Island, Island, Island, Island, Island, Island, Island, Island, Island, Island, Island, Island, Island, Mishra's Workshop, Mana Leak, Timetwister, Time Spiral, Remand, Chrome Mox, Polluted Delta","Lutri, the Spellchaser, Together as One, Yawgmoth's Will, Baleful Strix, Jace, Wielder of Mysteries, Force of Vigor, Aang's Iceberg, Tendrils of Agony, Death-Greeter's Champion, Wishclaw Talisman, Talisman of Curiosity, Expedition Map, Legion Extruder, Thundertrap Trainer, Urborg, Tomb of Yawgmoth, Six, Time Warp, Anger, Memory Jar, Batroc the Leaper"
"26","3","Black/Blue/White","BUW Control","Spells","5","18","17","2.87","Tundra, Fractured Identity, Balance, Palace Jailer, Creeping Tar Pit, Wan Shi Tong, Librarian, Concealed Courtyard, Spara's Headquarters, Wrath of God, Sheoldred, the Apocalypse, The One Ring, Stern Scolding, Swamp, Karakas, Treasure Cruise, Raffine's Tower, Bitter Triumph, Celestial Colonnade, Infernal Grasp, Reanimate, Darkslick Shores, Preordain, Council's Judgment, Teferi, Time Raveler, Toxic Deluge, Damn, Island, Island, Plains, Plains, Plains, Aang, Swift Savior, Counterspell, Meticulous Archive, Path to Exile, Orcish Bowmasters, No More Lies, Indatha Triome, Teferi, Hero of Dominaria, Watery Grave","Appa, Steadfast Guardian, Woodfall Primus, Keen-Eyed Curator, Fallen Shinobi, Black Widow, Super Spy, The Wondrous Wasp, Ursine Monstrosity, Night's Whisper, Harvester of Misery, Blazing Rootwalla, Unexpectedly Absent"
"26","4","Black/Red/Blue","BRU Sneak and Show","Spells","7","16","17","3.17","Undercity Sewers, Fabled Passage, Imperial Seal, Steam Vents, Oliphaunt, Lose Focus, Hullbreacher, Brainstorm, Ragavan, Nimble Pilferer, Brain Freeze, Underground Sea, Dark Ritual, Swamp, Swamp, Swamp, Quantum Riddler, Cabal Ritual, Kavaero, Mind-Bitten, Lórien Revealed, Xander's Lounge, Thought Scour, Manamorphose, Emrakul, the Aeons Torn, Force of Will, Wheel of Fortune, Atraxa, Grand Unifier, Island, Island, Island, Island, Island, Forest, Forest, Show and Tell, Animate Dead, Thundering Falls, Spirebluff Canal, Thoughtseize, Lion's Eye Diamond, Mystical Tutor","Everflowing Chalice, Survival of the Fittest, Sheoldred's Edict, Vibrance, Detective's Phoenix, Crabomination, Cathar Commando, Zirda, the Dawnwaker, Mine Collapse, Hogaak, Arisen Necropolis, Moonshadow, Concealing Curtains, Life // Death, Chain of Smog, Kaito, Bane of Nightmares"
"26","5","Black/Red","BR Sneak and Show","Black/Red","13","10","17","2.78","Metamorphosis Fanatic, Prismatic Vista, Mox Jet, Wasteland, Grief, Stomping Ground, Inti, Seneschal of the Sun, Collective Brutality, Fiery Confluence, Faithless Looting, Bloodtithe Harvester, Swamp, Swamp, Swamp, Blackcleave Cliffs, Gut, True Soul Zealot, Necromancy, Sol Ring, Etali, Primal Conqueror, Blazemire Verge, Tersa Lightshatter, Mountain, Mountain, Mountain, Mountain, Mountain, Mountain, Mountain, Mountain, Burst Lightning, Unholy Heat, Commercial District, Through the Breach, Emperor of Bones, Voldaren Epicure, Broadside Bombardiers, Sneak Attack, Dauthi Voidwalker, Headliner Scarlett, Screaming Nemesis","Chandra, Torch of Defiance, Caustic Bronco, Urza's Bauble, Erode, Magda, Brazen Outlaw, Robber of the Rich, Triplicate Titan, Basalt Monolith, Melded Moxite, Pillage the Bog, Hexing Squelcher, Pyrokinesis, Sandstorm Salvager, Goblin Bombardment, Tarfire, Flooded Strand"
"26","6","Black/White","BW Aristocrats","Artifacts, Humans, Creatures","16","7","17","2.13","Witch Enchanter, Lingering Souls, Staff of the Storyteller, Umezawa's Jitte, Ajani, Nacatl Pariah, Adeline, Resplendent Cathar, Lurrus of the Dream-Den, Lion Sash, Jacked Rabbit, Portable Hole, Skullclamp, Verdant Catacombs, Godless Shrine, Mox Pearl, Containment Priest, Elite Spellbinder, Securitron Squadron, Enduring Innocence, Guide of Souls, Ocelot Pride, Plains, Plains, Plains, Plains, Plains, Plains, Plains, Plains, Plains, Plains, Plains, Plains, Plains, Arid Mesa, Thraben Inspector, Sage of the Skies, Marsh Flats, Solitude, Deep-Cavern Bat, Oust","Liliana of the Veil, Duress, Bloodchief's Thirst, Carnage Interpreter, Figure of Fable, Mishra's Bauble, Cloak and Dagger, Entwined, Overlord of the Balemurk, Barrowgoyf, Gaea's Cradle, Sentinel of the Nameless City, Flickerwisp, Boseiju, Who Endures, Wastewood Verge, Mana Confluence, Guardian Scalelord, Emeritus of Abundance, Eagles of the North"
"26","7","Red/Blue","RU Artifacts","Artifacts","10","13","17","2.52","Coalition Relic, Vivi Ornitier, Displacer Kitten, Talisman of Creativity, Library of Alexandria, Mana Crypt, Mole Man, Moloid Master, Subtlety, Malcolm, Alluring Scoundrel, Walking Ballista, Consider, Astrologian's Planisphere, Wooded Foothills, Talisman of Conviction, Tropical Island, Dack Fayden, Mountain, Mountain, Mountain, Mountain, Saheeli, Sublime Artificer, Force of Negation, Island, Island, Island, Relic of Sauron, Proft's Eidetic Memory, Goblin Engineer, Myr Battlesphere, Volcanic Island, Expressive Iteration, Raugrin Triome, Hedge Maze, Emry, Lurker of the Loch, Tolarian Academy, Thornspire Verge, Otawara, Soaring City, Galvanic Discharge, Third Path Iconoclast, Shelldock Isle","Seasoned Pyromancer, Squee, Goblin Nabob, Gush, Krang, Utrom Warlord, Eternal Witness, Orcish Lumberjack, Lavaspur Boots, Anje's Ravager, Abhorrent Oculus, Phantasmal Image, Makdee and Itla, Skysnarers, Desecrex, Gift of Servitude"
"26","8","Green","G Midrange Combo","Creatures","16","7","17","2.13","Green Sun's Zenith, Grist, the Hunger Tide, Nadu, Winged Wisdom, Icetill Explorer, Sylvan Caryatid, Pest Infestation, Breeding Pool, Mox Emerald, Elvish Mystic, Ouroboroid, Formidable Speaker, Oko, Thief of Crowns, Fanatic of Rhonas, Underground Mortuary, Botanical Sanctum, Springheart Nantuko, Yavimaya, Cradle of Growth, Scythecat Cub, Forest, Forest, Forest, Forest, Forest, Forest, Forest, Forest, Forest, Questing Beast, Bayou, Endurance, Ignoble Hierarch, Starting Town, Titania, Protector of Argoth, Birds of Paradise, Bristly Bill, Spine Sower, Fastbond, Mox Ruby, Jetmir's Garden, Delighted Halfling, Zagoth Triome","Nethergoyf, Zuran Orb, Alpha Deathclaw, Michelangelo, Weirdness to 11, Troll of Khazad-dûm, Deathrite Shaman, Emeritus of Ideation, Tear Asunder, Witherbloom Apprentice, Vengevine, Currency Converter, Generous Ent, Oath of Druids, Leovold, Emissary of Trest"
"27","1","Black/Blue/White","BUW Control","Artifacts, Spells","12","11","17","2.04","Wasteland, Caustic Bronco, Multiversal Passage, Lose Focus, Gitaxian Probe, Umezawa's Jitte, Tamiyo, Inquisitive Student, Sword of the Meek, Sheoldred's Edict, Bleachbone Verge, Duress, Baleful Strix, Mox Emerald, Lurrus of the Dream-Den, Underground Sea, Unearth, Tidehollow Sculler, Swamp, Swamp, Swamp, Swamp, Swamp, Karakas, The Wondrous Wasp, Kavaero, Mind-Bitten, Infernal Grasp, Hymn to Tourach, Concealing Curtains, Island, Island, Island, Island, Forest, Scrubland, Counterspell, Solitude, Psychic Frog, Urza, Lord High Artificer, Ledger Shredder, Hallowed Fountain","Nettlecyst, Master of Death, Get Lost, Tendrils of Agony, Overlord of the Mistmoors, Mana Tithe, Enduring Innocence, Harvester of Misery, Sanguine Evangelist, Loran of the Third Path, Agatha's Soul Cauldron, Damnation, Leovold, Emissary of Trest, Flow State, Exhume"
"27","2","Green/Red/White","GRW Stompy","Green/Red/White","14","9","17","2.26","Savai Triome, Appa, Steadfast Guardian, Parallax Wave, Ajani, Nacatl Pariah, Phlage, Titan of Fire's Fury, Forth Eorlingas!, Stoneforge Mystic, Torsten, Founder of Benalia, Sacred Foundry, Giver of Runes, Jacked Rabbit, Figure of Fable, Phelia, Exuberant Shepherd, Mother of Runes, Wooded Foothills, Cathar Commando, Mox Pearl, Razorverge Thicket, Abandoned Air Temple, Swords to Plowshares, Forest, Ocelot Pride, Plains, Plains, Plains, Plains, Plains, Plains, Plains, Plains, Plains, Plains, Plains, Thraben Inspector, Path to Exile, Vaultborn Tyrant, Chrome Mox, Oust, Reprieve, Elspeth, Storm Slayer","Tundra, Avacyn's Pilgrim, Sevinne's Reclamation, Emeritus of Ideation, Worldspine Wurm, Badgermole Cub, Krang, Utrom Warlord, Orcish Lumberjack, Formidable Speaker, Cloak and Dagger, Entwined, Aang's Iceberg, Hexdrinker, Arwen, Mortal Queen, Noble Hierarch, Questing Beast, Sylvan Safekeeper, Oath of Druids"
"27","3","Black/Red/Blue","BRU Sneak and Show","Spells","7","16","17","2.65","Metamorphosis Fanatic, Ponder, Undercity Sewers, Iron-Shield Elf, Creeping Tar Pit, Woodfall Primus, Flash, Bloodchief's Thirst, Kolaghan's Command, Astrologian's Planisphere, Ancestral Recall, Swamp, Swamp, Swamp, Quantum Riddler, Occult Epiphany, Daze, Night's Whisper, Xander's Lounge, Underground Mortuary, Dack Fayden, Elegant Parlor, Reanimate, Faerie Mastermind, Force of Negation, Toxic Deluge, Island, Island, Island, Island, Animate Dead, Jennifer Walters, Mana Confluence, Strip Mine, Spirebluff Canal, Batroc the Leaper, Polluted Delta, Kaito, Bane of Nightmares, Watery Grave, Dismember","Seasoned Pyromancer, Green Sun's Zenith, Bolas's Citadel, Keen-Eyed Curator, Cabal Ritual, Forensic Gadgeteer, Fireblast, Pyrokinesis, Broadside Bombardiers, Goblin Bombardment, Galvanic Discharge, Abrade"
"27","4","Black","B Sneak and Show","Spells","5","18","17","3.17","Mox Jet, Badlands, Imperial Seal, Cut Down, Entomb, Mana Crypt, Yawgmoth's Will, Inquisition of Kozilek, Dark Ritual, Swamp, Swamp, Swamp, Swamp, Swamp, Swamp, Swamp, Swamp, Triplicate Titan, Corpse Dance, Overlord of the Balemurk, Necromancy, Demonic Tutor, Emrakul, the Aeons Torn, Overgrown Tomb, Shallow Grave, Copperline Gorge, Recurring Nightmare, Wheel of Fortune, Atraxa, Grand Unifier, Island, Bayou, Through the Breach, Life // Death, Marsh Flats, Urborg, Tomb of Yawgmoth, Thornspire Verge, Chain of Smog, Orcish Bowmasters, Mystical Tutor, Bloodstained Mire","Phyrexian Dragon Engine, Alpha Deathclaw, Wrenn and Six, Survival of the Fittest, Shifting Woodland, Vengevine, Melded Moxite, Manamorphose, Yavimaya, Cradle of Growth, Anje's Ravager, Hexing Squelcher, Delayed Blast Fireball, Once Upon a Time, Marauding Mako"
"27","5","Green/Blue/White","GUW Blink","Spells, Humans","11","12","17","2.83","Stormchaser's Talent, Witch Enchanter, Misty Rainforest, Fabled Passage, Fractured Identity, Breeding Pool, Wan Shi Tong, Librarian, Snapcaster Mage, Prismatic Ending, Spara's Headquarters, Wrath of God, Brainstorm, Jace, Vryn's Prodigy, Llanowar Elves, Tropical Island, Mana Drain, Tamiyo, Collector of Tales, Seachrome Coast, Island, Island, Island, Island, Island, Island, Generous Ent, Plains, Plains, Sink into Stupor, Mana Leak, Brazen Borrower, Aang, Swift Savior, Starting Town, Lush Portico, Tireless Tracker, Otawara, Soaring City, No More Lies, Uro, Titan of Nature's Wrath, Teferi, Hero of Dominaria, Delighted Halfling, Sunfall","Traumatic Critique, Mutagen Man, Living Ooze, Nissa, Who Shakes the World, Territorial Kavu, Talisman of Conviction, Mine Collapse, Saheeli, Sublime Artificer, Blazing Rootwalla, Emeritus of Truce, Unexpectedly Absent, Sandstorm Salvager, Serra Paragon, Sunbaked Canyon"
"27","6","Blue","U Midrange Combo","Artifacts, Spells","1","22","17","1.96","Talisman of Progress, Zuran Orb, Sensei's Divining Top, Urza's Bauble, Windswept Heath, Stern Scolding, Brain Freeze, Aether Spellbomb, Consider, Lórien Revealed, Thought Scour, Botanical Sanctum, Retrofitter Foundry, Narset, Parter of Veils, Preordain, Island, Island, Island, Island, Island, Island, Island, Island, Island, Island, Island, Island, Island, Memory Lapse, Plains, Timetwister, Hedge Maze, Time Spiral, Mystic Confluence, Time Walk, Thundertrap Trainer, Time Warp, Fastbond, Lion's Eye Diamond, Mox Diamond","Everflowing Chalice, Icetill Explorer, Soul-Guide Lantern, Mole Man, Moloid Master, Elvish Mystic, Force of Vigor, Tear Asunder, Godless Shrine, Esika's Chariot, Vicious Rivalry, Securitron Squadron, Basking Rootwalla, Relic of Sauron, Boseiju, Who Endures, Wastewood Verge, Impractical Joke, Lightning Greaves, Channel, Satyr Wayfinder"
"27","7","Red/Blue","RU Artifacts","Artifacts","3","20","17","2.74","Coalition Relic, Prismatic Vista, Karn, Scion of Urza, Tezzeret, Cruel Captain, Talisman of Creativity, Stomping Ground, Steam Vents, Grim Monolith, Ancient Tomb, Tinker, Paradoxical Outcome, Lotus Petal, Phyrexian Metamorph, Basalt Monolith, Kaldra Compleat, Kappa Cannoneer, Talisman of Curiosity, Expedition Map, Currency Converter, Mountain, Mountain, Island, Island, Island, Island, Island, Island, Island, Island, The Mightstone and Weakstone, Arid Mesa, Legion Extruder, Mind Stone, Thundering Falls, Emry, Lurker of the Loch, Mox Opal, Memory Jar, Mox Ruby, Zagoth Triome, Chromatic Star","The Wandering Emperor, Magda, Brazen Outlaw, Lion Sash, Loot, the Pathfinder, Wan Shi Tong, All-Knowing, Firebolt, Zirda, the Dawnwaker, Containment Priest, Omnath, Locus of Creation, Voldaren Epicure, Six, Shorikai, Genesis Engine, Eagles of the North, Anger, Screaming Nemesis"
"27","8","Black/Red","BR Aristocrats","Humans","13","10","17","2.26","Fire Covenant, Nethergoyf, Raucous Theater, Fatal Push, Inti, Seneschal of the Sun, Dark Confidant, Fear of Missing Out, Snuff Out, Fiery Confluence, Lightning Bolt, Smuggler's Copter, Robber of the Rich, Detective's Phoenix, Swamp, Swamp, Swamp, Blackcleave Cliffs, Gut, True Soul Zealot, Arena of Glory, Sol Ring, Generous Plunderer, Laelia, the Blade Reforged, Mountain, Mountain, Mountain, Mountain, Mountain, Mountain, Mountain, Mountain, Mountain, Mountain, Unholy Heat, Fable of the Mirror-Breaker, Emperor of Bones, Ivora, Insatiable Heir, Thoughtseize, Dauthi Voidwalker, Ziatora's Proving Ground, Fury","Squee, Goblin Nabob, Chandra, Torch of Defiance, Pest Infestation, Troll of Khazad-dûm, Sedgemoor Witch, Blooming Marsh, Bloodbraid Challenger, Natural Order, Town Greeter, Otharri, Suns' Glory, Voice of Victory, Commercial District, Desecrex, Gift of Servitude, Ignoble Hierarch, Malevolent Rumble, Night Nurse, Healer of Heroes, Vampiric Tutor, Tarfire"
"28","1","Red/Blue","RU Spellslinger","Spells, Wizards","8","15","17","2.30","Stormchaser's Talent, Vivi Ornitier, Frantic Search, Steam Vents, Gitaxian Probe, Stock Up, Echo of Eons, Tishana's Tidebinder, Wan Shi Tong, Librarian, Snapcaster Mage, Subtlety, Consider, Astrologian's Planisphere, Quantum Riddler, Mana Drain, Thought Scour, Flame Slash, Miscalculation, Preordain, Abhorrent Oculus, Island, Island, Island, Island, Island, Island, Island, Island, Island, Island, Island, Island, Island, Island, Island, Fable of the Mirror-Breaker, Counterspell, Thundertrap Trainer, Mox Sapphire, Otawara, Soaring City","Tundra, Appa, Steadfast Guardian, Displacer Kitten, Brightglass Gearhulk, Cut Down, Sedgemoor Witch, Underground Sea, Talisman of Dominance, Fallen Shinobi, Doomsday, Demonic Tutor, Okoye, Mighty and Adored, Arwen, Mortal Queen, Town Greeter, Darkslick Shores, Retrofitter Foundry, Leyline Binding, Jennifer Walters, Chain of Smog, Tarfire"
"28","2","Black/Blue","BU Reanimator","Spells","8","15","17","3.17","Undercity Sewers, Grief, Fatal Push, Library of Alexandria, Creeping Tar Pit, Entomb, Snuff Out, Duress, Inquisition of Kozilek, The One Ring, Malcolm, Alluring Scoundrel, Stern Scolding, Flash, Spellseeker, Swamp, Swamp, Swamp, Swamp, Swamp, Swamp, Swamp, Swamp, Swamp, Swamp, Corpse Dance, Crabomination, Kavaero, Mind-Bitten, Etali, Primal Conqueror, Bitter Triumph, Night's Whisper, Infernal Grasp, Hymn to Tourach, Island, Island, Forest, Animate Dead, Urborg, Tomb of Yawgmoth, Vaultborn Tyrant, Griselbrand, Kaito, Bane of Nightmares","Avacyn's Pilgrim, Alpha Deathclaw, Gush, Michelangelo, Weirdness to 11, Soul-Guide Lantern, Emeritus of Ideation, Krang, Utrom Warlord, Yawgmoth's Will, Master of Death, Unearth, Force of Vigor, Thopter Foundry, Fireblast, Faerie Mastermind, Generous Ent, Mana Confluence, Damnation, Thieving Skydiver"
"28","3","White","W Weenie","Artifacts, Humans","10","13","17","2.04","Wasteland, Staff of the Storyteller, Multiversal Passage, Umezawa's Jitte, Bleachbone Verge, Stoneforge Mystic, Mox Emerald, Adeline, Resplendent Cathar, Lurrus of the Dream-Den, Urza's Saga, Jacked Rabbit, Portable Hole, Kaldra Compleat, Containment Priest, Mana Tithe, Abandoned Air Temple, Council's Judgment, Guide of Souls, Ocelot Pride, Glimmer Lens, Plains, Plains, Plains, Plains, Plains, Plains, Plains, Plains, Plains, Plains, Plains, Makdee and Itla, Skysnarers, Luminarch Aspirant, Meticulous Archive, Solitude, Chrome Mox, Mox Ruby, Oust, Mox Diamond, Elspeth, Storm Slayer","Squee, Goblin Nabob, Balance, Detective's Phoenix, Figure of Fable, Aang's Iceberg, Fanatic of Rhonas, Zirda, the Dawnwaker, Shadowspear, Talisman of Curiosity, Otharri, Suns' Glory, Aang, Swift Savior, Mox Opal, Eagles of the North, Batroc the Leaper, Galvanic Discharge, Dismember"
"28","4","Black/Red","BR Sneak and Show","Spells","11","12","17","2.26","Seasoned Pyromancer, Fire Covenant, Nethergoyf, Dragon's Rage Channeler, Badlands, Oliphaunt, Collective Brutality, Sear, Faithless Looting, Blood Crypt, Kolaghan's Command, Smuggler's Copter, Swamp, Swamp, Swamp, Swamp, Swamp, Swamp, Blackcleave Cliffs, Necromancy, Mind Twist, Firebolt, Tersa Lightshatter, Reanimate, Moonshadow, Mountain, Mountain, Mountain, Mountain, Mountain, Mountain, Mountain, Archon of Cruelty, Ivora, Insatiable Heir, Broadside Bombardiers, Marauding Mako, Thoughtseize, Vampiric Tutor, Polluted Delta, Dauthi Voidwalker","Caustic Bronco, Dark Confidant, Torsten, Founder of Benalia, Bloodchief's Thirst, Cori-Steel Cutter, Giver of Runes, Tidehollow Sculler, Skullclamp, Loot, the Pathfinder, Tendrils of Agony, Delayed Blast Fireball, Dack Fayden, Concealing Curtains, Desecrex, Gift of Servitude, Blazing Rootwalla, Leovold, Emissary of Trest, Bonecrusher Giant, Anger"
"28","5","Red/Blue","RU Artifacts","Artifacts","6","17","17","4.09","Coalition Relic, Ponder, Everflowing Chalice, Fabled Passage, Portal to Phyrexia, Lotus Petal, Manifold Key, Black Lotus, Riverpyre Verge, Ancestral Recall, Swamp, Ugin, Eye of the Storms, Wooded Foothills, Mana Vault, Palantír of Orthanc, Kappa Cannoneer, Emrakul, the Aeons Torn, Coveted Jewel, Forensic Gadgeteer, Mountain, Mountain, Mountain, Mountain, Mountain, Mountain, Island, Island, Island, Island, Island, Relic of Sauron, Goblin Engineer, Through the Breach, Myr Battlesphere, Legion Extruder, Mind Stone, Thundering Falls, Sneak Attack, Blightsteel Colossus, Shelldock Isle","Sword of the Meek, Suplex, Woodfall Primus, Brainstorm, Aether Spellbomb, Talisman of Conviction, Skycoach Conductor, Manamorphose, Vicious Rivalry, Copperline Gorge, Unholy Heat, Expressive Iteration, Impractical Joke, Voldaren Epicure, Oath of Druids, Remand, Abrade"
"28","6","Red/White","RW Aggro","Humans, Creatures","19","4","17","2.35","Savai Triome, Mox Jet, Inti, Seneschal of the Sun, Palace Jailer, Shadowy Backstreet, Fear of Missing Out, Ajani, Nacatl Pariah, Phlage, Titan of Fire's Fury, Fiery Confluence, Sacred Foundry, Robber of the Rich, Phelia, Exuberant Shepherd, Mother of Runes, Gut, True Soul Zealot, Arena of Glory, Pyrogoyf, Death-Greeter's Champion, Elite Spellbinder, Generous Plunderer, Gau, Feral Youth, Elegant Parlor, Laelia, the Blade Reforged, Mountain, Mountain, Mountain, Mountain, Mountain, Mountain, Mountain, Mountain, Burst Lightning, Voice of Victory, Plains, Plains, Plains, Plains, Figure of Destiny, Path to Exile, Skyclave Apparition, Headliner Scarlett","Deathrite Shaman, Prismatic Ending, Winds of Abandon, Lion Sash, Lavaspur Boots, Bloodbraid Challenger, Pentad Prism, Cathar Commando, Mine Collapse, Shallow Grave, Sanguine Evangelist, Sage of the Skies, Lush Portico, Emeritus of Truce, Sandstorm Salvager, Goblin Bombardment, Sunfall"
"28","7","Green/Blue","GU Midrange Combo","Creatures","16","7","17","3.09","Misty Rainforest, Green Sun's Zenith, Nadu, Winged Wisdom, Sylvan Caryatid, Pest Infestation, Breeding Pool, Worldspine Wurm, Hullbreacher, Eternal Witness, Spara's Headquarters, Ouroboroid, Nissa, Who Shakes the World, Formidable Speaker, Lórien Revealed, Blooming Marsh, Verdant Catacombs, Llanowar Elves, Hexdrinker, Waterlogged Grove, Botanical Sanctum, Natural Order, Force of Will, Overgrown Tomb, Forest, Forest, Forest, Forest, Forest, Forest, Questing Beast, Bayou, Wastewood Verge, Endurance, Ignoble Hierarch, Titania, Protector of Argoth, Birds of Paradise, Fastbond, Uro, Titan of Nature's Wrath, Delighted Halfling, Zagoth Triome","Inspiring Vantage, Keen-Eyed Curator, Mutagen Man, Living Ooze, Pinnacle Emissary, Tear Asunder, Witherbloom Apprentice, Savannah, Vengevine, Pillage the Bog, Psychic Frog, Chromatic Star"
"28","8","Green/Red/Blue/White","GRUW Midrange Combo","Artifacts","7","16","17","3.00","Karn, Scion of Urza, Zuran Orb, Wrenn and Six, Icetill Explorer, Fractured Identity, Grim Monolith, Tinker, Horizon Canopy, Windswept Heath, Minsc & Boo, Timeless Heroes, Black Widow, Super Spy, Mishra's Bauble, Basalt Monolith, Shifting Woodland, Upheaval, Mox Pearl, Underground Mortuary, Expedition Map, Noble Hierarch, Narset, Parter of Veils, Atraxa, Grand Unifier, Island, Island, Island, Island, Island, Commercial District, Forest, The Mightstone and Weakstone, Timetwister, Scalding Tarn, Once Upon a Time, Baloth Prime, Tolarian Academy, Tireless Tracker, Indatha Triome, Jetmir's Garden, Sunbaked Canyon, Fury, Bloodstained Mire","Survival of the Fittest, Underworld Breach, Wrath of God, Elvish Mystic, Vibrance, Territorial Kavu, Melded Moxite, Sentinel of the Nameless City, Sylvan Safekeeper, Agatha's Soul Cauldron, Pyrokinesis"
"29","1","Red/Blue","RU Artifacts","Artifacts","8","15","17","3.04","Sword of the Meek, Echo of Eons, Paradoxical Outcome, Hullbreacher, Lotus Petal, Phyrexian Metamorph, Manifold Key, The One Ring, Astrologian's Planisphere, Pinnacle Emissary, Ugin, Eye of the Storms, Kappa Cannoneer, Mountain, Mountain, Mountain, Retrofitter Foundry, Force of Negation, Island, Island, Island, Island, Island, Island, Island, Island, Island, Island, Island, Myr Battlesphere, Legion Extruder, Time Walk, Tolarian Academy, Mox Opal, Urza, Lord High Artificer, Memory Jar, Lion's Eye Diamond, City of Traitors, Thieving Skydiver, Third Path Iconoclast, Shelldock Isle","Appa, Steadfast Guardian, Umezawa's Jitte, Malcolm, Alluring Scoundrel, Magda, Brazen Outlaw, Smuggler's Copter, Carnage Interpreter, Talisman of Dominance, Jace, Vryn's Prodigy, Overlord of the Mistmoors, Pyrogoyf, Vicious Rivalry, Elegant Parlor, Sentinel of the Nameless City, Toxic Deluge, Loran of the Third Path, Phantasmal Image, Agatha's Soul Cauldron, Ivora, Insatiable Heir, Urborg, Tomb of Yawgmoth"
"29","2","Blue/White","UW Artifacts","Artifacts, Spells","3","20","17","2.35","Talisman of Progress, Everflowing Chalice, Sensei's Divining Top, Balance, Tamiyo, Inquisitive Student, Shadowy Backstreet, Stock Up, Creeping Tar Pit, Tinker, Bleachbone Verge, Wan Shi Tong, Librarian, Mana Crypt, Underground Sea, Swamp, Quantum Riddler, Karakas, Mishra's Bauble, Occult Epiphany, Daze, Thopter Foundry, Force of Will, Teferi, Time Raveler, Swords to Plowshares, Island, Island, Island, Island, Island, Island, Island, Island, Island, Plains, Sink into Stupor, The Mightstone and Weakstone, Candelabra of Tawnos, Counterspell, Mystic Confluence, Otawara, Soaring City, Teferi, Hero of Dominaria","Caustic Bronco, Sedgemoor Witch, Bolas's Citadel, Duress, Blood Crypt, Riverpyre Verge, Jace, Wielder of Mysteries, Thought Scour, Mana Tithe, Securitron Squadron, Sylvan Safekeeper, Endurance, Sage of the Skies, Leovold, Emissary of Trest, Skyclave Apparition, Batroc the Leaper"
"29","3","Black/Blue","BU Reanimator","Spells","8","15","17","2.65","Ponder, Misty Rainforest, Grief, Grist, the Hunger Tide, Cut Down, Iron-Shield Elf, Troll of Khazad-dûm, Collective Brutality, Sheoldred, the Apocalypse, Bloodchief's Thirst, Swamp, Swamp, Swamp, Swamp, Swamp, Swamp, Swamp, Swamp, Swamp, Swamp, Swamp, Swamp, Swamp, Kavaero, Mind-Bitten, Overlord of the Balemurk, Blooming Marsh, Barrowgoyf, Bitter Triumph, Mind Twist, Night's Whisper, Demonic Tutor, Underground Mortuary, Infernal Grasp, Currency Converter, Shallow Grave, Archon of Cruelty, Island, Animate Dead, Life // Death, Mox Sapphire","Alpha Deathclaw, Urza's Bauble, Sevinne's Reclamation, Gitaxian Probe, Torsten, Founder of Benalia, Bloodtithe Harvester, Cabal Ritual, Vindicate, Shifting Woodland, Vengevine, Wishclaw Talisman, Hogaak, Arisen Necropolis, Town Greeter, Abhorrent Oculus, Flickerwisp, Relic of Sauron, Boseiju, Who Endures, Impractical Joke, Satyr Wayfinder"
"29","4","Green/Blue","GU Midrange Combo","Green/Blue","14","9","17","2.83","Prismatic Vista, Green Sun's Zenith, Nadu, Winged Wisdom, Pest Infestation, Emeritus of Ideation, Windswept Heath, Tishana's Tidebinder, Brainstorm, Stern Scolding, Spellseeker, Ancestral Recall, Swamp, Formidable Speaker, Ursine Monstrosity, Ketria Triome, Tropical Island, Tamiyo, Collector of Tales, Fanatic of Rhonas, Botanical Sanctum, Noble Hierarch, Atraxa, Grand Unifier, Island, Island, Island, Island, Forest, Forest, Forest, Forest, Forest, Forest, Questing Beast, Generous Ent, Lightning Greaves, Once Upon a Time, Birds of Paradise, Vaultborn Tyrant, Temple Garden, Delighted Halfling, Dismember","Brightglass Gearhulk, Underworld Breach, Prismatic Ending, Brain Freeze, Keen-Eyed Curator, Vibrance, Tear Asunder, Loot, the Pathfinder, Wan Shi Tong, All-Knowing, Haywire Mite, Gau, Feral Youth, Proft's Eidetic Memory, Makdee and Itla, Skysnarers, Volcanic Island, Flow State, Thornspire Verge"
"29","5","Green/Red","GR Stompy","Green/Red","15","8","17","2.65","Avacyn's Pilgrim, Wrenn and Six, Icetill Explorer, Stomping Ground, Multiversal Passage, Oliphaunt, Taiga, Sear, Mutagen Man, Living Ooze, Walking Ballista, Ouroboroid, Nissa, Who Shakes the World, Territorial Kavu, Force of Vigor, Arena of Glory, Wooded Foothills, Llanowar Elves, Hexdrinker, Bloodbraid Challenger, Savannah, Gaea's Cradle, Manamorphose, Springheart Nantuko, Natural Order, Scythecat Cub, Copperline Gorge, Commercial District, Forest, Forest, Forest, Arid Mesa, Plateau, Ignoble Hierarch, Titania, Protector of Argoth, Malevolent Rumble, Lush Portico, Fastbond, Sandstorm Salvager, Indatha Triome, Jetmir's Garden","Krang, Utrom Warlord, Winds of Abandon, Jacked Rabbit, Fireblast, Leyline Binding, Glimmer Lens, Unexpectedly Absent, Elspeth, Storm Slayer"
"29","6","Black/Red/Blue","BRU Sneak and Show","Spells","8","15","17","2.43","Fire Covenant, Undercity Sewers, Lutri, the Spellchaser, Entomb, Snapcaster Mage, Snuff Out, Ragavan, Nimble Pilferer, Flash, Consider, Unearth, Fallen Shinobi, Swamp, Swamp, Swamp, Swamp, Swamp, Swamp, Swamp, Swamp, Corpse Dance, Crabomination, Lórien Revealed, Bone Shards, Flame Slash, Blazemire Verge, Island, Island, Island, Island, Thundering Falls, Remand, Psychic Frog, Ledger Shredder, Chain of Smog, Orcish Bowmasters, Thoughtseize, Flooded Strand, Kaito, Bane of Nightmares, Exhume, Bloodstained Mire","Twilight Diviner, Lingering Souls, Squee, Goblin Nabob, Sewer-veillance Cam, Witherbloom Apprentice, Mine Collapse, Expedition Map, Overgrown Tomb, Laelia, the Blade Reforged, Basking Rootwalla, Desecrex, Gift of Servitude, Voldaren Epicure, Emeritus of Truce, Anger, Flame of Anor, Galvanic Discharge, Tarfire"
"29","7","Green/Red/Blue","GRU Midrange Combo","Artifacts","6","17","17","3.83","Coalition Relic, Mox Jet, Fabled Passage, Talisman of Creativity, Steam Vents, Worldspine Wurm, Woodfall Primus, Portal to Phyrexia, Spara's Headquarters, Mox Emerald, Faithless Looting, Urza's Saga, Black Lotus, Triplicate Titan, The Wondrous Wasp, Blackcleave Cliffs, Basalt Monolith, Waterlogged Grove, Yavimaya, Cradle of Growth, Dack Fayden, Seachrome Coast, Mountain, Mountain, Mountain, Mountain, Wheel of Fortune, Narset, Parter of Veils, Preordain, Island, Forest, Forest, Show and Tell, Through the Breach, Hedge Maze, Oath of Druids, Channel, Night Nurse, Healer of Heroes, Sneak Attack, Blightsteel Colossus, Spirebluff Canal","Displacer Kitten, Wrath of God, Robber of the Rich, Aang's Iceberg, Kaldra Compleat, Upheaval, Arwen, Mortal Queen, Delayed Blast Fireball, Unholy Heat, Goblin Engineer, Abrade, Chromatic Star"
"29","8","Red/White","RW Stompy","Humans, Creatures","18","5","17","2.70","Parallax Wave, Phlage, Titan of Fire's Fury, Adeline, Resplendent Cathar, Minsc & Boo, Timeless Heroes, Phelia, Exuberant Shepherd, Mother of Runes, Gut, True Soul Zealot, Death-Greeter's Champion, Mox Pearl, Containment Priest, Elite Spellbinder, Mountain, Mountain, Mountain, Mountain, Mountain, Mountain, Otharri, Suns' Glory, Voice of Victory, Guide of Souls, Ocelot Pride, Plains, Plains, Plains, Plains, Plains, Plains, Plains, Plains, Plains, Plains, Luminarch Aspirant, Solitude, Broadside Bombardiers, Oust, Reprieve, Headliner Scarlett, Sunbaked Canyon, Fury, Screaming Nemesis","Witch Enchanter, Traumatic Critique, The Wandering Emperor, Chandra, Torch of Defiance, Fear of Missing Out, Suplex, Concealed Courtyard, Erode, Get Lost, Detective's Phoenix, Cathar Commando, Skycoach Conductor, Shadowspear, Hexing Squelcher, Tersa Lightshatter, Goblin Welder, Sanguine Evangelist, Burst Lightning, Council's Judgment, Guardian Scalelord, Serra Paragon"
"30","1","Blue","U Artifacts","Artifacts","4","19","17","3.52","Karn, Scion of Urza, Displacer Kitten, Everflowing Chalice, Sensei's Divining Top, Portal to Phyrexia, Manifold Key, Aether Spellbomb, Walking Ballista, Triplicate Titan, Lórien Revealed, Sol Ring, Kaldra Compleat, Mana Vault, Mana Drain, Palantír of Orthanc, Upheaval, Coveted Jewel, Island, Island, Island, Island, Island, Island, Island, Island, Island, Island, Island, Island, Island, Island, Show and Tell, Mishra's Workshop, Mana Leak, Counterspell, Blightsteel Colossus, Flooded Strand, Shelldock Isle, Mystical Tutor, Chromatic Star","The Wandering Emperor, Fractured Identity, Krang, Utrom Warlord, Brain Freeze, Lavaspur Boots, Loot, the Pathfinder, Raffine's Tower, Tamiyo, Collector of Tales, Zirda, the Dawnwaker, Celestial Colonnade, Copperline Gorge, Hedge Maze, Meticulous Archive, Thundertrap Trainer, Leovold, Emissary of Trest, Emeritus of Abundance, Tireless Tracker, Ledger Shredder, No More Lies"
"30","2","Black/White","BW Aristocrats","Humans","15","8","17","1.87","Savai Triome, Nethergoyf, Staff of the Storyteller, Caustic Bronco, Palace Jailer, Concealed Courtyard, Sheoldred, the Apocalypse, Stoneforge Mystic, Lurrus of the Dream-Den, Unearth, Giver of Runes, Tidehollow Sculler, Swamp, Swamp, Swamp, Swamp, Swamp, Swamp, Karakas, Phelia, Exuberant Shepherd, Mother of Runes, Vindicate, Godless Shrine, Mind Twist, Abandoned Air Temple, Hymn to Tourach, Voice of Victory, Guide of Souls, Plains, Plains, Plains, Plains, Plains, Thraben Inspector, Luminarch Aspirant, Path to Exile, Marsh Flats, Orcish Bowmasters, Thoughtseize, Reprieve","Pest Infestation, Iron-Shield Elf, Together as One, Get Lost, Vicious Rivalry, Razorverge Thicket, Arwen, Mortal Queen, Securitron Squadron, Seachrome Coast, Council's Judgment, Flickerwisp, Loran of the Third Path, Figure of Destiny, Baloth Prime, Temple Garden, Elspeth, Storm Slayer"
"30","3","Red/Blue","RU Spellslinger","Spells","3","20","17","2.61","Stormchaser's Talent, Vivi Ornitier, Gush, Steam Vents, Lose Focus, Gitaxian Probe, Breeding Pool, Echo of Eons, Underworld Breach, Brainstorm, Mox Emerald, Stern Scolding, Cori-Steel Cutter, Consider, Riverpyre Verge, Treasure Cruise, Jace, the Mind Sculptor, Thought Scour, Force of Will, Mountain, Force of Negation, Preordain, Abhorrent Oculus, Island, Island, Island, Island, Island, Island, Island, Island, Island, Island, Island, Proft's Eidetic Memory, Expressive Iteration, Spirebluff Canal, Galvanic Discharge, Fury, Zagoth Triome","Sear, Suplex, Master of Death, Keen-Eyed Curator, Fallen Shinobi, Pentad Prism, Shifting Woodland, Talisman of Curiosity, Fireblast, Phantasmal Image, Desecrex, Gift of Servitude, Through the Breach, Agatha's Soul Cauldron, Legion Extruder, Blazing Rootwalla, Memory Jar, Tarfire"
"30","4","Red/White","RW Stompy","Creatures","16","7","17","2.39","Seasoned Pyromancer, Ancient Tomb, Ajani, Nacatl Pariah, Bleachbone Verge, Phlage, Titan of Fire's Fury, Forth Eorlingas!, Minsc & Boo, Timeless Heroes, Magda, Brazen Outlaw, Inspiring Vantage, Smuggler's Copter, Jacked Rabbit, Portable Hole, Gut, True Soul Zealot, Containment Priest, Elite Spellbinder, Tersa Lightshatter, Elegant Parlor, Mountain, Mountain, Mountain, Mountain, Mountain, Mountain, Mountain, Sanguine Evangelist, Burst Lightning, Ocelot Pride, Plains, Plains, Plains, Ivora, Insatiable Heir, Skyclave Apparition, Broadside Bombardiers, Thornspire Verge, Indatha Triome, Mox Diamond, Headliner Scarlett, Sunbaked Canyon, Screaming Nemesis, Dismember","Phyrexian Dragon Engine, Urza's Bauble, Prismatic Ending, Erode, The Legend of Roku, Mutagen Man, Living Ooze, Winds of Abandon, Lion Sash, Ouroboroid, Hexdrinker, Doomsday, Overlord of the Mistmoors, Vengevine, Endurance, Voldaren Epicure"
"30","5","Black/Red/Blue","BRU Sneak and Show","Spells","11","12","17","2.96","Fire Covenant, Undercity Sewers, Badlands, Lutri, the Spellchaser, Fatal Push, Inti, Seneschal of the Sun, Stock Up, Creeping Tar Pit, Snapcaster Mage, Duress, Phyrexian Metamorph, Bloodtithe Harvester, Lightning Bolt, Underground Sea, Talisman of Dominance, Swamp, Swamp, Kavaero, Mind-Bitten, Etali, Primal Conqueror, Demonic Tutor, Xander's Lounge, Botanical Sanctum, Blazemire Verge, Concealing Curtains, Mountain, Mountain, Mountain, Archon of Cruelty, Island, Island, Island, Brazen Borrower, Scalding Tarn, Mystic Confluence, Thundering Falls, Spell Pierce, Remand, Sneak Attack, Vaultborn Tyrant, Mox Ruby","Chandra, Torch of Defiance, Wan Shi Tong, Librarian, Cabal Ritual, Mishra's Bauble, Firebolt, Anje's Ravager, Delayed Blast Fireball, Goblin Welder, Damn, Generous Ent, Jennifer Walters, Time Warp, Marauding Mako"
"30","6","Black/Green/Red/Blue","BGRU Midrange Combo","Creatures","17","6","17","2.09","Mox Jet, Zuran Orb, Misty Rainforest, Fabled Passage, Wrenn and Six, Sylvan Caryatid, Stomping Ground, Taiga, Deathrite Shaman, Emeritus of Ideation, Badgermole Cub, Ragavan, Nimble Pilferer, Bazaar of Baghdad, Territorial Kavu, Verdant Catacombs, Ketria Triome, Tropical Island, Skycoach Conductor, Fanatic of Rhonas, Springheart Nantuko, Flame Slash, Scythecat Cub, Overgrown Tomb, Town Greeter, Commercial District, Forest, Forest, Forest, Forest, Forest, Questing Beast, Ignoble Hierarch, Titania, Protector of Argoth, Strip Mine, Malevolent Rumble, Bristly Bill, Spine Sower, Six, Fastbond, Uro, Titan of Nature's Wrath, Bloodstained Mire","Liliana of the Veil, Sedgemoor Witch, Inquisition of Kozilek, Kolaghan's Command, Talisman of Conviction, Barrowgoyf, Death-Greeter's Champion, Reanimate, Basking Rootwalla, Anger"
"30","7","Black/Green/Blue","BGU Value","Spells","8","15","17","3.30","Grist, the Hunger Tide, Survival of the Fittest, Imperial Seal, Cut Down, Troll of Khazad-dûm, Woodfall Primus, Snuff Out, Swamp, Swamp, Swamp, Swamp, Swamp, Swamp, Swamp, Swamp, Swamp, Swamp, Corpse Dance, Formidable Speaker, Oko, Thief of Crowns, Overlord of the Balemurk, Wooded Foothills, Blooming Marsh, Bone Shards, Savannah, Bitter Triumph, Yavimaya, Cradle of Growth, Shallow Grave, Harvester of Misery, Recurring Nightmare, Atraxa, Grand Unifier, Toxic Deluge, Island, Boseiju, Who Endures, Emperor of Bones, Life // Death, Mox Sapphire, Urborg, Tomb of Yawgmoth, Vampiric Tutor, Griselbrand","Twilight Diviner, Green Sun's Zenith, Yawgmoth's Will, Orcish Lumberjack, Torsten, Founder of Benalia, Force of Vigor, Ursine Monstrosity, Witherbloom Apprentice, Wishclaw Talisman, Natural Order, Noble Hierarch, Moonshadow, Impractical Joke, Lightning Greaves, Starting Town, Damnation"
"30","8","Blue","U Artifacts","Artifacts","7","16","17","2.30","Ponder, Prismatic Vista, Nettlecyst, Balance, Soul-Guide Lantern, Tamiyo, Inquisitive Student, Sword of the Meek, Tinker, Mana Crypt, Lotus Petal, Astrologian's Planisphere, Pinnacle Emissary, Ugin, Eye of the Storms, Skullclamp, Kappa Cannoneer, Shadowspear, Expedition Map, Mountain, Island, Island, Island, Island, Island, Island, Island, Island, Island, Island, Island, Forest, Myr Battlesphere, Candelabra of Tawnos, Raugrin Triome, Time Walk, Emry, Lurker of the Loch, Tolarian Academy, Urza, Lord High Artificer, Chrome Mox, Hallowed Fountain, Third Path Iconoclast","Avacyn's Pilgrim, Sewer-veillance Cam, Bolas's Citadel, Wrath of God, Mole Man, Moloid Master, Quantum Riddler, Wan Shi Tong, All-Knowing, Tendrils of Agony, Mine Collapse, Okoye, Mighty and Adored, Dack Fayden, Darkslick Shores, Sentinel of the Nameless City, Night Nurse, Healer of Heroes, Emeritus of Truce, Flow State, Batroc the Leaper, Sunfall"
"31","1","Black/Red/Blue","BRU Combo","Spells","3","20","17","2.09","Stormchaser's Talent, Dragon's Rage Channeler, Frantic Search, Yawgmoth's Will, Blood Crypt, Underground Sea, Ancestral Recall, Swamp, Jace, Vryn's Prodigy, Cabal Ritual, Doomsday, Mana Drain, Demonic Tutor, Xander's Lounge, Flame Slash, Force of Will, Dack Fayden, Mountain, Mountain, Wheel of Fortune, Island, Island, Island, Island, Island, Island, Island, Island, Island, Volcanic Island, Expressive Iteration, Brazen Borrower, Timetwister, Scalding Tarn, Mox Sapphire, Spell Pierce, Flame of Anor, Lion's Eye Diamond, Dismember, Chromatic Star","Twilight Diviner, Traumatic Critique, Survival of the Fittest, Together as One, Sedgemoor Witch, Bloodtithe Harvester, Tear Asunder, Lavaspur Boots, Firebolt, Mine Collapse, Infernal Grasp, Hogaak, Arisen Necropolis, Desecrex, Gift of Servitude, Legion Extruder, Blazing Rootwalla, Wistfulness, Emeritus of Truce"
"31","2","Black/Red","BR Sneak and Show","Spells","8","15","17","2.35","Fire Covenant, Grief, Badlands, Inti, Seneschal of the Sun, Troll of Khazad-dûm, Sear, Entomb, Duress, The One Ring, Fiery Confluence, Bloodchief's Thirst, Swamp, Swamp, Swamp, Swamp, Swamp, Swamp, Swamp, Swamp, Swamp, Blackcleave Cliffs, Gut, True Soul Zealot, Overlord of the Balemurk, Skullclamp, Necromancy, Sol Ring, Bone Shards, Chain Lightning, Laelia, the Blade Reforged, Moonshadow, Mountain, Mountain, Mountain, Mountain, Mountain, Mountain, Fable of the Mirror-Breaker, Animate Dead, Voldaren Epicure, Thoughtseize","Phyrexian Dragon Engine, Witch Enchanter, Squee, Goblin Nabob, Nadu, Winged Wisdom, Michelangelo, Weirdness to 11, Iron-Shield Elf, Shadowy Backstreet, Emeritus of Ideation, Master of Death, Malcolm, Alluring Scoundrel, Robber of the Rich, Fallen Shinobi, The Wondrous Wasp, Death-Greeter's Champion, Melded Moxite, Commercial District, Agatha's Soul Cauldron, Lightning Greaves, Sandstorm Salvager, Oust"
"31","3","Black/Green/Red/White","BGRW Sneak and Show","Artifacts, Spells","7","16","17","3.61","Raucous Theater, Undercity Sewers, Liliana of the Veil, Collective Brutality, Torsten, Founder of Benalia, Black Lotus, Dark Ritual, Bazaar of Baghdad, Swamp, Swamp, Swamp, Swamp, Swamp, Swamp, Swamp, Triplicate Titan, Cloak and Dagger, Entwined, Barrowgoyf, Night's Whisper, Wishclaw Talisman, Underground Mortuary, Shallow Grave, Hymn to Tourach, Reanimate, Atraxa, Grand Unifier, Forest, Show and Tell, Plains, Through the Breach, Wastewood Verge, Plateau, Oath of Druids, Life // Death, Urborg, Tomb of Yawgmoth, Sneak Attack, Blightsteel Colossus, Mox Ruby, Flooded Strand, Griselbrand, Exhume","Coalition Relic, Grist, the Hunger Tide, Keen-Eyed Curator, Unearth, Territorial Kavu, Aang's Iceberg, Witherbloom Apprentice, Shadowspear, Delayed Blast Fireball, Aang, Swift Savior, Omnath, Locus of Creation, Leovold, Emissary of Trest, Skyclave Apparition, Marauding Mako"
"31","4","Red/White","RW Aggro","Humans, Creatures","16","7","17","2.13","Umezawa's Jitte, Phlage, Titan of Fire's Fury, Forth Eorlingas!, Adeline, Resplendent Cathar, Sacred Foundry, Smuggler's Copter, Giver of Runes, Karakas, Jacked Rabbit, Cathar Commando, Containment Priest, Elite Spellbinder, Sanguine Evangelist, Otharri, Suns' Glory, Voice of Victory, Swords to Plowshares, Guide of Souls, Ocelot Pride, Glimmer Lens, Plains, Plains, Plains, Plains, Plains, Plains, Plains, Plains, Plains, Plains, Makdee and Itla, Skysnarers, Arid Mesa, Luminarch Aspirant, Meticulous Archive, Sage of the Skies, Strip Mine, Chrome Mox, Reprieve, Jetmir's Garden, Sunbaked Canyon, Screaming Nemesis","Ephemerate, Sevinne's Reclamation, Lotus Petal, Mole Man, Moloid Master, Lurrus of the Dream-Den, Walking Ballista, Figure of Fable, Portable Hole, Savannah, Vicious Rivalry, Flickerwisp, Scrubland, Satyr Wayfinder, Serra Paragon, Temple Garden"
"31","5","Black/Blue/White","BUW Control","Spells","6","17","17","2.43","Metamorphosis Fanatic, Lingering Souls, Fabled Passage, Lutri, the Spellchaser, Balance, Library of Alexandria, Sheoldred's Edict, Mana Crypt, Spara's Headquarters, Wrath of God, Stern Scolding, Astrologian's Planisphere, Get Lost, Vindicate, Blooming Marsh, Verdant Catacombs, Waterlogged Grove, Godless Shrine, Mind Twist, Jace, the Mind Sculptor, Darkslick Shores, Faerie Mastermind, Narset, Parter of Veils, Teferi, Time Raveler, Damn, Plains, Plains, Phantasmal Image, Mana Leak, Raugrin Triome, Jennifer Walters, Hedge Maze, Damnation, Marsh Flats, Deep-Cavern Bat, Otawara, Soaring City, Vampiric Tutor, Bloodstained Mire, Watery Grave, Zagoth Triome","Eternal Witness, Kolaghan's Command, Carnage Interpreter, Gau, Feral Youth, Impractical Joke, Chain of Smog, Uro, Titan of Nature's Wrath"
"31","6","Blue/White","UW Control","Spells","9","14","17","3.00","Talisman of Progress, Tundra, Displacer Kitten, Fractured Identity, Lose Focus, Wan Shi Tong, Librarian, Subtlety, Consider, Phelia, Exuberant Shepherd, Lórien Revealed, Wan Shi Tong, All-Knowing, Daze, Celestial Colonnade, Miscalculation, Force of Negation, Council's Judgment, Island, Island, Island, Island, Island, Island, Island, Island, Island, Island, Island, Island, Loran of the Third Path, Memory Lapse, Plains, Plains, Plains, Counterspell, Mystic Confluence, Time Walk, Thundertrap Trainer, Solitude, Urza, Lord High Artificer, No More Lies","Thassa's Oracle, Worldspine Wurm, Prismatic Ending, Lion Sash, Jace, Wielder of Mysteries, Pentad Prism, Kaldra Compleat, Zirda, the Dawnwaker, Overlord of the Mistmoors, Thought Scour, Botanical Sanctum, Mana Tithe, Currency Converter, Noble Hierarch, Generous Ent, Proft's Eidetic Memory, Ignoble Hierarch, Lush Portico, Unexpectedly Absent, Goblin Bombardment"
"31","7","Green/Red","GR Midrange Combo","Creatures","16","7","17","2.87","Mox Jet, Green Sun's Zenith, Sylvan Caryatid, Pest Infestation, Taiga, Windswept Heath, Orcish Lumberjack, Minsc & Boo, Timeless Heroes, Ouroboroid, Wooded Foothills, Llanowar Elves, Bloodbraid Challenger, Fanatic of Rhonas, Gaea's Cradle, Pyrogoyf, Esika's Chariot, Scythecat Cub, Overgrown Tomb, Mountain, Mountain, Sentinel of the Nameless City, Forest, Forest, Forest, Forest, Forest, Forest, Forest, Boseiju, Who Endures, Once Upon a Time, Titania, Protector of Argoth, Malevolent Rumble, Birds of Paradise, Broadside Bombardiers, Tireless Tracker, Vaultborn Tyrant, Indatha Triome, Headliner Scarlett, Ziatora's Proving Ground, Fury","Avacyn's Pilgrim, Alpha Deathclaw, Brightglass Gearhulk, Suplex, Concealed Courtyard, Woodfall Primus, Magda, Brazen Outlaw, Mutagen Man, Living Ooze, Detective's Phoenix, Force of Vigor, Burst Lightning, Sylvan Safekeeper, Baloth Prime, Abrade"
"31","8","Blue","U Artifacts","Artifacts","2","21","17","2.70","Nettlecyst, Karn, Scion of Urza, Everflowing Chalice, Tezzeret, Cruel Captain, Sensei's Divining Top, Grim Monolith, Tinker, Manifold Key, Aether Spellbomb, Urza's Saga, Swamp, Ugin, Eye of the Storms, Talisman of Conviction, Tropical Island, Upheaval, Kappa Cannoneer, Talisman of Curiosity, Expedition Map, Forensic Gadgeteer, Mountain, Retrofitter Foundry, Island, Island, Island, Island, Island, Island, Island, Island, Island, Relic of Sauron, Plains, Plains, The Mightstone and Weakstone, Candelabra of Tawnos, Mind Stone, Thundering Falls, Tolarian Academy, Mox Opal, Shorikai, Genesis Engine","Vivi Ornitier, Zuran Orb, Staff of the Storyteller, Gitaxian Probe, Sewer-veillance Cam, Flash, Brain Freeze, Quantum Riddler, Formidable Speaker, Arena of Glory, Skycoach Conductor, Manamorphose, Emrakul, the Aeons Torn, Abandoned Air Temple, Basking Rootwalla, Goblin Engineer, Channel, Fastbond"
"32","1","Red/Blue","RU Artifacts","Artifacts, Humans","8","15","17","3.00","Savai Triome, Coalition Relic, Talisman of Creativity, Soul-Guide Lantern, The One Ring, Aether Spellbomb, Urza's Saga, Pinnacle Emissary, Triplicate Titan, The Wondrous Wasp, Talisman of Conviction, Mana Vault, Upheaval, Expedition Map, Dack Fayden, Mountain, Mountain, Mountain, Mountain, Mountain, Mountain, Island, Island, Island, Island, Island, Island, Island, Island, Relic of Sauron, Goblin Engineer, Myr Battlesphere, Expressive Iteration, Mind Stone, Scalding Tarn, Counterspell, Night Nurse, Healer of Heroes, Sneak Attack, Urza, Lord High Artificer, Third Path Iconoclast","Phyrexian Dragon Engine, Zuran Orb, Krang, Utrom Warlord, Stern Scolding, Elvish Mystic, Mutagen Man, Living Ooze, Lion Sash, Formidable Speaker, Ursine Monstrosity, Zirda, the Dawnwaker, Melded Moxite, Emrakul, the Aeons Torn, Vicious Rivalry, Copperline Gorge, Abhorrent Oculus, Loran of the Third Path, Through the Breach, Time Warp, Thieving Skydiver"
"32","2","Blue/White","UW Artifacts","Artifacts","8","15","17","2.91","Tundra, Nettlecyst, Displacer Kitten, Urza's Bauble, Balance, Breeding Pool, Ancient Tomb, Phyrexian Metamorph, Walking Ballista, Astrologian's Planisphere, Skullclamp, Lórien Revealed, Verdant Catacombs, Basalt Monolith, Raffine's Tower, Pentad Prism, Tropical Island, Mana Drain, Palantír of Orthanc, Thopter Foundry, Botanical Sanctum, Okoye, Mighty and Adored, Securitron Squadron, Island, Island, Island, Proft's Eidetic Memory, Mishra's Workshop, Plains, Plains, Plains, Candelabra of Tawnos, Time Spiral, Meticulous Archive, Marsh Flats, Tolarian Academy, Emeritus of Abundance, Emeritus of Truce, Blightsteel Colossus, Chromatic Star","Appa, Steadfast Guardian, Survival of the Fittest, Tidehollow Sculler, Tear Asunder, Leyline Binding, Luminarch Aspirant, Sage of the Skies, Leovold, Emissary of Trest, Wistfulness, Unexpectedly Absent, Delighted Halfling"
"32","3","Red/Blue","RU Spellslinger","Spells","7","16","17","2.30","Seasoned Pyromancer, Vivi Ornitier, Dragon's Rage Channeler, Frantic Search, Steam Vents, Underworld Breach, Suplex, Fiery Confluence, Faithless Looting, Lightning Bolt, Cori-Steel Cutter, Chain Lightning, Manamorphose, Hexing Squelcher, Mountain, Mountain, Mountain, Mountain, Mountain, Mountain, Mountain, Mountain, Mountain, Mountain, Mountain, Wheel of Fortune, Preordain, Unholy Heat, Island, Island, Arid Mesa, Brazen Borrower, Pyrokinesis, Strip Mine, Spell Pierce, Ivora, Insatiable Heir, Flame of Anor, Galvanic Discharge, Fury, Bloodstained Mire","Raucous Theater, Michelangelo, Weirdness to 11, Mole Man, Moloid Master, Inspiring Vantage, Cloak and Dagger, Entwined, Demonic Tutor, Elite Spellbinder, Anje's Ravager, Gau, Feral Youth, Glimmer Lens, Phantasmal Image, Desecrex, Gift of Servitude, Figure of Destiny, Life // Death, Baloth Prime, Flow State, Goblin Bombardment, Headliner Scarlett"
"32","4","Black/Blue","BU Combo","Artifacts, Spells","5","18","17","2.91","Sensei's Divining Top, Multiversal Passage, Lose Focus, Thassa's Oracle, Stock Up, Echo of Eons, Bolas's Citadel, Paradoxical Outcome, Yawgmoth's Will, Spellseeker, Consider, Jace, Wielder of Mysteries, Swamp, Swamp, Jace, Vryn's Prodigy, Treasure Cruise, Ketria Triome, Force of Will, Forensic Gadgeteer, Saheeli, Sublime Artificer, Island, Island, Island, Island, Island, Island, Island, Island, Island, Island, Island, Sink into Stupor, Timetwister, Mox Opal, Otawara, Soaring City, Orcish Bowmasters, Mox Ruby, Lion's Eye Diamond, Dismember, Zagoth Triome","Stormchaser's Talent, Traumatic Critique, Everflowing Chalice, Sylvan Caryatid, Fatal Push, Caustic Bronco, Sedgemoor Witch, Torsten, Founder of Benalia, Crabomination, Haywire Mite, Skycoach Conductor, Mine Collapse, Currency Converter, Damn, Super Shredder, Sylvan Safekeeper, Endurance, Impractical Joke"
"32","5","Blue/White","UW Control","Spells","9","14","17","2.74","Prismatic Vista, Witch Enchanter, Misty Rainforest, The Wandering Emperor, Fractured Identity, Palace Jailer, Ajani, Nacatl Pariah, Windswept Heath, Wan Shi Tong, Librarian, Hullbreacher, Spara's Headquarters, Brainstorm, Mox Emerald, Ancestral Recall, Portable Hole, Savannah, Daze, Miscalculation, Abandoned Air Temple, Seachrome Coast, Council's Judgment, Island, Island, Island, Plains, Plains, Plains, Plains, Plains, Thraben Inspector, Skyclave Apparition, Solitude, Shorikai, Genesis Engine, Eagles of the North, No More Lies, Oust, Reprieve, Hallowed Fountain, Elspeth, Storm Slayer, Ziatora's Proving Ground","Staff of the Storyteller, Oliphaunt, Gitaxian Probe, Prismatic Ending, Eternal Witness, Winds of Abandon, Nissa, Who Shakes the World, Llanowar Elves, Occult Epiphany, Containment Priest, Enduring Innocence, Voice of Victory, Serra Paragon"
"32","6","Green/Red","GR Stompy","Green/Red","15","8","17","2.35","Wasteland, Wrenn and Six, Chandra, Torch of Defiance, Inti, Seneschal of the Sun, Pest Infestation, Fear of Missing Out, Badgermole Cub, Mana Crypt, Ragavan, Nimble Pilferer, Orcish Lumberjack, Minsc & Boo, Timeless Heroes, Ouroboroid, Territorial Kavu, Oko, Thief of Crowns, Arena of Glory, Wooded Foothills, Pyrogoyf, Death-Greeter's Champion, Esika's Chariot, Scythecat Cub, Noble Hierarch, Laelia, the Blade Reforged, Mountain, Mountain, Mountain, Sentinel of the Nameless City, Island, Commercial District, Forest, Forest, Forest, Forest, Forest, Plateau, Bristly Bill, Spine Sower, Bonecrusher Giant, Fastbond, Thornspire Verge, Indatha Triome, Jetmir's Garden","Avacyn's Pilgrim, Black Widow, Super Spy, Jacked Rabbit, Figure of Fable, Phelia, Exuberant Shepherd, Mother of Runes, Mishra's Bauble, Fireblast, Otharri, Suns' Glory, Swords to Plowshares, Ocelot Pride, Path to Exile, Guardian Scalelord, Satyr Wayfinder"
"32","7","Black/Red/Blue","BRU Sneak and Show","Spells","9","14","17","2.78","Fire Covenant, Undercity Sewers, Liliana of the Veil, Badlands, Lutri, the Spellchaser, Snuff Out, Duress, Baleful Strix, Kolaghan's Command, Swamp, Swamp, Swamp, Swamp, Swamp, Swamp, Quantum Riddler, Blackcleave Cliffs, Sol Ring, Etali, Primal Conqueror, Blazemire Verge, Hymn to Tourach, Reanimate, Darkslick Shores, Mountain, Atraxa, Grand Unifier, Force of Negation, Toxic Deluge, Island, Forest, Memory Lapse, Fable of the Mirror-Breaker, Broadside Bombardiers, Psychic Frog, Deep-Cavern Bat, Ledger Shredder, Spirebluff Canal, Thoughtseize, Vampiric Tutor, Shelldock Isle, Watery Grave","Worldspine Wurm, Woodfall Primus, Detective's Phoenix, Lavaspur Boots, Loot, the Pathfinder, Doomsday, Wishclaw Talisman, Thought Scour, Tersa Lightshatter, Show and Tell, Voldaren Epicure, Oath of Druids, Thundertrap Trainer, Anger"
"32","8","Black","B Reanimator","Spells","11","12","17","2.91","Metamorphosis Fanatic, Nethergoyf, Twilight Diviner, Mox Jet, Grief, Grist, the Hunger Tide, Iron-Shield Elf, Collective Brutality, Entomb, Sheoldred, the Apocalypse, Bazaar of Baghdad, Swamp, Swamp, Swamp, Swamp, Swamp, Swamp, Swamp, Swamp, Swamp, Swamp, Swamp, Swamp, Swamp, Bone Shards, Barrowgoyf, Bitter Triumph, Night's Whisper, Overgrown Tomb, Hogaak, Arisen Necropolis, Shallow Grave, Harvester of Misery, Recurring Nightmare, Animate Dead, Wastewood Verge, Chain of Smog, Polluted Delta, Dauthi Voidwalker, Griselbrand, Exhume","Alpha Deathclaw, Green Sun's Zenith, Icetill Explorer, Cut Down, Bloodchief's Thirst, Keen-Eyed Curator, Kavaero, Mind-Bitten, Vindicate, Witherbloom Apprentice, Vengevine, Springheart Nantuko, Pillage the Bog, Moonshadow, Generous Ent, Lightning Greaves, Once Upon a Time, Channel, Six"
"33","1","Black/Red","BR Sneak and Show","Spells","10","13","17","1.91","Savai Triome, Dragon's Rage Channeler, Badlands, Fatal Push, Caustic Bronco, Iron-Shield Elf, Dark Confidant, Collective Brutality, Ancient Tomb, Snuff Out, Inquisition of Kozilek, Lurrus of the Dream-Den, Blood Crypt, Kolaghan's Command, Dark Ritual, Bazaar of Baghdad, Swamp, Swamp, Swamp, Swamp, Swamp, Swamp, Swamp, Swamp, Swamp, Swamp, Blackcleave Cliffs, Crabomination, Bone Shards, Bitter Triumph, Infernal Grasp, Reanimate, Laelia, the Blade Reforged, Super Shredder, Emperor of Bones, Mox Ruby, Thoughtseize, Dauthi Voidwalker, Mox Diamond, Sunbaked Canyon","Twilight Diviner, Traumatic Critique, Deathrite Shaman, Horizon Canopy, Master of Death, Giver of Runes, Cabal Ritual, Pillage the Bog, Goblin Welder, Sanguine Evangelist, Guide of Souls, Agatha's Soul Cauldron, Jennifer Walters, Starting Town, Serra Paragon"
"33","2","Red","R Burn","Creatures","17","6","17","2.91","Seasoned Pyromancer, Chandra, Torch of Defiance, Lutri, the Spellchaser, Fear of Missing Out, Ragavan, Nimble Pilferer, Fiery Confluence, Magda, Brazen Outlaw, Carnage Interpreter, Gut, True Soul Zealot, Pyrogoyf, Death-Greeter's Champion, Generous Plunderer, Tersa Lightshatter, Fireblast, Gau, Feral Youth, Mountain, Mountain, Mountain, Mountain, Mountain, Mountain, Mountain, Mountain, Mountain, Mountain, Mountain, Mountain, Mountain, Mountain, Mountain, Unholy Heat, Figure of Destiny, Pyrokinesis, Time Walk, Thundering Falls, Bonecrusher Giant, Ivora, Insatiable Heir, City of Traitors, Headliner Scarlett, Screaming Nemesis","Phyrexian Dragon Engine, Zuran Orb, Ephemerate, Talisman of Creativity, Orcish Lumberjack, Faithless Looting, Figure of Fable, Lavaspur Boots, Haywire Mite, Melded Moxite, Shadowspear, Delayed Blast Fireball, Goblin Engineer, Lightning Greaves, Luminarch Aspirant, Blazing Rootwalla, Guardian Scalelord, Emeritus of Abundance, Sneak Attack, Anger"
"33","3","Black/Blue/White","BUW Control","Spells","10","13","17","3.52","Displacer Kitten, Parallax Wave, Lingering Souls, The Wandering Emperor, Fabled Passage, Fractured Identity, Sword of the Meek, Troll of Khazad-dûm, Sheoldred, the Apocalypse, Subtlety, Flash, Underground Sea, Karakas, The Wondrous Wasp, Phelia, Exuberant Shepherd, Lórien Revealed, Wan Shi Tong, All-Knowing, Raffine's Tower, Mana Vault, Godless Shrine, Mana Drain, Overlord of the Mistmoors, Xander's Lounge, Celestial Colonnade, Faerie Mastermind, Damn, Island, Island, Island, Island, Memory Lapse, Plains, Plains, Plains, Scrubland, Eagles of the North, Otawara, Soaring City, No More Lies, Hallowed Fountain, Sunfall","Staff of the Storyteller, Frantic Search, Adeline, Resplendent Cathar, Lion Sash, Mother of Runes, Blooming Marsh, Skycoach Conductor, Containment Priest, Securitron Squadron, Dack Fayden, Otharri, Suns' Glory, Ocelot Pride"
"33","4","Green","G Midrange Combo","Creatures","16","7","17","2.96","Wasteland, Green Sun's Zenith, Sylvan Caryatid, Stomping Ground, Umezawa's Jitte, Taiga, Worldspine Wurm, Windswept Heath, Keen-Eyed Curator, Ouroboroid, Nissa, Who Shakes the World, Force of Vigor, Wooded Foothills, Skullclamp, Llanowar Elves, Tropical Island, Shifting Woodland, Gaea's Cradle, Springheart Nantuko, Yavimaya, Cradle of Growth, Mountain, Forest, Forest, Forest, Forest, Forest, Forest, Questing Beast, Boseiju, Who Endures, Endurance, Ignoble Hierarch, Once Upon a Time, Titania, Protector of Argoth, Bristly Bill, Spine Sower, Six, Fastbond, Wistfulness, Tireless Tracker, Sandstorm Salvager, Delighted Halfling","Phlage, Titan of Fire's Fury, Black Widow, Super Spy, Territorial Kavu, Vengevine, Elite Spellbinder, Flame Slash, Hogaak, Arisen Necropolis, Elegant Parlor, Basking Rootwalla, Night Nurse, Healer of Heroes, Blightsteel Colossus, Satyr Wayfinder"
"33","5","Black/Blue","BU Combo","Spells","8","15","17","2.65","Undercity Sewers, Steam Vents, Gitaxian Probe, Tamiyo, Inquisitive Student, Stock Up, Tishana's Tidebinder, Yawgmoth's Will, Baleful Strix, Brain Freeze, Riverpyre Verge, Swamp, Swamp, Quantum Riddler, Jace, Vryn's Prodigy, Treasure Cruise, Kavaero, Mind-Bitten, Cloak and Dagger, Entwined, Sol Ring, Tendrils of Agony, Force of Will, Currency Converter, Wheel of Fortune, Narset, Parter of Veils, Island, Island, Island, Island, Island, Island, Island, Island, Animate Dead, Expressive Iteration, Mana Confluence, Urborg, Tomb of Yawgmoth, Orcish Bowmasters, Spirebluff Canal, Lion's Eye Diamond, Mystical Tutor, Zagoth Triome","Squee, Goblin Nabob, Survival of the Fittest, Pest Infestation, The Legend of Roku, Mutagen Man, Living Ooze, Formidable Speaker, Portable Hole, Loot, the Pathfinder, Firebolt, Arwen, Mortal Queen, Sentinel of the Nameless City, Legion Extruder, Emeritus of Truce, Uro, Titan of Nature's Wrath, Thieving Skydiver"
"33","6","Blue/White","UW Artifacts","Artifacts","4","19","17","4.00","Coalition Relic, Nettlecyst, Bleachbone Verge, Paradoxical Outcome, Portal to Phyrexia, Mox Emerald, Triplicate Titan, Ugin, Eye of the Storms, Mishra's Bauble, Upheaval, Kappa Cannoneer, Mox Pearl, Thopter Foundry, Coveted Jewel, Forensic Gadgeteer, Mountain, Saheeli, Sublime Artificer, Preordain, Island, Island, Island, Island, Island, Island, Island, Island, Island, Forest, Mishra's Workshop, Plains, Plains, The Mightstone and Weakstone, Myr Battlesphere, Mind Stone, Time Spiral, Scalding Tarn, Tolarian Academy, Shorikai, Genesis Engine, Memory Jar, Chromatic Star","Appa, Steadfast Guardian, Gush, Together as One, Bolas's Citadel, Stoneforge Mystic, Brainstorm, Stern Scolding, Unearth, Jace, Wielder of Mysteries, Talisman of Conviction, Kaldra Compleat, Cathar Commando, Anje's Ravager, Glimmer Lens, Thundertrap Trainer, Marsh Flats, Time Warp, Goblin Bombardment"
"33","7","Black/Blue","BU Tempo","Spells","6","17","17","2.78","Metamorphosis Fanatic, Cut Down, Bloodchief's Thirst, Spellseeker, Talisman of Dominance, Consider, Fallen Shinobi, Swamp, Swamp, Swamp, Swamp, Swamp, Swamp, Swamp, Swamp, Occult Epiphany, Daze, Mind Twist, Jace, the Mind Sculptor, Night's Whisper, Demonic Tutor, Archon of Cruelty, Toxic Deluge, Abhorrent Oculus, Island, Island, Island, Island, Island, Island, Island, Island, Island, Sink into Stupor, Mana Leak, Timetwister, Damnation, Remand, Psychic Frog, Dismember","Stormchaser's Talent, Alpha Deathclaw, Wrenn and Six, Imperial Seal, Soul-Guide Lantern, Krang, Utrom Warlord, Phyrexian Metamorph, Pinnacle Emissary, Detective's Phoenix, Witherbloom Apprentice, Tamiyo, Collector of Tales, Thought Scour, Expedition Map, Enduring Innocence, Town Greeter, Concealing Curtains, Show and Tell, Phantasmal Image, Sage of the Skies, Malevolent Rumble, Baloth Prime, Urza, Lord High Artificer"
"33","8","Black/Green/Red/Blue/White","BGRUW Soup","Black/Green/Red/Blue/White","9","14","17","3.78","Avacyn's Pilgrim, Grist, the Hunger Tide, Grim Monolith, Emeritus of Ideation, Woodfall Primus, Spara's Headquarters, Forth Eorlingas!, The One Ring, Inspiring Vantage, Swamp, Swamp, Vindicate, Verdant Catacombs, Ketria Triome, Savannah, Pentad Prism, Etali, Primal Conqueror, Underground Mortuary, Botanical Sanctum, Okoye, Mighty and Adored, Overgrown Tomb, Shallow Grave, Atraxa, Grand Unifier, Leyline Binding, Fable of the Mirror-Breaker, Through the Breach, Volcanic Island, Plateau, Hedge Maze, Omnath, Locus of Creation, Oath of Druids, Channel, Strip Mine, Life // Death, Mox Sapphire, Solitude, Vaultborn Tyrant, Flooded Strand, Temple Garden, Jetmir's Garden","Brightglass Gearhulk, Underworld Breach, Barrowgoyf, Mine Collapse, Flickerwisp, Loran of the Third Path, Unexpectedly Absent"
"34","1","Black/Blue","BU Combo","Artifacts, Spells","2","21","17","1.74","Coalition Relic, Talisman of Creativity, Imperial Seal, Urza's Bauble, Soul-Guide Lantern, Sword of the Meek, Tinker, Bolas's Citadel, Paradoxical Outcome, Walking Ballista, Black Lotus, Dark Ritual, Swamp, Swamp, Swamp, Swamp, Swamp, Swamp, Blackcleave Cliffs, Cabal Ritual, Mishra's Bauble, Mana Vault, Demonic Tutor, Expedition Map, Blazemire Verge, Mountain, Wheel of Fortune, Narset, Parter of Veils, Island, Island, Island, Island, Island, Island, Island, Candelabra of Tawnos, Emry, Lurker of the Loch, Chrome Mox, Thoughtseize, Watery Grave","Nethergoyf, Chandra, Torch of Defiance, Lurrus of the Dream-Den, Jace, Wielder of Mysteries, Formidable Speaker, Witherbloom Apprentice, Vengevine, Esika's Chariot, Currency Converter, Enduring Innocence, Hymn to Tourach, Basking Rootwalla, Goblin Engineer, Mystic Confluence, Malevolent Rumble, Deep-Cavern Bat, Emeritus of Abundance, Chain of Smog, Dauthi Voidwalker"
"34","2","Blue/White","UW Control","Spells","7","16","17","3.26","Witch Enchanter, Sensei's Divining Top, Fractured Identity, Balance, Library of Alexandria, Wan Shi Tong, Librarian, Prismatic Ending, Hullbreacher, Wrath of God, Winds of Abandon, Get Lost, Lórien Revealed, Daze, Overlord of the Mistmoors, Celestial Colonnade, Force of Will, Seachrome Coast, Force of Negation, Teferi, Time Raveler, Island, Island, Island, Island, Island, Loran of the Third Path, Plains, Plains, Plains, Plains, Plains, Plains, Plains, Arid Mesa, Thundertrap Trainer, Spell Pierce, Marsh Flats, Eagles of the North, Unexpectedly Absent, Teferi, Hero of Dominaria, Sunfall","Traumatic Critique, Tezzeret, Cruel Captain, Ephemerate, Sheoldred's Edict, Stoneforge Mystic, Giver of Runes, Tidehollow Sculler, Jacked Rabbit, Tersa Lightshatter, Town Greeter, Voice of Victory, Abhorrent Oculus, Flickerwisp, Makdee and Itla, Skysnarers, Hedge Maze, Thraben Inspector, Temple Garden"
"34","3","Red/White","RW Aggro","Humans","15","8","17","2.30","Mox Jet, Parallax Wave, Inti, Seneschal of the Sun, Multiversal Passage, Palace Jailer, Fear of Missing Out, Ajani, Nacatl Pariah, Forth Eorlingas!, Adeline, Resplendent Cathar, Lightning Bolt, Swamp, Phelia, Exuberant Shepherd, Arena of Glory, Pyrogoyf, Containment Priest, Abandoned Air Temple, Mountain, Mountain, Mountain, Mountain, Mountain, Sanguine Evangelist, Otharri, Suns' Glory, Swords to Plowshares, Guide of Souls, Ocelot Pride, Plains, Plains, Plains, Plains, Plains, Plains, Plains, Plateau, Path to Exile, Solitude, Broadside Bombardiers, Orcish Bowmasters, Galvanic Discharge, Abrade","Brightglass Gearhulk, The Wandering Emperor, Together as One, The Legend of Roku, Corpse Dance, Figure of Fable, Firebolt, Melded Moxite, Infernal Grasp, Razorverge Thicket, Arwen, Mortal Queen, Delayed Blast Fireball, Council's Judgment, Jennifer Walters, Lightning Greaves, Leovold, Emissary of Trest, Ivora, Insatiable Heir, Serra Paragon"
"34","4","Green","G Midrange Combo","Creatures","17","6","17","2.30","Avacyn's Pilgrim, Green Sun's Zenith, Nadu, Winged Wisdom, Sylvan Caryatid, Windswept Heath, Eternal Witness, Spara's Headquarters, Ouroboroid, Wooded Foothills, Llanowar Elves, Hexdrinker, Waterlogged Grove, Fanatic of Rhonas, Springheart Nantuko, Natural Order, Yavimaya, Cradle of Growth, Scythecat Cub, Forest, Forest, Forest, Forest, Forest, Forest, Forest, Forest, Forest, Forest, Ignoble Hierarch, Once Upon a Time, Channel, Baloth Prime, Six, Fastbond, Tireless Tracker, Vaultborn Tyrant, Uro, Titan of Nature's Wrath, Polluted Delta, Mox Diamond, Delighted Halfling, Zagoth Triome","Wrenn and Six, Sevinne's Reclamation, Keen-Eyed Curator, Vibrance, Quantum Riddler, Force of Vigor, Ursine Monstrosity, Tamiyo, Collector of Tales, Skycoach Conductor, Pillage the Bog, Generous Ent, Oath of Druids, Night Nurse, Healer of Heroes, Wistfulness, Satyr Wayfinder"
"34","5","Red/Blue","RU Spellslinger","Spells","6","17","17","2.96","Ponder, Vivi Ornitier, Displacer Kitten, Gush, Frantic Search, Echo of Eons, Emeritus of Ideation, Underworld Breach, Subtlety, Faithless Looting, Riverpyre Verge, Bazaar of Baghdad, Ancestral Recall, Tendrils of Agony, Mine Collapse, Flame Slash, Mountain, Mountain, Mountain, Mountain, Mountain, Mountain, Saheeli, Sublime Artificer, Preordain, Island, Island, Island, Island, Island, Island, Island, Island, Island, Sink into Stupor, Brazen Borrower, Pyrokinesis, Remand, Ledger Shredder, Flame of Anor, Mystical Tutor","Cut Down, Master of Death, Magda, Brazen Outlaw, Kolaghan's Command, Smuggler's Copter, Talisman of Dominance, Robber of the Rich, Unearth, Blooming Marsh, Anje's Ravager, Fireblast, Sentinel of the Nameless City, Questing Beast, Super Shredder, Phantasmal Image, Boseiju, Who Endures, Voldaren Epicure, Blazing Rootwalla, Thieving Skydiver, Kaito, Bane of Nightmares"
"34","6","Black","B Sneak and Show","Spells","7","16","17","3.35","Metamorphosis Fanatic, Liliana of the Veil, Grief, Badlands, Entomb, Snuff Out, Duress, The One Ring, Blood Crypt, Underground Sea, Swamp, Swamp, Swamp, Swamp, Swamp, Swamp, Swamp, Swamp, Swamp, Swamp, Swamp, Swamp, Triplicate Titan, Necromancy, Bone Shards, Barrowgoyf, Shallow Grave, Reanimate, Harvester of Misery, Recurring Nightmare, Toxic Deluge, Island, Through the Breach, Time Walk, Psychic Frog, Sneak Attack, Vampiric Tutor, Griselbrand, Exhume, Bloodstained Mire","Grist, the Hunger Tide, Survival of the Fittest, Grim Monolith, Deathrite Shaman, Sedgemoor Witch, Lotus Petal, Torsten, Founder of Benalia, Mutagen Man, Living Ooze, Bloodbraid Challenger, Overgrown Tomb, Moonshadow, Damn, Wastewood Verge, Endurance, Scrubland, Omnath, Locus of Creation, Damnation, Hallowed Fountain"
"34","7","Black/Blue/White","BUW Artifacts","Artifacts","6","17","17","2.87","Karn, Scion of Urza, Undercity Sewers, Everflowing Chalice, Staff of the Storyteller, Creeping Tar Pit, Concealed Courtyard, Manifold Key, Urza's Saga, Pinnacle Emissary, Black Widow, Super Spy, The Wondrous Wasp, Skullclamp, Basalt Monolith, Occult Epiphany, Raffine's Tower, Godless Shrine, Upheaval, Mox Pearl, Thopter Foundry, Shadowspear, Securitron Squadron, Forensic Gadgeteer, Elegant Parlor, Island, Island, Island, Island, Island, Island, Relic of Sauron, Memory Lapse, The Mightstone and Weakstone, Time Spiral, Scalding Tarn, Tolarian Academy, Shorikai, Genesis Engine, Blightsteel Colossus, Lion's Eye Diamond, City of Traitors, Sunbaked Canyon","Lingering Souls, Caustic Bronco, Inquisition of Kozilek, Wishclaw Talisman, Emrakul, the Aeons Torn, Vicious Rivalry, Leyline Binding, Starting Town, Guardian Scalelord, Emeritus of Truce, Sandstorm Salvager"
"34","8","Red/Blue","RU Spellslinger","Spells, Humans","11","12","17","2.22","Stormchaser's Talent, Wasteland, Misty Rainforest, Steam Vents, Oliphaunt, Lose Focus, Gitaxian Probe, Tamiyo, Inquisitive Student, Sear, Snapcaster Mage, Ragavan, Nimble Pilferer, Malcolm, Alluring Scoundrel, Detective's Phoenix, Treasure Cruise, Death-Greeter's Champion, Xander's Lounge, Chain Lightning, Generous Plunderer, Hexing Squelcher, Dack Fayden, Mountain, Mountain, Mountain, Mountain, Burst Lightning, Unholy Heat, Island, Island, Island, Island, Forest, Mana Leak, Expressive Iteration, Raugrin Triome, Strip Mine, Mox Sapphire, Bonecrusher Giant, Thornspire Verge, Jetmir's Garden, Third Path Iconoclast","Fire Covenant, Iron-Shield Elf, Sewer-veillance Cam, Phlage, Titan of Fire's Fury, Phyrexian Metamorph, Inspiring Vantage, Loot, the Pathfinder, Show and Tell, Desecrex, Gift of Servitude, Agatha's Soul Cauldron, Impractical Joke, Figure of Destiny, Lush Portico, Goblin Bombardment"
"35","1","Black/Green","BG Graveyard","Creatures","17","6","17","3.09","Alpha Deathclaw, Green Sun's Zenith, Collective Brutality, Deathrite Shaman, Windswept Heath, Eternal Witness, Keen-Eyed Curator, Swamp, Swamp, Tear Asunder, Ursine Monstrosity, Llanowar Elves, Fanatic of Rhonas, Shifting Woodland, Natural Order, Yavimaya, Cradle of Growth, Overgrown Tomb, Hogaak, Arisen Necropolis, Town Greeter, Recurring Nightmare, Forest, Forest, Forest, Forest, Forest, Forest, Forest, Forest, Forest, Generous Ent, Bayou, Endurance, Titania, Protector of Argoth, Birds of Paradise, Baloth Prime, Six, Fastbond, Griselbrand, Ziatora's Proving Ground, Delighted Halfling","Avacyn's Pilgrim, Michelangelo, Weirdness to 11, Shadowy Backstreet, Orcish Lumberjack, Mutagen Man, Living Ooze, Unearth, Force of Vigor, Savannah, Wishclaw Talisman, Esika's Chariot, Vicious Rivalry, Toxic Deluge, Basking Rootwalla, Oath of Druids, Chrome Mox, Temple Garden"
"35","2","White","W Aggro","Humans, Creatures","16","7","17","2.57","Parallax Wave, The Wandering Emperor, Palace Jailer, Ancient Tomb, Ajani, Nacatl Pariah, Forth Eorlingas!, Stoneforge Mystic, Sacred Foundry, Giver of Runes, Karakas, Jacked Rabbit, Phelia, Exuberant Shepherd, Mother of Runes, Overlord of the Mistmoors, Mox Pearl, Elite Spellbinder, Abandoned Air Temple, Securitron Squadron, Enduring Innocence, Voice of Victory, Island, Loran of the Third Path, Glimmer Lens, Plains, Plains, Plains, Plains, Plains, Plains, Plains, Plains, Plains, Plains, Plains, Makdee and Itla, Skysnarers, Time Walk, Path to Exile, Skyclave Apparition, Solitude, Flooded Strand","Karn, Scion of Urza, Ephemerate, Fractured Identity, Bleachbone Verge, Concealed Courtyard, Lurrus of the Dream-Den, Tidehollow Sculler, Aang's Iceberg, Kaldra Compleat, Zirda, the Dawnwaker, Mana Tithe, Scrubland, Guardian Scalelord, Eagles of the North, No More Lies, Goblin Bombardment, Headliner Scarlett"
"35","3","Green/Red/Blue","GRU Midrange Combo","Creatures","16","7","17","2.17","Wasteland, Misty Rainforest, Fabled Passage, Nadu, Winged Wisdom, Stomping Ground, Multiversal Passage, Pest Infestation, Breeding Pool, Mox Emerald, The One Ring, Magda, Brazen Outlaw, Elvish Mystic, Urza's Saga, Formidable Speaker, Verdant Catacombs, Hexdrinker, Bloodbraid Challenger, Haywire Mite, Firebolt, Copperline Gorge, Commercial District, Forest, Forest, Forest, Sylvan Safekeeper, Volcanic Island, Impractical Joke, Ignoble Hierarch, Once Upon a Time, Strip Mine, Bristly Bill, Spine Sower, Broadside Bombardiers, Wistfulness, Tireless Tracker, Emeritus of Truce, Thornspire Verge, Sandstorm Salvager, Uro, Titan of Nature's Wrath, Galvanic Discharge, Sunbaked Canyon","Talisman of Progress, Squee, Goblin Nabob, Survival of the Fittest, Phyrexian Metamorph, Vengevine, Super Shredder, Legion Extruder, Teferi, Hero of Dominaria"
"35","4","Red","R Burn","Spells, Humans","10","13","17","2.57","Seasoned Pyromancer, Sear, Fiery Confluence, Cori-Steel Cutter, Robber of the Rich, Black Lotus, Bazaar of Baghdad, Arena of Glory, Skullclamp, Pyrogoyf, Death-Greeter's Champion, Mine Collapse, Chain Lightning, Generous Plunderer, Fireblast, Gau, Feral Youth, Laelia, the Blade Reforged, Mountain, Mountain, Mountain, Mountain, Mountain, Mountain, Mountain, Mountain, Mountain, Mountain, Mountain, Mountain, Mountain, Mountain, Burst Lightning, Unholy Heat, Pyrokinesis, Marauding Mako, Tarfire, City of Traitors, Abrade, Fury, Screaming Nemesis","Phyrexian Dragon Engine, Badlands, Cut Down, Grim Monolith, Sewer-veillance Cam, Horizon Canopy, Lotus Petal, Kavaero, Mind-Bitten, Blooming Marsh, Wan Shi Tong, All-Knowing, Barrowgoyf, Melded Moxite, Agatha's Soul Cauldron, Plateau, Mind Stone, Night Nurse, Healer of Heroes, Flow State, Third Path Iconoclast, Elspeth, Storm Slayer"
"35","5","Black/Blue","BU Tempo","Spells","10","13","17","2.48","Stormchaser's Talent, Nethergoyf, Thassa's Oracle, Tamiyo, Inquisitive Student, Creeping Tar Pit, Wan Shi Tong, Librarian, Snuff Out, Underground Sea, Consider, Fallen Shinobi, Swamp, Swamp, Swamp, Swamp, Swamp, Quantum Riddler, Jace, Vryn's Prodigy, Occult Epiphany, Mind Twist, Demonic Tutor, Thought Scour, Infernal Grasp, Hymn to Tourach, Darkslick Shores, Archon of Cruelty, Narset, Parter of Veils, Preordain, Abhorrent Oculus, Island, Island, Island, Island, Island, Island, Brazen Borrower, Counterspell, Otawara, Soaring City, Shelldock Isle, Kaito, Bane of Nightmares, Watery Grave","Sevinne's Reclamation, Master of Death, Kolaghan's Command, Talisman of Dominance, Corpse Dance, The Wondrous Wasp, Vindicate, Skycoach Conductor, Night's Whisper, Arwen, Mortal Queen, Leyline Binding, Proft's Eidetic Memory, Starting Town, Mana Confluence, Flame of Anor, Thieving Skydiver"
"35","6","Blue","U Artifacts","Artifacts","3","20","17","2.26","Coalition Relic, Displacer Kitten, Tezzeret, Cruel Captain, Balance, Sword of the Meek, Paradoxical Outcome, Manifold Key, Aether Spellbomb, Basalt Monolith, Raffine's Tower, Thopter Foundry, Miscalculation, Mountain, Retrofitter Foundry, Saheeli, Sublime Artificer, Island, Island, Island, Island, Island, Island, Island, Island, Island, Island, Island, Memory Lapse, The Mightstone and Weakstone, Candelabra of Tawnos, Meticulous Archive, Mystic Confluence, Mox Sapphire, Emry, Lurker of the Loch, Tolarian Academy, Mox Opal, Urza, Lord High Artificer, Indatha Triome, Hallowed Fountain, Mox Diamond, Chromatic Star","Appa, Steadfast Guardian, Grist, the Hunger Tide, Emeritus of Ideation, Tishana's Tidebinder, Snapcaster Mage, Subtlety, Malcolm, Alluring Scoundrel, Flash, Overlord of the Balemurk, Bitter Triumph, Talisman of Curiosity, Faerie Mastermind, Damn, Spell Pierce, Unexpectedly Absent, Vampiric Tutor, Oust"
"35","7","Black/Green/Red","BGR Sneak and Show","Spells","12","11","17","3.26","Metamorphosis Fanatic, Liliana of the Veil, Steam Vents, Oliphaunt, Iron-Shield Elf, Troll of Khazad-dûm, Worldspine Wurm, Entomb, Inquisition of Kozilek, Faithless Looting, Bloodtithe Harvester, Blood Crypt, Smuggler's Copter, Dark Ritual, Swamp, Swamp, Swamp, Swamp, Swamp, Swamp, Swamp, Swamp, Blackcleave Cliffs, Etali, Primal Conqueror, Blazemire Verge, Currency Converter, Shallow Grave, Moonshadow, Mountain, Atraxa, Grand Unifier, Forest, Forest, Through the Breach, Emperor of Bones, Life // Death, Ivora, Insatiable Heir, Thoughtseize, Dauthi Voidwalker, Bloodstained Mire, Zagoth Triome","Zuran Orb, Chandra, Torch of Defiance, Caustic Bronco, Torsten, Founder of Benalia, Ouroboroid, Kappa Cannoneer, Shadowspear, Anje's Ravager, Dack Fayden, Show and Tell, Desecrex, Gift of Servitude, Damnation, Ledger Shredder, Chain of Smog, Anger, Mystical Tutor"
"35","8","Black/Red/Blue","BRU Combo","Spells","4","19","17","2.96","Vivi Ornitier, Talisman of Creativity, Gush, Frantic Search, Urza's Bauble, Echo of Eons, Bolas's Citadel, Spara's Headquarters, Yawgmoth's Will, Brainstorm, Brain Freeze, Spellseeker, Riverpyre Verge, Jace, Wielder of Mysteries, Swamp, Swamp, Swamp, Cabal Ritual, Ketria Triome, Pentad Prism, Tropical Island, Mana Drain, Tendrils of Agony, Underground Mortuary, Manamorphose, Wheel of Fortune, Island, Island, Island, Island, Island, Mana Leak, Raugrin Triome, Timetwister, Time Spiral, Thundering Falls, Urborg, Tomb of Yawgmoth, Psychic Frog, Orcish Bowmasters, Spirebluff Canal","Lingering Souls, Dark Confidant, Together as One, Walking Ballista, Astrologian's Planisphere, Springheart Nantuko, Teferi, Time Raveler, Relic of Sauron, Questing Beast, Leovold, Emissary of Trest, Time Warp, Reprieve, Dismember"
"36","1","Blue/White","UW Artifacts","Artifacts","5","18","17","3.35","Tundra, Nettlecyst, Displacer Kitten, Urza's Bauble, Lose Focus, Tinker, Horizon Canopy, Wan Shi Tong, Librarian, Paradoxical Outcome, Portal to Phyrexia, Ugin, Eye of the Storms, Portable Hole, Talisman of Conviction, Mana Vault, Upheaval, Shadowspear, Talisman of Curiosity, Dack Fayden, Mountain, Island, Island, Island, Island, Island, Island, Island, Island, Island, Island, Island, The Mightstone and Weakstone, Plateau, Candelabra of Tawnos, Hedge Maze, Emry, Lurker of the Loch, Mox Opal, Shorikai, Genesis Engine, Blightsteel Colossus, Otawara, Soaring City, Thieving Skydiver","Alpha Deathclaw, Lion Sash, Tidehollow Sculler, Lavaspur Boots, Wan Shi Tong, All-Knowing, Haywire Mite, Zirda, the Dawnwaker, Melded Moxite, Elite Spellbinder, Esika's Chariot, Loran of the Third Path, Glimmer Lens, Goblin Engineer, Endurance, Voldaren Epicure, Emeritus of Abundance, Flame of Anor"
"36","2","Black/Green/Red/Blue","BGRU Sneak and Show","Spells","9","14","17","4.00","Raucous Theater, Grim Monolith, Taiga, Woodfall Primus, Torsten, Founder of Benalia, Bloodtithe Harvester, Kolaghan's Command, Bazaar of Baghdad, Swamp, Wooded Foothills, Blooming Marsh, Necromancy, Tropical Island, Etali, Primal Conqueror, Demonic Tutor, Manamorphose, Emrakul, the Aeons Torn, Hexing Squelcher, Elegant Parlor, Copperline Gorge, Atraxa, Grand Unifier, Island, Commercial District, Bayou, Show and Tell, Animate Dead, Through the Breach, Wastewood Verge, Once Upon a Time, Starting Town, Channel, Broadside Bombardiers, Sneak Attack, Thornspire Verge, Vaultborn Tyrant, Vampiric Tutor, Ziatora's Proving Ground, Sunbaked Canyon, Abrade, Mystical Tutor","Keen-Eyed Curator, Tamiyo, Collector of Tales, Wishclaw Talisman, Thought Scour, Mine Collapse, Generous Plunderer, Sentinel of the Nameless City"
"36","3","Black","B Sneak and Show","Spells","9","14","17","2.26","Liliana of the Veil, Caustic Bronco, Cut Down, Sheoldred's Edict, Troll of Khazad-dûm, Collective Brutality, Entomb, Mana Crypt, Inquisition of Kozilek, Swamp, Swamp, Swamp, Swamp, Swamp, Swamp, Swamp, Swamp, Swamp, Swamp, Swamp, Swamp, Swamp, Swamp, Swamp, Swamp, Crabomination, Overlord of the Balemurk, Bone Shards, Barrowgoyf, Underground Mortuary, Moonshadow, Recurring Nightmare, Emperor of Bones, Life // Death, Orcish Bowmasters, Chrome Mox, Thoughtseize, Dauthi Voidwalker, Exhume, Dismember","Savai Triome, Appa, Steadfast Guardian, Squee, Goblin Nabob, Erode, Phlage, Titan of Fire's Fury, Adeline, Resplendent Cathar, Inspiring Vantage, Blood Crypt, Carnage Interpreter, Cabal Ritual, Mother of Runes, Arena of Glory, Arwen, Mortal Queen, Damn, Fable of the Mirror-Breaker, Sage of the Skies, Guardian Scalelord, Ivora, Insatiable Heir, Wistfulness, Anger, Batroc the Leaper"
"36","4","Red/Blue","RU Spellslinger","Spells","9","14","17","2.43","Vivi Ornitier, Lutri, the Spellchaser, Steam Vents, Multiversal Passage, Fear of Missing Out, Tishana's Tidebinder, The One Ring, Fiery Confluence, Urza's Saga, Consider, Robber of the Rich, Riverpyre Verge, Occult Epiphany, Daze, Xander's Lounge, Miscalculation, Delayed Blast Fireball, Laelia, the Blade Reforged, Mountain, Mountain, Mountain, Mountain, Mountain, Mountain, Wheel of Fortune, Faerie Mastermind, Burst Lightning, Unholy Heat, Island, Island, Island, Sink into Stupor, Volcanic Island, Expressive Iteration, Timetwister, Scalding Tarn, Counterspell, Bonecrusher Giant, Spirebluff Canal, Screaming Nemesis","Traumatic Critique, Detective's Phoenix, Blackcleave Cliffs, Figure of Fable, Loot, the Pathfinder, Waterlogged Grove, Infernal Grasp, Hymn to Tourach, Fireblast, Boseiju, Who Endures, Desecrex, Gift of Servitude, Figure of Destiny, Goblin Bombardment, Kaito, Bane of Nightmares"
"36","5","Green/Red/Blue","GRU Midrange Combo","Creatures","16","7","17","2.43","Fabled Passage, Green Sun's Zenith, Nadu, Winged Wisdom, Wrenn and Six, Icetill Explorer, Sylvan Caryatid, Stomping Ground, Windswept Heath, Hullbreacher, Eternal Witness, Minsc & Boo, Timeless Heroes, Elvish Mystic, Force of Vigor, Oko, Thief of Crowns, Ursine Monstrosity, Verdant Catacombs, Llanowar Elves, Fanatic of Rhonas, Gaea's Cradle, Botanical Sanctum, Springheart Nantuko, Natural Order, Noble Hierarch, Forest, Forest, Forest, Forest, Forest, Forest, Forest, Forest, Forest, Questing Beast, Sylvan Safekeeper, Ignoble Hierarch, Thundering Falls, Six, Fastbond, Tireless Tracker, Temple Garden","Brightglass Gearhulk, Sevinne's Reclamation, Orcish Lumberjack, Mutagen Man, Living Ooze, Spellseeker, Fallen Shinobi, Vibrance, Territorial Kavu, Bloodbraid Challenger, Hogaak, Arisen Necropolis, Town Greeter, Jennifer Walters, Omnath, Locus of Creation, Leovold, Emissary of Trest"
"36","6","Blue/White","UW Artifacts","Artifacts","3","20","17","2.65","Karn, Scion of Urza, Everflowing Chalice, Tezzeret, Cruel Captain, Sensei's Divining Top, Talisman of Creativity, Fractured Identity, Soul-Guide Lantern, Sword of the Meek, Talisman of Dominance, Astrologian's Planisphere, Swamp, Swamp, Karakas, Lórien Revealed, Kappa Cannoneer, Thopter Foundry, Expedition Map, Currency Converter, Coveted Jewel, Seachrome Coast, Mountain, Retrofitter Foundry, Island, Island, Island, Island, Island, Island, Island, Island, Island, Island, Island, Myr Battlesphere, Mind Stone, Meticulous Archive, Time Walk, Urza, Lord High Artificer, Oust, Chromatic Star","Lingering Souls, Staff of the Storyteller, Together as One, Krang, Utrom Warlord, Wrath of God, Black Widow, Super Spy, Gut, True Soul Zealot, Witherbloom Apprentice, Kaldra Compleat, Firebolt, Vicious Rivalry, Mana Tithe, Razorverge Thicket, Impractical Joke, Lightning Greaves, Thundertrap Trainer, Unexpectedly Absent, Teferi, Hero of Dominaria, Third Path Iconoclast"
"36","7","Blue/White","UW Control","Humans","14","9","17","2.04","Ponder, Witch Enchanter, Spara's Headquarters, Stoneforge Mystic, Mox Emerald, Subtlety, Malcolm, Alluring Scoundrel, Stern Scolding, Giver of Runes, Get Lost, Ancestral Recall, Jacked Rabbit, Phelia, Exuberant Shepherd, Raffine's Tower, Cathar Commando, Jace, the Mind Sculptor, Celestial Colonnade, Abandoned Air Temple, Teferi, Time Raveler, Voice of Victory, Island, Island, Island, Island, Guide of Souls, Plains, Plains, Plains, Plains, Plains, Plains, Plains, Brazen Borrower, Thraben Inspector, Luminarch Aspirant, Spell Pierce, Path to Exile, Solitude, Polluted Delta, Hallowed Fountain","Stormchaser's Talent, Shadowy Backstreet, Deathrite Shaman, Badgermole Cub, Prismatic Ending, Phyrexian Metamorph, Underground Sea, Skycoach Conductor, Sanguine Evangelist, Phantasmal Image, Scrubland, Damnation, Emeritus of Truce, Serra Paragon, Tarfire, Sunfall"
"36","8","Black/Red/Blue","BRU Combo","Spells, Humans","7","16","17","2.30","Undercity Sewers, Misty Rainforest, Dragon's Rage Channeler, Badlands, Fatal Push, Imperial Seal, Gitaxian Probe, Tamiyo, Inquisitive Student, Stock Up, Emeritus of Ideation, Creeping Tar Pit, Sedgemoor Witch, Underworld Breach, Snapcaster Mage, Lotus Petal, Ragavan, Nimble Pilferer, Brain Freeze, Unearth, Treasure Cruise, Kavaero, Mind-Bitten, Pentad Prism, Darkslick Shores, Mountain, Mountain, Narset, Parter of Veils, Toxic Deluge, Island, Island, Island, Island, Island, Island, Island, Forest, Mana Leak, Strip Mine, Remand, Memory Jar, Lion's Eye Diamond, Watery Grave","Twilight Diviner, Zuran Orb, Iron-Shield Elf, Sear, Suplex, Bloodchief's Thirst, The Wondrous Wasp, Tear Asunder, Death-Greeter's Champion, Containment Priest, Tersa Lightshatter, Goblin Welder, Harvester of Misery, Concealing Curtains, Aang, Swift Savior"
"37","1","Blue","U Artifacts","Artifacts","4","19","17","3.57","Zuran Orb, Misty Rainforest, Talisman of Creativity, Soul-Guide Lantern, Tinker, Krang, Utrom Warlord, Aether Spellbomb, Ugin, Eye of the Storms, Oko, Thief of Crowns, Basalt Monolith, Upheaval, Kappa Cannoneer, Expedition Map, Force of Will, Forensic Gadgeteer, Mountain, Saheeli, Sublime Artificer, Island, Island, Island, Island, Island, Island, Island, Island, Island, Island, Island, Island, Island, Island, Forest, The Mightstone and Weakstone, Candelabra of Tawnos, Mind Stone, Time Spiral, Fastbond, Blightsteel Colossus, Mystical Tutor, Chromatic Star","Nethergoyf, Sylvan Caryatid, Sevinne's Reclamation, The Legend of Roku, Treasure Cruise, Verdant Catacombs, Wan Shi Tong, All-Knowing, Haywire Mite, Skycoach Conductor, Fanatic of Rhonas, Yavimaya, Cradle of Growth, Razorverge Thicket, Darkslick Shores, Flickerwisp, Super Shredder, Phantasmal Image, Ignoble Hierarch, Meticulous Archive, Baloth Prime, Six, Wistfulness"
"37","2","Black","B Sneak and Show","Spells","6","17","17","2.61","Metamorphosis Fanatic, Badlands, Imperial Seal, Cut Down, Iron-Shield Elf, Sheoldred's Edict, Inquisition of Kozilek, Blood Crypt, Bazaar of Baghdad, Swamp, Swamp, Swamp, Swamp, Swamp, Swamp, Swamp, Swamp, Swamp, Corpse Dance, Cabal Ritual, Overlord of the Balemurk, Wooded Foothills, Necromancy, Bitter Triumph, Mind Twist, Night's Whisper, Infernal Grasp, Concealing Curtains, Recurring Nightmare, Bayou, Through the Breach, Arid Mesa, Life // Death, Thornspire Verge, Chain of Smog, Vampiric Tutor, Dauthi Voidwalker, Griselbrand, Ziatora's Proving Ground, Exhume","Traumatic Critique, Caustic Bronco, Oliphaunt, Worldspine Wurm, Mole Man, Moloid Master, Detective's Phoenix, Black Widow, Super Spy, Mine Collapse, Basking Rootwalla, Desecrex, Gift of Servitude, Anger, Satyr Wayfinder, Lion's Eye Diamond, Fury"
"37","3","Black/Red/Blue/White","BRUW Artifacts","Artifacts","4","19","17","2.26","Prismatic Vista, Vivi Ornitier, Nettlecyst, Everflowing Chalice, Tezzeret, Cruel Captain, Steam Vents, Urza's Bauble, Sewer-veillance Cam, Bolas's Citadel, Phyrexian Metamorph, Mox Emerald, Smuggler's Copter, Riverpyre Verge, Swamp, Swamp, Talisman of Conviction, Pentad Prism, Mox Pearl, Thopter Foundry, Talisman of Curiosity, Elegant Parlor, Mountain, Preordain, Island, Island, Island, Island, Forest, Relic of Sauron, Mishra's Workshop, Plains, Legion Extruder, Expressive Iteration, Timetwister, Emry, Lurker of the Loch, Tolarian Academy, Time Warp, Otawara, Soaring City, Third Path Iconoclast, Shelldock Isle","Staff of the Storyteller, Suplex, Lion Sash, Jace, Wielder of Mysteries, Aang's Iceberg, Doomsday, Wishclaw Talisman, Mana Tithe, Loran of the Third Path, Show and Tell, Aang, Swift Savior, Omnath, Locus of Creation, Bonecrusher Giant, Eagles of the North"
"37","4","Red","R Burn","Spells","11","12","17","2.13","Savai Triome, Seasoned Pyromancer, Chandra, Torch of Defiance, Umezawa's Jitte, Ragavan, Nimble Pilferer, Fiery Confluence, Magda, Brazen Outlaw, Cori-Steel Cutter, Carnage Interpreter, Robber of the Rich, Firebolt, Hexing Squelcher, Tersa Lightshatter, Delayed Blast Fireball, Fireblast, Laelia, the Blade Reforged, Mountain, Mountain, Mountain, Mountain, Mountain, Mountain, Mountain, Mountain, Mountain, Mountain, Mountain, Mountain, Mountain, Mountain, Burst Lightning, Unholy Heat, Plains, Figure of Destiny, Blazing Rootwalla, Ivora, Insatiable Heir, Mox Ruby, Galvanic Discharge, Tarfire, City of Traitors","Talisman of Progress, Phyrexian Dragon Engine, Fabled Passage, Lutri, the Spellchaser, Dark Confidant, Lurrus of the Dream-Den, Bloodchief's Thirst, Keen-Eyed Curator, Walking Ballista, Savannah, Mana Vault, Currency Converter, Moonshadow, Retrofitter Foundry, Impractical Joke, Sage of the Skies, Mox Opal, Emeritus of Truce, Batroc the Leaper, Goblin Bombardment"
"37","5","Black/Blue","BU Reanimator","Spells","9","14","17","2.57","Undercity Sewers, Wasteland, Grief, Fatal Push, Creeping Tar Pit, Entomb, Hullbreacher, Snuff Out, Sheoldred, the Apocalypse, Baleful Strix, The One Ring, Malcolm, Alluring Scoundrel, Unearth, Swamp, Swamp, Swamp, Swamp, Swamp, Swamp, Swamp, Swamp, Swamp, Kavaero, Mind-Bitten, Occult Epiphany, Raffine's Tower, Daze, Demonic Tutor, Hymn to Tourach, Harvester of Misery, Narset, Parter of Veils, Island, Island, Sink into Stupor, Animate Dead, Spell Pierce, Psychic Frog, Deep-Cavern Bat, Kaito, Bane of Nightmares, Bloodstained Mire, Watery Grave","Tundra, Grist, the Hunger Tide, Ephemerate, Sedgemoor Witch, Bleachbone Verge, Woodfall Primus, Yawgmoth's Will, Master of Death, Jacked Rabbit, The Wondrous Wasp, Godless Shrine, Underground Mortuary, Abandoned Air Temple, Council's Judgment, Scrubland, Damnation"
"37","6","Green/Red/Blue","GRU Midrange Combo","Spells, Humans","10","13","17","2.35","Ponder, Dragon's Rage Channeler, Stomping Ground, Multiversal Passage, Thassa's Oracle, Stock Up, Echo of Eons, Underworld Breach, Wan Shi Tong, Librarian, Snapcaster Mage, Eternal Witness, Spara's Headquarters, Stern Scolding, Brain Freeze, Spellseeker, Ancestral Recall, Cloak and Dagger, Entwined, Loot, the Pathfinder, Ketria Triome, Manamorphose, Force of Negation, Island, Island, Island, Island, Island, Island, Island, Island, Island, Commercial District, Proft's Eidetic Memory, Scalding Tarn, Thundering Falls, Remand, Night Nurse, Healer of Heroes, Indatha Triome, Flame of Anor, Uro, Titan of Nature's Wrath, Mox Diamond","Icetill Explorer, Survival of the Fittest, Pest Infestation, Together as One, Elvish Mystic, Ouroboroid, Nissa, Who Shakes the World, Territorial Kavu, Bloodbraid Challenger, Vengevine, Esika's Chariot, Vicious Rivalry, Sentinel of the Nameless City, Damn"
"37","7","Red/White","RW Stompy","Humans","12","11","17","2.57","Parallax Wave, Palace Jailer, Fear of Missing Out, Phlage, Titan of Fire's Fury, Forth Eorlingas!, Stoneforge Mystic, Minsc & Boo, Timeless Heroes, Inspiring Vantage, Lightning Bolt, Sacred Foundry, Get Lost, Mother of Runes, Gut, True Soul Zealot, Death-Greeter's Champion, Chain Lightning, Containment Priest, Flame Slash, Mountain, Mountain, Mountain, Mountain, Sanguine Evangelist, Voice of Victory, Glimmer Lens, Plains, Plains, Plains, Plains, Plains, Raugrin Triome, Thraben Inspector, Pyrokinesis, Mana Confluence, Strip Mine, Lush Portico, Skyclave Apparition, Reprieve, Flooded Strand, Jetmir's Garden, Elspeth, Storm Slayer","Appa, Steadfast Guardian, Raucous Theater, Avacyn's Pilgrim, Lingering Souls, Brightglass Gearhulk, Balance, Shadowy Backstreet, Underground Sea, Figure of Fable, Overlord of the Mistmoors, Arwen, Mortal Queen, Wheel of Fortune, Volcanic Island, Voldaren Epicure"
"37","8","Green/Blue/White","GUW Blink","Spells","10","13","17","2.65","Witch Enchanter, Displacer Kitten, Nadu, Winged Wisdom, Fractured Identity, Gitaxian Probe, Tamiyo, Inquisitive Student, Library of Alexandria, Horizon Canopy, Windswept Heath, Wrath of God, Brainstorm, Quantum Riddler, Formidable Speaker, Hexdrinker, Tropical Island, Botanical Sanctum, Miscalculation, Scythecat Cub, Seachrome Coast, Teferi, Time Raveler, Island, Island, Island, Island, Island, Forest, Forest, Memory Lapse, Plains, Lightning Greaves, Hedge Maze, Once Upon a Time, Time Walk, Bristly Bill, Spine Sower, Path to Exile, Urza, Lord High Artificer, No More Lies, Hallowed Fountain, Teferi, Hero of Dominaria, Temple Garden","Taiga, Vindicate, Ursine Monstrosity, Witherbloom Apprentice, Cathar Commando, Tendrils of Agony, Natural Order, Hogaak, Arisen Necropolis, Town Greeter, Questing Beast, Wastewood Verge, Endurance, Vaultborn Tyrant"
"38","1","Red/Blue","RU Spellslinger","Artifacts, Spells","6","17","17","2.52","Vivi Ornitier, Dragon's Rage Channeler, Talisman of Creativity, Lutri, the Spellchaser, Gush, Frantic Search, Thassa's Oracle, Sear, Lightning Bolt, Brain Freeze, Cori-Steel Cutter, Consider, Astrologian's Planisphere, Treasure Cruise, Mishra's Bauble, Xander's Lounge, Thought Scour, Manamorphose, Mountain, Mountain, Mountain, Mountain, Mountain, Island, Island, Island, Island, Island, Island, Island, Island, Island, Island, Volcanic Island, Time Spiral, Time Warp, Ledger Shredder, Flame of Anor, Mox Diamond, Third Path Iconoclast","Traumatic Critique, Displacer Kitten, Lingering Souls, Squee, Goblin Nabob, Umezawa's Jitte, Paradoxical Outcome, Bloodtithe Harvester, Robber of the Rich, Witherbloom Apprentice, Cathar Commando, Zirda, the Dawnwaker, Fireblast, Goblin Welder, Leyline Binding, Phantasmal Image, Omnath, Locus of Creation, Marauding Mako, Memory Jar, Batroc the Leaper, Thieving Skydiver"
"38","2","Black/Blue","BU Reanimator","Spells","9","14","17","2.87","Undercity Sewers, Imperial Seal, Library of Alexandria, Troll of Khazad-dûm, Wan Shi Tong, Librarian, Duress, Baleful Strix, Fallen Shinobi, Swamp, Swamp, Swamp, Swamp, Swamp, Swamp, Swamp, Swamp, Swamp, Swamp, Swamp, Jace, Vryn's Prodigy, Corpse Dance, Crabomination, Lórien Revealed, Bone Shards, Mind Twist, Demonic Tutor, Infernal Grasp, Force of Will, Reanimate, Concealing Curtains, Archon of Cruelty, Toxic Deluge, Abhorrent Oculus, Island, Island, Island, Chain of Smog, Thoughtseize, Shelldock Isle, Dismember","Tundra, The Wandering Emperor, Ephemerate, Echo of Eons, Bolas's Citadel, Stoneforge Mystic, Talisman of Dominance, Unearth, Triplicate Titan, Cloak and Dagger, Entwined, Aang's Iceberg, Doomsday, Overlord of the Mistmoors, Hogaak, Arisen Necropolis, Voice of Victory, Makdee and Itla, Skysnarers, Thundertrap Trainer, Channel, Vaultborn Tyrant"
"38","3","Blue/White","UW Control","Spells, Humans","10","13","17","2.83","Fractured Identity, Palace Jailer, Lose Focus, Stock Up, Windswept Heath, Tishana's Tidebinder, Snapcaster Mage, Subtlety, Ancestral Recall, Quantum Riddler, Sol Ring, Mana Vault, Mana Drain, Elite Spellbinder, Seachrome Coast, Council's Judgment, Teferi, Time Raveler, Island, Island, Island, Island, Island, Island, Island, Loran of the Third Path, Plains, Plains, Plains, Plains, Plains, Aang, Swift Savior, Counterspell, Meticulous Archive, Path to Exile, Skyclave Apparition, Solitude, Shorikai, Genesis Engine, Otawara, Soaring City, No More Lies, Flooded Strand","Witch Enchanter, Staff of the Storyteller, Soul-Guide Lantern, Sewer-veillance Cam, Master of Death, Winds of Abandon, Lion Sash, Botanical Sanctum, Mana Tithe, Arwen, Mortal Queen, Flickerwisp, Guide of Souls, Impractical Joke, Thraben Inspector, Sage of the Skies, Baloth Prime, Sunbaked Canyon"
"38","4","Green/Red/White","GRW Stompy","Humans","12","11","17","2.09","Savai Triome, Avacyn's Pilgrim, Sevinne's Reclamation, Taiga, Ancient Tomb, Ajani, Nacatl Pariah, Horizon Canopy, Erode, Phlage, Titan of Fire's Fury, Forth Eorlingas!, Mox Emerald, The One Ring, Inspiring Vantage, Giver of Runes, The Wondrous Wasp, Figure of Fable, Portable Hole, Gut, True Soul Zealot, Pyrogoyf, Death-Greeter's Champion, Generous Plunderer, Razorverge Thicket, Abandoned Air Temple, Elegant Parlor, Mountain, Mountain, Swords to Plowshares, Plains, Plains, Fable of the Mirror-Breaker, Arid Mesa, Plateau, Ignoble Hierarch, Bristly Bill, Spine Sower, Lush Portico, Oust, Reprieve, Temple Garden, Jetmir's Garden, Elspeth, Storm Slayer","Brightglass Gearhulk, Icetill Explorer, Together as One, Vibrance, Tear Asunder, Daze, Haywire Mite, Generous Ent, Lightning Greaves"
"38","5","Blue/White","UW Artifacts","Artifacts","6","17","17","2.70","Talisman of Progress, Wasteland, Everflowing Chalice, Tezzeret, Cruel Captain, Sensei's Divining Top, Sword of the Meek, Grim Monolith, Tinker, Phyrexian Metamorph, Manifold Key, Urza's Saga, Pinnacle Emissary, Raffine's Tower, Upheaval, Kappa Cannoneer, Mox Pearl, Thopter Foundry, Coveted Jewel, Forensic Gadgeteer, Mountain, Saheeli, Sublime Artificer, Island, Island, Island, Island, Island, Island, Island, Island, Island, Mishra's Workshop, Myr Battlesphere, Candelabra of Tawnos, Timetwister, Emry, Lurker of the Loch, Tolarian Academy, Mox Opal, City of Traitors, Hallowed Fountain, Chromatic Star","Coalition Relic, Phyrexian Dragon Engine, Appa, Steadfast Guardian, Gitaxian Probe, Tidehollow Sculler, Black Widow, Super Spy, Blooming Marsh, Night's Whisper, Shadowspear, Expedition Map, Securitron Squadron, Glimmer Lens, Titania, Protector of Argoth, Guardian Scalelord, Lion's Eye Diamond"
"38","6","Black/Red","BR Aristocrats","Spells","9","14","17","2.30","Chandra, Torch of Defiance, Badlands, Oliphaunt, Dark Confidant, Fear of Missing Out, Underworld Breach, Snuff Out, Ragavan, Nimble Pilferer, Fiery Confluence, Magda, Brazen Outlaw, Kolaghan's Command, Detective's Phoenix, Blackcleave Cliffs, Arena of Glory, Mine Collapse, Chain Lightning, Flame Slash, Delayed Blast Fireball, Gau, Feral Youth, Mountain, Mountain, Mountain, Mountain, Mountain, Mountain, Mountain, Mountain, Mountain, Mountain, Mountain, Unholy Heat, Scalding Tarn, Voldaren Epicure, Strip Mine, Broadside Bombardiers, Mox Ruby, Galvanic Discharge, Tarfire, Abrade, Bloodstained Mire","Fabled Passage, Nadu, Winged Wisdom, Caustic Bronco, Lurrus of the Dream-Den, Keen-Eyed Curator, Aether Spellbomb, Lavaspur Boots, Ursine Monstrosity, Tendrils of Agony, Melded Moxite, Pillage the Bog, Moonshadow, Desecrex, Gift of Servitude, Expressive Iteration, Endurance, Goblin Bombardment"
"38","7","Green/Blue/White","GUW Midrange Combo","Green/Blue/White","15","8","17","2.96","Prismatic Vista, Green Sun's Zenith, Survival of the Fittest, Stomping Ground, Breeding Pool, Badgermole Cub, Woodfall Primus, Minsc & Boo, Timeless Heroes, Torsten, Founder of Benalia, Elvish Mystic, Ouroboroid, Riverpyre Verge, Formidable Speaker, Oko, Thief of Crowns, Hexdrinker, Bloodbraid Challenger, Tropical Island, Fanatic of Rhonas, Shifting Woodland, Gaea's Cradle, Natural Order, Noble Hierarch, Copperline Gorge, Atraxa, Grand Unifier, Forest, Forest, Forest, Forest, Forest, Forest, Forest, Forest, Plains, Time Walk, Malevolent Rumble, Birds of Paradise, Six, Fastbond, Uro, Titan of Nature's Wrath, Delighted Halfling","Alpha Deathclaw, Grist, the Hunger Tide, Michelangelo, Weirdness to 11, Deathrite Shaman, Suplex, Orcish Lumberjack, Territorial Kavu, Skycoach Conductor, Okoye, Mighty and Adored, Vicious Rivalry, Sanguine Evangelist, Agatha's Soul Cauldron, Emeritus of Abundance, Screaming Nemesis"
"38","8","Black/Green/Red","BGR Sneak and Show","Spells","9","14","17","3.83","Metamorphosis Fanatic, Seasoned Pyromancer, Raucous Theater, Twilight Diviner, Misty Rainforest, Liliana of the Veil, Cut Down, Iron-Shield Elf, Sheoldred's Edict, Worldspine Wurm, Entomb, Lotus Petal, Blood Crypt, Swamp, Swamp, Swamp, Swamp, Swamp, Swamp, Swamp, Verdant Catacombs, Necromancy, Ketria Triome, Etali, Primal Conqueror, Bitter Triumph, Wishclaw Talisman, Underground Mortuary, Overgrown Tomb, Mountain, Show and Tell, Through the Breach, Oath of Druids, Mana Confluence, Marsh Flats, Sneak Attack, Blightsteel Colossus, Vampiric Tutor, Griselbrand, Exhume, Fury","Concealed Courtyard, Mole Man, Moloid Master, Mutagen Man, Living Ooze, Force of Vigor, Kavaero, Mind-Bitten, Pentad Prism, Kaldra Compleat, Town Greeter, Damn, Scrubland, Leovold, Emissary of Trest, Spell Pierce, Eagles of the North"
"39","1","Black/Blue","BU Reanimator","Spells","8","15","17","2.70","Metamorphosis Fanatic, Frantic Search, Iron-Shield Elf, Collective Brutality, Malcolm, Alluring Scoundrel, Black Lotus, Dark Ritual, Bazaar of Baghdad, Swamp, Swamp, Swamp, Swamp, Swamp, Swamp, Swamp, Swamp, Swamp, Swamp, Swamp, Swamp, Necromancy, Mana Drain, Mind Twist, Night's Whisper, Infernal Grasp, Shallow Grave, Recurring Nightmare, Archon of Cruelty, Abhorrent Oculus, Island, Island, Island, Show and Tell, Animate Dead, Emperor of Bones, Ledger Shredder, Thoughtseize, Griselbrand, Exhume, Watery Grave","Raucous Theater, Stomping Ground, Steam Vents, Worldspine Wurm, Fiery Confluence, Blood Crypt, Fallen Shinobi, Lavaspur Boots, Aang's Iceberg, Pyrogoyf, Miscalculation, Saheeli, Sublime Artificer, Commercial District, Through the Breach, Wastewood Verge, Lightning Greaves, Voldaren Epicure, Starting Town, Vaultborn Tyrant, Kaito, Bane of Nightmares"
"39","2","Red/Blue/White","RUW Combo Control","Spells","7","16","17","2.26","Stormchaser's Talent, Tundra, Witch Enchanter, Mox Jet, Fabled Passage, Ephemerate, Oliphaunt, Emeritus of Ideation, Prismatic Ending, Spara's Headquarters, Phlage, Titan of Fire's Fury, Ragavan, Nimble Pilferer, Flash, Winds of Abandon, Ancestral Recall, Wooded Foothills, Wan Shi Tong, All-Knowing, Seachrome Coast, Elegant Parlor, Mountain, Mountain, Mountain, Mountain, Mountain, Teferi, Time Raveler, Island, Island, Plains, Fable of the Mirror-Breaker, Mana Leak, Meticulous Archive, Thundering Falls, No More Lies, Batroc the Leaper, Flame of Anor, Mox Ruby, Oust, Reprieve, Hallowed Fountain, Abrade","Appa, Steadfast Guardian, Sword of the Meek, Portal to Phyrexia, Pinnacle Emissary, Skycoach Conductor, Anje's Ravager, Proft's Eidetic Memory, Agatha's Soul Cauldron, Candelabra of Tawnos, Guardian Scalelord, Six, Blightsteel Colossus, Delighted Halfling"
"39","3","Red/Blue","RU Artifacts","Artifacts","9","14","17","3.09","Savai Triome, Tezzeret, Cruel Captain, Talisman of Creativity, Tamiyo, Inquisitive Student, Grim Monolith, Phyrexian Metamorph, Smuggler's Copter, Talisman of Dominance, Riverpyre Verge, Triplicate Titan, Ugin, Eye of the Storms, Gut, True Soul Zealot, Mishra's Bauble, Palantír of Orthanc, Kappa Cannoneer, Force of Will, Blazemire Verge, Goblin Welder, Copperline Gorge, Island, Island, Island, Island, Island, Island, Island, Island, Island, Relic of Sauron, Expressive Iteration, Timetwister, Scalding Tarn, Mox Opal, Broadside Bombardiers, Urza, Lord High Artificer, Spirebluff Canal, Mox Diamond, Ziatora's Proving Ground, Fury, Bloodstained Mire","Traumatic Critique, Dragon's Rage Channeler, Lutri, the Spellchaser, Suplex, Kolaghan's Command, Jace, Wielder of Mysteries, Detective's Phoenix, Tendrils of Agony, Mine Collapse, Melded Moxite, Yavimaya, Cradle of Growth, Esika's Chariot, Burst Lightning, Ivora, Insatiable Heir"
"39","4","Green/White","GW Stompy","Green/White","15","8","17","2.04","Brightglass Gearhulk, Green Sun's Zenith, Umezawa's Jitte, Ancient Tomb, Horizon Canopy, Badgermole Cub, Mox Emerald, Ouroboroid, Figure of Fable, Skullclamp, Llanowar Elves, Hexdrinker, Fanatic of Rhonas, Natural Order, Scythecat Cub, Arwen, Mortal Queen, Sentinel of the Nameless City, Swords to Plowshares, Guide of Souls, Forest, Forest, Forest, Forest, Forest, Forest, Forest, Forest, Mishra's Workshop, Plains, Plains, Boseiju, Who Endures, Ignoble Hierarch, Malevolent Rumble, Bristly Bill, Spine Sower, Lush Portico, Path to Exile, Solitude, Thornspire Verge, Sandstorm Salvager, Temple Garden","Karn, Scion of Urza, Woodfall Primus, Manifold Key, The Wondrous Wasp, Kaldra Compleat, Retrofitter Foundry, Voice of Victory, Basking Rootwalla, Generous Ent, Desecrex, Gift of Servitude, Aang, Swift Savior, Night Nurse, Healer of Heroes, Wistfulness, Emeritus of Truce, Teferi, Hero of Dominaria"
"39","5","Red/White","RW Aggro","Humans","12","11","17","2.30","Chandra, Torch of Defiance, Multiversal Passage, Fear of Missing Out, Windswept Heath, Bleachbone Verge, Mana Crypt, Forth Eorlingas!, Inspiring Vantage, Sacred Foundry, Cori-Steel Cutter, Carnage Interpreter, Karakas, Portable Hole, Arena of Glory, Firebolt, Death-Greeter's Champion, Chain Lightning, Flame Slash, Generous Plunderer, Tersa Lightshatter, Delayed Blast Fireball, Laelia, the Blade Reforged, Mountain, Mountain, Mountain, Mountain, Mountain, Otharri, Suns' Glory, Arid Mesa, Plateau, Raugrin Triome, Thraben Inspector, Luminarch Aspirant, Bonecrusher Giant, Skyclave Apparition, Unexpectedly Absent, Goblin Bombardment, Headliner Scarlett, Jetmir's Garden, Sunbaked Canyon","Taiga, Krang, Utrom Warlord, Torsten, Founder of Benalia, Keen-Eyed Curator, Mutagen Man, Living Ooze, Unearth, Zirda, the Dawnwaker, Vicious Rivalry, Razorverge Thicket, The Mightstone and Weakstone"
"39","6","Red/Blue","RU Combo","Spells","3","20","17","2.78","Vivi Ornitier, Sensei's Divining Top, Gush, Gitaxian Probe, Thassa's Oracle, Echo of Eons, Underworld Breach, Paradoxical Outcome, Yawgmoth's Will, Brainstorm, Lightning Bolt, Swamp, Treasure Cruise, Lórien Revealed, Pentad Prism, Xander's Lounge, Mountain, Force of Negation, Island, Island, Island, Island, Island, Island, Island, Island, Island, Island, Island, Island, Memory Lapse, Volcanic Island, Counterspell, Time Walk, Spell Pierce, Remand, Memory Jar, City of Traitors, Third Path Iconoclast, Chromatic Star","Coalition Relic, Seasoned Pyromancer, Nethergoyf, Everflowing Chalice, Sewer-veillance Cam, Eternal Witness, Force of Vigor, Tear Asunder, Basalt Monolith, Vengevine, Underground Mortuary, Hexing Squelcher, Coveted Jewel, Goblin Engineer, Legion Extruder, Endurance, Birds of Paradise, Chain of Smog, Tarfire"
"39","7","Black/Green/Blue","BGU Value","Black/Green/Blue","10","13","17","2.43","Ponder, Grist, the Hunger Tide, Icetill Explorer, Imperial Seal, Breeding Pool, Creeping Tar Pit, Tishana's Tidebinder, Wan Shi Tong, Librarian, Snapcaster Mage, The One Ring, Underground Sea, Quantum Riddler, Formidable Speaker, Oko, Thief of Crowns, Overlord of the Balemurk, Blooming Marsh, Ketria Triome, Waterlogged Grove, Mana Vault, Demonic Tutor, Thought Scour, Botanical Sanctum, Talisman of Curiosity, Darkslick Shores, Toxic Deluge, Island, Island, Island, Island, Bayou, Sink into Stupor, Hedge Maze, Leovold, Emissary of Trest, Mox Sapphire, Marsh Flats, Urborg, Tomb of Yawgmoth, Psychic Frog, Orcish Bowmasters, Mystical Tutor, Zagoth Triome","Corpse Dance, Nissa, Who Shakes the World, Doomsday, Harvester of Misery, Sylvan Safekeeper, Phantasmal Image, Omnath, Locus of Creation, Emeritus of Abundance, Flow State"
"39","8","Black/White","BW Aristocrats","Artifacts, Spells","11","12","17","2.00","Wasteland, Parallax Wave, Lingering Souls, Staff of the Storyteller, Caustic Bronco, Duress, Sheoldred, the Apocalypse, Adeline, Resplendent Cathar, Inquisition of Kozilek, Lurrus of the Dream-Den, Bloodchief's Thirst, Giver of Runes, Tidehollow Sculler, Swamp, Swamp, Swamp, Swamp, Swamp, Jacked Rabbit, Vindicate, Verdant Catacombs, Raffine's Tower, Godless Shrine, Mox Pearl, Mana Tithe, Securitron Squadron, Enduring Innocence, Hymn to Tourach, Moonshadow, Council's Judgment, Plains, Plains, Plains, Plains, Plains, Plains, Scrubland, Indatha Triome, Chrome Mox, Dauthi Voidwalker","Phyrexian Dragon Engine, The Wandering Emperor, Soul-Guide Lantern, Sevinne's Reclamation, Elvish Mystic, Bloodtithe Harvester, Walking Ballista, Lion Sash, Black Widow, Super Spy, Ursine Monstrosity, Overlord of the Mistmoors, Springheart Nantuko, Flickerwisp, Loran of the Third Path, Shorikai, Genesis Engine, Anger"
"40","1","Green/Red","GR Stompy","Humans, Creatures","16","7","17","2.87","Seasoned Pyromancer, Wrenn and Six, Stomping Ground, Inti, Seneschal of the Sun, Taiga, The Legend of Roku, Minsc & Boo, Timeless Heroes, Magda, Brazen Outlaw, Bloodtithe Harvester, Robber of the Rich, Vibrance, Detective's Phoenix, Death-Greeter's Champion, Mine Collapse, Chain Lightning, Fireblast, Laelia, the Blade Reforged, Mountain, Mountain, Mountain, Mountain, Mountain, Mountain, Mountain, Mountain, Mountain, Mountain, Mountain, Mountain, Questing Beast, Blazing Rootwalla, Bonecrusher Giant, Ivora, Insatiable Heir, Tireless Tracker, Thornspire Verge, Indatha Triome, Chrome Mox, Headliner Scarlett, Bloodstained Mire, Screaming Nemesis","Dark Confidant, Sheoldred's Edict, Creeping Tar Pit, Sheoldred, the Apocalypse, Inquisition of Kozilek, Inspiring Vantage, Riverpyre Verge, Etali, Primal Conqueror, Palantír of Orthanc, Manamorphose, Pillage the Bog, Makdee and Itla, Skysnarers, Desecrex, Gift of Servitude, Legion Extruder, Baloth Prime, Satyr Wayfinder, Goblin Bombardment"
"40","2","Black/Blue","BU Tempo","Spells","6","17","17","2.26","Nethergoyf, Fatal Push, Imperial Seal, Cut Down, Stock Up, Sedgemoor Witch, Mana Crypt, Snuff Out, Brainstorm, Baleful Strix, Stern Scolding, Underground Sea, Unearth, Swamp, Swamp, Swamp, Swamp, Swamp, Swamp, Swamp, Swamp, Swamp, Swamp, Kavaero, Mind-Bitten, Barrowgoyf, Xander's Lounge, Miscalculation, Infernal Grasp, Force of Will, Darkslick Shores, Island, Island, Sink into Stupor, Timetwister, Damnation, Psychic Frog, Thoughtseize, Polluted Delta, Kaito, Bane of Nightmares, Watery Grave","Fire Covenant, Raucous Theater, Shadowy Backstreet, Fiery Confluence, Blackcleave Cliffs, Cabal Ritual, Loot, the Pathfinder, Underground Mortuary, Shadowspear, Anje's Ravager, Generous Plunderer, Unholy Heat, Plateau, Thundertrap Trainer, Broadside Bombardiers, Flow State, Thieving Skydiver"
"40","3","Green/Blue/White","GUW Blink","Artifacts, Spells","3","20","17","2.65","Mox Jet, Fractured Identity, Balance, Breeding Pool, Snapcaster Mage, Prismatic Ending, Hullbreacher, Spara's Headquarters, Mox Emerald, Flash, Get Lost, Oko, Thief of Crowns, Raffine's Tower, Tropical Island, Tamiyo, Collector of Tales, Jace, the Mind Sculptor, Talisman of Curiosity, Force of Negation, Teferi, Time Raveler, Island, Island, Island, Island, Island, Island, Island, Plains, Plains, Plains, Plains, Mana Leak, Hedge Maze, Time Warp, Shorikai, Genesis Engine, Urza, Lord High Artificer, No More Lies, Teferi, Hero of Dominaria, Mox Diamond, Dismember, Zagoth Triome","Karn, Scion of Urza, Icetill Explorer, Frantic Search, Thassa's Oracle, Emeritus of Ideation, Talisman of Dominance, Fallen Shinobi, The Wondrous Wasp, Territorial Kavu, Bloodbraid Challenger, Abhorrent Oculus, Lightning Greaves, Aang, Swift Savior, Six, Chain of Smog, Dauthi Voidwalker"
"40","4","Red/Blue","RU Spellslinger","Spells","8","15","17","2.04","Fabled Passage, Steam Vents, Sear, Wan Shi Tong, Librarian, Malcolm, Alluring Scoundrel, Cori-Steel Cutter, Urza's Saga, Consider, Astrologian's Planisphere, Black Lotus, Quantum Riddler, Lórien Revealed, Occult Epiphany, Daze, Mana Drain, Mountain, Faerie Mastermind, Preordain, Island, Island, Island, Island, Island, Island, Island, Island, Island, Proft's Eidetic Memory, Phantasmal Image, Expressive Iteration, Brazen Borrower, Scalding Tarn, Time Walk, Thundering Falls, Ledger Shredder, Otawara, Soaring City, Spirebluff Canal, Galvanic Discharge, Third Path Iconoclast, Abrade","Coalition Relic, Phyrexian Dragon Engine, Zuran Orb, Everflowing Chalice, Together as One, Phyrexian Metamorph, Pinnacle Emissary, Force of Vigor, Kaldra Compleat, Haywire Mite, Zirda, the Dawnwaker, Forensic Gadgeteer, Concealing Curtains, Myr Battlesphere, Jennifer Walters"
"40","5","Red/Blue","RU Artifacts","Artifacts","3","20","17","2.35","Ponder, Displacer Kitten, Talisman of Creativity, Urza's Bauble, Echo of Eons, Underworld Breach, Paradoxical Outcome, Lotus Petal, Sacred Foundry, Aether Spellbomb, Ugin, Eye of the Storms, Mishra's Bauble, Kappa Cannoneer, Thopter Foundry, Mountain, Mountain, Mountain, Wheel of Fortune, Retrofitter Foundry, Saheeli, Sublime Artificer, Island, Island, Island, Island, Island, Island, Island, Island, Island, Island, Arid Mesa, Candelabra of Tawnos, Remand, Emry, Lurker of the Loch, Mox Opal, Memory Jar, Lion's Eye Diamond, Hallowed Fountain, Shelldock Isle, Mystical Tutor","Talisman of Progress, Squee, Goblin Nabob, Lutri, the Spellchaser, Erode, Yawgmoth's Will, Forth Eorlingas!, Walking Ballista, Talisman of Conviction, Skycoach Conductor, Thought Scour, Flame Slash, Esika's Chariot, Goblin Welder, Sylvan Safekeeper, Goblin Engineer, The Mightstone and Weakstone, Omnath, Locus of Creation, Reprieve"
"40","6","Black/Green","BG Sneak and Show","Spells","10","13","17","4.48","Undercity Sewers, Grief, Library of Alexandria, Worldspine Wurm, Duress, Blood Crypt, Dark Ritual, Swamp, Swamp, Swamp, Swamp, Swamp, Swamp, Swamp, Swamp, Swamp, Swamp, Swamp, Triplicate Titan, Crabomination, Overlord of the Balemurk, Necromancy, Bone Shards, Bitter Triumph, Mind Twist, Demonic Tutor, Yavimaya, Cradle of Growth, Emrakul, the Aeons Torn, Archon of Cruelty, Atraxa, Grand Unifier, Toxic Deluge, Forest, Bayou, Through the Breach, Emperor of Bones, Life // Death, Sneak Attack, Vaultborn Tyrant, Vampiric Tutor, Exhume","Twilight Diviner, Traumatic Critique, Grim Monolith, Fear of Missing Out, Master of Death, Torsten, Founder of Benalia, Lavaspur Boots, Doomsday, Fanatic of Rhonas, Wishclaw Talisman, Hogaak, Arisen Necropolis, Currency Converter, Delayed Blast Fireball, Harvester of Misery, Show and Tell, Deep-Cavern Bat, Emeritus of Abundance"
"40","7","Black/White","BW Weenie","Humans, Creatures","17","6","17","2.74","Savai Triome, Witch Enchanter, Wasteland, Lingering Souls, Staff of the Storyteller, Windswept Heath, Adeline, Resplendent Cathar, Lurrus of the Dream-Den, Winds of Abandon, Lion Sash, Black Widow, Super Spy, Jacked Rabbit, Phelia, Exuberant Shepherd, Aang's Iceberg, Cathar Commando, Overlord of the Mistmoors, Containment Priest, Elite Spellbinder, Abandoned Air Temple, Elegant Parlor, Flickerwisp, Loran of the Third Path, Glimmer Lens, Plains, Plains, Plains, Plains, Plains, Plains, Plains, Plains, Plains, Plains, Figure of Destiny, Sage of the Skies, Strip Mine, Skyclave Apparition, Solitude, Oust, Flooded Strand","Metamorphosis Fanatic, Iron-Shield Elf, Horizon Canopy, Portal to Phyrexia, Eternal Witness, Wrath of God, Keen-Eyed Curator, Mutagen Man, Living Ooze, Hexdrinker, Melded Moxite, Expedition Map, Leyline Binding, Once Upon a Time, Malevolent Rumble, Batroc the Leaper"
"40","8","Black/Green/White","BGW Midrange Combo","Creatures","18","5","17","2.61","Grist, the Hunger Tide, Survival of the Fittest, Pest Infestation, Badgermole Cub, Elvish Mystic, Ouroboroid, Nissa, Who Shakes the World, Formidable Speaker, Figure of Fable, Cloak and Dagger, Entwined, Ursine Monstrosity, Wooded Foothills, Witherbloom Apprentice, Waterlogged Grove, Vengevine, Springheart Nantuko, Noble Hierarch, Seachrome Coast, Sentinel of the Nameless City, Forest, Forest, Forest, Forest, Forest, Forest, Forest, Forest, Forest, Generous Ent, Boseiju, Who Endures, Wastewood Verge, Scrubland, Ignoble Hierarch, Titania, Protector of Argoth, Channel, Birds of Paradise, Bristly Bill, Spine Sower, Lush Portico, Marsh Flats, Sandstorm Salvager","Appa, Steadfast Guardian, Brightglass Gearhulk, Ephemerate, Soul-Guide Lantern, Krang, Utrom Warlord, Vicious Rivalry, Arwen, Mortal Queen, Enduring Innocence, Sanguine Evangelist, Council's Judgment, Basking Rootwalla, Emeritus of Truce, Serra Paragon, Elspeth, Storm Slayer"
"41","1","Black/Red/Blue","BRU Combo","Spells","2","21","17","2.43","Ponder, Vivi Ornitier, Imperial Seal, Gush, Underworld Breach, Bolas's Citadel, Yawgmoth's Will, Lotus Petal, Faithless Looting, Brain Freeze, Riverpyre Verge, Jace, Wielder of Mysteries, Swamp, Swamp, Swamp, Jace, Vryn's Prodigy, Cabal Ritual, Pentad Prism, Tendrils of Agony, Xander's Lounge, Thought Scour, Dack Fayden, Mountain, Mountain, Mountain, Wheel of Fortune, Narset, Parter of Veils, Force of Negation, Island, Island, Island, Island, Island, Island, Island, Mana Leak, Remand, Urborg, Tomb of Yawgmoth, Thoughtseize, Shelldock Isle","Sear, Worldspine Wurm, Paradoxical Outcome, Inspiring Vantage, Fallen Shinobi, Talisman of Conviction, Occult Epiphany, Daze, Burst Lightning, Proft's Eidetic Memory, Memory Lapse, Desecrex, Gift of Servitude, Through the Breach, Mystic Confluence, Pyrokinesis, Thundertrap Trainer, Flame of Anor, Third Path Iconoclast"
"41","2","Black/Green/Blue","BGU Value","Black/Green/Blue","11","12","17","2.26","Nethergoyf, Mox Jet, Undercity Sewers, Grist, the Hunger Tide, Fatal Push, Cut Down, Breeding Pool, Dark Confidant, Creeping Tar Pit, Snuff Out, Sheoldred, the Apocalypse, Bloodchief's Thirst, Unearth, Swamp, Swamp, Swamp, Swamp, Swamp, Swamp, Swamp, Swamp, Swamp, Oko, Thief of Crowns, Overlord of the Balemurk, Witherbloom Apprentice, Toxic Deluge, Island, Animate Dead, Wastewood Verge, Time Walk, Birds of Paradise, Leovold, Emissary of Trest, Marsh Flats, Psychic Frog, Deep-Cavern Bat, Orcish Bowmasters, Indatha Triome, Uro, Titan of Nature's Wrath, Kaito, Bane of Nightmares, Zagoth Triome","Twilight Diviner, Alpha Deathclaw, Icetill Explorer, Sylvan Caryatid, Subtlety, Keen-Eyed Curator, Okoye, Mighty and Adored, Pillage the Bog, Razorverge Thicket, Enduring Innocence, Meticulous Archive, Damnation, Guardian Scalelord, Ledger Shredder, Delighted Halfling"
"41","3","Black/Red","BR Sneak and Show","Spells","8","15","17","3.74","Metamorphosis Fanatic, Fire Covenant, Liliana of the Veil, Troll of Khazad-dûm, Kolaghan's Command, Black Lotus, Dark Ritual, Bazaar of Baghdad, Swamp, Swamp, Swamp, Swamp, Swamp, Swamp, Swamp, Swamp, Swamp, Swamp, Swamp, Swamp, Swamp, Corpse Dance, Crabomination, Arena of Glory, Bone Shards, Etali, Primal Conqueror, Mind Twist, Night's Whisper, Demonic Tutor, Emrakul, the Aeons Torn, Currency Converter, Reanimate, Mountain, Mountain, Archon of Cruelty, Show and Tell, Emperor of Bones, Sneak Attack, Mox Diamond, Griselbrand","Frantic Search, Sevinne's Reclamation, Shadowy Backstreet, Tinker, Master of Death, Torsten, Founder of Benalia, Winds of Abandon, Carnage Interpreter, Mana Drain, Wishclaw Talisman, Vicious Rivalry, Moonshadow, Concealing Curtains, Timetwister, Voldaren Epicure, Oath of Druids, Time Warp, Serra Paragon, Lion's Eye Diamond, Galvanic Discharge"
"41","4","Blue/White","UW Artifacts","Artifacts","7","16","17","2.74","Nettlecyst, Karn, Scion of Urza, Tezzeret, Cruel Captain, Tamiyo, Inquisitive Student, Grim Monolith, Mana Crypt, Forth Eorlingas!, Stoneforge Mystic, The One Ring, Aether Spellbomb, Walking Ballista, Lion Sash, Triplicate Titan, Skullclamp, Basalt Monolith, Mana Vault, Palantír of Orthanc, Abandoned Air Temple, Mountain, Island, Island, Island, Island, Island, Forest, Plains, Plains, Plains, Plains, Plains, Plains, Plains, Myr Battlesphere, Thundering Falls, Emry, Lurker of the Loch, Shorikai, Genesis Engine, Spirebluff Canal, Reprieve, Teferi, Hero of Dominaria, Chromatic Star","Raucous Theater, Squee, Goblin Nabob, Sheoldred's Edict, Erode, Mole Man, Moloid Master, Cori-Steel Cutter, Mother of Runes, Cloak and Dagger, Entwined, Aang's Iceberg, Cathar Commando, Zirda, the Dawnwaker, Flickerwisp, Glimmer Lens, Goblin Engineer, Skyclave Apparition, Emeritus of Truce, Flow State, Batroc the Leaper, Fury"
"41","5","Green/Red","GR Stompy","Creatures","18","5","17","2.65","Pest Infestation, Taiga, Mox Emerald, Orcish Lumberjack, Fiery Confluence, Elvish Mystic, Robber of the Rich, Formidable Speaker, Territorial Kavu, Wooded Foothills, Bloodbraid Challenger, Firebolt, Pyrogoyf, Death-Greeter's Champion, Esika's Chariot, Generous Plunderer, Tersa Lightshatter, Gau, Feral Youth, Laelia, the Blade Reforged, Mountain, Mountain, Mountain, Mountain, Mountain, Mountain, Mountain, Mountain, Mountain, Sentinel of the Nameless City, Commercial District, Forest, Forest, Forest, Forest, Questing Beast, Bonecrusher Giant, Broadside Bombardiers, Headliner Scarlett, Bloodstained Mire, Screaming Nemesis","Lingering Souls, Michelangelo, Weirdness to 11, Urza's Bauble, Lurrus of the Dream-Den, Mutagen Man, Living Ooze, Phelia, Exuberant Shepherd, Vengevine, Elite Spellbinder, Delayed Blast Fireball, Town Greeter, Basking Rootwalla, Ocelot Pride, Sylvan Safekeeper, Channel, Night Nurse, Healer of Heroes, Vaultborn Tyrant, Sandstorm Salvager, Goblin Bombardment"
"41","6","Red/Blue/White","RUW Combo Control","Humans","13","10","17","2.57","Savai Triome, Tundra, Steam Vents, Umezawa's Jitte, Ajani, Nacatl Pariah, Tishana's Tidebinder, Snapcaster Mage, Phlage, Titan of Fire's Fury, Malcolm, Alluring Scoundrel, Stern Scolding, Spellseeker, Consider, Quantum Riddler, Karakas, Lórien Revealed, Mox Pearl, Containment Priest, Force of Will, Seachrome Coast, Teferi, Time Raveler, Otharri, Suns' Glory, Voice of Victory, Island, Island, Island, Island, Island, Island, Plains, Makdee and Itla, Skysnarers, Arid Mesa, Plateau, Raugrin Triome, Aang, Swift Savior, Counterspell, Mox Sapphire, Solitude, Polluted Delta, Oust, Hallowed Fountain","Dragon's Rage Channeler, Wrath of God, Tidehollow Sculler, Black Widow, Super Spy, Loot, the Pathfinder, Natural Order, Arwen, Mortal Queen, Sanguine Evangelist, Phantasmal Image, Luminarch Aspirant, Thieving Skydiver, Watery Grave"
"41","7","Green/Red","GR Midrange Combo","Spells","11","12","17","2.39","Misty Rainforest, Green Sun's Zenith, Nadu, Winged Wisdom, Wrenn and Six, Survival of the Fittest, Chandra, Torch of Defiance, Stomping Ground, Multiversal Passage, Library of Alexandria, Deathrite Shaman, Windswept Heath, Badgermole Cub, Suplex, Lightning Bolt, Blackcleave Cliffs, Force of Vigor, Waterlogged Grove, Fanatic of Rhonas, Shifting Woodland, Underground Mortuary, Flame Slash, Yavimaya, Cradle of Growth, Anje's Ravager, Scythecat Cub, Copperline Gorge, Unholy Heat, Forest, Forest, Generous Ent, Lightning Greaves, Hedge Maze, Once Upon a Time, Bristly Bill, Spine Sower, Six, Wistfulness, Thornspire Verge, Satyr Wayfinder, Flooded Strand, Ziatora's Proving Ground, Abrade","Appa, Steadfast Guardian, Fabled Passage, Caustic Bronco, Horizon Canopy, Bloodtithe Harvester, Melded Moxite, Hogaak, Arisen Necropolis"
"41","8","Blue","U Artifacts","Artifacts","5","18","17","2.57","Coalition Relic, Talisman of Progress, Everflowing Chalice, Sensei's Divining Top, Balance, Soul-Guide Lantern, Sword of the Meek, Echo of Eons, Concealed Courtyard, Spara's Headquarters, Phyrexian Metamorph, Manifold Key, Baleful Strix, Sacred Foundry, Talisman of Dominance, Urza's Saga, Pinnacle Emissary, Mishra's Bauble, Raffine's Tower, Kaldra Compleat, Godless Shrine, Kappa Cannoneer, Shadowspear, Expedition Map, Coveted Jewel, Forensic Gadgeteer, Island, Island, Island, Island, Mishra's Workshop, Plains, Volcanic Island, Candelabra of Tawnos, Scrubland, Tolarian Academy, Mox Opal, Otawara, Soaring City, Memory Jar, City of Traitors","Phyrexian Dragon Engine, Staff of the Storyteller, The Wandering Emperor, Giver of Runes, Jacked Rabbit, Lavaspur Boots, Doomsday, Securitron Squadron, Agatha's Soul Cauldron, Temple Garden"
"42","1","Red/Blue","RU Spellslinger","Spells, Wizards","10","13","17","1.96","Stormchaser's Talent, Vivi Ornitier, Misty Rainforest, Lutri, the Spellchaser, Stomping Ground, Steam Vents, Inti, Seneschal of the Sun, Tamiyo, Inquisitive Student, Fear of Missing Out, Emeritus of Ideation, Underworld Breach, Snapcaster Mage, Suplex, The Legend of Roku, Ragavan, Nimble Pilferer, Fiery Confluence, Aether Spellbomb, Black Lotus, Ancestral Recall, Xander's Lounge, Botanical Sanctum, Flame Slash, Miscalculation, Copperline Gorge, Mountain, Mountain, Mountain, Unholy Heat, Island, Island, Arid Mesa, Mana Leak, Scalding Tarn, Starting Town, Mana Confluence, Lush Portico, Marauding Mako, Night Nurse, Healer of Heroes, Ziatora's Proving Ground, Abrade","Ephemerate, Wrenn and Six, Pest Infestation, Territorial Kavu, Bloodbraid Challenger, Makdee and Itla, Skysnarers, Sage of the Skies, Blazing Rootwalla, Emeritus of Abundance, Goblin Bombardment"
"42","2","Green","G Midrange Combo","Creatures","17","6","17","2.87","Avacyn's Pilgrim, Icetill Explorer, Sylvan Caryatid, Worldspine Wurm, Horizon Canopy, Badgermole Cub, Eternal Witness, The One Ring, Elvish Mystic, Ouroboroid, Nissa, Who Shakes the World, Formidable Speaker, Llanowar Elves, Sol Ring, Gaea's Cradle, Yavimaya, Cradle of Growth, Esika's Chariot, Scythecat Cub, Sentinel of the Nameless City, Forest, Forest, Forest, Forest, Forest, Forest, Forest, Forest, Forest, Forest, Forest, Forest, Questing Beast, Sylvan Safekeeper, Boseiju, Who Endures, Malevolent Rumble, Fastbond, Tireless Tracker, Sandstorm Salvager, Indatha Triome, Delighted Halfling","Prismatic Ending, Stoneforge Mystic, Torsten, Founder of Benalia, Black Widow, Super Spy, Lavaspur Boots, Basalt Monolith, Underground Mortuary, Shadowspear, Arwen, Mortal Queen, Overgrown Tomb, Life // Death, Guardian Scalelord, Blightsteel Colossus, Satyr Wayfinder, Batroc the Leaper, Vampiric Tutor, Zagoth Triome"
"42","3","Red/White","RW Stompy","Humans","15","8","17","2.43","Mox Jet, Wasteland, Parallax Wave, Ajani, Nacatl Pariah, Phlage, Titan of Fire's Fury, Minsc & Boo, Timeless Heroes, Magda, Brazen Outlaw, Inspiring Vantage, Urza's Saga, Robber of the Rich, Karakas, Jacked Rabbit, Blackcleave Cliffs, Wooded Foothills, Death-Greeter's Champion, Chain Lightning, Elite Spellbinder, Generous Plunderer, Tersa Lightshatter, Laelia, the Blade Reforged, Mountain, Mountain, Mountain, Mountain, Mountain, Otharri, Suns' Glory, Ocelot Pride, Glimmer Lens, Plains, Plains, Plains, Plains, Fable of the Mirror-Breaker, Plateau, Luminarch Aspirant, Path to Exile, Skyclave Apparition, Solitude, Chrome Mox, Jetmir's Garden","Brightglass Gearhulk, Grist, the Hunger Tide, Chandra, Torch of Defiance, Soul-Guide Lantern, Erode, The Wondrous Wasp, Figure of Fable, Vengevine, Hexing Squelcher, Delayed Blast Fireball, Ivora, Insatiable Heir, Flow State, Anger, Oust"
"42","4","Black/Blue/White","BUW Control","Spells","6","17","17","3.00","The Wandering Emperor, Fractured Identity, Sheoldred's Edict, Tishana's Tidebinder, Concealed Courtyard, Wrath of God, Baleful Strix, Fallen Shinobi, Get Lost, Quantum Riddler, Vindicate, Raffine's Tower, Bitter Triumph, Jace, the Mind Sculptor, Infernal Grasp, Seachrome Coast, Darkslick Shores, Narset, Parter of Veils, Teferi, Time Raveler, Swords to Plowshares, Island, Island, Island, Island, Island, Island, Island, Island, Plains, Plains, Sink into Stupor, Scrubland, Aang, Swift Savior, Counterspell, Time Walk, Thundertrap Trainer, Time Warp, No More Lies, Polluted Delta, Bloodstained Mire","Coalition Relic, Caustic Bronco, Collective Brutality, Spellseeker, Winds of Abandon, Tidehollow Sculler, Phelia, Exuberant Shepherd, Force of Vigor, Mother of Runes, Aang's Iceberg, Cathar Commando, Overlord of the Mistmoors, Loran of the Third Path, Omnath, Locus of Creation, Elspeth, Storm Slayer"
"42","5","Black/Red/Blue","BRU Tempo","Spells","4","19","17","2.48","Fire Covenant, Raucous Theater, Badlands, Gush, Frantic Search, Thassa's Oracle, Dark Confidant, Library of Alexandria, Stock Up, Sedgemoor Witch, Lotus Petal, Brainstorm, Faithless Looting, Bloodchief's Thirst, Blood Crypt, Kolaghan's Command, Consider, Riverpyre Verge, Jace, Wielder of Mysteries, Swamp, Treasure Cruise, Kavaero, Mind-Bitten, Doomsday, Demonic Tutor, Blazemire Verge, Mountain, Wheel of Fortune, Force of Negation, Island, Island, Island, Island, Island, Volcanic Island, Mox Sapphire, Spell Pierce, Urborg, Tomb of Yawgmoth, Otawara, Soaring City, Spirebluff Canal, Thoughtseize","Seasoned Pyromancer, Traumatic Critique, Sear, Barrowgoyf, Mine Collapse, Securitron Squadron, Shallow Grave, Goblin Welder, Harvester of Misery, Damn, Commercial District, Chain of Smog"
"42","6","Green/Blue/White","GUW Midrange Combo","Artifacts","11","12","17","3.52","Prismatic Vista, Karn, Scion of Urza, Fabled Passage, Nadu, Winged Wisdom, Lose Focus, Breeding Pool, Echo of Eons, Tinker, Bleachbone Verge, Phyrexian Metamorph, Flash, Underground Sea, Triplicate Titan, Cloak and Dagger, Entwined, Lórien Revealed, Waterlogged Grove, Pentad Prism, Mana Vault, Tropical Island, Tamiyo, Collector of Tales, Shifting Woodland, Kappa Cannoneer, Talisman of Curiosity, Expedition Map, Razorverge Thicket, Currency Converter, Noble Hierarch, Atraxa, Grand Unifier, Island, Island, Island, Island, Island, Myr Battlesphere, Endurance, Hedge Maze, Strip Mine, Bristly Bill, Spine Sower, Uro, Titan of Nature's Wrath, Shelldock Isle","Appa, Steadfast Guardian, Sword of the Meek, Orcish Lumberjack, Crabomination, Tear Asunder, Wan Shi Tong, All-Knowing, Kaldra Compleat, Saheeli, Sublime Artificer, Oath of Druids, Emeritus of Truce"
"42","7","Black/Blue","BU Reanimator","Spells","8","15","17","2.78","Undercity Sewers, Liliana of the Veil, Grief, Entomb, Snuff Out, Duress, Sheoldred, the Apocalypse, Inquisition of Kozilek, Bazaar of Baghdad, Swamp, Swamp, Swamp, Swamp, Swamp, Swamp, Swamp, Swamp, Swamp, Swamp, Swamp, Swamp, Swamp, Corpse Dance, Necromancy, Occult Epiphany, Mana Drain, Hymn to Tourach, Recurring Nightmare, Archon of Cruelty, Preordain, Toxic Deluge, Island, Animate Dead, Emperor of Bones, Psychic Frog, Ledger Shredder, Dauthi Voidwalker, Griselbrand, Exhume, Watery Grave","Alpha Deathclaw, Survival of the Fittest, Iron-Shield Elf, Deathrite Shaman, Subtlety, Stern Scolding, Bloodtithe Harvester, Carnage Interpreter, Cabal Ritual, Thought Scour, Vicious Rivalry, Pillage the Bog, Dack Fayden, Moonshadow, Concealing Curtains, Abhorrent Oculus, Generous Ent, Memory Lapse, Damnation"
"42","8","Blue/White","UW Artifacts","Artifacts","4","19","17","2.52","Savai Triome, Ponder, Zuran Orb, Everflowing Chalice, Tezzeret, Cruel Captain, Multiversal Passage, Balance, Grim Monolith, Bolas's Citadel, Paradoxical Outcome, Manifold Key, Jace, Vryn's Prodigy, Ugin, Eye of the Storms, Mishra's Bauble, Talisman of Conviction, Coveted Jewel, Forensic Gadgeteer, Elegant Parlor, Island, Island, Island, Island, Island, Island, Island, Island, Island, Plains, Plains, Plains, Candelabra of Tawnos, Mind Stone, Time Spiral, Marsh Flats, Shorikai, Genesis Engine, Urza, Lord High Artificer, Lion's Eye Diamond, City of Traitors, Mox Diamond, Third Path Iconoclast","Witch Enchanter, Mole Man, Moloid Master, Lion Sash, Vibrance, Portable Hole, Loot, the Pathfinder, Witherbloom Apprentice, Savannah, Melded Moxite, Okoye, Mighty and Adored, Emrakul, the Aeons Torn, Legion Extruder, Brazen Borrower, Lightning Greaves, Eagles of the North, Thornspire Verge, Unexpectedly Absent"
"43","1","Red","R Burn","Red","13","10","17","2.30","Raucous Theater, Umezawa's Jitte, Ancient Tomb, Fear of Missing Out, Mana Crypt, Suplex, The Legend of Roku, Magda, Brazen Outlaw, Lightning Bolt, Kolaghan's Command, Carnage Interpreter, Detective's Phoenix, Skullclamp, Pyrogoyf, Mine Collapse, Anje's Ravager, Blazemire Verge, Mountain, Mountain, Mountain, Mountain, Mountain, Mountain, Mountain, Mountain, Mountain, Mountain, Mountain, Mountain, Mountain, Mountain, Wheel of Fortune, Burst Lightning, Figure of Destiny, Voldaren Epicure, Blazing Rootwalla, Broadside Bombardiers, Marauding Mako, Fury, Screaming Nemesis","Coalition Relic, Metamorphosis Fanatic, Phyrexian Dragon Engine, Fire Covenant, Sensei's Divining Top, Duress, Inquisition of Kozilek, Keen-Eyed Curator, Walking Ballista, Mishra's Bauble, Bone Shards, Melded Moxite, Hymn to Tourach, Goblin Engineer, Jennifer Walters, Impractical Joke, Mind Stone, Thoughtseize, Dismember"
"43","2","Black/Green","BG Graveyard","Creatures","16","7","17","3.22","Nethergoyf, Grief, Grist, the Hunger Tide, Troll of Khazad-dûm, Deathrite Shaman, Windswept Heath, Sheoldred, the Apocalypse, Dark Ritual, Swamp, Swamp, Swamp, Swamp, Swamp, Swamp, Swamp, Swamp, Formidable Speaker, Tear Asunder, Ursine Monstrosity, Blooming Marsh, Verdant Catacombs, Witherbloom Apprentice, Barrowgoyf, Vengevine, Underground Mortuary, Pillage the Bog, Overgrown Tomb, Hogaak, Arisen Necropolis, Recurring Nightmare, Archon of Cruelty, Forest, Forest, Bayou, Birds of Paradise, Life // Death, Deep-Cavern Bat, Vaultborn Tyrant, Chain of Smog, Orcish Bowmasters, Indatha Triome","Undercity Sewers, Sylvan Caryatid, Worldspine Wurm, Flash, Bloodtithe Harvester, Bloodchief's Thirst, Fallen Shinobi, Ouroboroid, Lavaspur Boots, Arena of Glory, Botanical Sanctum, Shallow Grave, Sylvan Safekeeper, Omnath, Locus of Creation, Channel"
"43","3","Black/White","BW Aristocrats","Artifacts, Humans","13","10","17","2.13","Savai Triome, Mox Jet, Parallax Wave, Lingering Souls, Dark Confidant, Ajani, Nacatl Pariah, Concealed Courtyard, Snuff Out, Adeline, Resplendent Cathar, Lurrus of the Dream-Den, Inspiring Vantage, Smuggler's Copter, Unearth, Swamp, Jacked Rabbit, Phelia, Exuberant Shepherd, Portable Hole, Mother of Runes, Godless Shrine, Elegant Parlor, Sanguine Evangelist, Voice of Victory, Guide of Souls, Ocelot Pride, Glimmer Lens, Plains, Plains, Plains, Plains, Plains, Plains, Plains, Plains, Plains, Scrubland, Luminarch Aspirant, Skyclave Apparition, Marsh Flats, Chrome Mox, Elspeth, Storm Slayer","Sevinne's Reclamation, Together as One, Sear, Woodfall Primus, Winds of Abandon, Kaldra Compleat, Overlord of the Mistmoors, Esika's Chariot, Hexing Squelcher, Flickerwisp, Loran of the Third Path, Makdee and Itla, Skysnarers, Mana Confluence, Goblin Bombardment, Oust"
"43","4","Black/Blue","BU Artifacts","Artifacts","5","18","17","2.61","Nettlecyst, Displacer Kitten, Tamiyo, Inquisitive Student, Grim Monolith, Paradoxical Outcome, Portal to Phyrexia, Talisman of Dominance, Astrologian's Planisphere, Swamp, Swamp, Sol Ring, Basalt Monolith, Mana Drain, Palantír of Orthanc, Kappa Cannoneer, Xander's Lounge, Thopter Foundry, Talisman of Curiosity, Forensic Gadgeteer, Retrofitter Foundry, Island, Island, Island, Island, Island, Island, Island, Island, Island, Island, Forest, Mishra's Workshop, Memory Lapse, The Mightstone and Weakstone, Candelabra of Tawnos, Tolarian Academy, Mox Opal, Psychic Frog, Mox Diamond, Shelldock Isle","Wan Shi Tong, Librarian, Blood Crypt, Spellseeker, Riverpyre Verge, The Wondrous Wasp, Crabomination, Talisman of Conviction, Zirda, the Dawnwaker, Basking Rootwalla, Animate Dead, Volcanic Island, Flow State, Thornspire Verge, Satyr Wayfinder, Flame of Anor, Third Path Iconoclast, Kaito, Bane of Nightmares, Exhume"
"43","5","Blue/White","UW Control","Spells, Wizards","7","16","17","2.65","Stormchaser's Talent, Tundra, Fractured Identity, Balance, Lose Focus, Stock Up, Tishana's Tidebinder, Snapcaster Mage, Spara's Headquarters, Quantum Riddler, Jace, Vryn's Prodigy, Oko, Thief of Crowns, Raffine's Tower, Daze, Celestial Colonnade, Miscalculation, Council's Judgment, Teferi, Time Raveler, Island, Island, Island, Island, Island, Island, Island, Island, Plains, Scalding Tarn, Aang, Swift Savior, Counterspell, Thundertrap Trainer, Shorikai, Genesis Engine, Night Nurse, Healer of Heroes, Unexpectedly Absent, No More Lies, Hallowed Fountain, Teferi, Hero of Dominaria, Jetmir's Garden, Mystical Tutor, Zagoth Triome","Twilight Diviner, Liliana of the Veil, Shadowy Backstreet, Sheoldred's Edict, Sewer-veillance Cam, Tidehollow Sculler, Jace, Wielder of Mysteries, Blackcleave Cliffs, Overlord of the Balemurk, Death-Greeter's Champion, Copperline Gorge, Darkslick Shores, Damn, Sunbaked Canyon"
"43","6","Red/Blue","RU Combo Control","Spells, Humans","10","13","17","2.57","Seasoned Pyromancer, Vivi Ornitier, Dragon's Rage Channeler, Lutri, the Spellchaser, Steam Vents, Breeding Pool, Emeritus of Ideation, Phlage, Titan of Fire's Fury, Sacred Foundry, Black Widow, Super Spy, Gut, True Soul Zealot, Occult Epiphany, Manamorphose, Flame Slash, Tersa Lightshatter, Delayed Blast Fireball, Mountain, Mountain, Mountain, Mountain, Mountain, Mountain, Mountain, Mountain, Narset, Parter of Veils, Saheeli, Sublime Artificer, Unholy Heat, Island, Commercial District, Fable of the Mirror-Breaker, Through the Breach, Plateau, Expressive Iteration, Raugrin Triome, Pyrokinesis, Ledger Shredder, Otawara, Soaring City, Spirebluff Canal, Mox Ruby, Galvanic Discharge","Sword of the Meek, Manifold Key, Triplicate Titan, Bloodbraid Challenger, Etali, Primal Conqueror, Upheaval, Emrakul, the Aeons Torn, Coveted Jewel, Relic of Sauron, Myr Battlesphere, Lightning Greaves, Guardian Scalelord, Emeritus of Abundance, Blightsteel Colossus"
"43","7","Black/Blue","BU Combo","Artifacts, Spells","2","21","17","2.74","Tezzeret, Cruel Captain, Imperial Seal, Frantic Search, Thassa's Oracle, Echo of Eons, Underworld Breach, Bolas's Citadel, Lotus Petal, Baleful Strix, Brain Freeze, Underground Sea, Consider, Swamp, Swamp, Cabal Ritual, Treasure Cruise, Wishclaw Talisman, Demonic Tutor, Dack Fayden, Mountain, Force of Negation, Island, Island, Island, Island, Island, Island, Island, Island, Island, Island, Time Walk, Remand, Urborg, Tomb of Yawgmoth, Time Warp, Memory Jar, Lion's Eye Diamond, City of Traitors, Watery Grave, Chromatic Star","Traumatic Critique, Zuran Orb, Cut Down, Sedgemoor Witch, Phyrexian Metamorph, Corpse Dance, Territorial Kavu, Waterlogged Grove, Haywire Mite, Bitter Triumph, Vicious Rivalry, Town Greeter, Abhorrent Oculus, Super Shredder, Brazen Borrower, Emry, Lurker of the Loch, Emeritus of Truce, Tarfire"
"43","8","Green/White","GW Counters","Creatures","16","7","17","2.65","Wasteland, Brightglass Gearhulk, Green Sun's Zenith, Multiversal Passage, Pest Infestation, Horizon Canopy, Badgermole Cub, Torsten, Founder of Benalia, Elvish Mystic, Nissa, Who Shakes the World, Figure of Fable, Llanowar Elves, Savannah, Natural Order, Scythecat Cub, Razorverge Thicket, Arwen, Mortal Queen, Noble Hierarch, Swords to Plowshares, Forest, Forest, Forest, Forest, Forest, Forest, Forest, Forest, Forest, Forest, Questing Beast, Boseiju, Who Endures, Ignoble Hierarch, Once Upon a Time, Titania, Protector of Argoth, Six, Solitude, Fastbond, Tireless Tracker, Sandstorm Salvager, Temple Garden","Appa, Steadfast Guardian, Ephemerate, Wrenn and Six, Erode, Mole Man, Moloid Master, Orcish Lumberjack, Get Lost, Force of Vigor, Skycoach Conductor, Shadowspear, Securitron Squadron, Agatha's Soul Cauldron, Oath of Druids, Eagles of the North, Anger"
"44","1","Green/Red/Blue","GRU Sneak and Show","Artifacts","7","16","17","4.39","Frantic Search, Oliphaunt, Stock Up, Grim Monolith, Portal to Phyrexia, Mox Emerald, Faithless Looting, Swamp, Triplicate Titan, Blackcleave Cliffs, Wooded Foothills, Basalt Monolith, Pentad Prism, Etali, Primal Conqueror, Dack Fayden, Mountain, Mountain, Mountain, Mountain, Mountain, Archon of Cruelty, Island, Island, Island, Forest, Forest, Forest, Relic of Sauron, Through the Breach, Myr Battlesphere, Volcanic Island, Timetwister, Scalding Tarn, Blightsteel Colossus, Vaultborn Tyrant, Memory Jar, Chrome Mox, Lion's Eye Diamond, Shelldock Isle, Abrade","Sear, Sewer-veillance Cam, The Legend of Roku, Walking Ballista, Vibrance, Corpse Dance, Nissa, Who Shakes the World, Force of Vigor, Doomsday, Thought Scour, Mine Collapse, Expedition Map, Delayed Blast Fireball, Goblin Engineer, Legion Extruder, Jennifer Walters, Flow State"
"44","2","Black/Green/Red","BGR Sneak and Show","Spells","8","15","17","3.30","Savai Triome, Metamorphosis Fanatic, Fire Covenant, Wasteland, Imperial Seal, Steam Vents, Collective Brutality, Worldspine Wurm, Woodfall Primus, Lotus Petal, Inquisition of Kozilek, Blood Crypt, Kolaghan's Command, Dark Ritual, Bazaar of Baghdad, Swamp, Swamp, Swamp, Swamp, Swamp, Swamp, Swamp, Crabomination, Arena of Glory, Overlord of the Balemurk, Verdant Catacombs, Mind Twist, Infernal Grasp, Shallow Grave, Tersa Lightshatter, Reanimate, Atraxa, Grand Unifier, Toxic Deluge, Bayou, Animate Dead, Emperor of Bones, Sneak Attack, Ziatora's Proving Ground, Exhume, Bloodstained Mire","Chandra, Torch of Defiance, Thassa's Oracle, Orcish Lumberjack, Spellseeker, Territorial Kavu, Occult Epiphany, Generous Plunderer, Questing Beast, Bonecrusher Giant, Marauding Mako, Goblin Bombardment, Screaming Nemesis"
"44","3","Blue","U Artifacts","Artifacts","7","16","17","2.61","Tundra, Nettlecyst, Mox Jet, Displacer Kitten, Talisman of Creativity, Urza's Bauble, Sword of the Meek, Mana Crypt, Krang, Utrom Warlord, Phyrexian Metamorph, Mole Man, Moloid Master, Manifold Key, Mishra's Bauble, Sol Ring, Talisman of Conviction, Palantír of Orthanc, Upheaval, Kappa Cannoneer, Underground Mortuary, Currency Converter, Forensic Gadgeteer, Mountain, Mountain, Mountain, Retrofitter Foundry, Island, Island, Island, Island, Island, Island, Island, Island, Island, Island, Mishra's Workshop, The Mightstone and Weakstone, Emry, Lurker of the Loch, City of Traitors, Chromatic Star","Witch Enchanter, Squee, Goblin Nabob, Fear of Missing Out, Underworld Breach, Jace, Vryn's Prodigy, The Wondrous Wasp, Gut, True Soul Zealot, Tear Asunder, Lavaspur Boots, Vindicate, Aang's Iceberg, Zirda, the Dawnwaker, Council's Judgment, Glimmer Lens, No More Lies, Sandstorm Salvager, Serra Paragon, Headliner Scarlett"
"44","4","Black/Blue/White","BUW Control","Artifacts, Spells","2","21","17","2.48","Coalition Relic, Talisman of Progress, The Wandering Emperor, Fractured Identity, Lose Focus, Tinker, Wan Shi Tong, Librarian, Snapcaster Mage, Prismatic Ending, Concealed Courtyard, Talisman of Dominance, Astrologian's Planisphere, Lórien Revealed, Jace, the Mind Sculptor, Mox Pearl, Celestial Colonnade, Thopter Foundry, Teferi, Time Raveler, Damn, Island, Island, Island, Island, Island, Island, Island, Plains, Plains, Candelabra of Tawnos, Scrubland, Counterspell, Mystic Confluence, Mox Sapphire, Urborg, Tomb of Yawgmoth, Tolarian Academy, Mox Opal, Hallowed Fountain, Sunfall, Watery Grave, Zagoth Triome","Zuran Orb, Yawgmoth's Will, Formidable Speaker, Witherbloom Apprentice, Shifting Woodland, Leyline Binding, Channel, Malevolent Rumble, Damnation, Leovold, Emissary of Trest, Night Nurse, Healer of Heroes, Eagles of the North, Thornspire Verge, Temple Garden"
"44","5","Red/Blue","RU Spellslinger","Spells","7","16","17","2.35","Stormchaser's Talent, Seasoned Pyromancer, Vivi Ornitier, Lutri, the Spellchaser, Gush, Inti, Seneschal of the Sun, Gitaxian Probe, Brainstorm, The One Ring, Lightning Bolt, Riverpyre Verge, Treasure Cruise, Chain Lightning, Manamorphose, Force of Will, Hexing Squelcher, Mountain, Mountain, Mountain, Mountain, Mountain, Mountain, Mountain, Mountain, Mountain, Burst Lightning, Force of Negation, Unholy Heat, Island, Island, Commercial District, Raugrin Triome, Thundering Falls, Broadside Bombardiers, Ledger Shredder, Spirebluff Canal, Galvanic Discharge, Tarfire, Mox Diamond, Flooded Strand","Emeritus of Ideation, Inspiring Vantage, Sacred Foundry, Death-Greeter's Champion, Melded Moxite, Anje's Ravager, Elegant Parlor, Voice of Victory, Plateau, Figure of Destiny, Titania, Protector of Argoth, Mana Confluence, Guardian Scalelord, Anger, Thieving Skydiver, Sunbaked Canyon"
"44","6","Green/Blue","GU Midrange Combo","Creatures","18","5","17","2.43","Misty Rainforest, Green Sun's Zenith, Nadu, Winged Wisdom, Icetill Explorer, Sylvan Caryatid, Tamiyo, Inquisitive Student, Breeding Pool, Tishana's Tidebinder, Badgermole Cub, Hullbreacher, Eternal Witness, Elvish Mystic, Oko, Thief of Crowns, Ursine Monstrosity, Skullclamp, Waterlogged Grove, Gaea's Cradle, Botanical Sanctum, Esika's Chariot, Scythecat Cub, Noble Hierarch, Faerie Mastermind, Island, Forest, Forest, Forest, Forest, Forest, Forest, Forest, Forest, Generous Ent, Sylvan Safekeeper, Boseiju, Who Endures, Once Upon a Time, Starting Town, Bristly Bill, Spine Sower, Lush Portico, Tireless Tracker, Uro, Titan of Nature's Wrath","Michelangelo, Weirdness to 11, Taiga, Torsten, Founder of Benalia, Stern Scolding, Keen-Eyed Curator, Smuggler's Copter, Carnage Interpreter, Figure of Fable, Loot, the Pathfinder, Wan Shi Tong, All-Knowing, Laelia, the Blade Reforged, Oath of Druids, Satyr Wayfinder, Elspeth, Storm Slayer"
"44","7","Black/Blue","BU Tempo","Black/Blue","14","9","17","2.57","Nethergoyf, Undercity Sewers, Liliana of the Veil, Fabled Passage, Grief, Troll of Khazad-dûm, Creeping Tar Pit, Sedgemoor Witch, Baleful Strix, Subtlety, Bloodchief's Thirst, Fallen Shinobi, Swamp, Swamp, Swamp, Swamp, Swamp, Swamp, Swamp, Swamp, Swamp, Quantum Riddler, Daze, Barrowgoyf, Mana Drain, Darkslick Shores, Moonshadow, Concealing Curtains, Abhorrent Oculus, Island, Island, Mana Leak, Spell Pierce, Deep-Cavern Bat, Otawara, Soaring City, Thoughtseize, Vampiric Tutor, Polluted Delta, Dauthi Voidwalker, Kaito, Bane of Nightmares","Traumatic Critique, Grist, the Hunger Tide, Together as One, Bloodtithe Harvester, Brain Freeze, Blooming Marsh, Tendrils of Agony, Vicious Rivalry, Overgrown Tomb, Hogaak, Arisen Necropolis, Town Greeter, Harvester of Misery, Recurring Nightmare, Emeritus of Abundance, Wistfulness, Chain of Smog"
"44","8","White","W Weenie","Humans, Creatures","17","6","17","2.61","Staff of the Storyteller, Ephemerate, Palace Jailer, Library of Alexandria, Ancient Tomb, Ajani, Nacatl Pariah, Lion Sash, Karakas, Jacked Rabbit, Phelia, Exuberant Shepherd, Kaldra Compleat, Cathar Commando, Overlord of the Mistmoors, Elite Spellbinder, Abandoned Air Temple, Securitron Squadron, Enduring Innocence, Swords to Plowshares, Island, Loran of the Third Path, Ocelot Pride, Plains, Plains, Plains, Plains, Plains, Plains, Plains, Plains, Plains, Plains, Plains, Plains, Makdee and Itla, Skysnarers, Thraben Inspector, Luminarch Aspirant, Time Walk, Skyclave Apparition, Solitude, Oust","Karn, Scion of Urza, Lingering Souls, Brightglass Gearhulk, Pest Infestation, Iron-Shield Elf, Dark Confidant, Shadowy Backstreet, Erode, Winds of Abandon, Black Widow, Super Spy, Cabal Ritual, Tamiyo, Collector of Tales, Shadowspear, Yavimaya, Cradle of Growth, Okoye, Mighty and Adored, Wastewood Verge, Ignoble Hierarch, Six"
"45","1","Black/Red","BR Sneak and Show","Spells","11","12","17","3.17","Grief, Oliphaunt, Troll of Khazad-dûm, Collective Brutality, Entomb, Inquisition of Kozilek, Bloodchief's Thirst, Lightning Bolt, Kolaghan's Command, Swamp, Swamp, Swamp, Swamp, Swamp, Swamp, Swamp, Swamp, Swamp, Swamp, Swamp, Swamp, Corpse Dance, Blackcleave Cliffs, Verdant Catacombs, Barrowgoyf, Bitter Triumph, Pyrogoyf, Tersa Lightshatter, Mountain, Archon of Cruelty, Atraxa, Grand Unifier, Toxic Deluge, Animate Dead, Emperor of Bones, Deep-Cavern Bat, Thornspire Verge, Vaultborn Tyrant, Thoughtseize, Vampiric Tutor, Polluted Delta","Chandra, Torch of Defiance, Dark Confidant, The Legend of Roku, Mole Man, Moloid Master, Torsten, Founder of Benalia, Lurrus of the Dream-Den, Magda, Brazen Outlaw, Detective's Phoenix, Pillage the Bog, Generous Plunderer, Hogaak, Arisen Necropolis, Moonshadow, Burst Lightning, Leyline Binding, Ivora, Insatiable Heir, Emeritus of Truce, Anger, Goblin Bombardment"
"45","2","Blue","U Artifacts","Artifacts","5","18","17","3.26","Talisman of Progress, Karn, Scion of Urza, Displacer Kitten, Tezzeret, Cruel Captain, Sword of the Meek, Tinker, Phyrexian Metamorph, Aether Spellbomb, Astrologian's Planisphere, Pinnacle Emissary, Triplicate Titan, Ugin, Eye of the Storms, Basalt Monolith, Upheaval, Kappa Cannoneer, Thopter Foundry, Force of Will, Mountain, Mountain, Retrofitter Foundry, Saheeli, Sublime Artificer, Preordain, Island, Island, Island, Island, Island, Island, Island, Island, Island, Island, Island, Island, Candelabra of Tawnos, Mind Stone, Meticulous Archive, Tolarian Academy, City of Traitors, Chromatic Star","Witch Enchanter, Lingering Souls, Soul-Guide Lantern, Lose Focus, Together as One, Winds of Abandon, Get Lost, Arena of Glory, Aang's Iceberg, Tendrils of Agony, Vicious Rivalry, Goblin Welder, Council's Judgment, Loran of the Third Path, Proft's Eidetic Memory, Glimmer Lens, No More Lies, Memory Jar, Batroc the Leaper"
"45","3","Black/Blue","BU Tempo","Spells","9","14","17","2.17","Nethergoyf, Misty Rainforest, Tamiyo, Inquisitive Student, Sedgemoor Witch, Wan Shi Tong, Librarian, Snapcaster Mage, Snuff Out, Stern Scolding, Unearth, Black Lotus, Swamp, Swamp, Swamp, Treasure Cruise, Sol Ring, Occult Epiphany, Daze, Thought Scour, Infernal Grasp, Abhorrent Oculus, Island, Island, Island, Island, Island, Island, Island, Island, Island, Island, Island, Island, Memory Lapse, Time Spiral, Time Walk, Thundertrap Trainer, Spell Pierce, Psychic Frog, Thieving Skydiver, Zagoth Triome","Twilight Diviner, Grist, the Hunger Tide, Survival of the Fittest, Sensei's Divining Top, Erode, Yawgmoth's Will, Orcish Lumberjack, Keen-Eyed Curator, Smuggler's Copter, Talisman of Dominance, Vibrance, Wan Shi Tong, All-Knowing, Doomsday, Pentad Prism, Vengevine, Phantasmal Image, Endurance, Impractical Joke, Damnation, Wistfulness"
"45","4","Black/Red","BR Sneak and Show","Spells","8","15","17","2.87","Fire Covenant, Prismatic Vista, Raucous Theater, Badlands, Suplex, Duress, The One Ring, Faithless Looting, Bloodtithe Harvester, Carnage Interpreter, Swamp, Swamp, Swamp, Swamp, Swamp, Swamp, Swamp, Swamp, The Wondrous Wasp, Crabomination, Necromancy, Etali, Primal Conqueror, Palantír of Orthanc, Mind Twist, Night's Whisper, Shallow Grave, Reanimate, Mountain, Mountain, Mountain, Mountain, Recurring Nightmare, Fable of the Mirror-Breaker, Voldaren Epicure, Life // Death, Bonecrusher Giant, Urborg, Tomb of Yawgmoth, Indatha Triome, Griselbrand, Exhume","Umezawa's Jitte, Grim Monolith, Worldspine Wurm, Horizon Canopy, Bleachbone Verge, Concealed Courtyard, Woodfall Primus, Wrath of God, Lavaspur Boots, Melded Moxite, Containment Priest, Anje's Ravager, Damn, Desecrex, Gift of Servitude, Myr Battlesphere, Lightning Greaves, Screaming Nemesis"
"45","5","Black/Red/Blue","BRU Tempo","Spells, Humans","9","14","17","2.17","Seasoned Pyromancer, Undercity Sewers, Frantic Search, Steam Vents, Inti, Seneschal of the Sun, Cut Down, Fear of Missing Out, Echo of Eons, Ragavan, Nimble Pilferer, Malcolm, Alluring Scoundrel, Fiery Confluence, Cori-Steel Cutter, Dark Ritual, Ancestral Recall, Jace, Vryn's Prodigy, Blazemire Verge, Hymn to Tourach, Dack Fayden, Darkslick Shores, Mountain, Mountain, Mountain, Mountain, Mountain, Mountain, Faerie Mastermind, Island, Island, Island, Expressive Iteration, Starting Town, Mana Confluence, Orcish Bowmasters, Spirebluff Canal, Flame of Anor, Lion's Eye Diamond, Galvanic Discharge, Headliner Scarlett, Shelldock Isle, Mystical Tutor","Sevinne's Reclamation, Jace, Wielder of Mysteries, Formidable Speaker, Zirda, the Dawnwaker, Talisman of Curiosity, Hexing Squelcher, Fireblast, Sanguine Evangelist, Boseiju, Who Endures, Aang, Swift Savior, Oath of Druids, Malevolent Rumble, Blazing Rootwalla, Delighted Halfling"
"45","6","Green/Blue","GU Midrange Combo","Humans, Creatures","16","7","17","2.17","Tundra, Mox Jet, Avacyn's Pilgrim, Zuran Orb, Icetill Explorer, Michelangelo, Weirdness to 11, Pest Infestation, Breeding Pool, Shadowy Backstreet, Deathrite Shaman, Windswept Heath, Badgermole Cub, Eternal Witness, Flash, Ouroboroid, Quantum Riddler, Hexdrinker, Ketria Triome, Savannah, Tamiyo, Collector of Tales, Shifting Woodland, Underground Mortuary, Botanical Sanctum, Springheart Nantuko, Yavimaya, Cradle of Growth, Noble Hierarch, Seachrome Coast, Forest, Forest, Plains, Hedge Maze, Titania, Protector of Argoth, Bristly Bill, Spine Sower, Marsh Flats, Fastbond, Tireless Tracker, Otawara, Soaring City, Sandstorm Salvager, Chrome Mox, Uro, Titan of Nature's Wrath","The Wandering Emperor, Sacred Foundry, Expedition Map, Teferi, Time Raveler, Basking Rootwalla, Commercial District, Omnath, Locus of Creation, Unexpectedly Absent"
"45","7","Red/Blue","RU Artifacts","Artifacts","5","18","17","2.78","Savai Triome, Coalition Relic, Ponder, Everflowing Chalice, Urza's Bauble, Sewer-veillance Cam, Krang, Utrom Warlord, Portal to Phyrexia, Manifold Key, Urza's Saga, Bazaar of Baghdad, Talisman of Conviction, Shadowspear, Miscalculation, Currency Converter, Coveted Jewel, Forensic Gadgeteer, Mountain, Mountain, Mountain, Wheel of Fortune, Island, Island, Island, Island, Island, Island, Island, Mishra's Workshop, Goblin Engineer, The Mightstone and Weakstone, Raugrin Triome, Scalding Tarn, Mox Sapphire, Emry, Lurker of the Loch, Mox Opal, Blightsteel Colossus, Mox Ruby, Mox Diamond, Bloodstained Mire","Phyrexian Dragon Engine, Brightglass Gearhulk, Thassa's Oracle, Fallen Shinobi, Tear Asunder, Vindicate, Loot, the Pathfinder, Skycoach Conductor, Okoye, Mighty and Adored, Securitron Squadron, Makdee and Itla, Skysnarers, Agatha's Soul Cauldron, Pyrokinesis, Oust, Sunfall"
"45","8","Red/White","RW Stompy","Clerics, Creatures","16","7","17","2.35","Stomping Ground, Taiga, Mana Crypt, Phlage, Titan of Fire's Fury, Minsc & Boo, Timeless Heroes, Giver of Runes, Karakas, Jacked Rabbit, Phelia, Exuberant Shepherd, Mother of Runes, Gut, True Soul Zealot, Mox Pearl, Elite Spellbinder, Razorverge Thicket, Abandoned Air Temple, Elegant Parlor, Laelia, the Blade Reforged, Otharri, Suns' Glory, Swords to Plowshares, Guide of Souls, Ocelot Pride, Plains, Plains, Plains, Plains, Plains, Plains, Plains, Plains, Plateau, Luminarch Aspirant, Figure of Destiny, Path to Exile, Skyclave Apparition, Solitude, Reprieve, Temple Garden, Jetmir's Garden, Elspeth, Storm Slayer, Fury","Sear, Prismatic Ending, Tidehollow Sculler, Figure of Fable, Bloodbraid Challenger, Kaldra Compleat, Cathar Commando, Fanatic of Rhonas, Gau, Feral Youth, Wastewood Verge, Jennifer Walters, Sage of the Skies, Tarfire"
"46","1","Black/Green","BG Graveyard","Black/Green","12","11","17","3.39","Nethergoyf, Twilight Diviner, Alpha Deathclaw, Grist, the Hunger Tide, Collective Brutality, Bleachbone Verge, Sheoldred, the Apocalypse, Inquisition of Kozilek, Swamp, Swamp, Swamp, Swamp, Swamp, Swamp, Swamp, Swamp, Swamp, Swamp, Swamp, Corpse Dance, Crabomination, Overlord of the Balemurk, Necromancy, Sol Ring, Barrowgoyf, Underground Mortuary, Hogaak, Arisen Necropolis, Recurring Nightmare, Atraxa, Grand Unifier, Forest, Wastewood Verge, Malevolent Rumble, Life // Death, Lush Portico, Mox Sapphire, Six, Chain of Smog, Dauthi Voidwalker, Griselbrand, Zagoth Triome","Sylvan Caryatid, Dark Confidant, Worldspine Wurm, Figure of Fable, Tear Asunder, Kavaero, Mind-Bitten, Tamiyo, Collector of Tales, Fanatic of Rhonas, Currency Converter, Council's Judgment, Basking Rootwalla, Sylvan Safekeeper, Voldaren Epicure, Titania, Protector of Argoth, Damnation, Elspeth, Storm Slayer, Sunfall"
"46","2","Blue/White","UW Artifacts","Artifacts","2","21","17","3.04","Talisman of Progress, Karn, Scion of Urza, Staff of the Storyteller, Tezzeret, Cruel Captain, Steam Vents, Soul-Guide Lantern, Library of Alexandria, Portal to Phyrexia, Aether Spellbomb, Portable Hole, Basalt Monolith, Talisman of Conviction, Kaldra Compleat, Kappa Cannoneer, Mox Pearl, Forensic Gadgeteer, Mountain, Saheeli, Sublime Artificer, Swords to Plowshares, Island, Island, Island, Island, Island, Island, Mishra's Workshop, Plains, Plains, Plains, Plains, Plains, Plains, Sink into Stupor, The Mightstone and Weakstone, Mind Stone, Remand, Shorikai, Genesis Engine, Otawara, Soaring City, Memory Jar, Chromatic Star","Squee, Goblin Nabob, Umezawa's Jitte, Torsten, Founder of Benalia, Magda, Brazen Outlaw, Lion Sash, Wan Shi Tong, All-Knowing, Skycoach Conductor, Zirda, the Dawnwaker, Melded Moxite, Elite Spellbinder, Razorverge Thicket, Securitron Squadron, Goblin Welder, Unholy Heat, Jennifer Walters, Leovold, Emissary of Trest, Skyclave Apparition, Eagles of the North"
"46","3","Black/Red","BR Sneak and Show","Humans","13","10","17","2.26","Savai Triome, Raucous Theater, Liliana of the Veil, Fabled Passage, Badlands, Caustic Bronco, Inti, Seneschal of the Sun, Cut Down, Phlage, Titan of Fire's Fury, Inspiring Vantage, Bloodtithe Harvester, Blood Crypt, Kolaghan's Command, Swamp, Swamp, Swamp, Swamp, Swamp, Bitter Triumph, Palantír of Orthanc, Flame Slash, Blazemire Verge, Tersa Lightshatter, Gau, Feral Youth, Reanimate, Laelia, the Blade Reforged, Concealing Curtains, Mountain, Mountain, Toxic Deluge, Plains, Desecrex, Gift of Servitude, Marsh Flats, Deep-Cavern Bat, Orcish Bowmasters, Batroc the Leaper, Mox Ruby, Flooded Strand, Headliner Scarlett, Dismember","Parallax Wave, Ephemerate, Palace Jailer, Badgermole Cub, Baleful Strix, Adeline, Resplendent Cathar, Winds of Abandon, Otharri, Suns' Glory, Ocelot Pride, Hedge Maze, Path to Exile, Oust, Temple Garden"
"46","4","Red/Blue/White","RUW Combo Control","Spells","7","16","17","2.61","Tundra, Vivi Ornitier, Fractured Identity, Gitaxian Probe, Ajani, Nacatl Pariah, Prismatic Ending, Forth Eorlingas!, Ragavan, Nimble Pilferer, Quantum Riddler, Karakas, Phelia, Exuberant Shepherd, Wooded Foothills, Raffine's Tower, Chain Lightning, Seachrome Coast, Mountain, Mountain, Mountain, Mountain, Preordain, Teferi, Time Raveler, Island, Island, Island, Island, Memory Lapse, Plains, Plains, Plains, Plains, Mana Leak, Mystic Confluence, Time Walk, Solitude, Unexpectedly Absent, No More Lies, Galvanic Discharge, Reprieve, Teferi, Hero of Dominaria, Fury","Seasoned Pyromancer, Witch Enchanter, Brightglass Gearhulk, Gush, Shadowy Backstreet, The Legend of Roku, Wrath of God, Occult Epiphany, Firebolt, Overlord of the Mistmoors, Containment Priest, Enduring Innocence, Sanguine Evangelist, Burst Lightning, Flickerwisp, Thraben Inspector, Tarfire"
"46","5","Green/Red/Blue","GRU Midrange Combo","Artifacts","11","12","17","2.61","Stormchaser's Talent, Prismatic Vista, Displacer Kitten, Wrenn and Six, Talisman of Creativity, Stomping Ground, Ancient Tomb, Wan Shi Tong, Librarian, Phyrexian Metamorph, Mole Man, Moloid Master, Malcolm, Alluring Scoundrel, Cori-Steel Cutter, Spellseeker, Smuggler's Copter, Urza's Saga, Oko, Thief of Crowns, Loot, the Pathfinder, Ketria Triome, Waterlogged Grove, Tropical Island, Force of Will, Noble Hierarch, Dack Fayden, Abhorrent Oculus, Island, Island, Island, Island, Island, Boseiju, Who Endures, Volcanic Island, Legion Extruder, Raugrin Triome, Lightning Greaves, Tolarian Academy, Time Warp, Ledger Shredder, Hallowed Fountain, Mox Diamond, Thieving Skydiver","Avacyn's Pilgrim, Zuran Orb, Together as One, Mutagen Man, Living Ooze, Robber of the Rich, Aang's Iceberg, Goblin Engineer, Omnath, Locus of Creation, Oath of Druids, Mana Confluence"
"46","6","Blue","U Artifacts","Artifacts","8","15","17","3.22","Coalition Relic, Nettlecyst, Undercity Sewers, Everflowing Chalice, Lose Focus, Grim Monolith, Tinker, Krang, Utrom Warlord, Walking Ballista, Talisman of Dominance, Pinnacle Emissary, Swamp, Triplicate Titan, The Wondrous Wasp, Ugin, Eye of the Storms, Mishra's Bauble, Lórien Revealed, Thopter Foundry, Miscalculation, Mountain, Island, Island, Island, Island, Island, Island, Island, Island, Island, Island, Island, Island, Show and Tell, Plains, Meticulous Archive, Emry, Lurker of the Loch, Mox Opal, Night Nurse, Healer of Heroes, Blightsteel Colossus, Chrome Mox","Metamorphosis Fanatic, Phyrexian Dragon Engine, Nadu, Winged Wisdom, Michelangelo, Weirdness to 11, Subtlety, Stern Scolding, Treasure Cruise, Lavaspur Boots, Bone Shards, Daze, Haywire Mite, Thought Scour, Abandoned Air Temple, Questing Beast, Agatha's Soul Cauldron, Thundertrap Trainer, Wistfulness, Emeritus of Truce, Flow State, Serra Paragon"
"46","7","Black/Red/Blue","BRU Combo","Spells","3","20","17","2.30","Lutri, the Spellchaser, Imperial Seal, Frantic Search, Thassa's Oracle, Stock Up, Underworld Breach, Bolas's Citadel, Brainstorm, Unearth, Dark Ritual, Bazaar of Baghdad, Ancestral Recall, Swamp, Swamp, Swamp, Swamp, Cabal Ritual, Tendrils of Agony, Night's Whisper, Wishclaw Talisman, Xander's Lounge, Manamorphose, Darkslick Shores, Mountain, Mountain, Mountain, Island, Island, Island, Island, Island, Relic of Sauron, Time Spiral, Psychic Frog, Flame of Anor, Thoughtseize, Lion's Eye Diamond, Polluted Delta, Ziatora's Proving Ground, Mystical Tutor","Iron-Shield Elf, Tishana's Tidebinder, Bloodchief's Thirst, Keen-Eyed Curator, Fallen Shinobi, Death-Greeter's Champion, Pillage the Bog, Elegant Parlor, Damn, Generous Ent, Makdee and Itla, Skysnarers, Emperor of Bones, Aang, Swift Savior, Channel, Emeritus of Abundance, Sunbaked Canyon, Kaito, Bane of Nightmares"
"46","8","Green/Red","GR Stompy","Green/Red","13","10","17","2.83","Mox Jet, Wasteland, Green Sun's Zenith, Survival of the Fittest, Chandra, Torch of Defiance, Oliphaunt, Taiga, Fear of Missing Out, Windswept Heath, Woodfall Primus, Eternal Witness, Mox Emerald, Orcish Lumberjack, Lightning Bolt, Vibrance, Swamp, Nissa, Who Shakes the World, Verdant Catacombs, Hexdrinker, Bloodbraid Challenger, Shifting Woodland, Yavimaya, Cradle of Growth, Mountain, Mountain, Mountain, Mountain, Forest, Forest, Forest, Forest, Forest, Fable of the Mirror-Breaker, Through the Breach, Endurance, Ignoble Hierarch, Birds of Paradise, Tireless Tracker, Sneak Attack, Thornspire Verge, Delighted Halfling","Icetill Explorer, Black Widow, Super Spy, Territorial Kavu, Force of Vigor, Savannah, Mind Twist, Vengevine, Anje's Ravager, Delayed Blast Fireball, Pyrokinesis, Blazing Rootwalla, Baloth Prime, Satyr Wayfinder, Goblin Bombardment, Screaming Nemesis"
"47","1","Blue/White","UW Control","Blue/White","7","16","17","3.39","Tundra, Parallax Wave, Fractured Identity, Palace Jailer, Tamiyo, Inquisitive Student, Mox Emerald, Malcolm, Alluring Scoundrel, Quantum Riddler, Portable Hole, Lórien Revealed, Daze, Jace, the Mind Sculptor, Celestial Colonnade, Botanical Sanctum, Force of Will, Seachrome Coast, Narset, Parter of Veils, Teferi, Time Raveler, Island, Island, Island, Island, Plains, Plains, Plains, Plains, Plains, Plains, Brazen Borrower, Aang, Swift Savior, Meticulous Archive, Shorikai, Genesis Engine, Eagles of the North, Unexpectedly Absent, Otawara, Soaring City, Oust, Hallowed Fountain, Teferi, Hero of Dominaria, Elspeth, Storm Slayer, Sunfall","Savai Triome, Staff of the Storyteller, Chandra, Torch of Defiance, Steam Vents, Krang, Utrom Warlord, Flash, Giver of Runes, Black Widow, Super Spy, Treasure Cruise, Territorial Kavu, Aang's Iceberg, Cathar Commando, Thought Scour, Shadowspear, Makdee and Itla, Skysnarers"
"47","2","Black/Red","BR Aristocrats","Spells, Humans","11","12","17","2.09","Fire Covenant, Mox Jet, Liliana of the Veil, Grief, Badlands, Fatal Push, Inti, Seneschal of the Sun, Dark Confidant, Magda, Brazen Outlaw, Kolaghan's Command, Robber of the Rich, Riverpyre Verge, Detective's Phoenix, Swamp, Swamp, Swamp, Swamp, Swamp, Arena of Glory, Mind Twist, Firebolt, Xander's Lounge, Chain Lightning, Infernal Grasp, Blazemire Verge, Laelia, the Blade Reforged, Mountain, Mountain, Mountain, Mountain, Mountain, Mountain, Time Walk, Bonecrusher Giant, Broadside Bombardiers, Marauding Mako, Thoughtseize, Tarfire, Headliner Scarlett, Bloodstained Mire","Phyrexian Dragon Engine, Nettlecyst, Sedgemoor Witch, Lurrus of the Dream-Den, Cabal Ritual, Palantír of Orthanc, Skycoach Conductor, Vengevine, Manamorphose, Desecrex, Gift of Servitude, The Mightstone and Weakstone, Ignoble Hierarch, Luminarch Aspirant, Figure of Destiny, Sage of the Skies, Thornspire Verge"
"47","3","Black/Green/Blue","BGU Value","Spells","11","12","17","2.52","Prismatic Vista, Caustic Bronco, Breeding Pool, Wan Shi Tong, Librarian, Snuff Out, Oko, Thief of Crowns, Blooming Marsh, Wan Shi Tong, All-Knowing, Tropical Island, Tamiyo, Collector of Tales, Shifting Woodland, Esika's Chariot, Miscalculation, Pillage the Bog, Overgrown Tomb, Reanimate, Harvester of Misery, Darkslick Shores, Faerie Mastermind, Abhorrent Oculus, Island, Island, Island, Island, Island, Bayou, Memory Lapse, Wastewood Verge, Timetwister, Hedge Maze, Leovold, Emissary of Trest, Spell Pierce, Fastbond, Chain of Smog, Orcish Bowmasters, Satyr Wayfinder, Polluted Delta, Thieving Skydiver, Delighted Halfling, Zagoth Triome","Brightglass Gearhulk, Ephemerate, Iron-Shield Elf, Woodfall Primus, Yawgmoth's Will, Tidehollow Sculler, Doomsday, Melded Moxite, Vicious Rivalry, Agatha's Soul Cauldron"
"47","4","Black/Blue","BU Artifacts","Artifacts, Spells","7","16","17","3.04","Gitaxian Probe, Tinker, Tishana's Tidebinder, Bolas's Citadel, Concealed Courtyard, Hullbreacher, Sheoldred, the Apocalypse, Brainstorm, The One Ring, Aether Spellbomb, Astrologian's Planisphere, Fallen Shinobi, Swamp, Swamp, Swamp, Swamp, Verdant Catacombs, Upheaval, Thopter Foundry, Currency Converter, Forensic Gadgeteer, Island, Island, Island, Island, Island, Island, Island, Island, Island, Island, Relic of Sauron, Animate Dead, Mana Leak, Mystic Confluence, Time Warp, Psychic Frog, Urza, Lord High Artificer, Vampiric Tutor, Shelldock Isle","Twilight Diviner, Lingering Souls, Talisman of Creativity, Sheoldred's Edict, Sewer-veillance Cam, Bloodchief's Thirst, Nissa, Who Shakes the World, The Wondrous Wasp, Crabomination, Kavaero, Mind-Bitten, Vindicate, Loot, the Pathfinder, Waterlogged Grove, Emrakul, the Aeons Torn, Delayed Blast Fireball, Concealing Curtains, Sanguine Evangelist, Leyline Binding, Reprieve"
"47","5","Green","G Midrange Combo","Druids, Creatures","20","3","17","2.39","Avacyn's Pilgrim, Fabled Passage, Green Sun's Zenith, Icetill Explorer, Michelangelo, Weirdness to 11, Multiversal Passage, Horizon Canopy, Spara's Headquarters, Elvish Mystic, Keen-Eyed Curator, Formidable Speaker, Force of Vigor, Ursine Monstrosity, Llanowar Elves, Hexdrinker, Savannah, Fanatic of Rhonas, Gaea's Cradle, Springheart Nantuko, Noble Hierarch, Sentinel of the Nameless City, Forest, Forest, Forest, Forest, Forest, Forest, Forest, Forest, Forest, Forest, Questing Beast, Generous Ent, Sylvan Safekeeper, Endurance, Channel, Bristly Bill, Spine Sower, Lush Portico, Tireless Tracker, Sandstorm Salvager","Stomping Ground, The Legend of Roku, Winds of Abandon, Get Lost, Vibrance, Figure of Fable, Overlord of the Mistmoors, Fireblast, Flickerwisp, Guide of Souls, Ocelot Pride, Omnath, Locus of Creation, Spirebluff Canal, Serra Paragon, Third Path Iconoclast"
"47","6","Black/Red","BR Sneak and Show","Spells","9","14","17","3.35","Metamorphosis Fanatic, Imperial Seal, Oliphaunt, Troll of Khazad-dûm, Collective Brutality, Entomb, Swamp, Swamp, Swamp, Swamp, Swamp, Swamp, Swamp, Swamp, Swamp, Swamp, Swamp, Swamp, Triplicate Titan, Corpse Dance, Overlord of the Balemurk, Bone Shards, Mox Pearl, Hogaak, Arisen Necropolis, Mountain, Mountain, Mountain, Mountain, Recurring Nightmare, Toxic Deluge, Forest, Fable of the Mirror-Breaker, Through the Breach, Emperor of Bones, Voldaren Epicure, Life // Death, Mox Ruby, Mox Diamond, Griselbrand, Exhume","Seasoned Pyromancer, Traumatic Critique, Squee, Goblin Nabob, Survival of the Fittest, Cut Down, Fear of Missing Out, Lotus Petal, Bloodtithe Harvester, Lightning Bolt, Unearth, Lavaspur Boots, Witherbloom Apprentice, Elite Spellbinder, Anje's Ravager, Generous Plunderer, Tersa Lightshatter, Goblin Welder, Goblin Engineer, Oath of Druids, Mana Confluence, Night Nurse, Healer of Heroes, Anger"
"47","7","Red/Blue","RU Artifacts","Artifacts","2","21","17","2.39","Talisman of Progress, Vivi Ornitier, Tezzeret, Cruel Captain, Sensei's Divining Top, Frantic Search, Grim Monolith, Echo of Eons, Underworld Breach, Paradoxical Outcome, Manifold Key, Inspiring Vantage, Brain Freeze, Black Lotus, Ugin, Eye of the Storms, Pentad Prism, Mana Vault, Dack Fayden, Mountain, Mountain, Mountain, Mountain, Island, Island, Island, Island, Island, Island, Island, Island, Island, Island, Island, Expressive Iteration, Candelabra of Tawnos, Thundering Falls, Remand, Emry, Lurker of the Loch, Mox Opal, Memory Jar, Lion's Eye Diamond","Stormchaser's Talent, Raucous Theater, Balance, Sevinne's Reclamation, Sword of the Meek, Emeritus of Ideation, Adeline, Resplendent Cathar, Cori-Steel Cutter, Talisman of Dominance, Pinnacle Emissary, Occult Epiphany, Kaldra Compleat, Tendrils of Agony, Kappa Cannoneer, Talisman of Curiosity, Proft's Eidetic Memory, Glimmer Lens, Jennifer Walters, Thraben Inspector, Wistfulness"
"47","8","Green/Red/White","GRW Midrange Combo","Artifacts","14","9","17","2.65","Zuran Orb, Wasteland, Wrenn and Six, Urza's Bauble, Library of Alexandria, Taiga, Phlage, Titan of Fire's Fury, Orcish Lumberjack, Minsc & Boo, Timeless Heroes, Mutagen Man, Living Ooze, Walking Ballista, Bazaar of Baghdad, Cloak and Dagger, Entwined, Skullclamp, Ketria Triome, Bloodbraid Challenger, Mine Collapse, Okoye, Mighty and Adored, Expedition Map, Gau, Feral Youth, Elegant Parlor, Copperline Gorge, Otharri, Suns' Glory, Forest, Forest, Forest, Mishra's Workshop, Boseiju, Who Endures, Lightning Greaves, Titania, Protector of Argoth, Strip Mine, Mox Sapphire, Baloth Prime, Six, Emeritus of Truce, Vaultborn Tyrant, City of Traitors, Flooded Strand, Jetmir's Garden, Sunbaked Canyon","Together as One, Wrath of God, Lion Sash, Mother of Runes, Securitron Squadron, Voice of Victory, Loran of the Third Path, Goblin Bombardment"
"48","1","Green/Red/Blue","GRU Midrange Combo","Spells","13","10","17","2.74","Prismatic Vista, Wasteland, Icetill Explorer, Sylvan Caryatid, Stomping Ground, Umezawa's Jitte, Breeding Pool, Taiga, Deathrite Shaman, Forth Eorlingas!, Fiery Confluence, Vibrance, Force of Vigor, Oko, Thief of Crowns, Verdant Catacombs, Ketria Triome, Tropical Island, Skycoach Conductor, Death-Greeter's Champion, Scythecat Cub, Gau, Feral Youth, Laelia, the Blade Reforged, Mountain, Mountain, Mountain, Mountain, Unholy Heat, Forest, Forest, Forest, Mana Leak, Endurance, Hedge Maze, Once Upon a Time, Titania, Protector of Argoth, Malevolent Rumble, Uro, Titan of Nature's Wrath, Tarfire, Headliner Scarlett, Bloodstained Mire","Grist, the Hunger Tide, The Legend of Roku, Phlage, Titan of Fire's Fury, Lavaspur Boots, Haywire Mite, Etali, Primal Conqueror, Manamorphose, Arwen, Mortal Queen, Abhorrent Oculus, Figure of Destiny, Ivora, Insatiable Heir, Goblin Bombardment"
"48","2","Black/Green/Blue","BGU Sneak and Show","Spells","8","15","17","3.43","Mox Jet, Undercity Sewers, Liliana of the Veil, Cut Down, Iron-Shield Elf, Sheoldred's Edict, Collective Brutality, Worldspine Wurm, Mana Crypt, Lotus Petal, Flash, Black Lotus, Swamp, Swamp, Swamp, Swamp, Swamp, Swamp, Swamp, Swamp, Swamp, Swamp, Swamp, Swamp, Swamp, Corpse Dance, Kavaero, Mind-Bitten, Necromancy, Bitter Triumph, Botanical Sanctum, Emrakul, the Aeons Torn, Shallow Grave, Harvester of Misery, Archon of Cruelty, Forest, Scalding Tarn, Life // Death, Psychic Frog, Vaultborn Tyrant, Exhume","Seasoned Pyromancer, Raucous Theater, Alpha Deathclaw, Mole Man, Moloid Master, Aether Spellbomb, Carnage Interpreter, Jacked Rabbit, Cloak and Dagger, Entwined, Basalt Monolith, Abandoned Air Temple, Delayed Blast Fireball, Goblin Welder, Desecrex, Gift of Servitude, Jennifer Walters, Mana Confluence, Night Nurse, Healer of Heroes, Anger, Spirebluff Canal, Batroc the Leaper"
"48","3","Green/White","GW Stompy","Humans","15","8","17","2.39","Avacyn's Pilgrim, Staff of the Storyteller, Brightglass Gearhulk, The Wandering Emperor, Fabled Passage, Green Sun's Zenith, Palace Jailer, Horizon Canopy, Windswept Heath, Mox Emerald, Torsten, Founder of Benalia, Keen-Eyed Curator, Mutagen Man, Living Ooze, Walking Ballista, Black Widow, Super Spy, Nissa, Who Shakes the World, Llanowar Elves, Hexdrinker, Savannah, Gaea's Cradle, Underground Mortuary, Natural Order, Yavimaya, Cradle of Growth, Razorverge Thicket, Sentinel of the Nameless City, Swords to Plowshares, Forest, Forest, Forest, Forest, Questing Beast, Boseiju, Who Endures, Birds of Paradise, Bristly Bill, Spine Sower, Lush Portico, Sandstorm Salvager, Indatha Triome, Oust, Temple Garden, Jetmir's Garden","Phyrexian Dragon Engine, Twilight Diviner, Zirda, the Dawnwaker, Sanguine Evangelist, Flickerwisp, Loran of the Third Path, Agatha's Soul Cauldron, Candelabra of Tawnos, Channel"
"48","4","Black/Blue","BU Combo","Spells","2","21","17","2.78","Talisman of Creativity, Imperial Seal, Gush, Frantic Search, Multiversal Passage, Thassa's Oracle, Echo of Eons, Underworld Breach, Yawgmoth's Will, Brain Freeze, Spellseeker, Consider, Jace, Wielder of Mysteries, Dark Ritual, Swamp, Swamp, Treasure Cruise, Mana Vault, Tendrils of Agony, Wishclaw Talisman, Thought Scour, Force of Will, Mountain, Mountain, Preordain, Island, Island, Island, Island, Island, Island, Island, Island, Island, Island, Time Spiral, Otawara, Soaring City, Lion's Eye Diamond, Mystical Tutor, Watery Grave","Fire Covenant, Appa, Steadfast Guardian, Everflowing Chalice, Soul-Guide Lantern, Sewer-veillance Cam, Robber of the Rich, Unearth, Loot, the Pathfinder, Talisman of Conviction, Waterlogged Grove, Anje's Ravager, Dack Fayden, Impractical Joke, Time Warp, Flow State, Galvanic Discharge, Dauthi Voidwalker, Thieving Skydiver, Griselbrand"
"48","5","Blue/White","UW Control","Spells","8","15","17","2.74","Ponder, Stock Up, Snapcaster Mage, Subtlety, Malcolm, Alluring Scoundrel, Stern Scolding, Quantum Riddler, Jace, Vryn's Prodigy, Lórien Revealed, Sol Ring, Mana Drain, Jace, the Mind Sculptor, Miscalculation, Narset, Parter of Veils, Island, Island, Island, Island, Island, Island, Island, Island, Island, Island, Island, Island, Island, Island, Plains, Sink into Stupor, Brazen Borrower, Mystic Confluence, Time Walk, Thundertrap Trainer, Mox Sapphire, Solitude, Shorikai, Genesis Engine, No More Lies, Hallowed Fountain, Flooded Strand","Savai Triome, Metamorphosis Fanatic, Sevinne's Reclamation, Together as One, Emeritus of Ideation, Portable Hole, Wan Shi Tong, All-Knowing, Tamiyo, Collector of Tales, Xander's Lounge, Flame Slash, Burst Lightning, Toxic Deluge, Otharri, Suns' Glory, Leyline Binding, Phantasmal Image, Animate Dead, Guardian Scalelord, Emeritus of Truce, Ledger Shredder, Flame of Anor"
"48","6","Red/Blue","RU Artifacts","Artifacts","8","15","17","3.96","Coalition Relic, Nettlecyst, Tezzeret, Cruel Captain, Sensei's Divining Top, Steam Vents, Tamiyo, Inquisitive Student, Tinker, Portal to Phyrexia, Phyrexian Metamorph, Manifold Key, The One Ring, Riverpyre Verge, Pinnacle Emissary, Ugin, Eye of the Storms, Pentad Prism, Upheaval, Kappa Cannoneer, Coveted Jewel, Forensic Gadgeteer, Mountain, Mountain, Mountain, Saheeli, Sublime Artificer, Island, Island, Island, Island, Island, Island, Island, Island, Forest, Myr Battlesphere, Volcanic Island, Legion Extruder, Tolarian Academy, Blightsteel Colossus, Chrome Mox, Third Path Iconoclast, Shelldock Isle","Lose Focus, Ajani, Nacatl Pariah, Inspiring Vantage, Bloodtithe Harvester, Get Lost, Kaldra Compleat, Melded Moxite, Elite Spellbinder, Fireblast, Elegant Parlor, Memory Lapse, Plateau, Scrubland, Starting Town, Spell Pierce, Remand, Skyclave Apparition"
"48","7","Black/White","BW Aristocrats","Humans","13","10","17","2.09","Parallax Wave, Lingering Souls, Fatal Push, Dark Confidant, Bleachbone Verge, Snuff Out, Stoneforge Mystic, Adeline, Resplendent Cathar, Inquisition of Kozilek, Lurrus of the Dream-Den, Smuggler's Copter, Giver of Runes, Swamp, Swamp, Swamp, Swamp, Swamp, Swamp, Swamp, Phelia, Exuberant Shepherd, Skullclamp, Cathar Commando, Moonshadow, Voice of Victory, Guide of Souls, Plains, Plains, Plains, Plains, Plains, Plains, Plains, Plains, Plains, Sage of the Skies, Path to Exile, Deep-Cavern Bat, Orcish Bowmasters, Mox Diamond, Elspeth, Storm Slayer","Tundra, Fractured Identity, Sword of the Meek, Erode, Baleful Strix, Winds of Abandon, Talisman of Dominance, Fallen Shinobi, Aang's Iceberg, Overlord of the Balemurk, Daze, Mana Tithe, Hogaak, Arisen Necropolis, Darkslick Shores, Faerie Mastermind, Basking Rootwalla, The Mightstone and Weakstone, Emeritus of Abundance, Eagles of the North, Urza, Lord High Artificer, Sunbaked Canyon"
"48","8","Black/Green/Red","BGR Midrange","Black/Green/Red","10","13","17","2.78","Nethergoyf, Chandra, Torch of Defiance, Oliphaunt, Grim Monolith, Sear, Minsc & Boo, Timeless Heroes, Magda, Brazen Outlaw, Blood Crypt, Kolaghan's Command, Detective's Phoenix, Blackcleave Cliffs, Bloodbraid Challenger, Mind Twist, Mox Pearl, Esika's Chariot, Generous Plunderer, Hexing Squelcher, Overgrown Tomb, Blazemire Verge, Noble Hierarch, Mountain, Mountain, Mountain, Mountain, Mountain, Mountain, Mountain, Recurring Nightmare, Wheel of Fortune, Commercial District, Forest, Generous Ent, Plains, Fable of the Mirror-Breaker, Arid Mesa, Ignoble Hierarch, Sneak Attack, Thornspire Verge, Ziatora's Proving Ground, Abrade","Zuran Orb, Survival of the Fittest, Caustic Bronco, Sedgemoor Witch, Triplicate Titan, Territorial Kavu, Mishra's Bauble, Vindicate, Witherbloom Apprentice, Mine Collapse, Shadowspear, Sylvan Safekeeper, Mind Stone, Voldaren Epicure"
"49","1","Red/Blue","RU Artifacts","Artifacts","4","19","17","2.43","Vivi Ornitier, Everflowing Chalice, Tezzeret, Cruel Captain, Talisman of Creativity, Stock Up, Paradoxical Outcome, Brain Freeze, Riverpyre Verge, Pinnacle Emissary, Skullclamp, Talisman of Conviction, Pentad Prism, Mana Vault, Mana Drain, Dack Fayden, Mountain, Mountain, Mountain, Mountain, Mountain, Island, Island, Island, Island, Island, Island, Island, Memory Lapse, Fable of the Mirror-Breaker, The Mightstone and Weakstone, Mana Leak, Volcanic Island, Expressive Iteration, Candelabra of Tawnos, Thundering Falls, Emry, Lurker of the Loch, Tolarian Academy, Memory Jar, City of Traitors, Third Path Iconoclast","Raucous Theater, Oliphaunt, Wishclaw Talisman, Melded Moxite, Containment Priest, Yavimaya, Cradle of Growth, Concealing Curtains, Unholy Heat, Leyline Binding, Phantasmal Image, Desecrex, Gift of Servitude, Mana Confluence, Spell Pierce, Batroc the Leaper, Flame of Anor, Goblin Bombardment, Teferi, Hero of Dominaria"
"49","2","Black/Blue","BU Artifacts","Artifacts","5","18","17","2.04","Mox Jet, Undercity Sewers, Displacer Kitten, Sensei's Divining Top, Imperial Seal, Gush, Multiversal Passage, Soul-Guide Lantern, Thassa's Oracle, Snapcaster Mage, Bolas's Citadel, Lotus Petal, Sheoldred, the Apocalypse, Manifold Key, Consider, Dark Ritual, Swamp, Swamp, Swamp, Swamp, Swamp, The Wondrous Wasp, Mind Twist, Blazemire Verge, Currency Converter, Retrofitter Foundry, Narset, Parter of Veils, Island, Island, Island, Island, Island, Island, Island, Island, Relic of Sauron, Mishra's Workshop, Time Warp, Mox Opal, Chromatic Star","Phyrexian Dragon Engine, Traumatic Critique, Alpha Deathclaw, Survival of the Fittest, Michelangelo, Weirdness to 11, Dark Confidant, Together as One, Krang, Utrom Warlord, Master of Death, Stern Scolding, Kolaghan's Command, Giver of Runes, Lavaspur Boots, Haywire Mite, Shadowspear, Faerie Mastermind, Proft's Eidetic Memory, Exhume"
"49","3","Green/Blue","GU Midrange Combo","Spells","13","10","17","2.83","Prismatic Vista, Green Sun's Zenith, Nadu, Winged Wisdom, Pest Infestation, Breeding Pool, Windswept Heath, Hullbreacher, Spara's Headquarters, Subtlety, Lórien Revealed, Llanowar Elves, Waterlogged Grove, Fanatic of Rhonas, Gaea's Cradle, Botanical Sanctum, Springheart Nantuko, Natural Order, Scythecat Cub, Sentinel of the Nameless City, Island, Forest, Forest, Forest, Forest, Forest, Forest, Forest, Forest, Generous Ent, Sylvan Safekeeper, Brazen Borrower, Timetwister, Lightning Greaves, Hedge Maze, Time Spiral, Once Upon a Time, Titania, Protector of Argoth, Malevolent Rumble, Fastbond, Uro, Titan of Nature's Wrath","Avacyn's Pilgrim, Brightglass Gearhulk, Torsten, Founder of Benalia, Spellseeker, Corpse Dance, Figure of Fable, Kaldra Compleat, Underground Mortuary, Expedition Map, Arwen, Mortal Queen, Channel, Lush Portico, Flow State, Sandstorm Salvager"
"49","4","Black/Blue","BU Reanimator","Spells","5","18","17","2.70","Metamorphosis Fanatic, Ponder, Sheoldred's Edict, Collective Brutality, Creeping Tar Pit, Entomb, Snuff Out, Jace, Wielder of Mysteries, Ancestral Recall, Swamp, Swamp, Swamp, Swamp, Swamp, Swamp, Swamp, Swamp, Overlord of the Balemurk, Occult Epiphany, Daze, Bitter Triumph, Jace, the Mind Sculptor, Night's Whisper, Darkslick Shores, Archon of Cruelty, Toxic Deluge, Abhorrent Oculus, Island, Island, Island, Island, Island, Sink into Stupor, Counterspell, Mox Sapphire, Urborg, Tomb of Yawgmoth, Otawara, Soaring City, Vampiric Tutor, Dauthi Voidwalker, Dismember","Coalition Relic, Twilight Diviner, Emeritus of Ideation, Treasure Cruise, Crabomination, Doomsday, Vengevine, Celestial Colonnade, Gau, Feral Youth, Basking Rootwalla, Impractical Joke, Aang, Swift Savior, Oath of Druids, Damnation, Emeritus of Truce, Unexpectedly Absent, Oust, Sunfall"
"49","5","Black/Blue/White","BUW Artifacts","Artifacts","9","14","17","5.39","Balance, Grim Monolith, Woodfall Primus, Portal to Phyrexia, Phyrexian Metamorph, The One Ring, Flash, Swamp, Swamp, Triplicate Titan, Basalt Monolith, Raffine's Tower, Demonic Tutor, Emrakul, the Aeons Torn, Coveted Jewel, Mountain, Atraxa, Grand Unifier, Force of Negation, Teferi, Time Raveler, Island, Island, Island, Island, Island, Forest, Show and Tell, Plains, Plains, Through the Breach, Myr Battlesphere, Mind Stone, Meticulous Archive, Shorikai, Genesis Engine, Blightsteel Colossus, Urza, Lord High Artificer, Hallowed Fountain, Flooded Strand, Shelldock Isle, Griselbrand, Zagoth Triome","The Wandering Emperor, Erode, Wrath of God, Inquisition of Kozilek, Keen-Eyed Curator, Get Lost, Nissa, Who Shakes the World, Portable Hole, Wan Shi Tong, All-Knowing, Zirda, the Dawnwaker, Talisman of Curiosity, Okoye, Mighty and Adored, Loran of the Third Path, Glimmer Lens, Figure of Destiny, Eagles of the North"
"49","6","Red","R Burn","Humans","15","8","17","2.43","Seasoned Pyromancer, Dragon's Rage Channeler, Chandra, Torch of Defiance, Sear, Fiery Confluence, Magda, Brazen Outlaw, Lightning Bolt, Sacred Foundry, Cori-Steel Cutter, Urza's Saga, Robber of the Rich, Detective's Phoenix, Pyrogoyf, Mox Pearl, Chain Lightning, Anje's Ravager, Generous Plunderer, Hexing Squelcher, Laelia, the Blade Reforged, Mountain, Mountain, Mountain, Mountain, Mountain, Mountain, Mountain, Mountain, Mountain, Mountain, Mountain, Mountain, Mountain, Mountain, Burst Lightning, Plains, Voldaren Epicure, Bonecrusher Giant, Headliner Scarlett, Fury, Screaming Nemesis","Nettlecyst, Fabled Passage, Squee, Goblin Nabob, Horizon Canopy, Phlage, Titan of Fire's Fury, Orcish Lumberjack, Bloodtithe Harvester, Winds of Abandon, Carnage Interpreter, Witherbloom Apprentice, Etali, Primal Conqueror, Skycoach Conductor, Mine Collapse, Otharri, Suns' Glory, Voice of Victory, Sage of the Skies, Blazing Rootwalla, Emeritus of Abundance, Sneak Attack, Temple Garden"
"49","7","Black/White","BW Aristocrats","Humans","11","12","17","2.00","Parallax Wave, Lingering Souls, Staff of the Storyteller, Fatal Push, Caustic Bronco, Umezawa's Jitte, Shadowy Backstreet, Concealed Courtyard, Stoneforge Mystic, Adeline, Resplendent Cathar, Lurrus of the Dream-Den, Swamp, Swamp, Phelia, Exuberant Shepherd, Mother of Runes, Vindicate, Sol Ring, Elite Spellbinder, Hymn to Tourach, Reanimate, Swords to Plowshares, Guide of Souls, Ocelot Pride, Plains, Plains, Plains, Plains, Plains, Plains, Plains, Plains, Plains, Plains, Scrubland, Luminarch Aspirant, Path to Exile, Marsh Flats, Solitude, Indatha Triome, Chrome Mox","Witch Enchanter, Nethergoyf, Liliana of the Veil, Cut Down, Sevinne's Reclamation, Unearth, Lion Sash, Aang's Iceberg, Savannah, Vicious Rivalry, Mana Tithe, Infernal Grasp, Securitron Squadron, Fireblast, Moonshadow, Recurring Nightmare, Damn"
"49","8","Green/Red","GR Midrange","Creatures","17","6","17","2.96","Lutri, the Spellchaser, Stomping Ground, Taiga, Ancient Tomb, Eternal Witness, Ragavan, Nimble Pilferer, Black Lotus, Ouroboroid, Vibrance, Formidable Speaker, Cloak and Dagger, Entwined, Ursine Monstrosity, Wooded Foothills, Blooming Marsh, Ketria Triome, Bloodbraid Challenger, Tropical Island, Flame Slash, Esika's Chariot, Overgrown Tomb, Delayed Blast Fireball, Copperline Gorge, Mountain, Mountain, Wheel of Fortune, Commercial District, Forest, Questing Beast, Bayou, Wastewood Verge, Endurance, Pyrokinesis, Starting Town, Birds of Paradise, Ivora, Insatiable Heir, Baloth Prime, Broadside Bombardiers, Tireless Tracker, Ziatora's Proving Ground, Delighted Halfling","Grist, the Hunger Tide, Underworld Breach, Tear Asunder, Mishra's Bauble, Tamiyo, Collector of Tales, Agatha's Soul Cauldron, Life // Death, Skyclave Apparition"
"50","1","Red/Blue/White","RUW Artifacts","Artifacts","3","20","17","2.70","Nettlecyst, Everflowing Chalice, Tezzeret, Cruel Captain, Balance, Bleachbone Verge, Paradoxical Outcome, The One Ring, Talisman of Dominance, Pinnacle Emissary, Ugin, Eye of the Storms, Mishra's Bauble, Blooming Marsh, Talisman of Conviction, Palantír of Orthanc, Upheaval, Mox Pearl, Celestial Colonnade, Talisman of Curiosity, Coveted Jewel, Forensic Gadgeteer, Mountain, Mountain, Mountain, Retrofitter Foundry, Force of Negation, Island, Island, Island, Island, Island, Island, Relic of Sauron, Bayou, Mishra's Workshop, Plains, Candelabra of Tawnos, Hedge Maze, Emry, Lurker of the Loch, Tolarian Academy, Mox Opal","Zuran Orb, Fractured Identity, Soul-Guide Lantern, Together as One, Bolas's Citadel, Krang, Utrom Warlord, Fallen Shinobi, The Wondrous Wasp, Lórien Revealed, Daze, Okoye, Mighty and Adored, Pillage the Bog, Agatha's Soul Cauldron, Damnation, Teferi, Hero of Dominaria"
"50","2","Red/Blue","RU Spellslinger","Spells","8","15","17","2.39","Stormchaser's Talent, Vivi Ornitier, Frantic Search, Steam Vents, Multiversal Passage, Wan Shi Tong, Librarian, Snapcaster Mage, Brainstorm, Mox Emerald, Malcolm, Alluring Scoundrel, Fiery Confluence, Spellseeker, Consider, Ketria Triome, Occult Epiphany, Mana Drain, Chain Lightning, Dack Fayden, Mountain, Faerie Mastermind, Saheeli, Sublime Artificer, Abhorrent Oculus, Island, Island, Island, Island, Island, Island, Island, Island, Island, Island, Sink into Stupor, Volcanic Island, Expressive Iteration, Raugrin Triome, Mystic Confluence, Pyrokinesis, Spirebluff Canal, Third Path Iconoclast","Metamorphosis Fanatic, Squee, Goblin Nabob, Chandra, Torch of Defiance, Iron-Shield Elf, Bloodchief's Thirst, Territorial Kavu, Lavaspur Boots, Mine Collapse, Blazemire Verge, Fireblast, Phantasmal Image, Blazing Rootwalla, Psychic Frog, Marauding Mako, Serra Paragon, Thieving Skydiver"
"50","3","Green/Red/White","GRW Stompy","Humans, Creatures","16","7","17","2.04","Sylvan Caryatid, Inti, Seneschal of the Sun, Palace Jailer, Pest Infestation, Umezawa's Jitte, Taiga, Fear of Missing Out, Horizon Canopy, Windswept Heath, Inspiring Vantage, Lightning Bolt, Sacred Foundry, Cori-Steel Cutter, Robber of the Rich, Ouroboroid, Figure of Fable, Ursine Monstrosity, Savannah, Fanatic of Rhonas, Yavimaya, Cradle of Growth, Generous Plunderer, Scythecat Cub, Abandoned Air Temple, Voice of Victory, Swords to Plowshares, Forest, Forest, Ocelot Pride, Wastewood Verge, Plateau, Ignoble Hierarch, Sage of the Skies, Once Upon a Time, Strip Mine, Malevolent Rumble, Thornspire Verge, Sandstorm Salvager, City of Traitors, Jetmir's Garden, Bloodstained Mire","Urza's Bauble, Woodfall Primus, Torsten, Founder of Benalia, Vengevine, Mana Tithe, Securitron Squadron, Tarfire"
"50","4","Black/Blue","BU Combo","Spells","4","19","17","2.43","Mox Jet, Undercity Sewers, Gush, Echo of Eons, Tinker, Hullbreacher, Yawgmoth's Will, Duress, Baleful Strix, Brain Freeze, Dark Ritual, Bazaar of Baghdad, Swamp, Swamp, Swamp, Swamp, Swamp, Cabal Ritual, Doomsday, Tendrils of Agony, Night's Whisper, Wishclaw Talisman, Thought Scour, Darkslick Shores, Narset, Parter of Veils, Island, Island, Island, Island, Island, Island, Thundertrap Trainer, Mana Confluence, Time Warp, Urza, Lord High Artificer, Thoughtseize, Lion's Eye Diamond, Polluted Delta, Mystical Tutor, Watery Grave","Phyrexian Dragon Engine, Fatal Push, Emeritus of Ideation, Tishana's Tidebinder, Subtlety, Master of Death, Winds of Abandon, Witherbloom Apprentice, Basalt Monolith, Zirda, the Dawnwaker, Hogaak, Arisen Necropolis, Omnath, Locus of Creation, Channel, Chain of Smog, Batroc the Leaper, Kaito, Bane of Nightmares"
"50","5","Green/Blue","GU Midrange Combo","Green/Blue","12","11","17","2.65","Ponder, Prismatic Vista, Misty Rainforest, Green Sun's Zenith, Nadu, Winged Wisdom, Tamiyo, Inquisitive Student, Stock Up, Eternal Witness, Elvish Mystic, Nissa, Who Shakes the World, Formidable Speaker, Oko, Thief of Crowns, Hexdrinker, Tropical Island, Tamiyo, Collector of Tales, Gaea's Cradle, Jace, the Mind Sculptor, Botanical Sanctum, Esika's Chariot, Force of Will, Sentinel of the Nameless City, Preordain, Island, Island, Island, Forest, Forest, Forest, Forest, Forest, Forest, Boseiju, Who Endures, Endurance, Time Walk, Starting Town, Birds of Paradise, Wistfulness, Tireless Tracker, Delighted Halfling, Zagoth Triome","Traumatic Critique, Displacer Kitten, Minsc & Boo, Timeless Heroes, Keen-Eyed Curator, Treasure Cruise, Cloak and Dagger, Entwined, Skycoach Conductor, Vicious Rivalry, Copperline Gorge, Damn, Basking Rootwalla, Sylvan Safekeeper, Shorikai, Genesis Engine, No More Lies"
"50","6","Black/Red/White","BRW Aristocrats","Spells","14","9","17","2.39","Savai Triome, Fire Covenant, Lingering Souls, Badlands, Concealed Courtyard, Phlage, Titan of Fire's Fury, Forth Eorlingas!, Lurrus of the Dream-Den, Blood Crypt, Unearth, Tidehollow Sculler, Swamp, Swamp, Swamp, Karakas, Jacked Rabbit, Gut, True Soul Zealot, Godless Shrine, Pyrogoyf, Flame Slash, Infernal Grasp, Gau, Feral Youth, Reanimate, Concealing Curtains, Mountain, Mountain, Mountain, Mountain, Mountain, Wheel of Fortune, Super Shredder, Scrubland, Emperor of Bones, Urborg, Tomb of Yawgmoth, Orcish Bowmasters, Indatha Triome, Reprieve, Dauthi Voidwalker, Headliner Scarlett, Fury","Liliana of the Veil, Sword of the Meek, Collective Brutality, Underworld Breach, Wrath of God, Mole Man, Moloid Master, Carnage Interpreter, Tear Asunder, Haywire Mite, Underground Mortuary, Overgrown Tomb, Desecrex, Gift of Servitude, Sunfall"
"50","7","Black/Red","BR Sneak and Show","Artifacts","14","9","17","4.43","Sensei's Divining Top, Stomping Ground, Oliphaunt, Grim Monolith, Sear, Worldspine Wurm, Lotus Petal, Ragavan, Nimble Pilferer, Urza's Saga, Swamp, Swamp, Black Widow, Super Spy, Melded Moxite, Emrakul, the Aeons Torn, Tersa Lightshatter, Goblin Welder, Mountain, Mountain, Mountain, Mountain, Mountain, Mountain, Mountain, Mountain, Mountain, Mountain, Mountain, Archon of Cruelty, Island, Goblin Engineer, Through the Breach, Myr Battlesphere, Legion Extruder, Voldaren Epicure, Mox Sapphire, Sneak Attack, Blightsteel Colossus, Vaultborn Tyrant, Griselbrand, Ziatora's Proving Ground","Coalition Relic, Witch Enchanter, Alpha Deathclaw, Ephemerate, Caustic Bronco, Imperial Seal, Erode, Crabomination, Force of Vigor, Bone Shards, Mind Twist, Manamorphose, Razorverge Thicket, Town Greeter, Moonshadow, Burst Lightning, Council's Judgment, Flow State, Anger"
"50","8","Blue/White","UW Control","Humans","14","9","17","2.35","Wasteland, Parallax Wave, Staff of the Storyteller, The Wandering Emperor, Fabled Passage, Library of Alexandria, Ajani, Nacatl Pariah, Adeline, Resplendent Cathar, Giver of Runes, Ancestral Recall, Phelia, Exuberant Shepherd, Wooded Foothills, Skullclamp, Cathar Commando, Containment Priest, Miscalculation, Seachrome Coast, Mountain, Sanguine Evangelist, Teferi, Time Raveler, Guide of Souls, Loran of the Third Path, Plains, Plains, Plains, Plains, Plains, Plains, Plains, Makdee and Itla, Skysnarers, Arid Mesa, Thraben Inspector, Aang, Swift Savior, Meticulous Archive, Marsh Flats, Solitude, Eagles of the North, Mox Ruby, Oust, Hallowed Fountain","Michelangelo, Weirdness to 11, Entomb, Phyrexian Metamorph, Mutagen Man, Living Ooze, Lion Sash, Proft's Eidetic Memory, The Mightstone and Weakstone, Jennifer Walters, Figure of Destiny, Leovold, Emissary of Trest, Guardian Scalelord, Galvanic Discharge, Temple Garden"