"Draft","Seat","Colors","Archetype","Themes","Creatures","Noncreatures","Lands","Avg MV","Mainboard","Sideboard"
"1","1","White","W Weenie","Enchantments, Humans","10","13","17","3.04","Elspeth, Sun's Champion, Student of Warfare, Umezawa's Jitte, Angel of Invention, Journey to Nowhere, Wrath of God, Stoneforge Mystic, Spectral Procession, Monastery Mentor, Gideon, Ally of Zendikar, Wall of Omens, Inkmoth Nexus, Selfless Spirit, Knight of the White Orchid, Elesh Norn, Grand Cenobite, Plains, Plains, Plains, Plains, Plains, Plains, Plains, Plains, Plains, Plains, Plains, Plains, Plains, Plains, Plains, Plains, Oblivion Ring, Isamaru, Hound of Konda, Day of Judgment, Glorious Anthem, Kytheon, Hero of Akros, Elspeth, Knight-Errant, Honor of the Pure, Legion's Landing, Spear of Heliod","Everflowing Chalice, Qasali Pridemage, Judge's Familiar, Sword of Fire and Ice, Phyrexian Metamorph, Krosan Grip, Irrigated Farmland, Yavimaya Coast, Knight of the Holy Nimbus, Archangel of Thune, Tidehollow Sculler, Kitchen Finks, Mishra's Bauble, Disenchant, Secure the Wastes, Lightning Greaves, Sword of Feast and Famine, Sheltered Thicket, Loxodon Warhammer, Oust, Shelldock Isle"
"1","2","Red/Blue","RU Spellslinger","Spells, Wizards","5","18","17","2.39","Cruel Ultimatum, Lotus Bloom, Chart a Course, Electrolyze, Shivan Reef, Gitaxian Probe, Ratchet Bomb, Snapcaster Mage, Chromatic Sphere, Smoldering Marsh, Faithless Looting, Lightning Bolt, Jace, Vryn's Prodigy, Blackcleave Cliffs, Glen Elendra Archmage, Sulfur Falls, Temple of Epiphany, Drowned Catacomb, Flame Slash, Izzet Charm, Mountain, Mountain, Searing Spear, Preordain, Island, Island, Island, Island, Island, Island, Island, Island, Mana Leak, Looter il-Kor, Scalding Tarn, Jace Beleren, Pyroclasm, Talrand, Sky Summoner, Search for Azcanta, Dig Through Time","Cryptbreaker, Temur Charm, Kolaghan's Command, Terminate, Zurgo Helmsmasher, Thopter Foundry, Celestial Crusader, Street Wraith, Through the Breach, The Scarab God, Dreadbore, Cinder Glade, Quicksilver Amulet, Reciprocate, Dismember"
"1","3","Red/Blue","RU Spellslinger","Spells, Humans","8","15","17","1.96","Soul-Scar Mage, Bedlam Reveler, Sleight of Hand, Steam Vents, Stormchaser Mage, Censor, Serum Visions, Young Pyromancer, Battlefield Forge, Opt, Lightning Axe, Unsummon, Dead // Gone, Botanical Sanctum, Manamorphose, Bloodwater Entity, Ancestral Vision, Mountain, Mountain, Mountain, Mountain, Mountain, Mountain, Mountain, Remove Soul, Island, Island, Island, Island, Island, Figure of Destiny, Cyclonic Rift, Clifftop Retreat, Incinerate, Monastery Swiftspear, Char, Spirebluff Canal, Devil's Play, Arc Trail, Thing in the Ice","Aurelia, the Warleader, Ingot Chewer, Sphinx of the Steel Wind, Scavenging Ooze, Bloodbraid Elf, Geist of Saint Traft, Tezzeret the Seeker, Aether Spellbomb, Walking Ballista, Skysovereign, Consul Flagship, Huntmaster of the Fells, Savannah Lions, Kari Zev, Skyship Raider, Kiki-Jiki, Mirror Breaker, Hellspark Elemental, Phantasmal Image, Talisman of Impulse"
"1","4","Red","R Burn","Artifacts","12","11","17","2.35","Chandra, Torch of Defiance, Canyon Slough, Sword of the Meek, Goblin Rabblemaster, Pyrite Spellbomb, Myr Enforcer, Blood Crypt, Sacred Foundry, Zurgo Bellstriker, Goblin Guide, Arcbound Ravager, Vault Skirge, Wooded Foothills, Porcelain Legionnaire, Temple of Triumph, Etched Champion, Mogg Fanatic, Pia and Kiran Nalaar, Steel Overseer, Earthquake, Mountain, Mountain, Mountain, Mountain, Mountain, Mountain, Mountain, Mountain, Mountain, Mountain, Mountain, Shock, Springleaf Drum, Batterskull, Galvanic Blast, Shrapnel Blast, Mox Opal, Trash for Treasure, Temple of Silence, Hellrider","Utopia Sprawl, Talisman of Progress, Abbot of Keral Keep, Terramorphic Expanse, Talisman of Indulgence, Zealous Conscripts, Rift Bolt, Hazoret the Fervent, Grim Lavamancer, Simian Spirit Guide, Chord of Calling, Chandra, Fire of Kaladesh, Ball Lightning, Incendiary Flow, Crystal Shard, Tarfire"
"1","5","Black/Green","BG Graveyard","Elves, Creatures","19","4","17","3.52","Reclamation Sage, Green Sun's Zenith, Thragtusk, Elves of Deep Shadow, Grim Flayer, Acidic Slime, Deathrite Shaman, Plow Under, Eternal Witness, Llanowar Wastes, Fauna Shaman, Hornet Queen, Courser of Kruphix, Woodland Bellower, Blooming Marsh, Verdant Catacombs, Llanowar Elves, Shriekmaw, Summoner's Pact, Elvish Piper, Carnage Tyrant, Craterhoof Behemoth, Overgrown Tomb, Joraga Treespeaker, Primeval Titan, Forest, Forest, Forest, Forest, Forest, Forest, Forest, Forest, Forest, Forest, Forest, Temple of Malady, Sakura-Tribe Elder, Dryad Arbor, Birthing Pod","Talara's Battalion, Abrupt Decay, Verdurous Gearhulk, Inquisition of Kozilek, Smuggler's Copter, Rakdos's Return, Phyrexian Revoker, Razorverge Thicket, Maelstrom Pulse, Rancor, Ornithopter, Lodestone Golem, Ulamog, the Infinite Gyre, Naturalize, Dragonlord Atarka, Chromatic Star"
"1","6","Black/Blue","BU Tempo","Spells","9","14","17","3.78","Hero's Downfall, Vendilion Clique, Mulldrifter, Creeping Tar Pit, Dissolve, Fetid Pools, Negate, Frost Titan, Swamp, Swamp, Swamp, Swamp, Commit // Memory, Doom Blade, Disfigure, Jace, the Mind Sculptor, Tasigur, the Golden Fang, Kitesail Freebooter, Cryptic Command, Torrential Gearhulk, Evolving Wilds, Riftwing Cloudskate, Island, Island, Island, Island, Island, Island, Island, Logic Knot, Ashiok, Nightmare Weaver, Hostage Taker, Sunken Hollow, Spell Pierce, Remand, Ultimate Price, Time Warp, Polluted Delta, Grave Titan, Watery Grave","Coalition Relic, Diabolic Tutor, Mystic Snake, Mind Shatter, Settle the Wreckage, Caves of Koilos, Icy Manipulator, Knight of the Reliquary, Deceiver Exarch, Ashen Rider, Dragonskull Summit, Skullclamp, Boon Satyr, Inkwell Leviathan, Delver of Secrets, Desecration Demon"
"1","7","Green/Blue/White","GUW Blink","Humans, Creatures","16","7","17","2.61","Solemn Simulacrum, Glacial Fortress, Avacyn's Pilgrim, Misty Rainforest, Kiora, Master of the Depths, Venser, Shaper Savant, Spell Queller, Blade Splicer, Breeding Pool, Horizon Canopy, Windswept Heath, Condemn, Wall of Roots, Scattered Groves, Farseek, Prairie Stream, Sower of Temptation, Pacifism, Coiling Oracle, Renegade Rallier, Celestial Colonnade, Whisperwood Elemental, Mana Tithe, Noble Hierarch, Flickerwisp, Sun Titan, Forest, Treetop Village, Plains, Arid Mesa, Thraben Inspector, Mana Confluence, Birds of Paradise, Path to Exile, Tireless Tracker, Hallowed Fountain, City of Brass, Banishing Light, Temple Garden, Hinterland Harbor","Thrun, the Last Troll, Biomass Mutation, Cranial Plating, Isolated Chapel, Skinrender, Master of the Wild Hunt, Siege Rhino"
"1","8","Black","B Midrange","Phyrexians","12","11","17","3.61","Liliana of the Veil, Twisted Abomination, Fatal Push, Dread Return, Goryo's Vengeance, Phyrexian Obliterator, Oona's Prowler, Whip of Erebos, Pack Rat, Swamp, Swamp, Swamp, Swamp, Swamp, Swamp, Swamp, Swamp, Swamp, Swamp, Swamp, Swamp, Swamp, Swamp, Swamp, Swamp, Swamp, Liliana, the Last Hope, Gatekeeper of Malakir, Ravenous Chupacabra, Night's Whisper, Sheoldred, Whispering One, Massacre Wurm, Crypt Ghast, Noxious Gearhulk, Zombify, Wurmcoil Engine, Damnation, Kalitas, Traitor of Ghet, Thoughtseize, Bitterblossom","Leatherback Baloth, Sensei's Divining Top, Master of Etherium, Concealed Courtyard, Blackmail, Hedron Archive, Brain Maggot, Murmuring Bosk, Tarmogoyf, Vendetta, Chromatic Lantern, Godless Shrine, Lightning Helix, Mikaeus, the Lunarch, Myr Battlesphere, Commune with Nature, Blightsteel Colossus, Bloodghast, Phyrexian Arena, Scarecrone, Vampire Hexmage, Vedalken Shackles"
"2","1","Green/White","GW Counters","Green/White","13","10","17","2.91","Utopia Sprawl, Elspeth, Sun's Champion, Qasali Pridemage, Horizon Canopy, Angel of Invention, Crib Swap, Journey to Nowhere, Verdurous Gearhulk, Knight of the Reliquary, Scattered Groves, Courser of Kruphix, Brimaz, King of Oreskos, Gideon, Ally of Zendikar, Kitchen Finks, Rhonas the Indomitable, Pacifism, Razorverge Thicket, Noble Hierarch, Banisher Priest, Flickerwisp, Forest, Forest, Plains, Plains, Plains, Plains, Plains, Plains, Plains, Plains, Plains, Plains, Batterskull, Birds of Paradise, Path to Exile, Tireless Tracker, Dryad Arbor, Elspeth, Knight-Errant, Oust, Temple Garden","Lingering Souls, Eldritch Evolution, Diabolic Tutor, Dark Confidant, Acidic Slime, Spectral Procession, Gatekeeper of Malakir, Zurgo Helmsmasher, Harmonize, Raging Ravine, Whisperwood Elemental, Adanto Vanguard, Boon Satyr, Ghalta, Primal Hunger, Mana Confluence, Kessig Prowler, Glorious Anthem"
"2","2","Red/Blue","RU Spellslinger","Spells, Humans","8","15","17","2.43","Sleight of Hand, Misty Rainforest, Shivan Reef, Gitaxian Probe, Zealous Conscripts, Rift Bolt, Negate, Grim Lavamancer, Censor, Faithless Looting, Lightning Bolt, Jace, Vryn's Prodigy, Young Pyromancer, Sulfur Falls, Jace, the Mind Sculptor, Incendiary Flow, Izzet Charm, Mountain, Mountain, Mountain, Mountain, Mountain, Mountain, Mountain, Preordain, Riftwing Cloudskate, Remove Soul, Island, Island, Island, Island, Island, Glorybringer, Jace Beleren, Monastery Swiftspear, Time Warp, Char, Spirebluff Canal, Thing in the Ice, Shelldock Isle","Cruel Ultimatum, Kiora, Master of the Depths, Plow Under, Blackmail, Blood Crypt, Huntmaster of the Fells, Terminate, Chandra, Fire of Kaladesh, Dark Petition, Disallow, Maelstrom Pulse, Earthquake, Celestial Crusader, Hostage Taker, Dreadbore, Cinder Glade, Hinterland Harbor"
"2","3","Red/White","RW Weenie","Artifacts, Humans","15","8","17","1.91","Student of Warfare, Aurelia, the Warleader, Umezawa's Jitte, Sword of Fire and Ice, Stoneforge Mystic, Condemn, Monastery Mentor, Inspiring Vantage, Sacred Foundry, Hero of Bladehold, Walking Ballista, Savannah Lions, Wooded Foothills, Battlefield Forge, Temple of Triumph, Selfless Spirit, Phyrexian Revoker, Knight of the White Orchid, Lightning Helix, Mikaeus, the Lunarch, Thalia, Guardian of Thraben, Plains, Plains, Plains, Plains, Plains, Plains, Plains, Plains, Plains, Plains, Plains, Figure of Destiny, Isamaru, Hound of Konda, Clifftop Retreat, Steelshaper's Gift, Loxodon Warhammer, Kytheon, Hero of Akros, Honor of the Pure, Legion's Landing","Wrath of God, Archangel of Thune, Dragonskull Summit, Chord of Calling, Isolated Chapel, Pia and Kiran Nalaar, Dead // Gone, Rootbound Crag, Elesh Norn, Grand Cenobite, Steel Overseer, Sun Titan, Naturalize, Shrapnel Blast, Canopy Vista, Tarfire, Kird Ape"
"2","4","Black/Green","BG Graveyard","Black/Green","13","10","17","2.52","Hero's Downfall, Green Sun's Zenith, Abrupt Decay, Scavenging Ooze, Grim Flayer, Deathrite Shaman, Eternal Witness, Inquisition of Kozilek, Brain Maggot, Tarmogoyf, Swamp, Swamp, Swamp, Swamp, Swamp, Swamp, Swamp, Swamp, Swamp, Swamp, Swamp, Liliana, the Last Hope, Blooming Marsh, Verdant Catacombs, Shriekmaw, Ravenous Chupacabra, Kitesail Freebooter, Lotus Cobra, Forest, Forest, Forest, Murderous Cut, Skinrender, Ultimate Price, Urborg, Tomb of Yawgmoth, Kalitas, Traitor of Ghet, Bloodghast, Thoughtseize, Phyrexian Arena, Bitterblossom","Solemn Simulacrum, Talara's Battalion, Concealed Courtyard, Chromatic Sphere, Wall of Roots, Hornet Queen, Murmuring Bosk, Zurgo Bellstriker, Vendetta, Summoner's Pact, Craterhoof Behemoth, Massacre Wurm, Joraga Treespeaker, Ulamog, the Infinite Gyre, Commune with Nature, Master of the Wild Hunt, Pyroclasm, Birthing Pod, Bloodstained Mire"
"2","5","Red/Blue","RU Spellslinger","Spells, Wizards","10","13","17","2.74","Soul-Scar Mage, Bedlam Reveler, Chart a Course, Electrolyze, Steam Vents, Vendilion Clique, Snapcaster Mage, Splinter Twin, Dissolve, Stormchaser Mage, Deceiver Exarch, Glen Elendra Archmage, Bribery, Temple of Epiphany, Lightning Axe, Unsummon, Pestermite, Flame Slash, Bloodwater Entity, Kiki-Jiki, Mirror Breaker, Mountain, Mountain, Mountain, Mountain, Mountain, Mountain, Shock, Searing Spear, Island, Island, Island, Island, Island, Island, Island, Island, Mana Leak, Scalding Tarn, Arc Trail, Abrade","Leatherback Baloth, Cathartic Reunion, Mystic Snake, Judge's Familiar, Ratchet Bomb, Hazoret the Fervent, Woodfall Primus, Yavimaya Coast, Simian Spirit Guide, Coiling Oracle, Beast Within, Carnage Tyrant, Hellspark Elemental, Goblin Dark-Dwellers, Through the Breach, Lightning Greaves, Crystal Shard, Dragonlord Atarka, Quicksilver Amulet"
"2","6","Black/Blue","BU Artifacts","Artifacts","11","12","17","3.17","Talisman of Progress, Master of Etherium, Sphinx of the Steel Wind, Sword of the Meek, Myr Enforcer, Hedron Archive, Prairie Stream, Swamp, Swamp, Swamp, Blackcleave Cliffs, Arcbound Ravager, Mishra's Bauble, Vault Skirge, Skullclamp, Inkmoth Nexus, Etched Champion, Inventors' Fair, Mountain, Mountain, Mindslaver, Bomat Courier, Frogmite, Island, Island, Island, Island, Island, Plains, Springleaf Drum, Sundering Titan, Marsh Flats, Inkwell Leviathan, Mox Opal, Trash for Treasure, Temple of Silence, Chrome Mox, Scarecrone, Dismember, Chromatic Star","Ulamog, the Ceaseless Hunger, Mulldrifter, Settle the Wreckage, Llanowar Wastes, Krosan Grip, Tidehollow Sculler, Wall of Omens, Hypnotic Specter, Hidden Dragonslayer, Manamorphose, Emrakul, the Aeons Torn, Secure the Wastes, Siege-Gang Commander, Reciprocate, Dig Through Time, Vampire Nighthawk"
"2","7","Black/Blue","BU Reanimator","Spells","11","12","17","4.04","Liliana of the Veil, Twisted Abomination, Cryptbreaker, Creeping Tar Pit, Duress, Dread Return, Goryo's Vengeance, Phyrexian Obliterator, Talisman of Dominance, Pack Rat, Swamp, Swamp, Swamp, Swamp, Swamp, Swamp, Swamp, Swamp, Swamp, Swamp, Godless Shrine, Liliana, Death's Majesty, Night's Whisper, Drowned Catacomb, Tasigur, the Golden Fang, Overgrown Tomb, Crypt Ghast, Zombify, Myr Battlesphere, The Scarab God, Woodland Cemetery, Wurmcoil Engine, Unburial Rites, Damnation, Makeshift Mannequin, Polluted Delta, Grave Titan, Search for Azcanta, Griselbrand, Watery Grave","Venser, Shaper Savant, Sylvan Caryatid, Garruk Wildspeaker, Terramorphic Expanse, Elves of Deep Shadow, Fauna Shaman, Shadowmage Infiltrator, Farseek, Rakdos's Return, Llanowar Elves, Evolving Wilds, Fertile Ground, Sakura-Tribe Elder, Desecration Demon, Vampire Hexmage"
"2","8","Blue/White","UW Control","Artifacts, Spells","8","15","17","3.04","Glacial Fortress, Karn Liberated, Spell Queller, Sensei's Divining Top, Consecrated Sphinx, Irrigated Farmland, Geist of Saint Traft, Archangel Avacyn, Aether Spellbomb, Frost Titan, Chromatic Lantern, Serum Visions, Commit // Memory, Opt, Celestial Colonnade, Thopter Foundry, Mana Tithe, Ancestral Vision, Mountain, Disenchant, Island, Island, Island, Island, Island, Island, Island, Island, Plains, Plains, Plains, Thraben Inspector, Sunken Hollow, Day of Judgment, Cyclonic Rift, Restoration Angel, Talrand, Sky Summoner, Hallowed Fountain, Pact of Negation, Vedalken Shackles","Lotus Bloom, Collected Company, Stomping Ground, Breeding Pool, Ashen Rider, Tezzeret the Seeker, Mantis Rider, Porcelain Legionnaire, Relic of Progenitus, Renegade Rallier, Temple of Mystery, Ornithopter, Lodestone Golem, Blightsteel Colossus, Hero of Oxid Ridge, City of Brass, Ajani Vengeant"
"3","1","Black/Blue","BU Tempo","Spells, Humans","10","13","17","3.52","Misty Rainforest, Venser, Shaper Savant, Twisted Abomination, Creeping Tar Pit, Snapcaster Mage, Fetid Pools, Shadowmage Infiltrator, Aether Spellbomb, Swamp, Treasure Cruise, Inkmoth Nexus, Bribery, Jace, the Mind Sculptor, Night's Whisper, Tasigur, the Golden Fang, Botanical Sanctum, Inventors' Fair, Massacre Wurm, Condescend, Ancestral Vision, Riftwing Cloudskate, Island, Island, Island, Island, Island, Island, Island, Island, Logic Knot, Ashiok, Nightmare Weaver, Murderous Cut, Hostage Taker, The Scarab God, Looter il-Kor, Sunken Hollow, Remand, Boomerang, Watery Grave, Vedalken Shackles","Cruel Ultimatum, Kiora, Master of the Depths, Sylvan Caryatid, Plow Under, Dread Return, Grim Lavamancer, Craterhoof Behemoth, Bloodwater Entity, Street Wraith, Through the Breach, Sword of Feast and Famine, Unburial Rites, Delver of Secrets, City of Brass"
"3","2","Black/Red","BR Burn","Spells, Humans","13","10","17","2.74","Soul-Scar Mage, Bedlam Reveler, Hero's Downfall, Abbot of Keral Keep, Inferno Titan, Ingot Chewer, Goblin Rabblemaster, Rift Bolt, Pyrite Spellbomb, Smoldering Marsh, Faithless Looting, Goblin Guide, Swamp, Blackcleave Cliffs, Young Pyromancer, Mishra's Bauble, Ravenous Chupacabra, Mogg Fanatic, Mountain, Mountain, Mountain, Mountain, Mountain, Mountain, Mountain, Mountain, Mountain, Mountain, Mountain, Mountain, Arid Mesa, Shrapnel Blast, Incinerate, Siege-Gang Commander, Thoughtseize, Devil's Play, Hellrider, Hero of Oxid Ridge, Bloodstained Mire, Dismember","Electrolyze, Eldritch Evolution, Diabolic Tutor, Stomping Ground, Bloodbraid Elf, Zurgo Helmsmasher, Temple of Triumph, Godless Shrine, Maelstrom Pulse, Boon Satyr, Secure the Wastes, Damnation, Clifftop Retreat, Sheltered Thicket, Master of the Wild Hunt, Cinder Glade, Thing in the Ice, Grave Titan"
"3","3","Red","R Burn","Artifacts, Spells","7","16","17","2.09","Cathartic Reunion, Zealous Conscripts, Sword of Fire and Ice, Splinter Twin, Lightning Bolt, Walking Ballista, Skullclamp, Ball Lightning, Phyrexian Revoker, Manamorphose, Flame Slash, Rootbound Crag, Earthquake, Kiki-Jiki, Mirror Breaker, Mountain, Mountain, Mountain, Mountain, Mountain, Mountain, Mountain, Mountain, Mountain, Mountain, Mountain, Mountain, Mountain, Mountain, Mountain, Hellspark Elemental, Shock, Searing Spear, Burst Lightning, Forest, Goblin Dark-Dwellers, Springleaf Drum, Char, Chrome Mox, Tarfire, Abrade","Utopia Sprawl, Cryptbreaker, Terramorphic Expanse, Abrupt Decay, Canyon Slough, Llanowar Wastes, Stormchaser Mage, Vendetta, Huntmaster of the Fells, Woodland Bellower, Arcbound Ravager, Dark Petition, Elvish Piper, Rancor, Frogmite, Gemstone Caverns, Heir of Falkenrath, Canopy Vista, Bloodghast, Desecration Demon, Bitterblossom"
"3","4","Green/White","GW Counters","Humans, Creatures","18","5","17","2.65","Avacyn's Pilgrim, Collected Company, Qasali Pridemage, Garruk Wildspeaker, Blade Splicer, Scavenging Ooze, Breeding Pool, Horizon Canopy, Windswept Heath, Journey to Nowhere, Eternal Witness, Knight of the Reliquary, Wall of Roots, Scattered Groves, Brimaz, King of Oreskos, Kitchen Finks, Renegade Rallier, Selfless Spirit, Hidden Dragonslayer, Lotus Cobra, Whisperwood Elemental, Razorverge Thicket, Noble Hierarch, Thalia, Guardian of Thraben, Joraga Treespeaker, Flickerwisp, Forest, Forest, Forest, Forest, Plains, Plains, Plains, Plains, Plains, Plains, Dryad Arbor, Elspeth, Knight-Errant, Temple Garden, Birthing Pod","Talara's Battalion, Elves of Deep Shadow, Grim Flayer, Crib Swap, Geist of Saint Traft, Farseek, Chord of Calling, Coiling Oracle, Beast Within, Carnage Tyrant, Celestial Crusader, Naturalize, Fertile Ground, Kessig Prowler, Sakura-Tribe Elder"
"3","5","White","W Weenie","Humans","13","10","17","1.91","Student of Warfare, Wrath of God, Stoneforge Mystic, Spectral Procession, Condemn, Monastery Mentor, Inspiring Vantage, Sacred Foundry, Hero of Bladehold, Knight of the Holy Nimbus, Savannah Lions, Knight of the White Orchid, Adanto Vanguard, Mana Tithe, Gideon's Lawkeeper, Plains, Plains, Plains, Plains, Plains, Plains, Plains, Plains, Plains, Plains, Plains, Plains, Plains, Plains, Figure of Destiny, Isamaru, Hound of Konda, Path to Exile, Steelshaper's Gift, Marsh Flats, Seeker of the Way, Glorious Anthem, Kytheon, Hero of Akros, Honor of the Pure, Oust, Legion's Landing","Settle the Wreckage, Hazoret the Fervent, Negate, Fauna Shaman, Simian Spirit Guide, Archangel of Thune, Rhonas the Indomitable, Wall of Omens, Sulfur Falls, Pia and Kiran Nalaar, Raging Ravine, Bomat Courier, Sun Titan, Woodland Cemetery, Day of Judgment, Galvanic Blast, Monastery Swiftspear, Temple of Malady, Reciprocate"
"3","6","Blue","U Artifacts","Artifacts, Spells","7","16","17","4.09","Coalition Relic, Talisman of Progress, Ponder, Sleight of Hand, Everflowing Chalice, Karn Liberated, Master of Etherium, Sphinx of the Steel Wind, Sword of the Meek, Phyrexian Metamorph, Censor, Irrigated Farmland, Tezzeret the Seeker, Talisman of Dominance, Prairie Stream, Chromatic Lantern, Swamp, Serum Visions, Commit // Memory, Celestial Colonnade, Preordain, Repeal, Island, Island, Island, Island, Island, Island, Island, Island, Island, Island, Myr Battlesphere, Mana Leak, Scalding Tarn, Sundering Titan, Inkwell Leviathan, Blightsteel Colossus, Polluted Delta, Flooded Strand","Elspeth, Sun's Champion, Shivan Reef, Ratchet Bomb, Biomass Mutation, Woodfall Primus, Mantis Rider, Battlefield Forge, Sphinx's Revelation, Mikaeus, the Lunarch, Leonin Relic-Warder, Ornithopter, Ghalta, Primal Hunger, Crystal Shard, Mana Confluence, Makeshift Mannequin, Spirebluff Canal"
"3","7","Black","B Midrange","Spells","10","13","17","3.04","Liliana of the Veil, Fatal Push, Dark Confidant, Mind Shatter, Concealed Courtyard, Blackmail, Duress, Caves of Koilos, Goryo's Vengeance, Brain Maggot, Ashen Rider, Smuggler's Copter, Whip of Erebos, Swamp, Swamp, Swamp, Swamp, Swamp, Swamp, Swamp, Swamp, Swamp, Swamp, Swamp, Swamp, Swamp, Liliana, the Last Hope, Gatekeeper of Malakir, Shriekmaw, Disfigure, Isolated Chapel, Liliana, Death's Majesty, Kitesail Freebooter, Crypt Ghast, Zombify, Skinrender, Ultimate Price, Urborg, Tomb of Yawgmoth, Griselbrand, Vampire Hexmage","Leatherback Baloth, Murmuring Bosk, Blood Crypt, Kolaghan's Command, Courser of Kruphix, Tidehollow Sculler, Rakdos's Return, Terminate, Dragonskull Summit, Blooming Marsh, Verdant Catacombs, Dead // Gone, Evolving Wilds, Siege Rhino, Quicksilver Amulet, Pyroclasm, Banishing Light, Kird Ape"
"3","8","Blue","U Combo","Artifacts","7","16","17","2.70","Solemn Simulacrum, Ensoul Artifact, Lotus Bloom, Sensei's Divining Top, Steam Vents, Umezawa's Jitte, Mulldrifter, Chromatic Sphere, Dissolve, Hedron Archive, Icy Manipulator, Skysovereign, Consul Flagship, Porcelain Legionnaire, Relic of Progenitus, Etched Champion, Temple of Mystery, Steel Overseer, Mountain, Mountain, Mindslaver, Island, Island, Island, Island, Island, Island, Island, Forest, Forest, Plains, Plains, Plains, Plains, Lightning Greaves, Batterskull, Loxodon Warhammer, Hangarback Walker, Talisman of Impulse, Scarecrone, Chromatic Star","Vendilion Clique, Consecrated Sphinx, Krosan Grip, Temur Charm, Frost Titan, Opt, Summoner's Pact, Harmonize, Drowned Catacomb, Pestermite, Disallow, Noxious Gearhulk, Primeval Titan, Remove Soul, Ulamog, the Infinite Gyre, Phantasmal Image, Commune with Nature, Spell Pierce, Cyclonic Rift, Time Warp"
"4","1","Black/Blue","BU Reanimator","Black/Blue","12","11","17","4.35","Cryptbreaker, Goryo's Vengeance, Phyrexian Obliterator, Ashen Rider, Whip of Erebos, Pack Rat, Swamp, Swamp, Swamp, Swamp, Swamp, Swamp, Swamp, Swamp, Swamp, Swamp, Swamp, Swamp, Swamp, Bribery, Shriekmaw, Dark Petition, Liliana, Death's Majesty, Massacre Wurm, Noxious Gearhulk, Island, Ashiok, Nightmare Weaver, Zombify, Plains, The Scarab God, Sunken Hollow, Wurmcoil Engine, Unburial Rites, Heir of Falkenrath, Makeshift Mannequin, Urborg, Tomb of Yawgmoth, Inkwell Leviathan, Thoughtseize, Grave Titan, Bitterblossom","Coalition Relic, Solemn Simulacrum, Mind Shatter, Myr Enforcer, Blackmail, Consecrated Sphinx, Hedron Archive, Negate, Stoneforge Mystic, Murmuring Bosk, Cranial Plating, Disallow, Disenchant, Riftwing Cloudskate, Phantasmal Image, Murderous Cut, Hostage Taker, Lightning Greaves, Bloodghast, Phyrexian Arena"
"4","2","Green/Red","GR Ramp","Shamans","13","10","17","4.87","Ulamog, the Ceaseless Hunger, Karn Liberated, Inferno Titan, Green Sun's Zenith, Thrun, the Last Troll, Sylvan Caryatid, Stomping Ground, Krosan Grip, Wooded Foothills, Oracle of Mul Daya, Beast Within, Elvish Piper, Lotus Cobra, Carnage Tyrant, Raging Ravine, Emrakul, the Aeons Torn, Rootbound Crag, Mountain, Mountain, Mountain, Primeval Titan, Forest, Forest, Forest, Forest, Forest, Forest, Forest, Forest, Forest, Ulamog, the Infinite Gyre, Through the Breach, Fertile Ground, Commune with Nature, Cinder Glade, Quicksilver Amulet, Sakura-Tribe Elder, Blightsteel Colossus, Chrome Mox, Talisman of Impulse","Lotus Bloom, Kiora, Master of the Depths, Leatherback Baloth, Splinter Twin, Smoldering Marsh, Simian Spirit Guide, Rakdos's Return, Huntmaster of the Fells, Dragonskull Summit, Temple of Mystery, Pestermite, Whisperwood Elemental, Hellspark Elemental, Glorybringer, Shrapnel Blast, Siege-Gang Commander, Pyroclasm"
"4","3","Green","G Ramp","Green","10","13","17","3.13","Avacyn's Pilgrim, Collected Company, Eldritch Evolution, Garruk Wildspeaker, Scavenging Ooze, Plow Under, Horizon Canopy, Concealed Courtyard, Biomass Mutation, Woodfall Primus, Llanowar Wastes, Fauna Shaman, Courser of Kruphix, Smuggler's Copter, Woodland Bellower, Skullclamp, Summoner's Pact, Harmonize, Craterhoof Behemoth, Maelstrom Pulse, Noble Hierarch, Rancor, Joraga Treespeaker, Island, Forest, Forest, Forest, Forest, Forest, Forest, Forest, Forest, Forest, Forest, Woodland Cemetery, Sword of Feast and Famine, Temple of Malady, Master of the Wild Hunt, Temple Garden, Birthing Pod","Lingering Souls, Aurelia, the Warleader, Twisted Abomination, Grim Flayer, Collective Brutality, Duress, Brain Maggot, Pacifism, Mikaeus, the Lunarch, Dead // Gone, Springleaf Drum, Ultimate Price, Kalitas, Traitor of Ghet, Glorious Anthem, Vampire Hexmage, Dismember"
"4","4","White","W Weenie","Humans, Creatures","18","5","17","1.91","Student of Warfare, Blade Splicer, Umezawa's Jitte, Judge's Familiar, Hero of Bladehold, Brimaz, King of Oreskos, Knight of the Holy Nimbus, Gideon, Ally of Zendikar, Porcelain Legionnaire, Inkmoth Nexus, Selfless Spirit, Phyrexian Revoker, Leonin Relic-Warder, Adanto Vanguard, Mana Tithe, Thalia, Guardian of Thraben, Banisher Priest, Gideon's Lawkeeper, Plains, Plains, Plains, Plains, Plains, Plains, Plains, Plains, Plains, Plains, Plains, Plains, Plains, Plains, Plains, Plains, Thraben Inspector, Figure of Destiny, Isamaru, Hound of Konda, Path to Exile, Kytheon, Hero of Akros, Legion's Landing","Qasali Pridemage, Talisman of Indulgence, Ratchet Bomb, Journey to Nowhere, Hazoret the Fervent, Wrath of God, Condemn, Geist of Saint Traft, Oona's Prowler, Mantis Rider, Vault Skirge, Relic of Progenitus, Zurgo Helmsmasher, Ball Lightning, Elesh Norn, Grand Cenobite, Bomat Courier, Secure the Wastes, Gemstone Caverns, Steelshaper's Gift, Marsh Flats, Reciprocate"
"4","5","Red/Blue","RU Artifacts","Artifacts","4","19","17","2.13","Talisman of Progress, Ponder, Sleight of Hand, Everflowing Chalice, Steam Vents, Sword of the Meek, Pyrite Spellbomb, Phyrexian Metamorph, Lightning Bolt, Tezzeret the Seeker, Aether Spellbomb, Walking Ballista, Talisman of Dominance, Swamp, Serum Visions, Mishra's Bauble, Temple of Epiphany, Inventors' Fair, Lodestone Golem, Mindslaver, Frogmite, Island, Island, Island, Island, Island, Island, Island, Island, Arid Mesa, Mana Leak, Clifftop Retreat, Time Warp, Mox Opal, Trash for Treasure, Spirebluff Canal, Shelldock Isle, Bloodstained Mire, Vedalken Shackles, Chromatic Star","Cruel Ultimatum, Electrolyze, Ingot Chewer, Faithless Looting, Kolaghan's Command, Glen Elendra Archmage, Coiling Oracle, Pia and Kiran Nalaar, Flame Slash, Bloodwater Entity, Kiki-Jiki, Mirror Breaker, Loxodon Warhammer, Hero of Oxid Ridge, Dig Through Time"
"4","6","Black/Blue","BU Tempo","Spells, Humans","8","15","17","2.65","Venser, Shaper Savant, Fatal Push, Dark Confidant, Creeping Tar Pit, Go for the Throat, Inquisition of Kozilek, Shadowmage Infiltrator, Swamp, Swamp, Swamp, Swamp, Swamp, Swamp, Swamp, Swamp, Sower of Temptation, Treasure Cruise, Liliana, the Last Hope, Hypnotic Specter, Disfigure, Ravenous Chupacabra, Night's Whisper, Drowned Catacomb, Kitesail Freebooter, Condescend, Cryptic Command, Evolving Wilds, Preordain, Remove Soul, Island, Island, Island, Island, Logic Knot, Skinrender, Damnation, Spell Pierce, Remand, Polluted Delta, Watery Grave","Talara's Battalion, Sphinx of the Steel Wind, Canyon Slough, Dissolve, Icy Manipulator, Deceiver Exarch, Frost Titan, Vendetta, Terminate, Arcbound Ravager, Overgrown Tomb, Celestial Crusader, Batterskull, Hangarback Walker, Temple of Silence, Search for Azcanta, Vampire Nighthawk"
"4","7","Green/White","GW Counters","Green/White","14","9","17","3.70","Utopia Sprawl, Reclamation Sage, Elspeth, Sun's Champion, Misty Rainforest, Sensei's Divining Top, Windswept Heath, Crib Swap, Verdurous Gearhulk, Hornet Queen, Scattered Groves, Archangel Avacyn, Archangel of Thune, Chord of Calling, Llanowar Elves, Renegade Rallier, Hidden Dragonslayer, Razorverge Thicket, Ghalta, Primal Hunger, Sun Titan, Forest, Treetop Village, Plains, Plains, Plains, Plains, Plains, Plains, Plains, Day of Judgment, Mana Confluence, Birds of Paradise, Canopy Vista, Restoration Angel, Seeker of the Way, Tireless Tracker, Dryad Arbor, Elspeth, Knight-Errant, Oust, Banishing Light, Flooded Strand","Glacial Fortress, Breeding Pool, Caves of Koilos, Temur Charm, Zurgo Bellstriker, Blackcleave Cliffs, Blooming Marsh, Thopter Foundry, Botanical Sanctum, Gilded Lotus, Ornithopter, Hallowed Fountain, City of Brass"
"4","8","Red/Blue","RU Burn","Spells, Humans","12","11","17","2.17","Soul-Scar Mage, Bedlam Reveler, Abbot of Keral Keep, Cathartic Reunion, Chandra, Torch of Defiance, Terramorphic Expanse, Gitaxian Probe, Zealous Conscripts, Goblin Rabblemaster, Stormchaser Mage, Grim Lavamancer, Goblin Guide, Kari Zev, Skyship Raider, Lightning Axe, Incendiary Flow, Earthquake, Mountain, Mountain, Mountain, Mountain, Mountain, Mountain, Mountain, Mountain, Mountain, Mountain, Mountain, Mountain, Mountain, Mountain, Shock, Burst Lightning, Island, Island, Goblin Dark-Dwellers, Monastery Swiftspear, Devil's Play, Tarfire, Thing in the Ice, Abrade","Spell Queller, Mystic Snake, Snapcaster Mage, Censor, Inspiring Vantage, Blood Crypt, Sacred Foundry, Prairie Stream, Jace, Vryn's Prodigy, Lightning Helix, Unsummon, Ancestral Vision, Repeal, Looter il-Kor, Cyclonic Rift, Boomerang, Siege Rhino, Talrand, Sky Summoner, Pact of Negation, Ajani Vengeant, Kird Ape"
"5","1","Black/Red","BR Aristocrats","Spells","9","14","17","2.96","Hero's Downfall, Liliana of the Veil, Diabolic Tutor, Cryptbreaker, Canyon Slough, Smoldering Marsh, Faithless Looting, Phyrexian Obliterator, Pack Rat, Swamp, Swamp, Swamp, Swamp, Swamp, Swamp, Swamp, Swamp, Swamp, Swamp, Swamp, Swamp, Swamp, Doom Blade, Terminate, Dragonskull Summit, Liliana, the Last Hope, Hypnotic Specter, Disfigure, Liliana, Death's Majesty, Flame Slash, Massacre Wurm, Crypt Ghast, Mountain, Burst Lightning, Skinrender, Damnation, Dreadbore, Incinerate, Kalitas, Traitor of Ghet, Grave Titan","Gitaxian Probe, Goblin Rabblemaster, Creeping Tar Pit, Journey to Nowhere, Hazoret the Fervent, Vendetta, Young Pyromancer, Bribery, Mogg Fanatic, Dead // Gone, Incendiary Flow, Street Wraith, Sunken Hollow, Makeshift Mannequin, Char, Devil's Play, Hellrider, Tarfire, Banishing Light"
"5","2","Green","G Ramp","Artifacts","10","13","17","4.26","Reclamation Sage, Ulamog, the Ceaseless Hunger, Leatherback Baloth, Scavenging Ooze, Biomass Mutation, Chromatic Sphere, Hedron Archive, Icy Manipulator, Farseek, Chromatic Lantern, Inkmoth Nexus, Opt, Summoner's Pact, Temple of Mystery, Botanical Sanctum, Carnage Tyrant, Whisperwood Elemental, Emrakul, the Aeons Torn, Rancor, Ghalta, Primal Hunger, Forest, Forest, Forest, Forest, Forest, Forest, Forest, Forest, Forest, Forest, Forest, Forest, Forest, Forest, Ulamog, the Infinite Gyre, Naturalize, Lightning Greaves, Sword of Feast and Famine, Quicksilver Amulet, Sakura-Tribe Elder","Cruel Ultimatum, Sleight of Hand, Avacyn's Pilgrim, Windswept Heath, Caves of Koilos, Censor, Rakdos's Return, Whip of Erebos, Mishra's Bauble, Skullclamp, Knight of the White Orchid, Tasigur, the Golden Fang, Manamorphose, Cryptic Command, Gemstone Caverns, Master of the Wild Hunt, Cinder Glade, Chrome Mox, Talisman of Impulse"
"5","3","Black/Green","BG Midrange","Spells, Creatures","15","8","17","4.00","Twisted Abomination, Fatal Push, Abrupt Decay, Elves of Deep Shadow, Collective Brutality, Woodfall Primus, Dread Return, Hornet Queen, Ashen Rider, Oona's Prowler, Swamp, Swamp, Swamp, Swamp, Swamp, Blooming Marsh, Verdant Catacombs, Oracle of Mul Daya, Shriekmaw, Godless Shrine, Ravenous Chupacabra, Kitesail Freebooter, Sheoldred, Whispering One, Razorverge Thicket, Maelstrom Pulse, Overgrown Tomb, Primeval Titan, Forest, Zombify, Woodland Cemetery, Birds of Paradise, Ultimate Price, Urborg, Tomb of Yawgmoth, Temple of Malady, Siege Rhino, Temple of Silence, Dryad Arbor, Thoughtseize, Temple Garden, Griselbrand","Thrun, the Last Troll, Stomping Ground, Blackmail, Duress, Wall of Roots, Chord of Calling, Dark Petition, Inkwell Leviathan, Restoration Angel, Pyroclasm, Bitterblossom"
"5","4","White","W Weenie","Humans","15","8","17","2.48","Elspeth, Sun's Champion, Student of Warfare, Blade Splicer, Judge's Familiar, Monastery Mentor, Irrigated Farmland, Hero of Bladehold, Brimaz, King of Oreskos, Archangel of Thune, Gideon, Ally of Zendikar, Mikaeus, the Lunarch, Leonin Relic-Warder, Adanto Vanguard, Thalia, Guardian of Thraben, Banisher Priest, Celestial Crusader, Plains, Plains, Plains, Plains, Plains, Plains, Plains, Plains, Plains, Plains, Plains, Plains, Plains, Plains, Plains, Plains, Isamaru, Hound of Konda, Path to Exile, Loxodon Warhammer, Glorious Anthem, Kytheon, Hero of Akros, Honor of the Pure, Oust, Legion's Landing","Everflowing Chalice, Spell Queller, Crib Swap, Settle the Wreckage, Pyrite Spellbomb, Splinter Twin, Wrath of God, Knight of the Reliquary, Tidehollow Sculler, Gatekeeper of Malakir, Relic of Progenitus, Isolated Chapel, Elesh Norn, Grand Cenobite, Noxious Gearhulk, Hellspark Elemental, Phantasmal Image, Mana Confluence, Canopy Vista, Reciprocate, Phyrexian Arena, City of Brass"
"5","5","Red/White","RW Combo","Artifacts","13","10","17","2.48","Sword of the Meek, Angel of Invention, Sword of Fire and Ice, Myr Enforcer, Stoneforge Mystic, Smuggler's Copter, Swamp, Swamp, Swamp, Savannah Lions, Arcbound Ravager, Vault Skirge, Porcelain Legionnaire, Battlefield Forge, Temple of Triumph, Cranial Plating, Phyrexian Revoker, Etched Champion, Inventors' Fair, Steel Overseer, Ornithopter, Mountain, Mountain, Mountain, Lodestone Golem, Disenchant, Bomat Courier, Plains, Plains, Plains, Plains, Plains, Plains, Plains, Plains, Springleaf Drum, Batterskull, Galvanic Blast, Shrapnel Blast, Spear of Heliod","Soul-Scar Mage, Talisman of Progress, Lingering Souls, Aurelia, the Warleader, Zealous Conscripts, Ratchet Bomb, Murmuring Bosk, Knight of the Holy Nimbus, Goblin Guide, Kitchen Finks, Huntmaster of the Fells, Zurgo Helmsmasher, Chandra, Fire of Kaladesh, Ball Lightning, Earthquake, Gideon's Lawkeeper, Oblivion Ring, Desecration Demon, Hero of Oxid Ridge"
"5","6","Red/Blue","RU Spellslinger","Spells, Humans","9","14","17","2.83","Bedlam Reveler, Ponder, Electrolyze, Shivan Reef, Steam Vents, Stormchaser Mage, Negate, Lightning Bolt, Jace, Vryn's Prodigy, Treasure Cruise, Sulfur Falls, Pestermite, Bloodwater Entity, Ancestral Vision, Izzet Charm, Mountain, Mountain, Mountain, Torrential Gearhulk, Shock, Searing Spear, Preordain, Island, Island, Island, Island, Island, Island, Island, Island, Island, Arid Mesa, Mana Leak, Remand, Monastery Swiftspear, Talrand, Sky Summoner, Spirebluff Canal, Delver of Secrets, Dig Through Time, Abrade","Abbot of Keral Keep, Cathartic Reunion, Qasali Pridemage, Geist of Saint Traft, Zurgo Bellstriker, Sower of Temptation, Blackcleave Cliffs, Mantis Rider, Sphinx's Revelation, Riftwing Cloudskate, Repeal, Secure the Wastes, Logic Knot, Glorybringer, Through the Breach, Looter il-Kor, Ajani Vengeant"
"5","7","Green/Blue","GU Ramp","Elves","15","8","17","3.17","Misty Rainforest, Kiora, Master of the Depths, Collected Company, Venser, Shaper Savant, Eldritch Evolution, Sylvan Caryatid, Mystic Snake, Garruk Wildspeaker, Breeding Pool, Deathrite Shaman, Plow Under, Eternal Witness, Llanowar Wastes, Fetid Pools, Fauna Shaman, Verdurous Gearhulk, Yavimaya Coast, Tarmogoyf, Courser of Kruphix, Rhonas the Indomitable, Llanowar Elves, Coiling Oracle, Beast Within, Jace, the Mind Sculptor, Craterhoof Behemoth, Joraga Treespeaker, Forest, Forest, Forest, Forest, Forest, Forest, Forest, Forest, Forest, Treetop Village, Fertile Ground, Tireless Tracker, Shelldock Isle, Hinterland Harbor","Horizon Canopy, Mind Shatter, Walking Ballista, Commit // Memory, Harmonize, Hidden Dragonslayer, Rootbound Crag, Boon Satyr, Kessig Prowler, Spell Pierce, Dragonlord Atarka, Boomerang, Thing in the Ice, Birthing Pod"
"5","8","Black/Blue","BU Artifacts","Artifacts","9","14","17","3.65","Solemn Simulacrum, Ensoul Artifact, Glacial Fortress, Karn Liberated, Sensei's Divining Top, Master of Etherium, Sphinx of the Steel Wind, Umezawa's Jitte, Mulldrifter, Dissolve, Phyrexian Metamorph, Tezzeret the Seeker, Talisman of Dominance, Skysovereign, Consul Flagship, Prairie Stream, Swamp, Swamp, Swamp, Serum Visions, Celestial Colonnade, Thopter Foundry, Mindslaver, Frogmite, Island, Island, Island, Island, Island, Island, Island, Island, Island, Island, Myr Battlesphere, Wurmcoil Engine, Polluted Delta, Pact of Negation, Scarecrone, Vedalken Shackles, Chromatic Star","Vendilion Clique, Consecrated Sphinx, Shadowmage Infiltrator, Krosan Grip, Frost Titan, Wall of Omens, Night's Whisper, Disallow, Condescend, Sun Titan, Ashiok, Nightmare Weaver, Hostage Taker, Day of Judgment, Time Warp, Trash for Treasure, Bloodghast, Search for Azcanta, Dismember"
"6","1","Black/Blue","BU Combo","Artifacts","9","14","17","4.35","Liliana of the Veil, Ulamog, the Ceaseless Hunger, Sword of Fire and Ice, Chromatic Sphere, Hedron Archive, Skysovereign, Consul Flagship, Swamp, Swamp, Swamp, Swamp, Swamp, Swamp, Swamp, Swamp, Inkmoth Nexus, Relic of Progenitus, Phyrexian Revoker, Thopter Foundry, Inventors' Fair, Lodestone Golem, Mindslaver, Frogmite, Island, Island, Island, Island, Island, Ulamog, the Infinite Gyre, Plains, Myr Battlesphere, Crystal Shard, Sword of Feast and Famine, Batterskull, Wurmcoil Engine, Urborg, Tomb of Yawgmoth, Loxodon Warhammer, Blightsteel Colossus, Pact of Negation, Vampire Hexmage, Dismember","Cruel Ultimatum, Talara's Battalion, Leatherback Baloth, Shivan Reef, Qasali Pridemage, Stomping Ground, Grim Flayer, Negate, Smoldering Marsh, Krosan Grip, Huntmaster of the Fells, Mantis Rider, Zurgo Helmsmasher, Ball Lightning, Hypnotic Specter, Condescend, Birthing Pod, Ajani Vengeant, Spear of Heliod"
"6","2","Red/Blue/White","RUW Combo Control","Spells, Humans","9","14","17","2.35","Chart a Course, Sleight of Hand, Gitaxian Probe, Dissolve, Stormchaser Mage, Monastery Mentor, Inspiring Vantage, Sacred Foundry, Serum Visions, Young Pyromancer, Sulfur Falls, Battlefield Forge, Sphinx's Revelation, Temple of Epiphany, Jace, the Mind Sculptor, Lightning Helix, Unsummon, Kiki-Jiki, Mirror Breaker, Mountain, Searing Spear, Remove Soul, Island, Island, Island, Island, Island, Island, Island, Island, Island, Island, Logic Knot, Goblin Dark-Dwellers, Looter il-Kor, Scalding Tarn, Cyclonic Rift, Talrand, Sky Summoner, Delver of Secrets, Arc Trail, Thing in the Ice","Aurelia, the Warleader, Settle the Wreckage, Journey to Nowhere, Icy Manipulator, Temur Charm, Archangel Avacyn, Ashen Rider, Botanical Sanctum, Adanto Vanguard, Banisher Priest, Gideon's Lawkeeper, Through the Breach, Figure of Destiny, Dragonlord Atarka, Legion's Landing, Vedalken Shackles"
"6","3","Black/Blue/White","BUW Control","Spells","9","14","17","3.65","Talisman of Progress, Elspeth, Sun's Champion, Diabolic Tutor, Vendilion Clique, Creeping Tar Pit, Windswept Heath, Consecrated Sphinx, Duress, Wrath of God, Censor, Shadowmage Infiltrator, Irrigated Farmland, Talisman of Dominance, Frost Titan, Jace, Vryn's Prodigy, Liliana, the Last Hope, Godless Shrine, Dark Petition, Isolated Chapel, Night's Whisper, Drowned Catacomb, Celestial Colonnade, Riftwing Cloudskate, Secure the Wastes, Island, Island, Island, Island, Island, Plains, Plains, Hostage Taker, The Scarab God, Sunken Hollow, Temple of Silence, Elspeth, Knight-Errant, Phyrexian Arena, Scarecrone, Dig Through Time, Watery Grave","Student of Warfare, Bloodbraid Elf, Archangel of Thune, Leonin Relic-Warder, Whisperwood Elemental, Evolving Wilds, Woodland Cemetery, Mana Confluence, Canopy Vista, Quicksilver Amulet, Reciprocate, Hero of Oxid Ridge"
"6","4","Green","G Ramp","Creatures","17","6","17","3.22","Utopia Sprawl, Reclamation Sage, Avacyn's Pilgrim, Misty Rainforest, Green Sun's Zenith, Thragtusk, Sylvan Caryatid, Garruk Wildspeaker, Scavenging Ooze, Breeding Pool, Elves of Deep Shadow, Plow Under, Wall of Roots, Murmuring Bosk, Farseek, Verdant Catacombs, Llanowar Elves, Oracle of Mul Daya, Elvish Piper, Lotus Cobra, Craterhoof Behemoth, Noble Hierarch, Primeval Titan, Ghalta, Primal Hunger, Forest, Forest, Forest, Forest, Forest, Forest, Forest, Forest, Forest, Forest, Forest, Fertile Ground, Sakura-Tribe Elder, Tireless Tracker, Dryad Arbor, Hinterland Harbor","Mulldrifter, Verdurous Gearhulk, Knight of the Reliquary, Simian Spirit Guide, Walking Ballista, Chromatic Lantern, Kitchen Finks, Rhonas the Indomitable, Skullclamp, Harmonize, Elesh Norn, Grand Cenobite, Maelstrom Pulse, Gilded Lotus, Springleaf Drum, Lightning Greaves, Cinder Glade"
"6","5","Blue/White","UW Control","Spells, Humans","12","11","17","3.04","Glacial Fortress, Venser, Shaper Savant, Spell Queller, Angel of Invention, Snapcaster Mage, Condemn, Hero of Bladehold, Brimaz, King of Oreskos, Gideon, Ally of Zendikar, Prairie Stream, Sower of Temptation, Pacifism, Cryptic Command, Torrential Gearhulk, Repeal, Flickerwisp, Island, Island, Island, Sun Titan, Plains, Plains, Plains, Plains, Plains, Plains, Plains, Plains, Plains, Plains, Mana Leak, Thraben Inspector, Day of Judgment, Path to Exile, Remand, Restoration Angel, Oust, Hallowed Fountain, Banishing Light, Shelldock Isle","Collected Company, Inferno Titan, Umezawa's Jitte, Knight of the Holy Nimbus, Vault Skirge, Selfless Spirit, Beast Within, Mogg Fanatic, Crypt Ghast, Disenchant, Boon Satyr, Glorybringer, Phantasmal Image, Gemstone Caverns, Kessig Prowler, Kytheon, Hero of Akros, Desecration Demon, Temple Garden"
"6","6","Black/Red","BR Aristocrats","Spells, Humans","10","13","17","1.96","Soul-Scar Mage, Bedlam Reveler, Chandra, Torch of Defiance, Canyon Slough, Goblin Rabblemaster, Grim Lavamancer, Blood Crypt, Zurgo Bellstriker, Goblin Guide, Pack Rat, Doom Blade, Blackcleave Cliffs, Terminate, Kari Zev, Skyship Raider, Lightning Axe, Incendiary Flow, Mountain, Mountain, Mountain, Mountain, Mountain, Mountain, Mountain, Mountain, Mountain, Mountain, Mountain, Shock, Arid Mesa, Dreadbore, Incinerate, Marsh Flats, Monastery Swiftspear, Chrome Mox, Thoughtseize, Devil's Play, Hellrider, Tarfire, Bitterblossom, Bloodstained Mire","Lotus Bloom, Eldritch Evolution, Twisted Abomination, Blackmail, Caves of Koilos, Brain Maggot, Oona's Prowler, Porcelain Legionnaire, Ravenous Chupacabra, Pia and Kiran Nalaar, Raging Ravine, Treetop Village, Ultimate Price, Kalitas, Traitor of Ghet, City of Brass, Vampire Nighthawk"
"6","7","Red/Blue","RU Spellslinger","Artifacts, Spells","6","17","17","2.26","Ponder, Sensei's Divining Top, Master of Etherium, Zealous Conscripts, Rift Bolt, Pyrite Spellbomb, Splinter Twin, Phyrexian Metamorph, Deceiver Exarch, Faithless Looting, Lightning Bolt, Smuggler's Copter, Aether Spellbomb, Bribery, Pestermite, Dead // Gone, Flame Slash, Earthquake, Ornithopter, Mountain, Mountain, Mountain, Mountain, Mountain, Mountain, Mountain, Island, Island, Island, Island, Island, Island, Island, Island, Spell Pierce, Time Warp, Mox Opal, Pyroclasm, Spirebluff Canal, Flooded Strand","Ensoul Artifact, Everflowing Chalice, Cathartic Reunion, Sword of the Meek, Myr Enforcer, Arcbound Ravager, Chord of Calling, Temple of Triumph, Chandra, Fire of Kaladesh, Temple of Mystery, Rancor, Bomat Courier, Shrapnel Blast, Clifftop Retreat, Steelshaper's Gift, Sheltered Thicket, Inkwell Leviathan, Siege-Gang Commander, Trash for Treasure, Honor of the Pure"
"6","8","Black/Blue","BU Midrange","Spells","11","12","17","4.04","Hero's Downfall, Cryptbreaker, Sphinx of the Steel Wind, Collective Brutality, Llanowar Wastes, Fetid Pools, Dread Return, Inquisition of Kozilek, Goryo's Vengeance, Phyrexian Obliterator, Vendetta, Whip of Erebos, Swamp, Swamp, Swamp, Swamp, Swamp, Swamp, Swamp, Swamp, Swamp, Swamp, Swamp, Swamp, Gatekeeper of Malakir, Shriekmaw, Disfigure, Tasigur, the Golden Fang, Sheoldred, Whispering One, Massacre Wurm, Razorverge Thicket, Noxious Gearhulk, Ashiok, Nightmare Weaver, Zombify, Murderous Cut, Damnation, Temple of Malady, Polluted Delta, Grave Titan, Griselbrand","Solemn Simulacrum, Thrun, the Last Troll, Terramorphic Expanse, Acidic Slime, Deathrite Shaman, Mind Shatter, Eternal Witness, Tarmogoyf, Woodland Bellower, Coiling Oracle, Summoner's Pact, Mikaeus, the Lunarch, Carnage Tyrant, Ancestral Vision, Jace Beleren, Master of the Wild Hunt, Seeker of the Way"
"7","1","Black","B Midrange","Spells","9","14","17","2.70","Liliana of the Veil, Fatal Push, Cryptbreaker, Blackmail, Go for the Throat, Brain Maggot, Oona's Prowler, Vendetta, Whip of Erebos, Swamp, Swamp, Swamp, Swamp, Swamp, Swamp, Swamp, Swamp, Swamp, Swamp, Swamp, Swamp, Swamp, Swamp, Swamp, Liliana, the Last Hope, Gatekeeper of Malakir, Cranial Plating, Hypnotic Specter, Disfigure, Ravenous Chupacabra, Night's Whisper, Inventors' Fair, Sheoldred, Whispering One, Crypt Ghast, Zombify, Damnation, Ultimate Price, Urborg, Tomb of Yawgmoth, Kalitas, Traitor of Ghet, Dismember","Chart a Course, Talara's Battalion, Sensei's Divining Top, Canyon Slough, Crib Swap, Hazoret the Fervent, Goryo's Vengeance, Arcbound Ravager, Dragonskull Summit, Skullclamp, Relic of Progenitus, Chandra, Fire of Kaladesh, Etched Champion, Emrakul, the Aeons Torn, Banisher Priest, Celestial Crusader, Batterskull, Sundering Titan, Heir of Falkenrath, Chromatic Star"
"7","2","Blue/White","UW Control","Spells","6","17","17","2.43","Ponder, Glacial Fortress, Venser, Shaper Savant, Spell Queller, Terramorphic Expanse, Settle the Wreckage, Snapcaster Mage, Journey to Nowhere, Prairie Stream, Glen Elendra Archmage, Pacifism, Opt, Sphinx's Revelation, Condescend, Cryptic Command, Preordain, Secure the Wastes, Island, Island, Island, Island, Island, Logic Knot, Sun Titan, Plains, Plains, Plains, Plains, Plains, Plains, Plains, Plains, Oblivion Ring, Thraben Inspector, Crystal Shard, Cyclonic Rift, Boomerang, Oust, Banishing Light, Shelldock Isle","Lotus Bloom, Student of Warfare, Horizon Canopy, Hedron Archive, Knight of the Reliquary, Shadowmage Infiltrator, Yavimaya Coast, Archangel Avacyn, Hidden Dragonslayer, Botanical Sanctum, Leonin Relic-Warder, Mindslaver, Flickerwisp, Ulamog, the Infinite Gyre, Gemstone Caverns, Canopy Vista, Hangarback Walker, Glorious Anthem"
"7","3","Green/Red","GR Stompy","Spells, Humans","12","11","17","2.22","Soul-Scar Mage, Collected Company, Chandra, Torch of Defiance, Stomping Ground, Umezawa's Jitte, Windswept Heath, Rift Bolt, Grim Lavamancer, Bloodbraid Elf, Lightning Bolt, Tarmogoyf, Zurgo Bellstriker, Huntmaster of the Fells, Rhonas the Indomitable, Wooded Foothills, Mogg Fanatic, Raging Ravine, Flame Slash, Rootbound Crag, Rancor, Mountain, Mountain, Mountain, Mountain, Mountain, Mountain, Mountain, Burst Lightning, Forest, Forest, Forest, Forest, Glorybringer, Kessig Prowler, Birds of Paradise, Sheltered Thicket, Char, Tarfire, Hero of Oxid Ridge, Arc Trail","Leatherback Baloth, Fauna Shaman, Scattered Groves, Gideon, Ally of Zendikar, Chromatic Lantern, Kitchen Finks, Woodland Bellower, Mantis Rider, Mishra's Bauble, Manamorphose, Hellspark Elemental, Lightning Greaves, Isamaru, Hound of Konda, Shrapnel Blast, Temple Garden, Vampire Nighthawk"
"7","4","Black/Red/Blue","BRU Tempo","Spells","7","16","17","3.00","Cruel Ultimatum, Electrolyze, Everflowing Chalice, Cathartic Reunion, Shivan Reef, Ingot Chewer, Twisted Abomination, Diabolic Tutor, Steam Vents, Talisman of Indulgence, Stormchaser Mage, Smoldering Marsh, Blood Crypt, Kolaghan's Command, Pack Rat, Swamp, Swamp, Swamp, Jace, Vryn's Prodigy, Doom Blade, Blackcleave Cliffs, Terminate, Verdant Catacombs, Sulfur Falls, Dark Petition, Drowned Catacomb, Earthquake, Izzet Charm, Torrential Gearhulk, Repeal, Through the Breach, Hostage Taker, Sunken Hollow, Dreadbore, Marsh Flats, Spirebluff Canal, Thoughtseize, Polluted Delta, Bloodstained Mire, Watery Grave","Sylvan Caryatid, Concealed Courtyard, Caves of Koilos, Knight of the Holy Nimbus, Temple of Mystery, Mikaeus, the Lunarch, Lotus Cobra, Dragonlord Atarka"
"7","5","Blue","U Artifacts","Artifacts, Phyrexians","11","12","17","2.57","Ensoul Artifact, Master of Etherium, Sword of the Meek, Ratchet Bomb, Pyrite Spellbomb, Sword of Fire and Ice, Phyrexian Metamorph, Tezzeret the Seeker, Aether Spellbomb, Walking Ballista, Talisman of Dominance, Swamp, Swamp, Vault Skirge, Porcelain Legionnaire, Inkmoth Nexus, Phyrexian Revoker, Steel Overseer, Mountain, Lodestone Golem, Island, Island, Island, Island, Island, Island, Island, Island, Island, Island, Island, Island, Plains, Wurmcoil Engine, Remand, Loxodon Warhammer, Inkwell Leviathan, Mox Opal, Chrome Mox, Delver of Secrets","Mystic Snake, Sphinx of the Steel Wind, Angel of Invention, Negate, Spectral Procession, Censor, Rakdos's Return, Savannah Lions, Pestermite, Bloodwater Entity, Ancestral Vision, Bomat Courier, Remove Soul, Naturalize, Looter il-Kor, Master of the Wild Hunt, Trash for Treasure, Talrand, Sky Summoner, Honor of the Pure, City of Brass, Talisman of Impulse"
"7","6","Black/Blue/White","BUW Control","Spells","10","13","17","3.65","Hero's Downfall, Lingering Souls, Vendilion Clique, Mulldrifter, Fetid Pools, Wrath of God, Irrigated Farmland, Tidehollow Sculler, Swamp, Swamp, Sower of Temptation, Treasure Cruise, Wall of Omens, Bribery, Godless Shrine, Isolated Chapel, Celestial Colonnade, Noxious Gearhulk, Riftwing Cloudskate, Island, Island, Island, Island, Island, Island, Island, Ashiok, Nightmare Weaver, Phantasmal Image, Mana Leak, The Scarab God, Scalding Tarn, Spell Pierce, Path to Exile, Elspeth, Knight-Errant, Hallowed Fountain, Grave Titan, Flooded Strand, Pact of Negation, Search for Azcanta, Dig Through Time","Ulamog, the Ceaseless Hunger, Thrun, the Last Troll, Breeding Pool, Acidic Slime, Collective Brutality, Judge's Familiar, Plow Under, Murmuring Bosk, Archangel of Thune, Liliana, Death's Majesty, Elesh Norn, Grand Cenobite, Street Wraith, Reciprocate, Hinterland Harbor"
"7","7","Green","G Ramp","Elves, Creatures","18","5","17","3.78","Avacyn's Pilgrim, Misty Rainforest, Green Sun's Zenith, Eldritch Evolution, Scavenging Ooze, Elves of Deep Shadow, Deathrite Shaman, Woodfall Primus, Eternal Witness, Verdurous Gearhulk, Wall of Roots, Hornet Queen, Courser of Kruphix, Blooming Marsh, Chord of Calling, Llanowar Elves, Oracle of Mul Daya, Harmonize, Elvish Piper, Carnage Tyrant, Craterhoof Behemoth, Joraga Treespeaker, Ghalta, Primal Hunger, Forest, Forest, Forest, Forest, Forest, Forest, Forest, Forest, Forest, Forest, Forest, Forest, Treetop Village, Woodland Cemetery, Tireless Tracker, Dryad Arbor, Birthing Pod","Abrupt Decay, Dark Confidant, Grim Flayer, Biomass Mutation, Chromatic Sphere, Dread Return, Krosan Grip, Coiling Oracle, Massacre Wurm, Maelstrom Pulse, Boon Satyr, Commune with Nature, Kytheon, Hero of Akros, Phyrexian Arena, Scarecrone, Bitterblossom, Vampire Hexmage"
"7","8","Red/White","RW Aggro","Humans","14","9","17","3.00","Inferno Titan, Aurelia, the Warleader, Blade Splicer, Zealous Conscripts, Splinter Twin, Stoneforge Mystic, Monastery Mentor, Faithless Looting, Sacred Foundry, Hero of Bladehold, Brimaz, King of Oreskos, Goblin Guide, Young Pyromancer, Battlefield Forge, Temple of Triumph, Selfless Spirit, Lightning Helix, Incendiary Flow, Kiki-Jiki, Mirror Breaker, Mountain, Mountain, Mountain, Mountain, Mountain, Mountain, Mountain, Mountain, Shock, Plains, Plains, Plains, Plains, Plains, Day of Judgment, Clifftop Retreat, Incinerate, Monastery Swiftspear, Restoration Angel, Ajani Vengeant, Abrade","Sleight of Hand, Abbot of Keral Keep, Qasali Pridemage, Simian Spirit Guide, Renegade Rallier, Beast Within, Summoner's Pact, Lightning Axe, Adanto Vanguard, Thalia, Guardian of Thraben, Gideon's Lawkeeper, Springleaf Drum, Jace Beleren, Galvanic Blast, Steelshaper's Gift, Pyroclasm, Devil's Play, Spear of Heliod"
"8","1","White","W Weenie","Humans","14","9","17","2.13","Blade Splicer, Umezawa's Jitte, Judge's Familiar, Angel of Invention, Monastery Mentor, Archangel Avacyn, Hero of Bladehold, Brimaz, King of Oreskos, Pacifism, Savannah Lions, Battlefield Forge, Temple of Triumph, Selfless Spirit, Knight of the White Orchid, Celestial Colonnade, Adanto Vanguard, Thalia, Guardian of Thraben, Disenchant, Plains, Plains, Plains, Plains, Plains, Plains, Plains, Plains, Plains, Plains, Plains, Plains, Plains, Plains, Figure of Destiny, Path to Exile, Steelshaper's Gift, Kytheon, Hero of Akros, Elspeth, Knight-Errant, Reciprocate, Chrome Mox, Legion's Landing","Talara's Battalion, Aurelia, the Warleader, Goblin Rabblemaster, Horizon Canopy, Settle the Wreckage, Biomass Mutation, Knight of the Reliquary, Mishra's Bauble, Renegade Rallier, Kari Zev, Skyship Raider, Lightning Axe, Tasigur, the Golden Fang, Burst Lightning, Shrapnel Blast, Dreadbore, Siege Rhino, Tarfire, Ajani Vengeant, Vampire Hexmage"
"8","2","Blue/White","UW Control","Spells","10","13","17","2.52","Misty Rainforest, Lingering Souls, Venser, Shaper Savant, Spell Queller, Windswept Heath, Crib Swap, Journey to Nowhere, Wrath of God, Stoneforge Mystic, Censor, Scattered Groves, Irrigated Farmland, Geist of Saint Traft, Prairie Stream, Kitchen Finks, Swamp, Swamp, Wall of Omens, Sphinx's Revelation, Jace, the Mind Sculptor, Unsummon, Leonin Relic-Warder, Razorverge Thicket, Preordain, Secure the Wastes, Island, Island, Sun Titan, Plains, Plains, Phantasmal Image, Thraben Inspector, Crystal Shard, Cyclonic Rift, Temple of Silence, Polluted Delta, Oust, Hallowed Fountain, Temple Garden, Shelldock Isle","Grim Flayer, Acidic Slime, Eternal Witness, Woodland Bellower, Blackcleave Cliffs, Summoner's Pact, Hidden Dragonslayer, Crypt Ghast, Gemstone Caverns, Urborg, Tomb of Yawgmoth, Loxodon Warhammer"
"8","3","Red","R Burn","Spells, Humans","12","11","17","2.30","Soul-Scar Mage, Chandra, Torch of Defiance, Rift Bolt, Pyrite Spellbomb, Grim Lavamancer, Lightning Bolt, Simian Spirit Guide, Sacred Foundry, Goblin Guide, Young Pyromancer, Ball Lightning, Lightning Helix, Dead // Gone, Manamorphose, Raging Ravine, Incendiary Flow, Kiki-Jiki, Mirror Breaker, Mountain, Mountain, Mountain, Mountain, Mountain, Mountain, Mountain, Mountain, Mountain, Mountain, Mountain, Mountain, Hellspark Elemental, Bomat Courier, Arid Mesa, Galvanic Blast, Clifftop Retreat, Incinerate, Monastery Swiftspear, Canopy Vista, Siege-Gang Commander, Hellrider, Arc Trail","Abrupt Decay, Krosan Grip, Bloodbraid Elf, Mantis Rider, Terminate, Sulfur Falls, Zurgo Helmsmasher, Riftwing Cloudskate, Treetop Village, Looter il-Kor, Lightning Greaves, Batterskull, Boomerang, Restoration Angel, Seeker of the Way, Glorious Anthem, Kird Ape"
"8","4","Green","G Ramp","Creatures","18","5","17","4.39","Utopia Sprawl, Reclamation Sage, Avacyn's Pilgrim, Ulamog, the Ceaseless Hunger, Green Sun's Zenith, Garruk Wildspeaker, Woodfall Primus, Wall of Roots, Hornet Queen, Courser of Kruphix, Farseek, Llanowar Elves, Oracle of Mul Daya, Elvish Piper, Lotus Cobra, Carnage Tyrant, Craterhoof Behemoth, Joraga Treespeaker, Primeval Titan, Ghalta, Primal Hunger, Forest, Forest, Forest, Forest, Forest, Forest, Forest, Forest, Forest, Forest, Forest, Forest, Forest, Forest, Forest, Forest, Ulamog, the Infinite Gyre, Fertile Ground, Sakura-Tribe Elder, Dryad Arbor","Eldritch Evolution, Thrun, the Last Troll, Stomping Ground, Plow Under, Consecrated Sphinx, Hedron Archive, Fauna Shaman, Verdurous Gearhulk, Yavimaya Coast, Temur Charm, Tarmogoyf, Rhonas the Indomitable, Chord of Calling, Whisperwood Elemental, Maelstrom Pulse, Naturalize, Wurmcoil Engine, Commune with Nature, Sheltered Thicket, Trash for Treasure, Hinterland Harbor"
"8","5","Black","B Midrange","Black","14","9","17","3.30","Liliana of the Veil, Twisted Abomination, Dark Confidant, Concealed Courtyard, Caves of Koilos, Phyrexian Obliterator, Tidehollow Sculler, Whip of Erebos, Pack Rat, Swamp, Swamp, Swamp, Swamp, Swamp, Swamp, Swamp, Swamp, Swamp, Swamp, Swamp, Swamp, Swamp, Doom Blade, Skullclamp, Gatekeeper of Malakir, Shriekmaw, Godless Shrine, Hypnotic Specter, Ravenous Chupacabra, Isolated Chapel, Night's Whisper, Kitesail Freebooter, Sheoldred, Whispering One, Noxious Gearhulk, Unburial Rites, Ultimate Price, Desecration Demon, Bitterblossom, Dismember, Vampire Nighthawk","Cruel Ultimatum, Elspeth, Sun's Champion, Student of Warfare, Mystic Snake, Ratchet Bomb, Spectral Procession, Murmuring Bosk, Archangel of Thune, Rootbound Crag, Overgrown Tomb, Gideon's Lawkeeper, Isamaru, Hound of Konda, Sword of Feast and Famine, Kessig Prowler, Temple of Malady, Hero of Oxid Ridge, City of Brass, Banishing Light"
"8","6","Black/Blue","BU Artifacts","Artifacts","8","15","17","2.57","Coalition Relic, Solemn Simulacrum, Talisman of Progress, Ensoul Artifact, Everflowing Chalice, Karn Liberated, Sensei's Divining Top, Sword of the Meek, Myr Enforcer, Chromatic Sphere, Fetid Pools, Icy Manipulator, Smuggler's Copter, Aether Spellbomb, Swamp, Swamp, Swamp, Swamp, Arcbound Ravager, Vault Skirge, Cranial Plating, Phyrexian Revoker, Etched Champion, Thopter Foundry, Inventors' Fair, Lodestone Golem, Island, Island, Island, Island, Island, Island, Island, Plains, Plains, Plains, Plains, Mox Opal, Scarecrone, Vedalken Shackles","Lotus Bloom, Gitaxian Probe, Mind Shatter, Sword of Fire and Ice, Dissolve, Stormchaser Mage, Chromatic Lantern, Serum Visions, Commit // Memory, Treasure Cruise, Elesh Norn, Grand Cenobite, Ancestral Vision, Noble Hierarch, Gilded Lotus, Rancor, Celestial Crusader, Logic Knot, Time Warp, Honor of the Pure, Birthing Pod"
"8","7","Black/Blue","BU Tempo","Spells","8","15","17","3.39","Ponder, Chart a Course, Diabolic Tutor, Fatal Push, Mulldrifter, Creeping Tar Pit, Snapcaster Mage, Go for the Throat, Duress, Negate, Dread Return, Inquisition of Kozilek, Frost Titan, Swamp, Swamp, Swamp, Swamp, Swamp, Swamp, Swamp, Swamp, Swamp, Liliana, the Last Hope, Verdant Catacombs, Liliana, Death's Majesty, Drowned Catacomb, Disallow, Massacre Wurm, Island, Island, Island, Ashiok, Nightmare Weaver, Skinrender, Hostage Taker, Scalding Tarn, Jace Beleren, Damnation, Kalitas, Traitor of Ghet, Griselbrand, Watery Grave","Sleight of Hand, Kiora, Master of the Depths, Canyon Slough, Deathrite Shaman, Hazoret the Fervent, Goryo's Vengeance, Brain Maggot, Kolaghan's Command, Oona's Prowler, Dragonskull Summit, Street Wraith, Woodland Cemetery, Heir of Falkenrath, Makeshift Mannequin, Inkwell Leviathan, Quicksilver Amulet, Phyrexian Arena"
"8","8","Red/Blue","RU Spellslinger","Spells","9","14","17","2.91","Electrolyze, Inferno Titan, Steam Vents, Terramorphic Expanse, Vendilion Clique, Splinter Twin, Phyrexian Metamorph, Deceiver Exarch, Faithless Looting, Glen Elendra Archmage, Bribery, Opt, Temple of Epiphany, Pestermite, Flame Slash, Bloodwater Entity, Condescend, Earthquake, Izzet Charm, Cryptic Command, Mountain, Mountain, Torrential Gearhulk, Repeal, Island, Island, Island, Island, Island, Island, Island, Island, Island, Island, Island, Remand, Spirebluff Canal, Delver of Secrets, Pact of Negation, Dig Through Time","Bedlam Reveler, Breeding Pool, Llanowar Wastes, Condemn, Ashen Rider, Rakdos's Return, Huntmaster of the Fells, Coiling Oracle, Disfigure, Dark Petition, Mogg Fanatic, Pia and Kiran Nalaar, Through the Breach, Sundering Titan, Dragonlord Atarka, Devil's Play, Talisman of Impulse, Chromatic Star"
"9","1","Red","R Burn","Spells, Humans","10","13","17","2.61","Soul-Scar Mage, Inferno Titan, Chandra, Torch of Defiance, Zealous Conscripts, Canyon Slough, Rift Bolt, Faithless Looting, Inspiring Vantage, Lightning Bolt, Simian Spirit Guide, Kolaghan's Command, Blackcleave Cliffs, Young Pyromancer, Dragonskull Summit, Temple of Triumph, Kari Zev, Skyship Raider, Lightning Helix, Lightning Axe, Dead // Gone, Mountain, Mountain, Mountain, Mountain, Mountain, Mountain, Mountain, Mountain, Mountain, Mountain, Bomat Courier, Searing Spear, Goblin Dark-Dwellers, Clifftop Retreat, Incinerate, Chrome Mox, Hellrider, Hero of Oxid Ridge, Arc Trail, Abrade, Bloodstained Mire","Diabolic Tutor, Goryo's Vengeance, Temur Charm, Skysovereign, Consul Flagship, Mantis Rider, Terminate, Zurgo Helmsmasher, Hidden Dragonslayer, Raging Ravine, Evolving Wilds, Street Wraith, Naturalize, Heir of Falkenrath, Reciprocate, Birthing Pod"
"9","2","Blue","U Control","Spells, Wizards","9","14","17","3.09","Solemn Simulacrum, Misty Rainforest, Venser, Shaper Savant, Sensei's Divining Top, Settle the Wreckage, Consecrated Sphinx, Irrigated Farmland, Serum Visions, Sower of Temptation, Jace, Vryn's Prodigy, Treasure Cruise, Opt, Pestermite, Celestial Colonnade, Condescend, Ancestral Vision, Cryptic Command, Torrential Gearhulk, Island, Island, Island, Island, Island, Island, Island, Island, Island, Island, Island, Island, Mana Leak, Scalding Tarn, Crystal Shard, Remand, Boomerang, Delver of Secrets, Thing in the Ice, Flooded Strand, Search for Azcanta, Dig Through Time","Cruel Ultimatum, Leatherback Baloth, Mystic Snake, Talisman of Indulgence, Breeding Pool, Splinter Twin, Yavimaya Coast, Mishra's Bauble, Temple of Mystery, Botanical Sanctum, Mana Tithe, Gilded Lotus, Treetop Village, Fertile Ground, Hangarback Walker, Spirebluff Canal, Hinterland Harbor"
"9","3","Blue/White","UW Artifacts","Artifacts, Spells","3","20","17","4.09","Coalition Relic, Talisman of Progress, Karn Liberated, Sword of the Meek, Chromatic Sphere, Hedron Archive, Tezzeret the Seeker, Aether Spellbomb, Talisman of Dominance, Prairie Stream, Chromatic Lantern, Commit // Memory, Sphinx's Revelation, Isolated Chapel, Disallow, Thopter Foundry, Inventors' Fair, Island, Island, Island, Island, Island, Island, Island, Island, Island, Island, Island, Island, Logic Knot, Day of Judgment, Sundering Titan, Spell Pierce, Cyclonic Rift, Time Warp, Inkwell Leviathan, Blightsteel Colossus, Polluted Delta, Hallowed Fountain, Vedalken Shackles","Elspeth, Sun's Champion, Spell Queller, Stomping Ground, Mulldrifter, Tidehollow Sculler, Beast Within, Unsummon, Emrakul, the Aeons Torn, Massacre Wurm, Elesh Norn, Grand Cenobite, Noxious Gearhulk, Ulamog, the Infinite Gyre, Kessig Prowler, Ultimate Price, Dragonlord Atarka, Trash for Treasure, Oust"
"9","4","Red","R Burn","Artifacts, Humans","12","11","17","2.17","Abbot of Keral Keep, Ingot Chewer, Zurgo Bellstriker, Smuggler's Copter, Walking Ballista, Swamp, Inkmoth Nexus, Relic of Progenitus, Chandra, Fire of Kaladesh, Cranial Plating, Etched Champion, Pia and Kiran Nalaar, Mountain, Mountain, Mountain, Mountain, Mountain, Mountain, Mountain, Mountain, Mountain, Mountain, Mountain, Mountain, Mountain, Mountain, Mountain, Lodestone Golem, Hellspark Elemental, Burst Lightning, Glorybringer, Springleaf Drum, Lightning Greaves, Figure of Destiny, Batterskull, Monastery Swiftspear, Mox Opal, Char, Devil's Play, Tarfire","Bedlam Reveler, Ensoul Artifact, Reclamation Sage, Electrolyze, Cathartic Reunion, Shivan Reef, Master of Etherium, Acidic Slime, Plow Under, Ratchet Bomb, Kitchen Finks, Huntmaster of the Fells, Coiling Oracle, Manamorphose, Izzet Charm, Arid Mesa, Mana Confluence, Sheltered Thicket, Cinder Glade, City of Brass, Talisman of Impulse"
"9","5","Green/White","GW Counters","Humans, Creatures","17","6","17","2.39","Avacyn's Pilgrim, Collected Company, Qasali Pridemage, Horizon Canopy, Windswept Heath, Verdurous Gearhulk, Knight of the Reliquary, Gideon, Ally of Zendikar, Rhonas the Indomitable, Savannah Lions, Llanowar Elves, Renegade Rallier, Mikaeus, the Lunarch, Lotus Cobra, Razorverge Thicket, Noble Hierarch, Rancor, Banisher Priest, Celestial Crusader, Flickerwisp, Forest, Forest, Forest, Forest, Plains, Plains, Plains, Plains, Plains, Plains, Plains, Plains, Oblivion Ring, Thraben Inspector, Canopy Vista, Restoration Angel, Kytheon, Hero of Akros, Banishing Light, Temple Garden, Legion's Landing","Lotus Bloom, Aurelia, the Warleader, Eldritch Evolution, Abrupt Decay, Judge's Familiar, Spectral Procession, Monastery Mentor, Bloodbraid Elf, Knight of the Holy Nimbus, Wall of Omens, Summoner's Pact, Harmonize, Elvish Piper, Whisperwood Elemental, Maelstrom Pulse, Myr Battlesphere, Master of the Wild Hunt"
"9","6","Black/Blue","BU Tempo","Spells","7","16","17","2.87","Ponder, Hero's Downfall, Chart a Course, Vendilion Clique, Creeping Tar Pit, Dissolve, Go for the Throat, Duress, Negate, Inquisition of Kozilek, Censor, Frost Titan, Swamp, Swamp, Swamp, Swamp, Swamp, Glen Elendra Archmage, Bribery, Disfigure, Ravenous Chupacabra, Liliana, Death's Majesty, Tasigur, the Golden Fang, Riftwing Cloudskate, Remove Soul, Island, Island, Island, Island, Island, Island, Island, Ashiok, Nightmare Weaver, Looter il-Kor, Jace Beleren, Sunken Hollow, Marsh Flats, Pact of Negation, Shelldock Isle, Watery Grave","Sphinx of the Steel Wind, Mind Shatter, Wall of Roots, Brain Maggot, Oona's Prowler, Arcbound Ravager, Vault Skirge, Sulfur Falls, Hypnotic Specter, Temple of Epiphany, Joraga Treespeaker, Mindslaver, Through the Breach, Dreadbore, Scarecrone, Vampire Hexmage, Chromatic Star"
"9","7","White","W Weenie","Artifacts, Humans","11","12","17","2.70","Blade Splicer, Angel of Invention, Crib Swap, Sword of Fire and Ice, Concealed Courtyard, Brimaz, King of Oreskos, Archangel of Thune, Swamp, Pacifism, Skullclamp, Porcelain Legionnaire, Verdant Catacombs, Selfless Spirit, Godless Shrine, Knight of the White Orchid, Adanto Vanguard, Thalia, Guardian of Thraben, Disenchant, Secure the Wastes, Plains, Plains, Plains, Plains, Plains, Plains, Plains, Plains, Plains, Plains, Plains, Plains, Plains, Sword of Feast and Famine, Loxodon Warhammer, Seeker of the Way, Glorious Anthem, Elspeth, Knight-Errant, Honor of the Pure, Spear of Heliod, Vampire Nighthawk","Talara's Battalion, Biomass Mutation, Smoldering Marsh, Shadowmage Infiltrator, Sacred Foundry, Ashen Rider, Whip of Erebos, Gatekeeper of Malakir, Chord of Calling, Kitesail Freebooter, Bloodwater Entity, Ghalta, Primal Hunger, Sun Titan, Murderous Cut, Unburial Rites, Steelshaper's Gift, Siege Rhino, Kalitas, Traitor of Ghet, Dismember"
"9","8","Black/Green","BG Graveyard","Creatures","16","7","17","3.17","Utopia Sprawl, Liliana of the Veil, Green Sun's Zenith, Thragtusk, Garruk Wildspeaker, Scavenging Ooze, Elves of Deep Shadow, Deathrite Shaman, Llanowar Wastes, Fauna Shaman, Tarmogoyf, Courser of Kruphix, Farseek, Swamp, Blooming Marsh, Oracle of Mul Daya, Shriekmaw, Carnage Tyrant, Craterhoof Behemoth, Overgrown Tomb, Primeval Titan, Forest, Forest, Forest, Forest, Forest, Forest, Forest, Forest, Forest, Forest, Forest, Zombify, Woodland Cemetery, Wurmcoil Engine, Birds of Paradise, Urborg, Tomb of Yawgmoth, Sakura-Tribe Elder, Tireless Tracker, Thoughtseize","Ulamog, the Ceaseless Hunger, Twisted Abomination, Cryptbreaker, Blackmail, Krosan Grip, Phyrexian Obliterator, Murmuring Bosk, Pack Rat, Woodland Bellower, Battlefield Forge, Night's Whisper, Rootbound Crag, Boon Satyr, Phantasmal Image, Commune with Nature, Bloodghast, Desecration Demon"
"10","1","Colorless","Combo","Artifacts","9","14","17","2.30","Ensoul Artifact, Sensei's Divining Top, Chromatic Sphere, Icy Manipulator, Smuggler's Copter, Walking Ballista, Swamp, Swamp, Swamp, Swamp, Arcbound Ravager, Mishra's Bauble, Skullclamp, Porcelain Legionnaire, Battlefield Forge, Cranial Plating, Phyrexian Revoker, Thopter Foundry, Steel Overseer, Mountain, Mountain, Lodestone Golem, Bomat Courier, Frogmite, Island, Island, Island, Island, Island, Plains, Plains, Plains, Springleaf Drum, Lightning Greaves, Batterskull, Clifftop Retreat, Marsh Flats, Mox Opal, Blightsteel Colossus, Chrome Mox","Coalition Relic, Everflowing Chalice, Talisman of Indulgence, Hazoret the Fervent, Bloodbraid Elf, Yavimaya Coast, Simian Spirit Guide, Rakdos's Return, Woodland Bellower, Relic of Progenitus, Hidden Dragonslayer, Time Warp, Inkwell Leviathan, Quicksilver Amulet, Talrand, Sky Summoner, Talisman of Impulse, Shelldock Isle, Abrade, Vedalken Shackles"
"10","2","Blue/White","UW Control","Spells","5","18","17","3.30","Elspeth, Sun's Champion, Journey to Nowhere, Dissolve, Wrath of God, Monastery Mentor, Deceiver Exarch, Aether Spellbomb, Gideon, Ally of Zendikar, Prairie Stream, Commit // Memory, Inkmoth Nexus, Bribery, Opt, Unsummon, Celestial Colonnade, Disallow, Mana Tithe, Cryptic Command, Torrential Gearhulk, Island, Island, Island, Island, Island, Island, Island, Island, Island, Plains, Plains, Plains, Plains, Plains, Oblivion Ring, Mana Leak, Remand, Cyclonic Rift, Restoration Angel, Elspeth, Knight-Errant, Thing in the Ice","Kiora, Master of the Depths, Sword of the Meek, Hero of Bladehold, Selfless Spirit, Lightning Helix, Adanto Vanguard, Celestial Crusader, Phantasmal Image, Sunken Hollow, Seeker of the Way, Glorious Anthem, Char, Honor of the Pure, Reciprocate, Tarfire, Scarecrone, Legion's Landing, Kird Ape, Dismember"
"10","3","Black","B Midrange","Spells","11","12","17","3.00","Fatal Push, Cryptbreaker, Go for the Throat, Duress, Brain Maggot, Vendetta, Whip of Erebos, Swamp, Swamp, Swamp, Swamp, Swamp, Swamp, Swamp, Swamp, Swamp, Swamp, Swamp, Swamp, Swamp, Swamp, Swamp, Swamp, Swamp, Liliana, the Last Hope, Shriekmaw, Hypnotic Specter, Disfigure, Ravenous Chupacabra, Liliana, Death's Majesty, Night's Whisper, Massacre Wurm, Crypt Ghast, Murderous Cut, Skinrender, Ultimate Price, Kalitas, Traitor of Ghet, Desecration Demon, Bitterblossom, Vampire Nighthawk","Bedlam Reveler, Lingering Souls, Ulamog, the Ceaseless Hunger, Aurelia, the Warleader, Canyon Slough, Mind Shatter, Myr Enforcer, Blackmail, Fetid Pools, Caves of Koilos, Smoldering Marsh, Murmuring Bosk, Blood Crypt, Summoner's Pact, Gilded Lotus, Izzet Charm, Ashiok, Nightmare Weaver, Gemstone Caverns, Sheltered Thicket, Boomerang, Watery Grave, Vampire Hexmage"
"10","4","Green","G Ramp","Creatures","17","6","17","3.13","Utopia Sprawl, Avacyn's Pilgrim, Green Sun's Zenith, Sylvan Caryatid, Acidic Slime, Plow Under, Windswept Heath, Woodfall Primus, Wall of Roots, Hornet Queen, Scattered Groves, Courser of Kruphix, Farseek, Chord of Calling, Llanowar Elves, Coiling Oracle, Oracle of Mul Daya, Botanical Sanctum, Carnage Tyrant, Craterhoof Behemoth, Noble Hierarch, Joraga Treespeaker, Forest, Forest, Forest, Forest, Forest, Forest, Forest, Forest, Forest, Arid Mesa, Fertile Ground, Birds of Paradise, Master of the Wild Hunt, Sakura-Tribe Elder, Dryad Arbor, Flooded Strand, Temple Garden, Hinterland Harbor","Talara's Battalion, Llanowar Wastes, Krosan Grip, Archangel of Thune, Kitchen Finks, Huntmaster of the Fells, Renegade Rallier, Beast Within, Glorybringer, Figure of Destiny, Sundering Titan, Kytheon, Hero of Akros, Temple of Silence, Ajani Vengeant"
"10","5","Red/Blue","RU Spellslinger","Spells, Humans","10","13","17","2.17","Soul-Scar Mage, Abbot of Keral Keep, Shivan Reef, Chandra, Torch of Defiance, Steam Vents, Zealous Conscripts, Goblin Rabblemaster, Splinter Twin, Stormchaser Mage, Censor, Faithless Looting, Serum Visions, Young Pyromancer, Sulfur Falls, Temple of Epiphany, Pestermite, Dead // Gone, Flame Slash, Incendiary Flow, Kiki-Jiki, Mirror Breaker, Mountain, Mountain, Mountain, Mountain, Mountain, Mountain, Mountain, Mountain, Mountain, Mountain, Mountain, Mountain, Shock, Searing Spear, Burst Lightning, Monastery Swiftspear, Spirebluff Canal, Delver of Secrets, Arc Trail, Pact of Negation","Karn Liberated, Cathartic Reunion, Ingot Chewer, Horizon Canopy, Knight of the Holy Nimbus, Skysovereign, Consul Flagship, Goblin Guide, Sower of Temptation, Chandra, Fire of Kaladesh, Riftwing Cloudskate, Remove Soul, Jace Beleren, Dreadbore, Siege-Gang Commander, Pyroclasm, Devil's Play, Hellrider"
"10","6","Black/Blue","BU Reanimator","Spells","8","15","17","3.35","Ponder, Hero's Downfall, Liliana of the Veil, Twisted Abomination, Breeding Pool, Collective Brutality, Negate, Dread Return, Inquisition of Kozilek, Shadowmage Infiltrator, Goryo's Vengeance, Ashen Rider, Talisman of Dominance, Pack Rat, Swamp, Swamp, Swamp, Swamp, Swamp, Swamp, Swamp, Swamp, Swamp, Jace, Vryn's Prodigy, Blooming Marsh, Drowned Catacomb, Tasigur, the Golden Fang, Evolving Wilds, Preordain, Island, Island, Zombify, The Scarab God, Unburial Rites, Makeshift Mannequin, Canopy Vista, Thoughtseize, Polluted Delta, Search for Azcanta, Griselbrand","Sleight of Hand, Inferno Titan, Biomass Mutation, Hedron Archive, Verdurous Gearhulk, Phyrexian Obliterator, Kolaghan's Command, Frost Titan, Chromatic Lantern, Dragonskull Summit, Temple of Triumph, Street Wraith, Through the Breach, Hostage Taker, Crystal Shard, Dig Through Time"
"10","7","Green","G Graveyard","Shamans","13","10","17","3.13","Solemn Simulacrum, Reclamation Sage, Misty Rainforest, Thragtusk, Eldritch Evolution, Thrun, the Last Troll, Garruk Wildspeaker, Umezawa's Jitte, Scavenging Ooze, Sword of Fire and Ice, Eternal Witness, Fauna Shaman, Tarmogoyf, Harmonize, Lotus Cobra, Maelstrom Pulse, Overgrown Tomb, Rancor, Boon Satyr, Ghalta, Primal Hunger, Forest, Forest, Forest, Forest, Forest, Forest, Forest, Forest, Forest, Forest, Forest, Treetop Village, Naturalize, Woodland Cemetery, Sword of Feast and Famine, Kessig Prowler, Commune with Nature, Temple of Malady, Tireless Tracker, Bloodstained Mire","Stomping Ground, Terramorphic Expanse, Gitaxian Probe, Pyrite Spellbomb, Grim Lavamancer, Temur Charm, Treasure Cruise, Mantis Rider, Kari Zev, Skyship Raider, Kitesail Freebooter, Raging Ravine, Heir of Falkenrath, Cinder Glade, Bloodghast, Phyrexian Arena, Hero of Oxid Ridge"
"10","8","Blue/White","UW Control","Spells","10","13","17","2.65","Talisman of Progress, Glacial Fortress, Chart a Course, Mulldrifter, Settle the Wreckage, Consecrated Sphinx, Stoneforge Mystic, Condemn, Geist of Saint Traft, Archangel Avacyn, Brimaz, King of Oreskos, Pacifism, Wall of Omens, Sphinx's Revelation, Condescend, Ancestral Vision, Secure the Wastes, Flickerwisp, Island, Island, Sun Titan, Plains, Plains, Plains, Plains, Plains, Plains, Plains, Plains, Plains, Plains, Plains, Plains, Thraben Inspector, Scalding Tarn, Day of Judgment, Path to Exile, Oust, Hallowed Fountain, Banishing Light","Judge's Familiar, Concealed Courtyard, Spectral Procession, Knight of the Reliquary, Savannah Lions, Isolated Chapel, Mikaeus, the Lunarch, Manamorphose, Leonin Relic-Warder, Razorverge Thicket, Elesh Norn, Grand Cenobite, Disenchant, Ulamog, the Infinite Gyre, Goblin Dark-Dwellers, Gideon's Lawkeeper, Mana Confluence, Steelshaper's Gift, Siege Rhino, Spear of Heliod"
"11","1","Blue","U Artifacts","Artifacts, Golems","10","13","17","4.43","Solemn Simulacrum, Talisman of Progress, Ponder, Glacial Fortress, Everflowing Chalice, Ulamog, the Ceaseless Hunger, Shivan Reef, Steam Vents, Talisman of Indulgence, Myr Enforcer, Chromatic Sphere, Hedron Archive, Phyrexian Metamorph, Tezzeret the Seeker, Talisman of Dominance, Skysovereign, Consul Flagship, Swamp, Swamp, Swamp, Serum Visions, Etched Champion, Celestial Colonnade, Lodestone Golem, Island, Island, Island, Island, Island, Island, Island, Island, Island, Island, Ulamog, the Infinite Gyre, Sundering Titan, Inkwell Leviathan, Mox Opal, Quicksilver Amulet, Blightsteel Colossus, Vedalken Shackles","Utopia Sprawl, Leatherback Baloth, Gitaxian Probe, Grim Flayer, Mulldrifter, Negate, Hornet Queen, Krosan Grip, Goryo's Vengeance, Commit // Memory, Botanical Sanctum, Manamorphose, Elesh Norn, Grand Cenobite, Repeal, Oblivion Ring, Looter il-Kor, Commune with Nature, Dismember"
"11","2","Green/Blue/White","GUW Blink","Spells","8","15","17","2.96","Coalition Relic, Elspeth, Sun's Champion, Avacyn's Pilgrim, Kiora, Master of the Depths, Venser, Shaper Savant, Spell Queller, Sylvan Caryatid, Mystic Snake, Breeding Pool, Settle the Wreckage, Scattered Groves, Yavimaya Coast, Farseek, Pacifism, Opt, Temple of Mystery, Jace, the Mind Sculptor, Remove Soul, Island, Island, Island, Island, Island, Plains, Phantasmal Image, Arid Mesa, Thraben Inspector, Scalding Tarn, Fertile Ground, Wurmcoil Engine, Remand, Cyclonic Rift, Hallowed Fountain, Banishing Light, Flooded Strand, Pact of Negation, Temple Garden, Shelldock Isle, Dig Through Time, Hinterland Harbor","Diabolic Tutor, Sphinx of the Steel Wind, Crib Swap, Dread Return, Summoner's Pact, Mogg Fanatic, Mindslaver, Gemstone Caverns, Temple of Malady, Temple of Silence, Spirebluff Canal"
"11","3","Red/White","RW Aggro","Spells","7","16","17","2.65","Blade Splicer, Zealous Conscripts, Journey to Nowhere, Wrath of God, Condemn, Monastery Mentor, Faithless Looting, Inspiring Vantage, Lightning Bolt, Sacred Foundry, Gideon, Ally of Zendikar, Wall of Omens, Battlefield Forge, Flame Slash, Earthquake, Kiki-Jiki, Mirror Breaker, Mountain, Mountain, Mountain, Mountain, Mountain, Mountain, Mountain, Searing Spear, Glorybringer, Plains, Plains, Plains, Plains, Plains, Plains, Day of Judgment, Path to Exile, Clifftop Retreat, Incinerate, Restoration Angel, Pyroclasm, Arc Trail, Ajani Vengeant, Abrade","Electrolyze, Abbot of Keral Keep, Judge's Familiar, Pyrite Spellbomb, Icy Manipulator, Hero of Bladehold, Zurgo Bellstriker, Mantis Rider, Chandra, Fire of Kaladesh, Hidden Dragonslayer, Ancestral Vision, Izzet Charm, Riftwing Cloudskate, Sun Titan, Canopy Vista, Seeker of the Way, Talrand, Sky Summoner, Tarfire"
"11","4","White","W Weenie","Humans","15","8","17","2.17","Lingering Souls, Umezawa's Jitte, Caves of Koilos, Spectral Procession, Smoldering Marsh, Smuggler's Copter, Brimaz, King of Oreskos, Knight of the Holy Nimbus, Savannah Lions, Dragonskull Summit, Porcelain Legionnaire, Selfless Spirit, Knight of the White Orchid, Isolated Chapel, Mikaeus, the Lunarch, Leonin Relic-Warder, Adanto Vanguard, Mana Tithe, Thalia, Guardian of Thraben, Banisher Priest, Celestial Crusader, Plains, Plains, Plains, Plains, Plains, Plains, Plains, Plains, Plains, Plains, Plains, Plains, Figure of Destiny, Isamaru, Hound of Konda, Marsh Flats, Kytheon, Hero of Akros, Honor of the Pure, Legion's Landing, Spear of Heliod","Cruel Ultimatum, Dark Confidant, Sword of Fire and Ice, Blackmail, Inquisition of Kozilek, Archangel Avacyn, Goblin Guide, Rakdos's Return, Skullclamp, Zurgo Helmsmasher, Thopter Foundry, Kitesail Freebooter, Zombify, Galvanic Blast, Loxodon Warhammer, Bloodghast, Reciprocate"
"11","5","Green/Red","GR Stompy","Creatures","18","5","17","2.91","Collected Company, Thragtusk, Eldritch Evolution, Thrun, the Last Troll, Chandra, Torch of Defiance, Stomping Ground, Garruk Wildspeaker, Deathrite Shaman, Grim Lavamancer, Verdurous Gearhulk, Huntmaster of the Fells, Verdant Catacombs, Llanowar Elves, Sulfur Falls, Kari Zev, Skyship Raider, Elvish Piper, Lotus Cobra, Carnage Tyrant, Rootbound Crag, Noble Hierarch, Joraga Treespeaker, Burst Lightning, Primeval Titan, Forest, Forest, Forest, Forest, Forest, Forest, Forest, Forest, Forest, Mana Confluence, Kessig Prowler, Sheltered Thicket, Master of the Wild Hunt, Cinder Glade, Sakura-Tribe Elder, Dryad Arbor, Kird Ape","Qasali Pridemage, Splinter Twin, Simian Spirit Guide, Kolaghan's Command, Gatekeeper of Malakir, Ball Lightning, Lightning Axe, Pia and Kiran Nalaar, Maelstrom Pulse, Evolving Wilds, Skinrender, Dreadbore, Hero of Oxid Ridge, Grave Titan"
"11","6","Black","B Combo","Artifacts","8","15","17","2.09","Lotus Bloom, Sensei's Divining Top, Collective Brutality, Ratchet Bomb, Concealed Courtyard, Aether Spellbomb, Tidehollow Sculler, Whip of Erebos, Swamp, Swamp, Swamp, Swamp, Swamp, Swamp, Swamp, Swamp, Swamp, Swamp, Swamp, Swamp, Swamp, Doom Blade, Arcbound Ravager, Vault Skirge, Inkmoth Nexus, Shriekmaw, Cranial Plating, Steel Overseer, Ornithopter, Island, Springleaf Drum, Lightning Greaves, Sword of Feast and Famine, Batterskull, Urborg, Tomb of Yawgmoth, Chrome Mox, Phyrexian Arena, Scarecrone, Bitterblossom, Vampire Hexmage","Talara's Battalion, Cryptbreaker, Mind Shatter, Ashen Rider, Vendetta, Blackcleave Cliffs, Sheoldred, Whispering One, Massacre Wurm, Bloodwater Entity, Crypt Ghast, Hellspark Elemental, Disenchant, Shrapnel Blast, Unburial Rites, Heir of Falkenrath, Kalitas, Traitor of Ghet, Devil's Play, Desecration Demon, Vampire Nighthawk"
"11","7","Black/Blue","BU Tempo","Spells","5","18","17","3.00","Hero's Downfall, Vendilion Clique, Creeping Tar Pit, Dissolve, Censor, Shadowmage Infiltrator, Swamp, Swamp, Swamp, Swamp, Treasure Cruise, Liliana, the Last Hope, Bribery, Disfigure, Night's Whisper, Drowned Catacomb, Disallow, Cryptic Command, Torrential Gearhulk, Island, Island, Island, Island, Island, Island, Island, Island, Island, Logic Knot, Ashiok, Nightmare Weaver, Hostage Taker, Mana Leak, Jace Beleren, Sunken Hollow, Damnation, Spell Pierce, Ultimate Price, Delver of Secrets, Thoughtseize, Watery Grave","Chart a Course, Sleight of Hand, Cathartic Reunion, Biomass Mutation, Stormchaser Mage, Temur Charm, Frost Titan, Pack Rat, Young Pyromancer, Mishra's Bauble, Chord of Calling, Relic of Progenitus, Hypnotic Specter, Liliana, Death's Majesty, Tasigur, the Golden Fang, Street Wraith, Elspeth, Knight-Errant, City of Brass"
"11","8","Green","G Ramp","Creatures","17","6","17","4.04","Karn Liberated, Green Sun's Zenith, Scavenging Ooze, Elves of Deep Shadow, Acidic Slime, Woodfall Primus, Eternal Witness, Llanowar Wastes, Fauna Shaman, Wall of Roots, Bloodbraid Elf, Blood Crypt, Tarmogoyf, Rhonas the Indomitable, Oracle of Mul Daya, Beast Within, Harmonize, Craterhoof Behemoth, Raging Ravine, Whisperwood Elemental, Boon Satyr, Ghalta, Primal Hunger, Forest, Forest, Forest, Forest, Forest, Forest, Forest, Forest, Forest, Forest, Forest, Forest, Forest, Treetop Village, Naturalize, Birds of Paradise, Dragonlord Atarka, Birthing Pod","Bedlam Reveler, Inferno Titan, Abrupt Decay, Horizon Canopy, Knight of the Reliquary, Murmuring Bosk, Chromatic Lantern, Terminate, Renegade Rallier, Unsummon, Pestermite, Dead // Gone, Flickerwisp, Through the Breach, Siege-Gang Commander, Trash for Treasure, Oust, Talisman of Impulse"
"12","1","Black/Red/Blue","BRU Combo Control","Artifacts","12","11","17","5.39","Coalition Relic, Ulamog, the Ceaseless Hunger, Inferno Titan, Shivan Reef, Sensei's Divining Top, Sphinx of the Steel Wind, Talisman of Indulgence, Consecrated Sphinx, Negate, Deceiver Exarch, Simian Spirit Guide, Swamp, Swamp, Sulfur Falls, Temple of Triumph, Pestermite, Emrakul, the Aeons Torn, Kiki-Jiki, Mirror Breaker, Mountain, Mountain, Mountain, Mountain, Mountain, Mountain, Mountain, Searing Spear, Island, Island, Island, Island, Ulamog, the Infinite Gyre, Through the Breach, Quicksilver Amulet, Trash for Treasure, Blightsteel Colossus, Shelldock Isle, Search for Azcanta, Griselbrand, Dig Through Time, Abrade","Cruel Ultimatum, Lotus Bloom, Karn Liberated, Leatherback Baloth, Stomping Ground, Myr Enforcer, Bloodbraid Elf, Ashen Rider, Knight of the Holy Nimbus, Mikaeus, the Lunarch, Elvish Piper, Raging Ravine, Elesh Norn, Grand Cenobite, Crystal Shard, Sheltered Thicket, Mox Opal, Kalitas, Traitor of Ghet, Scarecrone"
"12","2","Black","B Midrange","Artifacts, Phyrexians","12","11","17","3.09","Twisted Abomination, Master of Etherium, Collective Brutality, Ratchet Bomb, Mind Shatter, Chromatic Sphere, Go for the Throat, Phyrexian Obliterator, Skysovereign, Consul Flagship, Swamp, Swamp, Swamp, Swamp, Swamp, Swamp, Swamp, Swamp, Swamp, Swamp, Swamp, Swamp, Swamp, Swamp, Arcbound Ravager, Vault Skirge, Relic of Progenitus, Cranial Plating, Kitesail Freebooter, Inventors' Fair, Massacre Wurm, Lodestone Golem, Island, Island, Street Wraith, Lightning Greaves, Wurmcoil Engine, Inkwell Leviathan, Hangarback Walker, Chrome Mox, Phyrexian Arena","Lingering Souls, Thragtusk, Qasali Pridemage, Abrupt Decay, Grim Flayer, Krosan Grip, Brain Maggot, Vendetta, Renegade Rallier, Hypnotic Specter, Summoner's Pact, Dark Petition, Tasigur, the Golden Fang, Naturalize, Heir of Falkenrath, Steelshaper's Gift, Makeshift Mannequin, Dragonlord Atarka, Siege Rhino, Desecration Demon, Vampire Hexmage"
"12","3","Green","G Ramp","Creatures","18","5","17","3.52","Utopia Sprawl, Reclamation Sage, Collected Company, Thrun, the Last Troll, Garruk Wildspeaker, Scavenging Ooze, Elves of Deep Shadow, Acidic Slime, Plow Under, Woodfall Primus, Verdurous Gearhulk, Wall of Roots, Walking Ballista, Woodland Bellower, Rhonas the Indomitable, Llanowar Elves, Oracle of Mul Daya, Lotus Cobra, Carnage Tyrant, Craterhoof Behemoth, Joraga Treespeaker, Forest, Forest, Forest, Forest, Forest, Forest, Forest, Forest, Forest, Forest, Forest, Forest, Forest, Forest, Forest, Forest, Woodland Cemetery, Fertile Ground, Master of the Wild Hunt","Talara's Battalion, Everflowing Chalice, Angel of Invention, Concealed Courtyard, Icy Manipulator, Condemn, Scattered Groves, Archangel Avacyn, Kitchen Finks, Savannah Lions, Rancor, Secure the Wastes, Myr Battlesphere, Isamaru, Hound of Konda, Sundering Titan, Kessig Prowler, Commune with Nature, Canopy Vista, Elspeth, Knight-Errant, Temple Garden, Legion's Landing"
"12","4","Black/Red","BR Aristocrats","Spells","7","16","17","2.04","Cathartic Reunion, Fatal Push, Canyon Slough, Dark Confidant, Rift Bolt, Duress, Smoldering Marsh, Inquisition of Kozilek, Blood Crypt, Lightning Bolt, Kolaghan's Command, Zurgo Bellstriker, Pack Rat, Swamp, Swamp, Swamp, Swamp, Swamp, Blackcleave Cliffs, Terminate, Dragonskull Summit, Liliana, the Last Hope, Skullclamp, Ravenous Chupacabra, Night's Whisper, Mountain, Mountain, Mountain, Mountain, Mountain, Hellspark Elemental, Glorybringer, Arid Mesa, Dreadbore, Ultimate Price, Incinerate, Bloodghast, Tarfire, Arc Trail, Bloodstained Mire","Inspiring Vantage, Sacred Foundry, Tidehollow Sculler, Porcelain Legionnaire, Phyrexian Revoker, Maelstrom Pulse, Banisher Priest, Unburial Rites, Cinder Glade, Kytheon, Hero of Akros, Pyroclasm, Honor of the Pure, Reciprocate, City of Brass, Kird Ape"
"12","5","Black/Blue/White","BUW Control","Spells","8","15","17","3.70","Solemn Simulacrum, Elspeth, Sun's Champion, Liliana of the Veil, Diabolic Tutor, Creeping Tar Pit, Blackmail, Fetid Pools, Caves of Koilos, Shadowmage Infiltrator, Frost Titan, Gideon, Ally of Zendikar, Swamp, Swamp, Swamp, Wall of Omens, Godless Shrine, Disfigure, Isolated Chapel, Liliana, Death's Majesty, Drowned Catacomb, Celestial Colonnade, Sheoldred, Whispering One, Condescend, Noxious Gearhulk, Island, Ashiok, Nightmare Weaver, Murderous Cut, Skinrender, The Scarab God, Jace Beleren, Sunken Hollow, Damnation, Marsh Flats, Urborg, Tomb of Yawgmoth, Time Warp, Temple of Silence, Thoughtseize, Flooded Strand, Bitterblossom, Watery Grave","Cryptbreaker, Terramorphic Expanse, Goryo's Vengeance, Tezzeret the Seeker, Archangel of Thune, Rootbound Crag, Overgrown Tomb, Spear of Heliod, Vampire Nighthawk"
"12","6","Green/Blue/White","GUW Blink","Humans, Creatures","16","7","17","2.65","Glacial Fortress, Avacyn's Pilgrim, Kiora, Master of the Depths, Green Sun's Zenith, Eldritch Evolution, Spell Queller, Sylvan Caryatid, Mystic Snake, Breeding Pool, Horizon Canopy, Windswept Heath, Eternal Witness, Stoneforge Mystic, Monastery Mentor, Yavimaya Coast, Tarmogoyf, Farseek, Prairie Stream, Sower of Temptation, Wooded Foothills, Temple of Mystery, Botanical Sanctum, Noble Hierarch, Riftwing Cloudskate, Flickerwisp, Forest, Forest, Forest, Treetop Village, Plains, Plains, Phantasmal Image, Mana Leak, Thraben Inspector, Batterskull, Path to Exile, Restoration Angel, Tireless Tracker, Hallowed Fountain, Hinterland Harbor","Settle the Wreckage, Llanowar Wastes, Chord of Calling, Harmonize, Mana Tithe, Disenchant, Boon Satyr, Gemstone Caverns, Loxodon Warhammer, Grave Titan"
"12","7","Red/Blue","RU Spellslinger","Spells, Humans","9","14","17","3.00","Bedlam Reveler, Ponder, Chart a Course, Abbot of Keral Keep, Steam Vents, Goblin Rabblemaster, Snapcaster Mage, Dissolve, Serum Visions, Commit // Memory, Treasure Cruise, Chandra, Fire of Kaladesh, Dead // Gone, Disallow, Incendiary Flow, Bloodwater Entity, Earthquake, Mountain, Mountain, Mountain, Mountain, Mountain, Mountain, Evolving Wilds, Shock, Burst Lightning, Island, Island, Island, Island, Island, Island, Island, Island, Goblin Dark-Dwellers, Spell Pierce, Talrand, Sky Summoner, Spirebluff Canal, Delver of Secrets, Pact of Negation","Ensoul Artifact, Aurelia, the Warleader, Crib Swap, Journey to Nowhere, Sword of Fire and Ice, Temur Charm, Zurgo Helmsmasher, Selfless Spirit, Mogg Fanatic, Celestial Crusader, Gideon's Lawkeeper, Mana Confluence, Shrapnel Blast, Clifftop Retreat, Seeker of the Way, Hero of Oxid Ridge, Ajani Vengeant, Dismember, Vedalken Shackles"
"12","8","Red/Blue","RU Spellslinger","Spells, Humans","11","12","17","2.17","Soul-Scar Mage, Electrolyze, Chandra, Torch of Defiance, Zealous Conscripts, Vendilion Clique, Mulldrifter, Splinter Twin, Stormchaser Mage, Grim Lavamancer, Faithless Looting, Goblin Guide, Jace, Vryn's Prodigy, Glen Elendra Archmage, Young Pyromancer, Temple of Epiphany, Jace, the Mind Sculptor, Unsummon, Ancestral Vision, Mountain, Mountain, Mountain, Mountain, Mountain, Mountain, Mountain, Mountain, Preordain, Repeal, Island, Island, Island, Island, Island, Island, Island, Island, Logic Knot, Figure of Destiny, Galvanic Blast, Devil's Play","Talisman of Progress, Sword of the Meek, Pyrite Spellbomb, Hazoret the Fervent, Wrath of God, Geist of Saint Traft, Hero of Bladehold, Brimaz, King of Oreskos, Aether Spellbomb, Whip of Erebos, Chromatic Lantern, Mishra's Bauble, Sphinx's Revelation, Kari Zev, Skyship Raider, Knight of the White Orchid, Pia and Kiran Nalaar, Thalia, Guardian of Thraben, Mindslaver, Bomat Courier, Frogmite, Banishing Light"
"13","1","Green","G Ramp","Creatures","18","5","17","3.70","Utopia Sprawl, Reclamation Sage, Ulamog, the Ceaseless Hunger, Green Sun's Zenith, Elves of Deep Shadow, Acidic Slime, Plow Under, Horizon Canopy, Woodfall Primus, Llanowar Wastes, Wall of Roots, Hornet Queen, Scattered Groves, Courser of Kruphix, Woodland Bellower, Summoner's Pact, Elvish Piper, Craterhoof Behemoth, Whisperwood Elemental, Razorverge Thicket, Noble Hierarch, Joraga Treespeaker, Primeval Titan, Forest, Forest, Forest, Forest, Forest, Forest, Forest, Forest, Forest, Forest, Forest, Woodland Cemetery, Fertile Ground, Birds of Paradise, Sakura-Tribe Elder, Tireless Tracker, Dryad Arbor","Collected Company, Karn Liberated, Mystic Snake, Temur Charm, Rakdos's Return, Pacifism, Coiling Oracle, Beast Within, Harmonize, Sun Titan, Naturalize, Wurmcoil Engine, Path to Exile, Master of the Wild Hunt, Siege Rhino, Desecration Demon"
"13","2","Green/Red/White","GRW Stompy","Green/Red/White","15","8","17","3.00","Avacyn's Pilgrim, Misty Rainforest, Thragtusk, Qasali Pridemage, Thrun, the Last Troll, Chandra, Torch of Defiance, Stomping Ground, Garruk Wildspeaker, Goblin Rabblemaster, Windswept Heath, Journey to Nowhere, Verdurous Gearhulk, Bloodbraid Elf, Sacred Foundry, Hero of Bladehold, Gideon, Ally of Zendikar, Kitchen Finks, Rhonas the Indomitable, Verdant Catacombs, Battlefield Forge, Temple of Triumph, Renegade Rallier, Kari Zev, Skyship Raider, Lightning Helix, Carnage Tyrant, Raging Ravine, Rootbound Crag, Shock, Forest, Treetop Village, Plains, Kessig Prowler, Clifftop Retreat, Sheltered Thicket, Cinder Glade, Tarfire, Temple Garden, Ajani Vengeant, Kird Ape, Bloodstained Mire","Talara's Battalion, Blackmail, Lightning Axe, Pia and Kiran Nalaar, Boon Satyr, Dragonlord Atarka, Devil's Play"
"13","3","Black/Blue","BU Value","Spells","10","13","17","2.91","Twisted Abomination, Collective Brutality, Deathrite Shaman, Mind Shatter, Go for the Throat, Duress, Shadowmage Infiltrator, Oona's Prowler, Pack Rat, Swamp, Swamp, Swamp, Swamp, Swamp, Swamp, Swamp, Swamp, Blooming Marsh, Gatekeeper of Malakir, Bribery, Opt, Jace, the Mind Sculptor, Drowned Catacomb, Botanical Sanctum, Sheoldred, Whispering One, Maelstrom Pulse, Overgrown Tomb, Island, Murderous Cut, Hostage Taker, Mana Leak, The Scarab God, Looter il-Kor, Ultimate Price, Temple of Malady, Thoughtseize, Phyrexian Arena, Polluted Delta, Shelldock Isle, Watery Grave","Leatherback Baloth, Grim Flayer, Goryo's Vengeance, Farseek, Blackcleave Cliffs, Unsummon, Lotus Cobra, Gilded Lotus, Ulamog, the Infinite Gyre, Crystal Shard, Quicksilver Amulet, Hellrider, Hero of Oxid Ridge, City of Brass"
"13","4","Red/Blue","RU Spellslinger","Spells, Humans","8","15","17","2.26","Chart a Course, Sleight of Hand, Electrolyze, Shivan Reef, Steam Vents, Snapcaster Mage, Splinter Twin, Dissolve, Stormchaser Mage, Grim Lavamancer, Lightning Bolt, Young Pyromancer, Wooded Foothills, Sulfur Falls, Flame Slash, Incendiary Flow, Kiki-Jiki, Mirror Breaker, Mountain, Mountain, Mountain, Mountain, Mountain, Mountain, Mountain, Mountain, Searing Spear, Burst Lightning, Island, Island, Island, Glorybringer, Scalding Tarn, Galvanic Blast, Remand, Cyclonic Rift, Pyroclasm, Talrand, Sky Summoner, Spirebluff Canal, Arc Trail, Thing in the Ice","Cruel Ultimatum, Abbot of Keral Keep, Knight of the Reliquary, Irrigated Farmland, Chromatic Lantern, Dragonskull Summit, Mishra's Bauble, Mogg Fanatic, Manamorphose, Earthquake, Lodestone Golem, Goblin Dark-Dwellers, Phantasmal Image, Gemstone Caverns, Trash for Treasure, Talisman of Impulse"
"13","5","Blue","U Artifacts","Artifacts","9","14","17","2.65","Ensoul Artifact, Master of Etherium, Sword of the Meek, Sword of Fire and Ice, Chromatic Sphere, Icy Manipulator, Tezzeret the Seeker, Aether Spellbomb, Walking Ballista, Swamp, Swamp, Swamp, Arcbound Ravager, Porcelain Legionnaire, Inkmoth Nexus, Cranial Plating, Phyrexian Revoker, Etched Champion, Thopter Foundry, Steel Overseer, Evolving Wilds, Mindslaver, Frogmite, Island, Island, Island, Island, Island, Island, Island, Island, Island, Plains, Plains, Plains, Springleaf Drum, Inkwell Leviathan, Mox Opal, Vedalken Shackles, Chromatic Star","Bedlam Reveler, Lotus Bloom, Sphinx of the Steel Wind, Judge's Familiar, Ratchet Bomb, Pyrite Spellbomb, Biomass Mutation, Consecrated Sphinx, Hedron Archive, Faithless Looting, Phyrexian Obliterator, Talisman of Dominance, Mikaeus, the Lunarch, Pestermite, Repeal, Through the Breach, Lightning Greaves, Shrapnel Blast, Monastery Swiftspear, Loxodon Warhammer"
"13","6","White","W Weenie","Humans","15","8","17","2.26","Lingering Souls, Blade Splicer, Umezawa's Jitte, Angel of Invention, Caves of Koilos, Stoneforge Mystic, Spectral Procession, Smuggler's Copter, Brimaz, King of Oreskos, Knight of the Holy Nimbus, Savannah Lions, Selfless Spirit, Knight of the White Orchid, Hidden Dragonslayer, Leonin Relic-Warder, Thalia, Guardian of Thraben, Gideon's Lawkeeper, Plains, Plains, Plains, Plains, Plains, Plains, Plains, Plains, Plains, Plains, Plains, Plains, Plains, Plains, Plains, Plains, Thraben Inspector, Isamaru, Hound of Konda, Glorious Anthem, Kytheon, Hero of Akros, Honor of the Pure, Legion's Landing, Spear of Heliod","Elspeth, Sun's Champion, Talisman of Indulgence, Dark Confidant, Crib Swap, Hazoret the Fervent, Krosan Grip, Inspiring Vantage, Kolaghan's Command, Archangel of Thune, Vendetta, Goblin Guide, Prairie Stream, Mantis Rider, Wall of Omens, Vault Skirge, Chandra, Fire of Kaladesh, Hellspark Elemental, Bomat Courier, Steelshaper's Gift, Oust, Banishing Light"
"13","7","Black","B Midrange","Spells","12","11","17","4.09","Hero's Downfall, Liliana of the Veil, Dread Return, Inquisition of Kozilek, Ashen Rider, Swamp, Swamp, Swamp, Swamp, Swamp, Swamp, Swamp, Swamp, Swamp, Swamp, Swamp, Swamp, Swamp, Doom Blade, Shriekmaw, Godless Shrine, Disfigure, Ravenous Chupacabra, Isolated Chapel, Night's Whisper, Kitesail Freebooter, Massacre Wurm, Crypt Ghast, Noxious Gearhulk, Zombify, Street Wraith, Skinrender, Sundering Titan, Unburial Rites, Heir of Falkenrath, Makeshift Mannequin, Urborg, Tomb of Yawgmoth, Temple of Silence, Griselbrand, Dismember","Coalition Relic, Cathartic Reunion, Sensei's Divining Top, Terramorphic Expanse, Abrupt Decay, Smoldering Marsh, Skysovereign, Consul Flagship, Terminate, Skullclamp, Hypnotic Specter, Elesh Norn, Grand Cenobite, Ghalta, Primal Hunger, Oblivion Ring, Sword of Feast and Famine, Batterskull, Siege-Gang Commander, Reciprocate, Vampire Hexmage"
"13","8","Blue/White","UW Control","Spells","6","17","17","2.87","Talisman of Progress, Ponder, Glacial Fortress, Venser, Shaper Savant, Spell Queller, Vendilion Clique, Negate, Wrath of God, Condemn, Monastery Mentor, Glen Elendra Archmage, Sphinx's Revelation, Celestial Colonnade, Disallow, Condescend, Preordain, Remove Soul, Island, Island, Island, Island, Island, Island, Island, Island, Island, Island, Island, Logic Knot, Plains, Plains, Plains, Jace Beleren, Day of Judgment, Spell Pierce, Time Warp, Restoration Angel, Flooded Strand, Search for Azcanta, Dig Through Time","Everflowing Chalice, Inferno Titan, Ingot Chewer, Canyon Slough, Eternal Witness, Phyrexian Metamorph, Deceiver Exarch, Geist of Saint Traft, Frost Titan, Commit // Memory, Treasure Cruise, Chord of Calling, Ancestral Vision, Disenchant, Boomerang, Delver of Secrets, Scarecrone, Birthing Pod, Hinterland Harbor"
"14","1","Black/Red/Blue/White","BRUW Artifacts","Artifacts","11","12","17","5.65","Solemn Simulacrum, Lotus Bloom, Everflowing Chalice, Ulamog, the Ceaseless Hunger, Sphinx of the Steel Wind, Ratchet Bomb, Hedron Archive, Caves of Koilos, Ashen Rider, Talisman of Dominance, Chromatic Lantern, Swamp, Swamp, Swamp, Swamp, Swamp, Swamp, Blackcleave Cliffs, Emrakul, the Aeons Torn, Gilded Lotus, Earthquake, Izzet Charm, Mountain, Mountain, Mindslaver, Island, Island, Island, Island, Island, Ulamog, the Infinite Gyre, Plains, Plains, Street Wraith, Myr Battlesphere, Sundering Titan, Unburial Rites, Inkwell Leviathan, Trash for Treasure, Blightsteel Colossus","Leatherback Baloth, Twisted Abomination, Cryptbreaker, Dread Return, Goryo's Vengeance, Simian Spirit Guide, Kolaghan's Command, Zurgo Bellstriker, Oona's Prowler, Zurgo Helmsmasher, Cranial Plating, Phyrexian Revoker, Dead // Gone, Sheoldred, Whispering One, Rootbound Crag, Crypt Ghast, Noxious Gearhulk, Gemstone Caverns, Murderous Cut, Damnation"
"14","2","Black/Blue","BU Tempo","Spells, Humans","12","11","17","3.13","Chart a Course, Diabolic Tutor, Dark Confidant, Collective Brutality, Creeping Tar Pit, Go for the Throat, Fetid Pools, Inquisition of Kozilek, Shadowmage Infiltrator, Phyrexian Obliterator, Brain Maggot, Vendetta, Swamp, Swamp, Swamp, Swamp, Swamp, Swamp, Swamp, Swamp, Swamp, Doom Blade, Liliana, the Last Hope, Gatekeeper of Malakir, Shriekmaw, Hypnotic Specter, Ravenous Chupacabra, Liliana, Death's Majesty, Drowned Catacomb, Tasigur, the Golden Fang, Kitesail Freebooter, Island, Forest, Marsh Flats, Kalitas, Traitor of Ghet, Polluted Delta, Search for Azcanta, Griselbrand, Watery Grave, Dismember","Lingering Souls, Spell Queller, Sword of the Meek, Phyrexian Metamorph, Irrigated Farmland, Smuggler's Copter, Tidehollow Sculler, Dragonskull Summit, Godless Shrine, Etched Champion, Isolated Chapel, Elesh Norn, Grand Cenobite, Day of Judgment, Heir of Falkenrath, Dryad Arbor, Phyrexian Arena"
"14","3","Green/White","GW Counters","Creatures","17","6","17","3.48","Elspeth, Sun's Champion, Collected Company, Thragtusk, Qasali Pridemage, Horizon Canopy, Windswept Heath, Verdurous Gearhulk, Knight of the Reliquary, Scattered Groves, Archangel Avacyn, Walking Ballista, Rhonas the Indomitable, Porcelain Legionnaire, Renegade Rallier, Knight of the White Orchid, Mikaeus, the Lunarch, Craterhoof Behemoth, Mana Tithe, Razorverge Thicket, Rancor, Boon Satyr, Ghalta, Primal Hunger, Secure the Wastes, Sun Titan, Forest, Forest, Forest, Forest, Forest, Treetop Village, Plains, Plains, Plains, Plains, Plains, Plains, Lightning Greaves, Birds of Paradise, Tireless Tracker, Temple Garden","Talara's Battalion, Acidic Slime, Crib Swap, Woodland Bellower, Relic of Progenitus, Harmonize, Botanical Sanctum, Steel Overseer, Disenchant, Mana Confluence, Batterskull, Kessig Prowler, Loxodon Warhammer, Chrome Mox, City of Brass, Chromatic Star"
"14","4","Red/Blue","RU Spellslinger","Spells","6","17","17","3.04","Soul-Scar Mage, Sleight of Hand, Electrolyze, Abbot of Keral Keep, Inferno Titan, Chandra, Torch of Defiance, Steam Vents, Goblin Rabblemaster, Rift Bolt, Serum Visions, Treasure Cruise, Inkmoth Nexus, Jace, the Mind Sculptor, Unsummon, Manamorphose, Bloodwater Entity, Cryptic Command, Mountain, Mountain, Mountain, Mountain, Mountain, Mountain, Mountain, Mountain, Evolving Wilds, Burst Lightning, Island, Island, Island, Island, Goblin Dark-Dwellers, Boomerang, Cinder Glade, Pyroclasm, Char, Spirebluff Canal, Tarfire, Arc Trail, Dig Through Time","Cruel Ultimatum, Venser, Shaper Savant, Mulldrifter, Pyrite Spellbomb, Dissolve, Smoldering Marsh, Temur Charm, Mishra's Bauble, Chord of Calling, Battlefield Forge, Chandra, Fire of Kaladesh, Disallow, Through the Breach, Hostage Taker, Shrapnel Blast, Dreadbore, Talisman of Impulse"
"14","5","Black/Green/Red","BGR Midrange","Shamans","13","10","17","2.61","Utopia Sprawl, Reclamation Sage, Hero's Downfall, Liliana of the Veil, Thrun, the Last Troll, Stomping Ground, Terramorphic Expanse, Abrupt Decay, Scavenging Ooze, Canyon Slough, Elves of Deep Shadow, Grim Flayer, Deathrite Shaman, Llanowar Wastes, Blood Crypt, Swamp, Huntmaster of the Fells, Terminate, Wooded Foothills, Skullclamp, Blooming Marsh, Oracle of Mul Daya, Night's Whisper, Lotus Cobra, Raging Ravine, Maelstrom Pulse, Overgrown Tomb, Primeval Titan, Forest, Forest, Forest, Glorybringer, Woodland Cemetery, Fertile Ground, Urborg, Tomb of Yawgmoth, Sheltered Thicket, Temple of Malady, Bloodghast, Bitterblossom, Vampire Nighthawk","Ingot Chewer, Wrath of God, Hornet Queen, Massacre Wurm, Ornithopter, Zombify, Commune with Nature, Steelshaper's Gift, Dragonlord Atarka"
"14","6","Red/Blue","RU Spellslinger","Spells, Wizards","12","11","17","2.78","Coalition Relic, Master of Etherium, Umezawa's Jitte, Vendilion Clique, Sword of Fire and Ice, Negate, Censor, Deceiver Exarch, Commit // Memory, Glen Elendra Archmage, Young Pyromancer, Bribery, Opt, Temple of Epiphany, Pestermite, Flame Slash, Incendiary Flow, Kiki-Jiki, Mirror Breaker, Mountain, Mountain, Island, Island, Island, Island, Island, Island, Island, Island, Island, Island, Island, Island, Island, Phantasmal Image, Looter il-Kor, Cyclonic Rift, Monastery Swiftspear, Delver of Secrets, Thing in the Ice, Flooded Strand","Ensoul Artifact, Aurelia, the Warleader, Sensei's Divining Top, Grim Lavamancer, Inspiring Vantage, Prairie Stream, Vault Skirge, Ball Lightning, Lightning Axe, Pia and Kiran Nalaar, Springleaf Drum, Crystal Shard, Galvanic Blast, Clifftop Retreat, Siege-Gang Commander, Hangarback Walker, Seeker of the Way, Hallowed Fountain, Hero of Oxid Ridge, Bloodstained Mire"
"14","7","White","W Weenie","Humans","15","8","17","2.61","Blade Splicer, Angel of Invention, Journey to Nowhere, Stoneforge Mystic, Spectral Procession, Monastery Mentor, Hero of Bladehold, Gideon, Ally of Zendikar, Selfless Spirit, Leonin Relic-Warder, Adanto Vanguard, Thalia, Guardian of Thraben, Banisher Priest, Flickerwisp, Gideon's Lawkeeper, Plains, Plains, Plains, Plains, Plains, Plains, Plains, Plains, Plains, Plains, Plains, Plains, Plains, Plains, Plains, Plains, Plains, Thraben Inspector, Figure of Destiny, Isamaru, Hound of Konda, Path to Exile, Glorious Anthem, Elspeth, Knight-Errant, Honor of the Pure, Banishing Light","Judge's Familiar, Settle the Wreckage, Hazoret the Fervent, Concealed Courtyard, Condemn, Knight of the Holy Nimbus, Archangel of Thune, Skysovereign, Consul Flagship, Pacifism, Wall of Omens, Kari Zev, Skyship Raider, Lightning Helix, Thopter Foundry, Lodestone Golem, Bomat Courier, Frogmite, Celestial Crusader, Oblivion Ring, Arid Mesa, Mox Opal, Temple of Silence, Ajani Vengeant"
"14","8","Green/Blue","GU Ramp","Green/Blue","14","9","17","3.30","Avacyn's Pilgrim, Misty Rainforest, Kiora, Master of the Depths, Green Sun's Zenith, Sylvan Caryatid, Mystic Snake, Garruk Wildspeaker, Breeding Pool, Plow Under, Woodfall Primus, Consecrated Sphinx, Wall of Roots, Yavimaya Coast, Courser of Kruphix, Farseek, Frost Titan, Llanowar Elves, Coiling Oracle, Beast Within, Temple of Mystery, Celestial Colonnade, Carnage Tyrant, Inventors' Fair, Ancestral Vision, Joraga Treespeaker, Preordain, Riftwing Cloudskate, Forest, Forest, Forest, Forest, Forest, Forest, Forest, Forest, Forest, Time Warp, Master of the Wild Hunt, Shelldock Isle, Hinterland Harbor","Karn Liberated, Eldritch Evolution, Icy Manipulator, Krosan Grip, Bloodbraid Elf, Tezzeret the Seeker, Aether Spellbomb, Rakdos's Return, Sphinx's Revelation, Summoner's Pact, Remove Soul, Quicksilver Amulet, Kird Ape, Vedalken Shackles"
"15","1","Black","B Midrange","Vampires","12","11","17","2.48","Liliana of the Veil, Diabolic Tutor, Fatal Push, Cryptbreaker, Dark Confidant, Collective Brutality, Go for the Throat, Inquisition of Kozilek, Oona's Prowler, Swamp, Swamp, Swamp, Swamp, Swamp, Swamp, Swamp, Swamp, Swamp, Swamp, Swamp, Swamp, Swamp, Swamp, Swamp, Swamp, Liliana, the Last Hope, Skullclamp, Inkmoth Nexus, Gatekeeper of Malakir, Hypnotic Specter, Disfigure, Kitesail Freebooter, Crypt Ghast, Skinrender, Kalitas, Traitor of Ghet, Bloodghast, Phyrexian Arena, Desecration Demon, Dismember, Vampire Nighthawk","Eldritch Evolution, Concealed Courtyard, Myr Enforcer, Biomass Mutation, Icy Manipulator, Geist of Saint Traft, Treasure Cruise, Chandra, Fire of Kaladesh, Godless Shrine, Cranial Plating, Thopter Foundry, Overgrown Tomb, Lodestone Golem, Disenchant, Gideon's Lawkeeper, Looter il-Kor, Makeshift Mannequin, Loxodon Warhammer, Mox Opal, Polluted Delta, Ajani Vengeant"
"15","2","Black/Red","BR Aristocrats","Spells","6","17","17","3.22","Hero's Downfall, Cathartic Reunion, Chandra, Torch of Defiance, Talisman of Indulgence, Zealous Conscripts, Canyon Slough, Duress, Dread Return, Faithless Looting, Goryo's Vengeance, Rakdos's Return, Swamp, Swamp, Swamp, Swamp, Swamp, Swamp, Swamp, Doom Blade, Blackcleave Cliffs, Young Pyromancer, Wooded Foothills, Verdant Catacombs, Temple of Triumph, Dark Petition, Night's Whisper, Massacre Wurm, Mountain, Mountain, Mountain, Shock, Street Wraith, Unburial Rites, Damnation, Dreadbore, Marsh Flats, Chrome Mox, Grave Titan, Griselbrand, Bloodstained Mire","Sensei's Divining Top, Windswept Heath, Rift Bolt, Grim Lavamancer, Walking Ballista, Ball Lightning, Pia and Kiran Nalaar, Dead // Gone, Earthquake, Frogmite, Springleaf Drum, Shrapnel Blast, Dragonlord Atarka, Pyroclasm, Vampire Hexmage"
"15","3","Green/Red","GR Stompy","Green/Red","15","8","17","2.35","Soul-Scar Mage, Collected Company, Stomping Ground, Terramorphic Expanse, Umezawa's Jitte, Scavenging Ooze, Goblin Rabblemaster, Hazoret the Fervent, Bloodbraid Elf, Lightning Bolt, Tarmogoyf, Huntmaster of the Fells, Kari Zev, Skyship Raider, Mogg Fanatic, Manamorphose, Raging Ravine, Incendiary Flow, Rootbound Crag, Rancor, Mountain, Mountain, Mountain, Mountain, Mountain, Mountain, Mountain, Mountain, Bomat Courier, Searing Spear, Boon Satyr, Forest, Forest, Kessig Prowler, Birds of Paradise, Sheltered Thicket, Siege-Gang Commander, Cinder Glade, Hero of Oxid Ridge, City of Brass, Abrade","Aurelia, the Warleader, Thrun, the Last Troll, Elves of Deep Shadow, Pyrite Spellbomb, Krosan Grip, Simian Spirit Guide, Skysovereign, Consul Flagship, Vault Skirge, Lightning Axe, Steel Overseer, Ornithopter, Mindslaver, Ghalta, Primal Hunger, Gemstone Caverns, Siege Rhino"
"15","4","Red/Blue","RU Combo Control","Artifacts, Spells","9","14","17","4.61","Ponder, Inferno Titan, Steam Vents, Splinter Twin, Consecrated Sphinx, Negate, Phyrexian Metamorph, Aether Spellbomb, Commit // Memory, Temple of Epiphany, Jace, the Mind Sculptor, Unsummon, Disallow, Emrakul, the Aeons Torn, Kiki-Jiki, Mirror Breaker, Torrential Gearhulk, Preordain, Island, Island, Island, Island, Island, Island, Island, Island, Island, Island, Island, Island, Island, Myr Battlesphere, Arid Mesa, Mana Leak, Sundering Titan, Spell Pierce, Remand, Cyclonic Rift, Blightsteel Colossus, Shelldock Isle, Vedalken Shackles","Talara's Battalion, Ratchet Bomb, Llanowar Wastes, Inspiring Vantage, Irrigated Farmland, Tezzeret the Seeker, Chromatic Lantern, Savannah Lions, Ancestral Vision, Gilded Lotus, Zombify, Hostage Taker, Hangarback Walker, Char, Talrand, Sky Summoner, Tarfire, Hallowed Fountain, Arc Trail"
"15","5","Black/Blue","BU Tempo","Spells","10","13","17","3.74","Chart a Course, Twisted Abomination, Creeping Tar Pit, Dissolve, Fetid Pools, Shadowmage Infiltrator, Talisman of Dominance, Vendetta, Swamp, Swamp, Swamp, Swamp, Serum Visions, Jace, Vryn's Prodigy, Opt, Shriekmaw, Liliana, Death's Majesty, Drowned Catacomb, Tasigur, the Golden Fang, Sheoldred, Whispering One, Noxious Gearhulk, Island, Island, Island, Island, Island, Island, Island, Ashiok, Nightmare Weaver, Phantasmal Image, The Scarab God, Woodland Cemetery, Jace Beleren, Sunken Hollow, Wurmcoil Engine, Ultimate Price, Time Warp, Temple of Malady, Dig Through Time, Bitterblossom","Ensoul Artifact, Lotus Bloom, Electrolyze, Sword of the Meek, Blackmail, Brain Maggot, Zurgo Helmsmasher, Beast Within, Etched Champion, Mikaeus, the Lunarch, Maelstrom Pulse, Riftwing Cloudskate, Inkwell Leviathan, Quicksilver Amulet, Delver of Secrets, Talisman of Impulse"
"15","6","Green","G Ramp","Elves","14","9","17","3.61","Coalition Relic, Utopia Sprawl, Reclamation Sage, Avacyn's Pilgrim, Karn Liberated, Green Sun's Zenith, Sylvan Caryatid, Garruk Wildspeaker, Plow Under, Woodfall Primus, Fauna Shaman, Courser of Kruphix, Farseek, Woodland Bellower, Chord of Calling, Llanowar Elves, Oracle of Mul Daya, Temple of Mystery, Carnage Tyrant, Noble Hierarch, Joraga Treespeaker, Primeval Titan, Forest, Forest, Forest, Forest, Forest, Forest, Forest, Forest, Forest, Forest, Forest, Forest, Treetop Village, Ulamog, the Infinite Gyre, Plains, Fertile Ground, Dryad Arbor, Hinterland Harbor","Bedlam Reveler, Elspeth, Sun's Champion, Leatherback Baloth, Venser, Shaper Savant, Mystic Snake, Deathrite Shaman, Hedron Archive, Temur Charm, Murmuring Bosk, Mantis Rider, Leonin Relic-Warder, Celestial Crusader, Repeal, Scalding Tarn, Crystal Shard, Commune with Nature, Master of the Wild Hunt, Hellrider"
"15","7","White","W Weenie","Humans, Creatures","16","7","17","2.39","Student of Warfare, Judge's Familiar, Angel of Invention, Sword of Fire and Ice, Stoneforge Mystic, Hero of Bladehold, Brimaz, King of Oreskos, Knight of the Holy Nimbus, Archangel of Thune, Pacifism, Porcelain Legionnaire, Knight of the White Orchid, Thalia, Guardian of Thraben, Banisher Priest, Mountain, Flickerwisp, Plains, Plains, Plains, Plains, Plains, Plains, Plains, Plains, Plains, Plains, Plains, Plains, Plains, Plains, Plains, Plains, Thraben Inspector, Figure of Destiny, Isamaru, Hound of Konda, Elspeth, Knight-Errant, Honor of the Pure, Oust, Legion's Landing, Spear of Heliod","Lingering Souls, Ingot Chewer, Crib Swap, Settle the Wreckage, Chromatic Sphere, Stormchaser Mage, Wrath of God, Condemn, Smoldering Marsh, Ashen Rider, Zurgo Bellstriker, Arcbound Ravager, Mishra's Bauble, Phyrexian Revoker, Isolated Chapel, Hidden Dragonslayer, Secure the Wastes, Day of Judgment, Sword of Feast and Famine, Steelshaper's Gift, Urborg, Tomb of Yawgmoth, Seeker of the Way"
"15","8","Green/Blue/White","GUW Blink","Green/Blue/White","11","12","17","2.83","Solemn Simulacrum, Talisman of Progress, Glacial Fortress, Misty Rainforest, Everflowing Chalice, Kiora, Master of the Depths, Spell Queller, Blade Splicer, Breeding Pool, Horizon Canopy, Monastery Mentor, Scattered Groves, Gideon, Ally of Zendikar, Prairie Stream, Sower of Temptation, Glen Elendra Archmage, Wall of Omens, Bribery, Sphinx's Revelation, Celestial Colonnade, Mana Tithe, Razorverge Thicket, Condescend, Island, Island, Island, Island, Logic Knot, Sun Titan, Plains, Plains, Plains, Oblivion Ring, Restoration Angel, Sakura-Tribe Elder, Tireless Tracker, Flooded Strand, Pact of Negation, Temple Garden, Search for Azcanta","Shivan Reef, Qasali Pridemage, Sphinx of the Steel Wind, Grim Flayer, Verdurous Gearhulk, Knight of the Reliquary, Battlefield Forge, Harmonize, Whisperwood Elemental, Naturalize, Trash for Treasure, Birthing Pod"
"16","1","Red/Blue","RU Spellslinger","Artifacts, Spells","7","16","17","2.91","Everflowing Chalice, Sensei's Divining Top, Mulldrifter, Snapcaster Mage, Dissolve, Serum Visions, Treasure Cruise, Glen Elendra Archmage, Inkmoth Nexus, Sulfur Falls, Opt, Temple of Epiphany, Bloodwater Entity, Condescend, Ancestral Vision, Izzet Charm, Torrential Gearhulk, Island, Island, Island, Island, Island, Island, Island, Island, Island, Island, Island, Island, Island, Logic Knot, Jace Beleren, Crystal Shard, Wurmcoil Engine, Time Warp, Boomerang, Talrand, Sky Summoner, Spirebluff Canal, Arc Trail, Vedalken Shackles","Cruel Ultimatum, Kiora, Master of the Depths, Karn Liberated, Creeping Tar Pit, Sword of Fire and Ice, Myr Enforcer, Wrath of God, Grim Lavamancer, Shadowmage Infiltrator, Blackcleave Cliffs, Porcelain Legionnaire, Dark Petition, Mogg Fanatic, Oblivion Ring, Galvanic Blast, Devil's Play, Banishing Light, Ajani Vengeant"
"16","2","Red/Blue","RU Spellslinger","Spells","8","15","17","3.48","Coalition Relic, Sleight of Hand, Zealous Conscripts, Phyrexian Metamorph, Censor, Faithless Looting, Commit // Memory, Jace, Vryn's Prodigy, Bribery, Pestermite, Kiki-Jiki, Mirror Breaker, Cryptic Command, Mountain, Mountain, Mountain, Mountain, Evolving Wilds, Preordain, Riftwing Cloudskate, Island, Island, Island, Island, Island, Island, Island, Island, Island, Island, Island, Glorybringer, Through the Breach, Mana Leak, Looter il-Kor, Spell Pierce, Remand, Cyclonic Rift, Shelldock Isle, Dig Through Time, Abrade","Talara's Battalion, Ulamog, the Ceaseless Hunger, Qasali Pridemage, Ingot Chewer, Mystic Snake, Umezawa's Jitte, Judge's Familiar, Temur Charm, Simian Spirit Guide, Ball Lightning, Temple of Mystery, Banisher Priest, Bomat Courier, Arid Mesa, Dreadbore, Dragonlord Atarka, Siege-Gang Commander, Cinder Glade, Quicksilver Amulet, Chromatic Star"
"16","3","Black/Green","BG Graveyard","Creatures","18","5","17","2.52","Misty Rainforest, Thrun, the Last Troll, Twisted Abomination, Sylvan Caryatid, Fatal Push, Elves of Deep Shadow, Grim Flayer, Deathrite Shaman, Go for the Throat, Llanowar Wastes, Phyrexian Obliterator, Tarmogoyf, Courser of Kruphix, Swamp, Swamp, Swamp, Swamp, Swamp, Liliana, the Last Hope, Wooded Foothills, Verdant Catacombs, Llanowar Elves, Oracle of Mul Daya, Disfigure, Ravenous Chupacabra, Kitesail Freebooter, Maelstrom Pulse, Overgrown Tomb, Forest, Forest, Forest, Treetop Village, Skinrender, Woodland Cemetery, Birds of Paradise, Urborg, Tomb of Yawgmoth, Temple of Malady, Sakura-Tribe Elder, Bloodghast, Vampire Nighthawk","Krosan Grip, Archangel of Thune, Vendetta, Huntmaster of the Fells, Woodland Bellower, Cranial Plating, Raging Ravine, Rootbound Crag, Street Wraith, Sunken Hollow, Mana Confluence, Glorious Anthem, Kird Ape"
"16","4","Black/White","BW Aristocrats","Humans","12","11","17","2.04","Lingering Souls, Liliana of the Veil, Blade Splicer, Dark Confidant, Concealed Courtyard, Blackmail, Duress, Caves of Koilos, Spectral Procession, Inquisition of Kozilek, Monastery Mentor, Brain Maggot, Hero of Bladehold, Smuggler's Copter, Brimaz, King of Oreskos, Knight of the Holy Nimbus, Tidehollow Sculler, Swamp, Swamp, Swamp, Savannah Lions, Skullclamp, Selfless Spirit, Isolated Chapel, Adanto Vanguard, Secure the Wastes, Plains, Plains, Plains, Plains, Plains, Plains, Plains, Plains, Isamaru, Hound of Konda, Marsh Flats, Temple of Silence, Chrome Mox, Polluted Delta, Legion's Landing","Aurelia, the Warleader, Mind Shatter, Smoldering Marsh, Irrigated Farmland, Murmuring Bosk, Oona's Prowler, Tasigur, the Golden Fang, Murderous Cut, Hostage Taker, Heir of Falkenrath, Steelshaper's Gift, Makeshift Mannequin, Honor of the Pure, Reciprocate, Desecration Demon, Watery Grave"
"16","5","Red/Blue","RU Burn","Spells, Humans","8","15","17","2.39","Soul-Scar Mage, Bedlam Reveler, Ponder, Abbot of Keral Keep, Steam Vents, Terramorphic Expanse, Gitaxian Probe, Goblin Rabblemaster, Rift Bolt, Splinter Twin, Lightning Bolt, Zurgo Bellstriker, Mishra's Bauble, Jace, the Mind Sculptor, Lightning Axe, Pia and Kiran Nalaar, Flame Slash, Incendiary Flow, Mountain, Mountain, Mountain, Mountain, Mountain, Mountain, Mountain, Mountain, Mountain, Mountain, Mountain, Mountain, Mountain, Searing Spear, Burst Lightning, Goblin Dark-Dwellers, Scalding Tarn, Pyroclasm, Char, Tarfire, Hero of Oxid Ridge, Flooded Strand","Collected Company, Venser, Shaper Savant, Talisman of Indulgence, Angel of Invention, Negate, Deceiver Exarch, Bloodbraid Elf, Walking Ballista, Mantis Rider, Battlefield Forge, Renegade Rallier, Hidden Dragonslayer, Botanical Sanctum, Disenchant, Phantasmal Image, Springleaf Drum, Clifftop Retreat, Seeker of the Way"
"16","6","Black/White","BW Reanimator","Artifacts, Spells","10","13","17","4.74","Diabolic Tutor, Sphinx of the Steel Wind, Collective Brutality, Dread Return, Goryo's Vengeance, Ashen Rider, Whip of Erebos, Swamp, Swamp, Swamp, Swamp, Swamp, Swamp, Swamp, Swamp, Swamp, Swamp, Swamp, Swamp, Swamp, Swamp, Doom Blade, Shriekmaw, Liliana, Death's Majesty, Night's Whisper, Drowned Catacomb, Massacre Wurm, Crypt Ghast, Noxious Gearhulk, Zombify, Plains, Plains, Myr Battlesphere, Unburial Rites, Damnation, Inkwell Leviathan, Thoughtseize, Grave Titan, Griselbrand, Dismember","Ensoul Artifact, Lotus Bloom, Inferno Titan, Canyon Slough, Crib Swap, Chromatic Sphere, Kolaghan's Command, Skysovereign, Consul Flagship, Goblin Guide, Rakdos's Return, Chromatic Lantern, Gatekeeper of Malakir, Hypnotic Specter, Mikaeus, the Lunarch, Celestial Crusader, Commune with Nature, Kalitas, Traitor of Ghet, Trash for Treasure, Phyrexian Arena, Scarecrone, Bitterblossom"
"16","7","Green/Blue","GU Ramp","Creatures","15","8","17","3.35","Utopia Sprawl, Reclamation Sage, Avacyn's Pilgrim, Green Sun's Zenith, Eldritch Evolution, Garruk Wildspeaker, Breeding Pool, Acidic Slime, Plow Under, Horizon Canopy, Windswept Heath, Woodfall Primus, Consecrated Sphinx, Fauna Shaman, Wall of Roots, Hornet Queen, Scattered Groves, Yavimaya Coast, Coiling Oracle, Summoner's Pact, Harmonize, Lotus Cobra, Carnage Tyrant, Whisperwood Elemental, Noble Hierarch, Joraga Treespeaker, Primeval Titan, Forest, Forest, Forest, Forest, Forest, Forest, Forest, Forest, Forest, Fertile Ground, Canopy Vista, Dryad Arbor, Hinterland Harbor","Leatherback Baloth, Biomass Mutation, Verdurous Gearhulk, Knight of the Reliquary, Beast Within, Phyrexian Revoker, Rancor, Mindslaver, Sword of Feast and Famine, Sundering Titan, Loxodon Warhammer, Siege Rhino, City of Brass, Birthing Pod"
"16","8","Blue/White","UW Artifacts","Artifacts","9","14","17","2.09","Talisman of Progress, Glacial Fortress, Master of Etherium, Sword of the Meek, Journey to Nowhere, Stoneforge Mystic, Condemn, Geist of Saint Traft, Tezzeret the Seeker, Aether Spellbomb, Prairie Stream, Swamp, Pacifism, Arcbound Ravager, Sphinx's Revelation, Etched Champion, Celestial Colonnade, Thopter Foundry, Inventors' Fair, Steel Overseer, Ornithopter, Lodestone Golem, Island, Island, Island, Island, Plains, Plains, Plains, Plains, Plains, Plains, Plains, Batterskull, Path to Exile, Hangarback Walker, Mox Opal, Oust, Hallowed Fountain, Search for Azcanta","Elspeth, Sun's Champion, Thragtusk, Sacred Foundry, Gideon, Ally of Zendikar, Zurgo Helmsmasher, Knight of the White Orchid, Dead // Gone, Leonin Relic-Warder, Elesh Norn, Grand Cenobite, Thalia, Guardian of Thraben, Sun Titan, Gideon's Lawkeeper, Day of Judgment, Kessig Prowler, Restoration Angel, Elspeth, Knight-Errant, Spear of Heliod"
"17","1","Blue/White","UW Artifacts","Artifacts","10","13","17","2.26","Talisman of Progress, Ensoul Artifact, Glacial Fortress, Everflowing Chalice, Sword of the Meek, Sword of Fire and Ice, Phyrexian Metamorph, Irrigated Farmland, Tezzeret the Seeker, Aether Spellbomb, Walking Ballista, Skysovereign, Consul Flagship, Swamp, Arcbound Ravager, Mishra's Bauble, Porcelain Legionnaire, Phyrexian Revoker, Etched Champion, Thopter Foundry, Steel Overseer, Lodestone Golem, Mindslaver, Frogmite, Island, Island, Island, Island, Island, Island, Island, Island, Island, Plains, Plains, Plains, Hangarback Walker, Mox Opal, Chrome Mox, Hallowed Fountain, Flooded Strand","Lotus Bloom, Spell Queller, Sphinx of the Steel Wind, Gitaxian Probe, Acidic Slime, Vendilion Clique, Ratchet Bomb, Crib Swap, Stormchaser Mage, Geist of Saint Traft, Jace, Vryn's Prodigy, Pia and Kiran Nalaar, Crystal Shard, Remand, Time Warp, Delver of Secrets, Banishing Light, Dismember"
"17","2","Red","R Burn","Spells, Humans","14","9","17","2.04","Soul-Scar Mage, Abbot of Keral Keep, Chandra, Torch of Defiance, Goblin Rabblemaster, Grim Lavamancer, Lightning Bolt, Zurgo Bellstriker, Goblin Guide, Young Pyromancer, Ball Lightning, Kari Zev, Skyship Raider, Mogg Fanatic, Incendiary Flow, Inventors' Fair, Mountain, Mountain, Mountain, Mountain, Mountain, Mountain, Mountain, Mountain, Mountain, Mountain, Mountain, Mountain, Mountain, Mountain, Mountain, Mountain, Hellspark Elemental, Bomat Courier, Shock, Searing Spear, Burst Lightning, Glorybringer, Incinerate, Char, Hero of Oxid Ridge, Arc Trail","Hero's Downfall, Canyon Slough, Mind Shatter, Splinter Twin, Smoldering Marsh, Faithless Looting, Blood Crypt, Sacred Foundry, Blackcleave Cliffs, Terminate, Wooded Foothills, Battlefield Forge, Lightning Axe, Dead // Gone, Raging Ravine, Flame Slash, Galvanic Blast, Clifftop Retreat, Steelshaper's Gift, Siege-Gang Commander, Devil's Play"
"17","3","Red/Blue","RU Spellslinger","Spells","11","12","17","3.35","Ponder, Electrolyze, Inferno Titan, Shivan Reef, Steam Vents, Zealous Conscripts, Rift Bolt, Snapcaster Mage, Dissolve, Consecrated Sphinx, Negate, Deceiver Exarch, Frost Titan, Glen Elendra Archmage, Sulfur Falls, Opt, Temple of Epiphany, Unsummon, Pestermite, Disallow, Kiki-Jiki, Mirror Breaker, Cryptic Command, Mountain, Mountain, Mountain, Mountain, Torrential Gearhulk, Repeal, Island, Island, Island, Island, Island, Island, Island, Island, Goblin Dark-Dwellers, Scalding Tarn, Boomerang, Abrade","Cruel Ultimatum, Bedlam Reveler, Cathartic Reunion, Talisman of Indulgence, Pyrite Spellbomb, Wrath of God, Icy Manipulator, Ashen Rider, Kolaghan's Command, Godless Shrine, Emrakul, the Aeons Torn, Fertile Ground, Marsh Flats, Cinder Glade, Trash for Treasure, Blightsteel Colossus, Kird Ape"
"17","4","White","W Weenie","Humans","15","8","17","2.22","Student of Warfare, Blade Splicer, Angel of Invention, Stoneforge Mystic, Spectral Procession, Archangel Avacyn, Knight of the Holy Nimbus, Pacifism, Savannah Lions, Inkmoth Nexus, Leonin Relic-Warder, Adanto Vanguard, Mana Tithe, Banisher Priest, Mountain, Gideon's Lawkeeper, Plains, Plains, Plains, Plains, Plains, Plains, Plains, Plains, Plains, Plains, Plains, Plains, Plains, Plains, Plains, Thraben Inspector, Figure of Destiny, Isamaru, Hound of Konda, Path to Exile, Glorious Anthem, Kytheon, Hero of Akros, Elspeth, Knight-Errant, Honor of the Pure, Legion's Landing","Elspeth, Sun's Champion, Sensei's Divining Top, Myr Enforcer, Prairie Stream, Mantis Rider, Vault Skirge, Relic of Progenitus, Chandra, Fire of Kaladesh, Hidden Dragonslayer, Kitesail Freebooter, Elesh Norn, Grand Cenobite, Disenchant, Secure the Wastes, Oblivion Ring, Batterskull, Seeker of the Way, Temple of Silence, Dryad Arbor, Reciprocate, Ajani Vengeant, Vampire Nighthawk"
"17","5","Black/Blue","BU Tempo","Black/Blue","12","11","17","3.52","Liliana of the Veil, Twisted Abomination, Dark Confidant, Creeping Tar Pit, Go for the Throat, Fetid Pools, Censor, Shadowmage Infiltrator, Brain Maggot, Talisman of Dominance, Vendetta, Swamp, Swamp, Swamp, Swamp, Swamp, Swamp, Swamp, Swamp, Swamp, Swamp, Swamp, Swamp, Swamp, Shriekmaw, Liliana, Death's Majesty, Night's Whisper, Massacre Wurm, Noxious Gearhulk, Ashiok, Nightmare Weaver, Skinrender, Hostage Taker, Jace Beleren, Damnation, Ultimate Price, Kalitas, Traitor of Ghet, Desecration Demon, Grave Titan, Shelldock Isle, Watery Grave","Coalition Relic, Talara's Battalion, Settle the Wreckage, Concealed Courtyard, Chromatic Sphere, Krosan Grip, Oona's Prowler, Gatekeeper of Malakir, Isolated Chapel, Lightning Helix, Riftwing Cloudskate, Zombify, Myr Battlesphere, Looter il-Kor, Makeshift Mannequin, Inkwell Leviathan, Bloodghast, Thing in the Ice"
"17","6","Black/Green/Blue","BGU Value","Spells","7","16","17","3.35","Solemn Simulacrum, Utopia Sprawl, Chart a Course, Diabolic Tutor, Mystic Snake, Mulldrifter, Llanowar Wastes, Dread Return, Tarmogoyf, Whip of Erebos, Pack Rat, Swamp, Swamp, Swamp, Swamp, Commit // Memory, Treasure Cruise, Blooming Marsh, Disfigure, Ravenous Chupacabra, Temple of Mystery, Drowned Catacomb, Botanical Sanctum, Sheoldred, Whispering One, Maelstrom Pulse, Ancestral Vision, Overgrown Tomb, Evolving Wilds, Preordain, Island, Island, Murderous Cut, Urborg, Tomb of Yawgmoth, Thoughtseize, Phyrexian Arena, Polluted Delta, Pact of Negation, Search for Azcanta, Hinterland Harbor, Bloodstained Mire","Karn Liberated, Aurelia, the Warleader, Goryo's Vengeance, Murmuring Bosk, Simian Spirit Guide, Woodland Bellower, Hypnotic Specter, Beast Within, Ornithopter, Day of Judgment, Unburial Rites"
"17","7","Green/White","GW Counters","Creatures","18","5","17","2.83","Reclamation Sage, Avacyn's Pilgrim, Misty Rainforest, Collected Company, Green Sun's Zenith, Qasali Pridemage, Thrun, the Last Troll, Scavenging Ooze, Plow Under, Horizon Canopy, Windswept Heath, Journey to Nowhere, Knight of the Reliquary, Scattered Groves, Kitchen Finks, Skullclamp, Llanowar Elves, Oracle of Mul Daya, Renegade Rallier, Mikaeus, the Lunarch, Lotus Cobra, Craterhoof Behemoth, Joraga Treespeaker, Sun Titan, Forest, Forest, Forest, Forest, Forest, Forest, Forest, Forest, Treetop Village, Plains, Plains, Arid Mesa, Kessig Prowler, Canopy Vista, Restoration Angel, Tireless Tracker","Leatherback Baloth, Judge's Familiar, Caves of Koilos, Bloodbraid Elf, Temur Charm, Serum Visions, Huntmaster of the Fells, Wall of Omens, Coiling Oracle, Naturalize, Lightning Greaves, Mana Confluence, Sheltered Thicket, Loxodon Warhammer, Talisman of Impulse"
"17","8","Green","G Ramp","Shamans, Creatures","17","6","17","4.48","Thragtusk, Eldritch Evolution, Stomping Ground, Garruk Wildspeaker, Breeding Pool, Elves of Deep Shadow, Deathrite Shaman, Woodfall Primus, Fauna Shaman, Wall of Roots, Inspiring Vantage, Farseek, Rhonas the Indomitable, Chord of Calling, Elvish Piper, Carnage Tyrant, Noble Hierarch, Primeval Titan, Ghalta, Primal Hunger, Forest, Forest, Forest, Forest, Forest, Forest, Forest, Forest, Forest, Forest, Ulamog, the Infinite Gyre, Woodland Cemetery, Sundering Titan, Dragonlord Atarka, Temple of Malady, Master of the Wild Hunt, Quicksilver Amulet, Sakura-Tribe Elder, City of Brass, Temple Garden, Birthing Pod","Kiora, Master of the Depths, Terramorphic Expanse, Biomass Mutation, Smuggler's Copter, Tidehollow Sculler, Chromatic Lantern, Doom Blade, Liliana, the Last Hope, Dark Petition, Tasigur, the Golden Fang, Boon Satyr, Springleaf Drum, Siege Rhino, Scarecrone, Bitterblossom"
"18","1","Red/White","RW Burn","Spells, Humans","13","10","17","2.52","Soul-Scar Mage, Aurelia, the Warleader, Zealous Conscripts, Goblin Rabblemaster, Rift Bolt, Faithless Looting, Young Pyromancer, Porcelain Legionnaire, Battlefield Forge, Ball Lightning, Lightning Axe, Dead // Gone, Incendiary Flow, Adanto Vanguard, Earthquake, Thalia, Guardian of Thraben, Kiki-Jiki, Mirror Breaker, Mountain, Mountain, Mountain, Mountain, Mountain, Mountain, Mountain, Mountain, Mountain, Mountain, Mountain, Mountain, Mountain, Mountain, Mountain, Bomat Courier, Goblin Dark-Dwellers, Shrapnel Blast, Clifftop Retreat, Incinerate, Monastery Swiftspear, Devil's Play, Arc Trail","Electrolyze, Shivan Reef, Crib Swap, Settle the Wreckage, Spectral Procession, Deceiver Exarch, Archangel Avacyn, Archangel of Thune, Oona's Prowler, Gideon, Ally of Zendikar, Wooded Foothills, Etched Champion, Knight of the White Orchid, Mikaeus, the Lunarch, Crypt Ghast, Cryptic Command, Evolving Wilds, Gemstone Caverns, Scalding Tarn, Steelshaper's Gift"
"18","2","Black/Blue/White","BUW Control","Black/Blue/White","13","10","17","3.65","Chart a Course, Spell Queller, Terramorphic Expanse, Creeping Tar Pit, Go for the Throat, Fetid Pools, Shadowmage Infiltrator, Irrigated Farmland, Geist of Saint Traft, Ashen Rider, Frost Titan, Tidehollow Sculler, Pack Rat, Swamp, Swamp, Swamp, Swamp, Swamp, Liliana, the Last Hope, Shriekmaw, Disfigure, Ravenous Chupacabra, Isolated Chapel, Massacre Wurm, Secure the Wastes, Island, Island, Island, Ashiok, Nightmare Weaver, Plains, Plains, Skinrender, Hostage Taker, Mana Leak, The Scarab God, Unburial Rites, Urborg, Tomb of Yawgmoth, Search for Azcanta, Dig Through Time, Watery Grave","Master of Etherium, Ratchet Bomb, Angel of Invention, Blackmail, Llanowar Wastes, Knight of the Holy Nimbus, Whip of Erebos, Savannah Lions, Vault Skirge, Zurgo Helmsmasher, Heir of Falkenrath, Elspeth, Knight-Errant, Legion's Landing, Vampire Hexmage, Spear of Heliod"
"18","3","Green/Blue","GU Ramp","Creatures","18","5","17","5.17","Coalition Relic, Utopia Sprawl, Reclamation Sage, Kiora, Master of the Depths, Ulamog, the Ceaseless Hunger, Sylvan Caryatid, Mystic Snake, Breeding Pool, Elves of Deep Shadow, Acidic Slime, Plow Under, Woodfall Primus, Yavimaya Coast, Courser of Kruphix, Rhonas the Indomitable, Oracle of Mul Daya, Temple of Mystery, Pestermite, Botanical Sanctum, Emrakul, the Aeons Torn, Ghalta, Primal Hunger, Forest, Forest, Forest, Forest, Forest, Forest, Forest, Forest, Forest, Forest, Forest, Ulamog, the Infinite Gyre, Phantasmal Image, Fertile Ground, Temple of Malady, Master of the Wild Hunt, Sakura-Tribe Elder, Blightsteel Colossus, Hinterland Harbor","Sleight of Hand, Qasali Pridemage, Stomping Ground, Gitaxian Probe, Bloodbraid Elf, Unsummon, Gideon's Lawkeeper, Springleaf Drum, Lightning Greaves, Dragonlord Atarka, Boomerang, Canopy Vista, Cinder Glade, Spirebluff Canal, Honor of the Pure, Scarecrone"
"18","4","Black/Blue/White","BUW Artifacts","Artifacts","7","16","17","3.22","Solemn Simulacrum, Talisman of Progress, Ponder, Glacial Fortress, Everflowing Chalice, Sensei's Divining Top, Blade Splicer, Sphinx of the Steel Wind, Windswept Heath, Chromatic Sphere, Icy Manipulator, Tezzeret the Seeker, Chromatic Lantern, Swamp, Swamp, Swamp, Mishra's Bauble, Inkmoth Nexus, Cranial Plating, Celestial Colonnade, Thopter Foundry, Gilded Lotus, Lodestone Golem, Frogmite, Island, Island, Island, Island, Island, Plains, Plains, Plains, Plains, Myr Battlesphere, Batterskull, Inkwell Leviathan, Mox Opal, Hallowed Fountain, Vedalken Shackles, Chromatic Star","Cruel Ultimatum, Elspeth, Sun's Champion, Horizon Canopy, Dissolve, Consecrated Sphinx, Negate, Condemn, Krosan Grip, Relic of Progenitus, Renegade Rallier, Selfless Spirit, Temple of Epiphany, Maelstrom Pulse, Banisher Priest, Preordain, Path to Exile, Quicksilver Amulet"
"18","5","Black/Red","BR Aristocrats","Spells","12","11","17","2.39","Ingot Chewer, Talisman of Indulgence, Canyon Slough, Pyrite Spellbomb, Hazoret the Fervent, Smoldering Marsh, Kolaghan's Command, Zurgo Bellstriker, Smuggler's Copter, Goblin Guide, Rakdos's Return, Swamp, Swamp, Swamp, Blackcleave Cliffs, Verdant Catacombs, Phyrexian Revoker, Kari Zev, Skyship Raider, Mogg Fanatic, Pia and Kiran Nalaar, Mountain, Mountain, Mountain, Mountain, Mountain, Mountain, Mountain, Mountain, Mountain, Hellspark Elemental, Searing Spear, Burst Lightning, Murderous Cut, Galvanic Blast, Siege-Gang Commander, Bloodghast, Tarfire, Bloodstained Mire, Dismember, Vampire Nighthawk","Leatherback Baloth, Cryptbreaker, Goryo's Vengeance, Vendetta, Huntmaster of the Fells, Woodland Bellower, Arcbound Ravager, Coiling Oracle, Tasigur, the Golden Fang, Overgrown Tomb, Rancor, Through the Breach, Sword of Feast and Famine, Sheltered Thicket, Desecration Demon, City of Brass, Kird Ape"
"18","6","Red/Blue/White","RUW Combo Control","Spells, Wizards","7","16","17","2.74","Steam Vents, Vendilion Clique, Snapcaster Mage, Stormchaser Mage, Wrath of God, Monastery Mentor, Censor, Lightning Bolt, Commit // Memory, Treasure Cruise, Opt, Lightning Helix, Disallow, Flame Slash, Inventors' Fair, Ancestral Vision, Izzet Charm, Mountain, Mountain, Mountain, Torrential Gearhulk, Shock, Remove Soul, Island, Island, Island, Island, Island, Island, Island, Island, Island, Plains, Plains, Arid Mesa, Time Warp, Delver of Secrets, Thing in the Ice, Pact of Negation, Abrade","Lotus Bloom, Lingering Souls, Cathartic Reunion, Venser, Shaper Savant, Abrupt Decay, Journey to Nowhere, Splinter Twin, Temur Charm, Hero of Bladehold, Wall of Omens, Chandra, Fire of Kaladesh, Manamorphose, Oblivion Ring, Figure of Destiny, Crystal Shard, Isamaru, Hound of Konda, Siege Rhino, Seeker of the Way, Banishing Light"
"18","7","Green","G Ramp","Creatures","19","4","17","3.43","Avacyn's Pilgrim, Thragtusk, Eldritch Evolution, Thrun, the Last Troll, Garruk Wildspeaker, Scavenging Ooze, Deathrite Shaman, Eternal Witness, Verdurous Gearhulk, Wall of Roots, Hornet Queen, Scattered Groves, Murmuring Bosk, Blooming Marsh, Llanowar Elves, Harmonize, Lotus Cobra, Carnage Tyrant, Craterhoof Behemoth, Whisperwood Elemental, Noble Hierarch, Joraga Treespeaker, Primeval Titan, Forest, Forest, Forest, Forest, Forest, Forest, Forest, Forest, Forest, Forest, Forest, Treetop Village, Woodland Cemetery, Birds of Paradise, Tireless Tracker, Dryad Arbor, Birthing Pod","Karn Liberated, Grim Flayer, Sword of Fire and Ice, Biomass Mutation, Hedron Archive, Skysovereign, Consul Flagship, Kitchen Finks, Skullclamp, Hidden Dragonslayer, Kitesail Freebooter, Boon Satyr, Celestial Crusader, Kessig Prowler, Commune with Nature, Glorious Anthem, Kytheon, Hero of Akros"
"18","8","Black/Blue","BU Reanimator","Spells","7","16","17","3.17","Liliana of the Veil, Diabolic Tutor, Fatal Push, Collective Brutality, Duress, Dread Return, Inquisition of Kozilek, Talisman of Dominance, Swamp, Swamp, Swamp, Swamp, Swamp, Swamp, Swamp, Swamp, Swamp, Swamp, Swamp, Swamp, Swamp, Jace, Vryn's Prodigy, Doom Blade, Glen Elendra Archmage, Liliana, Death's Majesty, Drowned Catacomb, Noxious Gearhulk, Island, Island, Zombify, Street Wraith, Looter il-Kor, Sundering Titan, Remand, Ultimate Price, Makeshift Mannequin, Chrome Mox, Phyrexian Arena, Polluted Delta, Grave Titan","Talara's Battalion, Mind Shatter, Aether Spellbomb, Pacifism, Gatekeeper of Malakir, Hypnotic Specter, Razorverge Thicket, Elesh Norn, Grand Cenobite, Condescend, Steel Overseer, Riftwing Cloudskate, Flickerwisp, Logic Knot, Mana Confluence, Dreadbore, Marsh Flats, Kalitas, Traitor of Ghet, Trash for Treasure, Talrand, Sky Summoner, Flooded Strand"
"19","1","Black/Blue/White","BUW Artifacts","Artifacts","7","16","17","4.04","Solemn Simulacrum, Talisman of Progress, Sensei's Divining Top, Gitaxian Probe, Chromatic Sphere, Hedron Archive, Fetid Pools, Icy Manipulator, Aether Spellbomb, Tidehollow Sculler, Swamp, Swamp, Inkmoth Nexus, Verdant Catacombs, Disallow, Emrakul, the Aeons Torn, Inventors' Fair, Gilded Lotus, Noxious Gearhulk, Mindslaver, Island, Island, Island, Island, Island, Island, Plains, Plains, Plains, Street Wraith, Sunken Hollow, Sundering Titan, Unburial Rites, Damnation, Spell Pierce, Urborg, Tomb of Yawgmoth, Inkwell Leviathan, Boomerang, Quicksilver Amulet, Chrome Mox","Avacyn's Pilgrim, Talara's Battalion, Mystic Snake, Abrupt Decay, Shadowmage Infiltrator, Phyrexian Obliterator, Temur Charm, Frost Titan, Archangel of Thune, Vendetta, Zurgo Helmsmasher, Tasigur, the Golden Fang, Mana Tithe, Kessig Prowler, Dragonlord Atarka, Thing in the Ice"
"19","2","Black/Blue","BU Tempo","Spells, Humans","12","11","17","2.70","Dark Confidant, Mulldrifter, Creeping Tar Pit, Snapcaster Mage, Go for the Throat, Duress, Inquisition of Kozilek, Brain Maggot, Talisman of Dominance, Swamp, Swamp, Swamp, Swamp, Swamp, Swamp, Swamp, Swamp, Swamp, Jace, Vryn's Prodigy, Doom Blade, Glen Elendra Archmage, Drowned Catacomb, Kitesail Freebooter, Riftwing Cloudskate, Repeal, Island, Island, Island, Island, Island, Ashiok, Nightmare Weaver, Phantasmal Image, Hostage Taker, Mana Leak, The Scarab God, Ultimate Price, Pact of Negation, Dig Through Time, Watery Grave, Vampire Nighthawk","Cruel Ultimatum, Elspeth, Sun's Champion, Steam Vents, Canyon Slough, Elves of Deep Shadow, Pyrite Spellbomb, Dread Return, Scattered Groves, Tezzeret the Seeker, Rakdos's Return, Terminate, Dragonskull Summit, Godless Shrine, Summoner's Pact, Secure the Wastes, Goblin Dark-Dwellers, Woodland Cemetery, Talrand, Sky Summoner, Vampire Hexmage"
"19","3","Green","G Graveyard","Shamans","14","9","17","3.22","Karn Liberated, Green Sun's Zenith, Eldritch Evolution, Thrun, the Last Troll, Sylvan Caryatid, Garruk Wildspeaker, Scavenging Ooze, Deathrite Shaman, Eternal Witness, Llanowar Wastes, Krosan Grip, Courser of Kruphix, Farseek, Blooming Marsh, Chord of Calling, Oracle of Mul Daya, Harmonize, Lotus Cobra, Overgrown Tomb, Primeval Titan, Forest, Forest, Forest, Forest, Forest, Forest, Forest, Forest, Forest, Forest, Forest, Wurmcoil Engine, Birds of Paradise, Marsh Flats, Temple of Malady, Master of the Wild Hunt, Sakura-Tribe Elder, Tireless Tracker, Dryad Arbor, Birthing Pod","Ponder, Lingering Souls, Leatherback Baloth, Qasali Pridemage, Fatal Push, Knight of the Reliquary, Murmuring Bosk, Skullclamp, Hypnotic Specter, Rancor, Evolving Wilds, Murderous Cut, Sheltered Thicket, Phyrexian Arena, Oust, Dismember"
"19","4","White","W Combo","Artifacts","12","11","17","2.48","Ensoul Artifact, Umezawa's Jitte, Sword of the Meek, Angel of Invention, Myr Enforcer, Smuggler's Copter, Walking Ballista, Skysovereign, Consul Flagship, Swamp, Swamp, Swamp, Swamp, Swamp, Swamp, Arcbound Ravager, Mishra's Bauble, Vault Skirge, Porcelain Legionnaire, Cranial Plating, Etched Champion, Steel Overseer, Ornithopter, Lodestone Golem, Frogmite, Island, Island, Plains, Plains, Plains, Plains, Plains, Plains, Plains, Plains, Plains, Springleaf Drum, Thraben Inspector, Sword of Feast and Famine, Batterskull, Mox Opal","Reclamation Sage, Lotus Bloom, Student of Warfare, Horizon Canopy, Crib Swap, Verdurous Gearhulk, Monastery Mentor, Inspiring Vantage, Simian Spirit Guide, Tarmogoyf, Savannah Lions, Knight of the White Orchid, Leonin Relic-Warder, Whisperwood Elemental, Adanto Vanguard, Thalia, Guardian of Thraben, Disenchant, Celestial Crusader, Arid Mesa, Canopy Vista, Elspeth, Knight-Errant, Honor of the Pure"
"19","5","Blue/White","UW Control","Spells","10","13","17","3.04","Glacial Fortress, Sleight of Hand, Spell Queller, Blade Splicer, Judge's Familiar, Settle the Wreckage, Condemn, Irrigated Farmland, Geist of Saint Traft, Archangel Avacyn, Gideon, Ally of Zendikar, Sower of Temptation, Treasure Cruise, Pacifism, Wall of Omens, Bribery, Opt, Celestial Colonnade, Condescend, Remove Soul, Flickerwisp, Island, Island, Island, Island, Island, Sun Titan, Plains, Plains, Plains, Plains, Plains, Plains, Plains, Plains, Day of Judgment, Path to Exile, Remand, Restoration Angel, Hallowed Fountain","Deceiver Exarch, Hero of Bladehold, Brimaz, King of Oreskos, Renegade Rallier, Selfless Spirit, Lightning Helix, Maelstrom Pulse, Hellspark Elemental, Gideon's Lawkeeper, Lightning Greaves, Figure of Destiny, Isamaru, Hound of Konda, Galvanic Blast, Steelshaper's Gift, Seeker of the Way, Reciprocate, Delver of Secrets, Ajani Vengeant"
"19","6","Black","B Midrange","Spells","11","12","17","3.22","Hero's Downfall, Liliana of the Veil, Twisted Abomination, Cryptbreaker, Collective Brutality, Blackmail, Goryo's Vengeance, Whip of Erebos, Pack Rat, Swamp, Swamp, Swamp, Swamp, Swamp, Swamp, Swamp, Swamp, Swamp, Swamp, Swamp, Swamp, Swamp, Swamp, Swamp, Swamp, Swamp, Liliana, the Last Hope, Gatekeeper of Malakir, Dark Petition, Ravenous Chupacabra, Night's Whisper, Sheoldred, Whispering One, Skinrender, Makeshift Mannequin, Kalitas, Traitor of Ghet, Bloodghast, Thoughtseize, Desecration Demon, Grave Titan, Bitterblossom","Abbot of Keral Keep, Cathartic Reunion, Aurelia, the Warleader, Ingot Chewer, Mind Shatter, Spectral Procession, Smoldering Marsh, Sacred Foundry, Ashen Rider, Kolaghan's Command, Goblin Guide, Blackcleave Cliffs, Kari Zev, Skyship Raider, Mogg Fanatic, Pia and Kiran Nalaar, Razorverge Thicket, Burst Lightning, Ghalta, Primal Hunger, Shrapnel Blast, Dreadbore, Hellrider, Kird Ape"
"19","7","Green/Red/Blue","GRU Value","Artifacts, Spells","9","14","17","3.91","Utopia Sprawl, Misty Rainforest, Kiora, Master of the Depths, Shivan Reef, Stomping Ground, Terramorphic Expanse, Breeding Pool, Phyrexian Metamorph, Fauna Shaman, Chromatic Lantern, Commit // Memory, Rhonas the Indomitable, Coiling Oracle, Sulfur Falls, Beast Within, Unsummon, Pestermite, Elvish Piper, Botanical Sanctum, Manamorphose, Raging Ravine, Rootbound Crag, Izzet Charm, Cryptic Command, Island, Island, Forest, Forest, Forest, Forest, Forest, Ulamog, the Infinite Gyre, Myr Battlesphere, Fertile Ground, Mana Confluence, Commune with Nature, Cyclonic Rift, Time Warp, Blightsteel Colossus, Talisman of Impulse","Goblin Rabblemaster, Concealed Courtyard, Biomass Mutation, Grim Lavamancer, Battlefield Forge, Lightning Axe, Dead // Gone, Earthquake, Loxodon Warhammer, Pyroclasm, Trash for Treasure, Temple of Silence"
"19","8","Red/Blue","RU Spellslinger","Spells, Humans","7","16","17","2.74","Bedlam Reveler, Chart a Course, Electrolyze, Inferno Titan, Venser, Shaper Savant, Chandra, Torch of Defiance, Zealous Conscripts, Rift Bolt, Splinter Twin, Dissolve, Censor, Faithless Looting, Lightning Bolt, Young Pyromancer, Temple of Epiphany, Flame Slash, Ancestral Vision, Kiki-Jiki, Mirror Breaker, Mountain, Mountain, Mountain, Mountain, Mountain, Mountain, Mountain, Mountain, Mountain, Mountain, Mountain, Mountain, Mountain, Shock, Preordain, Island, Scalding Tarn, Jace Beleren, Incinerate, Monastery Swiftspear, Polluted Delta, Tarfire","Thragtusk, Talisman of Indulgence, Blood Crypt, Wooded Foothills, Temple of Triumph, Chandra, Fire of Kaladesh, Temple of Mystery, Isolated Chapel, Craterhoof Behemoth, Bomat Courier, Boon Satyr, Logic Knot, Oblivion Ring, Clifftop Retreat, Cinder Glade, Devil's Play, Hero of Oxid Ridge, City of Brass, Hinterland Harbor"
"20","1","Black/Blue","BU Artifacts","Artifacts, Phyrexians","8","15","17","3.61","Coalition Relic, Solemn Simulacrum, Sleight of Hand, Everflowing Chalice, Karn Liberated, Creeping Tar Pit, Myr Enforcer, Chromatic Sphere, Phyrexian Metamorph, Tezzeret the Seeker, Aether Spellbomb, Talisman of Dominance, Chromatic Lantern, Swamp, Swamp, Swamp, Mishra's Bauble, Vault Skirge, Skullclamp, Inkmoth Nexus, Thopter Foundry, Gilded Lotus, Lodestone Golem, Mindslaver, Island, Island, Island, Island, Island, Island, Island, Island, Island, Island, Plains, Myr Battlesphere, Wurmcoil Engine, Blightsteel Colossus, Chrome Mox, Polluted Delta","Kiora, Master of the Depths, Venser, Shaper Savant, Plow Under, Mind Shatter, Splinter Twin, Monastery Mentor, Jace, Vryn's Prodigy, Temple of Mystery, Unsummon, Botanical Sanctum, Riftwing Cloudskate, Treetop Village, The Scarab God, Spell Pierce, Delver of Secrets, Phyrexian Arena, Hellrider, Thing in the Ice, Vampire Nighthawk"
"20","2","Green","G Ramp","Elves, Creatures","17","6","17","4.26","Reclamation Sage, Ulamog, the Ceaseless Hunger, Green Sun's Zenith, Garruk Wildspeaker, Elves of Deep Shadow, Acidic Slime, Woodfall Primus, Fauna Shaman, Wall of Roots, Hornet Queen, Courser of Kruphix, Farseek, Llanowar Elves, Oracle of Mul Daya, Summoner's Pact, Harmonize, Elvish Piper, Lotus Cobra, Emrakul, the Aeons Torn, Joraga Treespeaker, Primeval Titan, Forest, Forest, Forest, Forest, Forest, Forest, Forest, Forest, Forest, Forest, Forest, Forest, Forest, Forest, Forest, Forest, Ulamog, the Infinite Gyre, Fertile Ground, Dryad Arbor","Talara's Battalion, Abbot of Keral Keep, Aurelia, the Warleader, Eldritch Evolution, Twisted Abomination, Stomping Ground, Abrupt Decay, Horizon Canopy, Verdurous Gearhulk, Krosan Grip, Huntmaster of the Fells, Woodland Bellower, Manamorphose, Hellspark Elemental, Boon Satyr, Sun Titan, Sundering Titan, Unburial Rites, Quicksilver Amulet, Grave Titan, Abrade"
"20","3","Red","R Combo","Artifacts","5","18","17","1.87","Ensoul Artifact, Sword of the Meek, Ratchet Bomb, Sword of Fire and Ice, Faithless Looting, Lightning Bolt, Smuggler's Copter, Swamp, Relic of Progenitus, Cranial Plating, Pia and Kiran Nalaar, Earthquake, Ornithopter, Mountain, Mountain, Mountain, Mountain, Mountain, Mountain, Mountain, Mountain, Mountain, Mountain, Mountain, Mountain, Mountain, Mountain, Bomat Courier, Island, Island, Springleaf Drum, Lightning Greaves, Sword of Feast and Famine, Batterskull, Loxodon Warhammer, Hangarback Walker, Mox Opal, Trash for Treasure, Scarecrone, Chromatic Star","Bedlam Reveler, Qasali Pridemage, Ingot Chewer, Sphinx of the Steel Wind, Biomass Mutation, Grim Lavamancer, Phyrexian Obliterator, Rakdos's Return, Whip of Erebos, Temple of Triumph, Ball Lightning, Mogg Fanatic, Liliana, Death's Majesty, Lightning Axe, Sheoldred, Whispering One, Shock, Gemstone Caverns, Dreadbore, Devil's Play, Arc Trail, Talisman of Impulse, Vampire Hexmage"
"20","4","Black/Green/White","BGW Midrange","Humans","15","8","17","2.65","Utopia Sprawl, Avacyn's Pilgrim, Collected Company, Thragtusk, Sylvan Caryatid, Grim Flayer, Deathrite Shaman, Windswept Heath, Eternal Witness, Llanowar Wastes, Caves of Koilos, Scattered Groves, Murmuring Bosk, Walking Ballista, Kitchen Finks, Swamp, Wooded Foothills, Blooming Marsh, Chord of Calling, Godless Shrine, Beast Within, Disfigure, Isolated Chapel, Hidden Dragonslayer, Kitesail Freebooter, Carnage Tyrant, Overgrown Tomb, Forest, Oblivion Ring, Naturalize, Woodland Cemetery, Marsh Flats, Temple of Malady, Canopy Vista, Master of the Wild Hunt, Siege Rhino, Sakura-Tribe Elder, Tireless Tracker, Temple Garden, Birthing Pod","Chart a Course, Zealous Conscripts, Yavimaya Coast, Geist of Saint Traft, Archangel Avacyn, Young Pyromancer, Frogmite"
"20","5","Black/Red/Blue","BRU Tempo","Spells","3","20","17","3.35","Cruel Ultimatum, Ponder, Liliana of the Veil, Shivan Reef, Steam Vents, Canyon Slough, Collective Brutality, Vendilion Clique, Snapcaster Mage, Fetid Pools, Inquisition of Kozilek, Kolaghan's Command, Swamp, Swamp, Swamp, Swamp, Blackcleave Cliffs, Treasure Cruise, Terminate, Liliana, the Last Hope, Sulfur Falls, Jace, the Mind Sculptor, Night's Whisper, Flame Slash, Izzet Charm, Noxious Gearhulk, Island, Island, Island, Island, Ashiok, Nightmare Weaver, Jace Beleren, Sunken Hollow, Damnation, Remand, Cyclonic Rift, Time Warp, Spirebluff Canal, Dig Through Time, Bloodstained Mire","Leatherback Baloth, Stormchaser Mage, Wrath of God, Temur Charm, Coiling Oracle, Zurgo Helmsmasher, Phyrexian Revoker, Pestermite, Incendiary Flow, Bloodwater Entity, Searing Spear, Glorybringer, Goblin Dark-Dwellers"
"20","6","Black","B Midrange","Spells","13","10","17","2.91","Hero's Downfall, Fatal Push, Cryptbreaker, Dark Confidant, Blackmail, Dread Return, Goryo's Vengeance, Oona's Prowler, Vendetta, Pack Rat, Swamp, Swamp, Swamp, Swamp, Swamp, Swamp, Swamp, Swamp, Swamp, Swamp, Swamp, Swamp, Swamp, Swamp, Swamp, Swamp, Shriekmaw, Hypnotic Specter, Crypt Ghast, Zombify, Skinrender, Heir of Falkenrath, Ultimate Price, Makeshift Mannequin, Urborg, Tomb of Yawgmoth, Kalitas, Traitor of Ghet, Bloodghast, Desecration Demon, Griselbrand, Bitterblossom","Lingering Souls, Terramorphic Expanse, Crib Swap, Settle the Wreckage, Spectral Procession, Shadowmage Infiltrator, Simian Spirit Guide, Ashen Rider, Knight of the Holy Nimbus, Skysovereign, Consul Flagship, Wall of Omens, Dragonskull Summit, Renegade Rallier, Mana Tithe, Elesh Norn, Grand Cenobite, Maelstrom Pulse, Celestial Crusader, Mana Confluence, Kessig Prowler, Dragonlord Atarka, Restoration Angel"
"20","7","Red/White","RW Weenie","Humans, Creatures","17","6","17","2.09","Blade Splicer, Umezawa's Jitte, Goblin Rabblemaster, Inspiring Vantage, Sacred Foundry, Hero of Bladehold, Brimaz, King of Oreskos, Goblin Guide, Gideon, Ally of Zendikar, Pacifism, Savannah Lions, Porcelain Legionnaire, Battlefield Forge, Selfless Spirit, Mikaeus, the Lunarch, Leonin Relic-Warder, Thalia, Guardian of Thraben, Gideon's Lawkeeper, Plains, Plains, Plains, Plains, Plains, Plains, Plains, Plains, Plains, Plains, Plains, Plains, Plains, Thraben Inspector, Figure of Destiny, Isamaru, Hound of Konda, Path to Exile, Clifftop Retreat, Seeker of the Way, Glorious Anthem, Kytheon, Hero of Akros, Elspeth, Knight-Errant","Soul-Scar Mage, Chandra, Torch of Defiance, Angel of Invention, Zurgo Bellstriker, Chandra, Fire of Kaladesh, Raging Ravine, Rancor, Secure the Wastes, Galvanic Blast, Shrapnel Blast, Incinerate, Steelshaper's Gift, Siege-Gang Commander, Char, City of Brass, Banishing Light, Ajani Vengeant, Kird Ape"
"20","8","Blue/White","UW Control","Spells","5","18","17","3.13","Talisman of Progress, Elspeth, Sun's Champion, Spell Queller, Gitaxian Probe, Mulldrifter, Consecrated Sphinx, Negate, Censor, Prairie Stream, Serum Visions, Commit // Memory, Glen Elendra Archmage, Opt, Celestial Colonnade, Disallow, Inventors' Fair, Cryptic Command, Torrential Gearhulk, Remove Soul, Repeal, Island, Island, Island, Island, Island, Island, Island, Island, Island, Island, Island, Logic Knot, Mana Leak, Day of Judgment, Hallowed Fountain, Flooded Strand, Pact of Negation, Shelldock Isle, Search for Azcanta, Vedalken Shackles","Lotus Bloom, Cathartic Reunion, Mystic Snake, Journey to Nowhere, Hedron Archive, Condemn, Deceiver Exarch, Frost Titan, Temple of Epiphany, Etched Champion, Dead // Gone, Inkwell Leviathan, Boomerang, Talrand, Sky Summoner, Oust, Hinterland Harbor"
"21","1","Black","B Midrange","Spells","12","11","17","4.96","Hero's Downfall, Liliana of the Veil, Ulamog, the Ceaseless Hunger, Twisted Abomination, Cryptbreaker, Collective Brutality, Dread Return, Phyrexian Obliterator, Ashen Rider, Whip of Erebos, Pack Rat, Swamp, Swamp, Swamp, Swamp, Swamp, Swamp, Swamp, Swamp, Swamp, Swamp, Swamp, Swamp, Swamp, Swamp, Swamp, Liliana, the Last Hope, Dark Petition, Crypt Ghast, Evolving Wilds, Zombify, Plains, Myr Battlesphere, Sundering Titan, Unburial Rites, Makeshift Mannequin, Blightsteel Colossus, Thoughtseize, Grave Titan, Griselbrand","Leatherback Baloth, Abrupt Decay, Sphinx of the Steel Wind, Verdurous Gearhulk, Hornet Queen, Brain Maggot, Gatekeeper of Malakir, Selfless Spirit, Botanical Sanctum, Emrakul, the Aeons Torn, Elesh Norn, Grand Cenobite, Ghalta, Primal Hunger, Ulamog, the Infinite Gyre, Skinrender, Cinder Glade, Quicksilver Amulet, Kalitas, Traitor of Ghet, Chrome Mox, Phyrexian Arena, Polluted Delta, Scarecrone"
"21","2","Black/Blue","BU Tempo","Spells","10","13","17","2.91","Fatal Push, Blackmail, Negate, Inquisition of Kozilek, Censor, Shadowmage Infiltrator, Talisman of Dominance, Swamp, Swamp, Swamp, Swamp, Swamp, Swamp, Swamp, Swamp, Swamp, Swamp, Swamp, Swamp, Jace, Vryn's Prodigy, Shriekmaw, Disfigure, Liliana, Death's Majesty, Massacre Wurm, Noxious Gearhulk, Island, Island, Island, Ashiok, Nightmare Weaver, Phantasmal Image, The Scarab God, Jace Beleren, Sunken Hollow, Damnation, Cyclonic Rift, Desecration Demon, Shelldock Isle, Bitterblossom, Vampire Hexmage, Vampire Nighthawk","Cruel Ultimatum, Spell Queller, Judge's Familiar, Concealed Courtyard, Biomass Mutation, Hedron Archive, Yavimaya Coast, Tidehollow Sculler, Gideon, Ally of Zendikar, Blooming Marsh, Unsummon, Thalia, Guardian of Thraben, Repeal, Crystal Shard, Kessig Prowler, Temple of Malady, Siege Rhino, Temple of Silence, Bloodghast, Talrand, Sky Summoner"
"21","3","Green","G Ramp","Creatures","18","5","17","2.91","Utopia Sprawl, Reclamation Sage, Avacyn's Pilgrim, Misty Rainforest, Green Sun's Zenith, Thragtusk, Sylvan Caryatid, Garruk Wildspeaker, Elves of Deep Shadow, Acidic Slime, Horizon Canopy, Windswept Heath, Eternal Witness, Llanowar Wastes, Fauna Shaman, Scattered Groves, Farseek, Verdant Catacombs, Elvish Piper, Carnage Tyrant, Whisperwood Elemental, Razorverge Thicket, Overgrown Tomb, Noble Hierarch, Joraga Treespeaker, Primeval Titan, Forest, Forest, Forest, Forest, Forest, Treetop Village, Woodland Cemetery, Fertile Ground, Wurmcoil Engine, Birds of Paradise, Sakura-Tribe Elder, Tireless Tracker, Dryad Arbor, Temple Garden","Coalition Relic, Terramorphic Expanse, Knight of the Reliquary, Chromatic Lantern, Kitchen Finks, Maelstrom Pulse, Boon Satyr, Flickerwisp, Batterskull, Urborg, Tomb of Yawgmoth"
"21","4","Red/Blue/White","RUW Combo Control","Spells, Humans","10","13","17","2.61","Ponder, Chart a Course, Sleight of Hand, Electrolyze, Abbot of Keral Keep, Gitaxian Probe, Vendilion Clique, Mulldrifter, Rift Bolt, Stormchaser Mage, Monastery Mentor, Geist of Saint Traft, Treasure Cruise, Young Pyromancer, Wooded Foothills, Battlefield Forge, Lightning Axe, Mountain, Mountain, Mountain, Preordain, Island, Island, Island, Island, Island, Island, Island, Island, Island, Scalding Tarn, Galvanic Blast, Path to Exile, Clifftop Retreat, Monastery Swiftspear, Time Warp, Seeker of the Way, Delver of Secrets, Hallowed Fountain, Dig Through Time","Student of Warfare, Aurelia, the Warleader, Ingot Chewer, Plow Under, Crib Swap, Renegade Rallier, Knight of the White Orchid, Disallow, Leonin Relic-Warder, Adanto Vanguard, Disenchant, Lightning Greaves, Commune with Nature, Steelshaper's Gift, Kytheon, Hero of Akros, Pyroclasm, Oust"
"21","5","Red/Blue","RU Spellslinger","Spells","8","15","17","3.26","Cathartic Reunion, Venser, Shaper Savant, Shivan Reef, Chandra, Torch of Defiance, Steam Vents, Splinter Twin, Deceiver Exarch, Faithless Looting, Commit // Memory, Temple of Epiphany, Pestermite, Pia and Kiran Nalaar, Bloodwater Entity, Condescend, Earthquake, Izzet Charm, Kiki-Jiki, Mirror Breaker, Cryptic Command, Mountain, Mountain, Mountain, Mountain, Mountain, Mountain, Mountain, Mountain, Mountain, Searing Spear, Burst Lightning, Riftwing Cloudskate, Island, Island, Island, Goblin Dark-Dwellers, Through the Breach, Arid Mesa, Mana Leak, Remand, Abrade, Bloodstained Mire","Talara's Battalion, Collected Company, Sensei's Divining Top, Wall of Roots, Walking Ballista, Woodland Bellower, Temple of Triumph, Chandra, Fire of Kaladesh, Temple of Mystery, Raging Ravine, Secure the Wastes, Dragonlord Atarka, Inkwell Leviathan, Master of the Wild Hunt, Trash for Treasure, City of Brass, Talisman of Impulse"
"21","6","Blue/White","UW Control","Spells","5","18","17","2.96","Talisman of Progress, Glacial Fortress, Elspeth, Sun's Champion, Settle the Wreckage, Snapcaster Mage, Dissolve, Consecrated Sphinx, Wrath of God, Condemn, Irrigated Farmland, Serum Visions, Pacifism, Wall of Omens, Bribery, Opt, Jace, the Mind Sculptor, Celestial Colonnade, Mana Tithe, Torrential Gearhulk, Island, Island, Island, Island, Island, Island, Logic Knot, Plains, Plains, Plains, Plains, Plains, Plains, Plains, Day of Judgment, Boomerang, Restoration Angel, Elspeth, Knight-Errant, Flooded Strand, Pact of Negation, Search for Azcanta","Lingering Souls, Qasali Pridemage, Blade Splicer, Creeping Tar Pit, Sword of Fire and Ice, Caves of Koilos, Archangel of Thune, Sower of Temptation, Savannah Lions, Beast Within, Isolated Chapel, Harmonize, Mikaeus, the Lunarch, Sun Titan, Naturalize, Gemstone Caverns, Hostage Taker, Legion's Landing"
"21","7","Red","R Combo","Artifacts","14","9","17","2.13","Master of Etherium, Ratchet Bomb, Pyrite Spellbomb, Myr Enforcer, Phyrexian Metamorph, Sacred Foundry, Smuggler's Copter, Swamp, Swamp, Arcbound Ravager, Mishra's Bauble, Vault Skirge, Skullclamp, Porcelain Legionnaire, Inkmoth Nexus, Relic of Progenitus, Phyrexian Revoker, Etched Champion, Inventors' Fair, Steel Overseer, Ornithopter, Mountain, Mountain, Mountain, Mountain, Mountain, Mountain, Lodestone Golem, Bomat Courier, Frogmite, Island, Island, Island, Island, Island, Plains, Shrapnel Blast, Hangarback Walker, Mox Opal, Vedalken Shackles","Lotus Bloom, Everflowing Chalice, Eldritch Evolution, Bloodbraid Elf, Archangel Avacyn, Brimaz, King of Oreskos, Knight of the Holy Nimbus, Mantis Rider, Rhonas the Indomitable, Ball Lightning, Lightning Helix, Gilded Lotus, Banisher Priest, Celestial Crusader, Gideon's Lawkeeper, Street Wraith, Figure of Destiny, Isamaru, Hound of Konda, Hellrider"
"21","8","Black/Red","BR Aristocrats","Spells, Humans","11","12","17","2.48","Soul-Scar Mage, Bedlam Reveler, Umezawa's Jitte, Canyon Slough, Dark Confidant, Grim Flayer, Go for the Throat, Grim Lavamancer, Smoldering Marsh, Blood Crypt, Lightning Bolt, Rakdos's Return, Swamp, Swamp, Swamp, Blackcleave Cliffs, Terminate, Dragonskull Summit, Kari Zev, Skyship Raider, Mogg Fanatic, Kitesail Freebooter, Incendiary Flow, Rootbound Crag, Mountain, Mountain, Mountain, Mountain, Mountain, Mountain, Hellspark Elemental, Forest, Glorybringer, Murderous Cut, Incinerate, Sheltered Thicket, Siege-Gang Commander, Char, Devil's Play, Tarfire, Dismember","Inferno Titan, Thrun, the Last Troll, Mystic Snake, Deathrite Shaman, Mind Shatter, Icy Manipulator, Murmuring Bosk, Simian Spirit Guide, Huntmaster of the Fells, Hypnotic Specter, Rancor, Mana Confluence, Canopy Vista, Ajani Vengeant, Kird Ape"
"22","1","White","W Weenie","Artifacts, Humans","12","11","17","2.30","Ensoul Artifact, Umezawa's Jitte, Angel of Invention, Sword of Fire and Ice, Stoneforge Mystic, Brimaz, King of Oreskos, Knight of the Holy Nimbus, Swamp, Arcbound Ravager, Skullclamp, Selfless Spirit, Knight of the White Orchid, Mikaeus, the Lunarch, Steel Overseer, Ornithopter, Disenchant, Frogmite, Island, Gideon's Lawkeeper, Plains, Plains, Plains, Plains, Plains, Plains, Plains, Plains, Plains, Plains, Plains, Plains, Plains, Plains, Plains, Oblivion Ring, Batterskull, Loxodon Warhammer, Mox Opal, Banishing Light, Dismember","Solemn Simulacrum, Talisman of Progress, Spell Queller, Dark Confidant, Mind Shatter, Windswept Heath, Settle the Wreckage, Verdurous Gearhulk, Condemn, Goryo's Vengeance, Archangel Avacyn, Chromatic Lantern, Massacre Wurm, Razorverge Thicket, Crypt Ghast, Flickerwisp, Sun Titan, Gemstone Caverns, Damnation, Boomerang, Reciprocate, Hellrider"
"22","2","Green","G Ramp","Creatures","19","4","17","4.22","Avacyn's Pilgrim, Misty Rainforest, Ulamog, the Ceaseless Hunger, Thragtusk, Sylvan Caryatid, Garruk Wildspeaker, Breeding Pool, Horizon Canopy, Woodfall Primus, Eternal Witness, Wall of Roots, Hornet Queen, Scattered Groves, Farseek, Woodland Bellower, Chord of Calling, Llanowar Elves, Oracle of Mul Daya, Temple of Mystery, Lotus Cobra, Craterhoof Behemoth, Whisperwood Elemental, Noble Hierarch, Primeval Titan, Forest, Forest, Forest, Forest, Forest, Forest, Forest, Forest, Treetop Village, Ulamog, the Infinite Gyre, Fertile Ground, Birds of Paradise, Tireless Tracker, Dryad Arbor, Temple Garden, Hinterland Harbor","Talara's Battalion, Dread Return, Fauna Shaman, Knight of the Reliquary, Rhonas the Indomitable, Isolated Chapel, Rootbound Crag, Gilded Lotus, Sundering Titan, Commune with Nature, Inkwell Leviathan, Master of the Wild Hunt, Quicksilver Amulet"
"22","3","Red","R Burn","Spells, Humans","13","10","17","2.22","Soul-Scar Mage, Abbot of Keral Keep, Chandra, Torch of Defiance, Goblin Rabblemaster, Pyrite Spellbomb, Hazoret the Fervent, Grim Lavamancer, Faithless Looting, Simian Spirit Guide, Sacred Foundry, Goblin Guide, Battlefield Forge, Temple of Triumph, Kari Zev, Skyship Raider, Lightning Helix, Mountain, Mountain, Mountain, Mountain, Mountain, Mountain, Mountain, Mountain, Mountain, Mountain, Mountain, Mountain, Mountain, Shock, Searing Spear, Goblin Dark-Dwellers, Plains, Figure of Destiny, Galvanic Blast, Monastery Swiftspear, Siege-Gang Commander, Char, Tarfire, Hero of Oxid Ridge, Abrade","Leatherback Baloth, Aurelia, the Warleader, Gitaxian Probe, Scavenging Ooze, Canyon Slough, Duress, Smoldering Marsh, Vendetta, Rakdos's Return, Zurgo Helmsmasher, Thopter Foundry, Elesh Norn, Grand Cenobite, Woodland Cemetery, Kessig Prowler, Shrapnel Blast, Heir of Falkenrath, Cinder Glade, Temple of Silence, Hallowed Fountain"
"22","4","Red/Blue","RU Combo Control","Spells","11","12","17","3.96","Ponder, Glacial Fortress, Chart a Course, Sleight of Hand, Inferno Titan, Venser, Shaper Savant, Terramorphic Expanse, Vendilion Clique, Splinter Twin, Dissolve, Deceiver Exarch, Frost Titan, Serum Visions, Commit // Memory, Wooded Foothills, Dead // Gone, Celestial Colonnade, Emrakul, the Aeons Torn, Earthquake, Kiki-Jiki, Mirror Breaker, Mountain, Mountain, Torrential Gearhulk, Island, Island, Island, Island, Island, Island, Island, Logic Knot, Phantasmal Image, Through the Breach, Remand, Clifftop Retreat, Restoration Angel, Spirebluff Canal, Delver of Secrets, Polluted Delta, Flooded Strand","Karn Liberated, Wrath of God, Temur Charm, Renegade Rallier, Sphinx's Revelation, Dark Petition, Pia and Kiran Nalaar, Rancor, Hellspark Elemental, Sheltered Thicket, Trash for Treasure, Griselbrand, Birthing Pod, Ajani Vengeant"
"22","5","Black/Red/Blue","BRU Tempo","Spells","9","14","17","3.22","Cruel Ultimatum, Hero's Downfall, Electrolyze, Liliana of the Veil, Shivan Reef, Sensei's Divining Top, Steam Vents, Mulldrifter, Creeping Tar Pit, Blackmail, Fetid Pools, Brain Maggot, Blood Crypt, Kolaghan's Command, Talisman of Dominance, Swamp, Swamp, Swamp, Swamp, Swamp, Doom Blade, Blackcleave Cliffs, Glen Elendra Archmage, Young Pyromancer, Dragonskull Summit, Ravenous Chupacabra, Night's Whisper, Drowned Catacomb, Remove Soul, Island, Hostage Taker, The Scarab God, Sunken Hollow, Ultimate Price, Incinerate, Time Warp, Desecration Demon, Grave Titan, Bloodstained Mire, Watery Grave","Bedlam Reveler, Everflowing Chalice, Cathartic Reunion, Cryptbreaker, Rift Bolt, Prairie Stream, Whip of Erebos, Gatekeeper of Malakir, Botanical Sanctum, Sheoldred, Whispering One, Canopy Vista"
"22","6","Black/Green","BG Graveyard","Spells, Shamans","11","12","17","2.52","Reclamation Sage, Diabolic Tutor, Abrupt Decay, Elves of Deep Shadow, Grim Flayer, Collective Brutality, Deathrite Shaman, Llanowar Wastes, Inquisition of Kozilek, Phyrexian Obliterator, Tarmogoyf, Pack Rat, Swamp, Swamp, Swamp, Swamp, Swamp, Swamp, Swamp, Swamp, Swamp, Mishra's Bauble, Verdant Catacombs, Hypnotic Specter, Beast Within, Tasigur, the Golden Fang, Maelstrom Pulse, Overgrown Tomb, Forest, Forest, Forest, Forest, Murderous Cut, Makeshift Mannequin, Urborg, Tomb of Yawgmoth, Bloodghast, Thoughtseize, Phyrexian Arena, Bitterblossom, Vampire Hexmage","Stomping Ground, Chromatic Sphere, Ashen Rider, Tidehollow Sculler, Huntmaster of the Fells, Treasure Cruise, Coiling Oracle, Cranial Plating, Izzet Charm, Boon Satyr, Ghalta, Primal Hunger, Jace Beleren, Mana Confluence, Spell Pierce, Dreadbore, Dragonlord Atarka, Talisman of Impulse, Scarecrone"
"22","7","White","W Weenie","Enchantments, Humans","12","11","17","2.09","Student of Warfare, Judge's Familiar, Journey to Nowhere, Irrigated Farmland, Hero of Bladehold, Smuggler's Copter, Archangel of Thune, Pacifism, Savannah Lions, Leonin Relic-Warder, Adanto Vanguard, Mana Tithe, Thalia, Guardian of Thraben, Celestial Crusader, Plains, Plains, Plains, Plains, Plains, Plains, Plains, Plains, Plains, Plains, Plains, Plains, Plains, Plains, Plains, Thraben Inspector, Isamaru, Hound of Konda, Path to Exile, Marsh Flats, Seeker of the Way, Glorious Anthem, Elspeth, Knight-Errant, Honor of the Pure, Oust, Legion's Landing, Spear of Heliod","Qasali Pridemage, Twisted Abomination, Myr Enforcer, Monastery Mentor, Kitchen Finks, Wall of Omens, Liliana, the Last Hope, Godless Shrine, Phyrexian Revoker, Harmonize, Hidden Dragonslayer, Kitesail Freebooter, Carnage Tyrant, Incendiary Flow, Riftwing Cloudskate, Street Wraith, Day of Judgment, Talrand, Sky Summoner, Kird Ape, Chromatic Star"
"22","8","Blue","U Artifacts","Artifacts","7","16","17","3.61","Lotus Bloom, Master of Etherium, Ratchet Bomb, Snapcaster Mage, Hedron Archive, Phyrexian Metamorph, Icy Manipulator, Tezzeret the Seeker, Skysovereign, Consul Flagship, Jace, the Mind Sculptor, Disallow, Inventors' Fair, Ancestral Vision, Lodestone Golem, Mindslaver, Island, Island, Island, Island, Island, Island, Island, Island, Island, Island, Island, Island, Island, Island, Island, Springleaf Drum, Myr Battlesphere, Mana Leak, Crystal Shard, Sword of Feast and Famine, Wurmcoil Engine, Blightsteel Colossus, Chrome Mox, Shelldock Isle, Vedalken Shackles","Utopia Sprawl, Collected Company, Mystic Snake, Sphinx of the Steel Wind, Biomass Mutation, Consecrated Sphinx, Negate, Censor, Courser of Kruphix, Sower of Temptation, Jace, Vryn's Prodigy, Vault Skirge, Sulfur Falls, Opt, Disfigure, Cyclonic Rift, Temple of Malady, Pact of Negation, Search for Azcanta, Dig Through Time"
"23","1","Colorless","Combo","Artifacts, Constructs","11","12","17","3.22","Coalition Relic, Solemn Simulacrum, Everflowing Chalice, Sword of the Meek, Llanowar Wastes, Hedron Archive, Phyrexian Metamorph, Yavimaya Coast, Walking Ballista, Skysovereign, Consul Flagship, Swamp, Swamp, Mishra's Bauble, Skullclamp, Etched Champion, Thopter Foundry, Inventors' Fair, Steel Overseer, Lodestone Golem, Mindslaver, Frogmite, Island, Island, Island, Island, Island, Island, Island, Forest, Forest, Plains, Plains, Plains, Myr Battlesphere, Wurmcoil Engine, Hangarback Walker, Blightsteel Colossus, Chrome Mox, Birthing Pod, Chromatic Star","Eldritch Evolution, Twisted Abomination, Fatal Push, Sphinx of the Steel Wind, Talisman of Indulgence, Umezawa's Jitte, Verdurous Gearhulk, Shadowmage Infiltrator, Phyrexian Obliterator, Chromatic Lantern, Wooded Foothills, Llanowar Elves, Relic of Progenitus, Elvish Piper, Treetop Village, Ulamog, the Infinite Gyre, Skinrender, Makeshift Mannequin, Master of the Wild Hunt"
"23","2","Black/Blue","BU Tempo","Spells","4","19","17","3.39","Hero's Downfall, Misty Rainforest, Liliana of the Veil, Gitaxian Probe, Creeping Tar Pit, Consecrated Sphinx, Fetid Pools, Talisman of Dominance, Swamp, Swamp, Swamp, Swamp, Swamp, Commit // Memory, Treasure Cruise, Liliana, the Last Hope, Inkmoth Nexus, Opt, Liliana, Death's Majesty, Kitesail Freebooter, Condescend, Preordain, Island, Island, Island, Island, Logic Knot, Murderous Cut, Hostage Taker, Jace Beleren, Sunken Hollow, Damnation, Spell Pierce, Remand, Ultimate Price, Marsh Flats, Urborg, Tomb of Yawgmoth, Thoughtseize, Griselbrand, Watery Grave","Cruel Ultimatum, Mantis Rider, Sulfur Falls, Zurgo Helmsmasher, Hidden Dragonslayer, Elesh Norn, Grand Cenobite, Kiki-Jiki, Mirror Breaker, Disenchant, Looter il-Kor, Mana Confluence, Unburial Rites, Heir of Falkenrath, Temple of Silence, Bloodghast"
"23","3","Blue/White","UW Control","Spells","9","14","17","2.96","Ponder, Glacial Fortress, Venser, Shaper Savant, Spell Queller, Terramorphic Expanse, Vendilion Clique, Mulldrifter, Crib Swap, Settle the Wreckage, Snapcaster Mage, Dissolve, Condemn, Irrigated Farmland, Geist of Saint Traft, Pacifism, Sphinx's Revelation, Jace, the Mind Sculptor, Celestial Colonnade, Torrential Gearhulk, Evolving Wilds, Remove Soul, Island, Island, Island, Island, Island, Island, Island, Island, Plains, Plains, Plains, Plains, Phantasmal Image, Day of Judgment, Time Warp, Boomerang, Oust, Banishing Light, Thing in the Ice","Ensoul Artifact, Diabolic Tutor, Horizon Canopy, Sword of Fire and Ice, Caves of Koilos, Fauna Shaman, Knight of the Reliquary, Scattered Groves, Sacred Foundry, Battlefield Forge, Selfless Spirit, Drowned Catacomb, Leonin Relic-Warder, Earthquake, Canopy Vista, Kytheon, Hero of Akros, Reciprocate"
"23","4","White","W Weenie","Humans, Creatures","16","7","17","2.48","Blade Splicer, Judge's Familiar, Angel of Invention, Stoneforge Mystic, Spectral Procession, Brimaz, King of Oreskos, Knight of the Holy Nimbus, Gideon, Ally of Zendikar, Savannah Lions, Porcelain Legionnaire, Knight of the White Orchid, Mikaeus, the Lunarch, Adanto Vanguard, Celestial Crusader, Flickerwisp, Gideon's Lawkeeper, Plains, Plains, Plains, Plains, Plains, Plains, Plains, Plains, Plains, Plains, Plains, Plains, Plains, Plains, Plains, Plains, Plains, Figure of Destiny, Isamaru, Hound of Konda, Batterskull, Path to Exile, Glorious Anthem, Honor of the Pure, Legion's Landing","Avacyn's Pilgrim, Qasali Pridemage, Blackmail, Tidehollow Sculler, Kitchen Finks, Doom Blade, Wall of Omens, Godless Shrine, Cranial Plating, Isolated Chapel, Night's Whisper, Ornithopter, Crypt Ghast, Oblivion Ring, Woodland Cemetery, Steelshaper's Gift, Restoration Angel, Siege Rhino, Seeker of the Way, Trash for Treasure, Dismember, Vampire Nighthawk"
"23","5","Red/Blue","RU Spellslinger","Spells","7","16","17","2.57","Bedlam Reveler, Sleight of Hand, Electrolyze, Shivan Reef, Chandra, Torch of Defiance, Steam Vents, Zealous Conscripts, Splinter Twin, Censor, Deceiver Exarch, Serum Visions, Temple of Epiphany, Unsummon, Pestermite, Disallow, Manamorphose, Raging Ravine, Bloodwater Entity, Mountain, Mountain, Mountain, Mountain, Shock, Island, Island, Island, Island, Island, Scalding Tarn, Cyclonic Rift, Cinder Glade, Pyroclasm, Char, Talrand, Sky Summoner, Spirebluff Canal, Delver of Secrets, Devil's Play, Pact of Negation, Shelldock Isle, Abrade","Lotus Bloom, Talara's Battalion, Master of Etherium, Ratchet Bomb, Pyrite Spellbomb, Chromatic Sphere, Icy Manipulator, Tezzeret the Seeker, Oona's Prowler, Rakdos's Return, Goblin Dark-Dwellers, Gemstone Caverns, Crystal Shard, Sundering Titan"
"23","6","Green/Blue","GU Ramp","Creatures","17","6","17","3.61","Utopia Sprawl, Reclamation Sage, Kiora, Master of the Depths, Thragtusk, Breeding Pool, Acidic Slime, Windswept Heath, Hornet Queen, Courser of Kruphix, Farseek, Jace, Vryn's Prodigy, Rhonas the Indomitable, Glen Elendra Archmage, Coiling Oracle, Bribery, Beast Within, Temple of Mystery, Botanical Sanctum, Carnage Tyrant, Craterhoof Behemoth, Noble Hierarch, Riftwing Cloudskate, Primeval Titan, Island, Forest, Forest, Forest, Forest, Forest, Forest, Forest, Forest, Mana Leak, Birds of Paradise, Sakura-Tribe Elder, Tireless Tracker, Dryad Arbor, Hallowed Fountain, Temple Garden, Hinterland Harbor","Collective Brutality, Biomass Mutation, Krosan Grip, Frost Titan, Hypnotic Specter, Gilded Lotus, Noxious Gearhulk, Boon Satyr, Sun Titan, Naturalize, Through the Breach, The Scarab God, Lightning Greaves, Quicksilver Amulet"
"23","7","Black/Green/Red","BGR Midrange","Creatures","19","4","17","2.96","Inferno Titan, Thrun, the Last Troll, Sylvan Caryatid, Stomping Ground, Abrupt Decay, Scavenging Ooze, Canyon Slough, Grim Flayer, Deathrite Shaman, Go for the Throat, Smoldering Marsh, Inquisition of Kozilek, Wall of Roots, Brain Maggot, Blood Crypt, Tarmogoyf, Pack Rat, Swamp, Swamp, Swamp, Huntmaster of the Fells, Blooming Marsh, Verdant Catacombs, Oracle of Mul Daya, Ravenous Chupacabra, Whisperwood Elemental, Rootbound Crag, Maelstrom Pulse, Joraga Treespeaker, Forest, Forest, Forest, Forest, Glorybringer, Kessig Prowler, Dragonlord Atarka, Sheltered Thicket, Temple of Malady, Kalitas, Traitor of Ghet, Bloodstained Mire","Abbot of Keral Keep, Ulamog, the Ceaseless Hunger, Cryptbreaker, Plow Under, Wrath of God, Dread Return, Murmuring Bosk, Chord of Calling, Dark Petition, Harmonize, Pia and Kiran Nalaar, City of Brass"
"23","8","Red","R Burn","Spells, Humans","14","9","17","2.17","Soul-Scar Mage, Goblin Rabblemaster, Rift Bolt, Grim Lavamancer, Faithless Looting, Lightning Bolt, Simian Spirit Guide, Zurgo Bellstriker, Smuggler's Copter, Goblin Guide, Young Pyromancer, Chandra, Fire of Kaladesh, Ball Lightning, Kari Zev, Skyship Raider, Mogg Fanatic, Lightning Axe, Dead // Gone, Mountain, Mountain, Mountain, Mountain, Mountain, Mountain, Mountain, Mountain, Mountain, Mountain, Mountain, Mountain, Mountain, Mountain, Mountain, Mountain, Mountain, Burst Lightning, Galvanic Blast, Incinerate, Siege-Gang Commander, Hellrider, Hero of Oxid Ridge","Chart a Course, Journey to Nowhere, Stormchaser Mage, Duress, Monastery Mentor, Goryo's Vengeance, Vendetta, Sower of Temptation, Blackcleave Cliffs, Terminate, Arcbound Ravager, Gatekeeper of Malakir, Temple of Triumph, Shriekmaw, Lightning Helix, Emrakul, the Aeons Torn, Secure the Wastes, Arid Mesa, Shrapnel Blast, Dreadbore, Polluted Delta, Bitterblossom"
"24","1","Blue/White","UW Control","Spells","8","15","17","3.30","Elspeth, Sun's Champion, Spell Queller, Sensei's Divining Top, Terramorphic Expanse, Vendilion Clique, Windswept Heath, Consecrated Sphinx, Wrath of God, Condemn, Censor, Geist of Saint Traft, Prairie Stream, Commit // Memory, Jace, Vryn's Prodigy, Treasure Cruise, Glen Elendra Archmage, Sphinx's Revelation, Celestial Colonnade, Ancestral Vision, Repeal, Island, Island, Island, Island, Island, Island, Island, Island, Logic Knot, Plains, Plains, Plains, Plains, Jace Beleren, Cyclonic Rift, Restoration Angel, Hallowed Fountain, Banishing Light, Thing in the Ice, Vedalken Shackles","Talara's Battalion, Kiora, Master of the Depths, Shivan Reef, Chromatic Sphere, Chromatic Lantern, Coiling Oracle, Hidden Dragonslayer, Razorverge Thicket, Celestial Crusader, Sun Titan, Treetop Village, Gemstone Caverns, Steelshaper's Gift, Seeker of the Way, Glorious Anthem, Char, Phyrexian Arena"
"24","2","Black/Red","BR Aristocrats","Spells","8","15","17","3.22","Liliana of the Veil, Twisted Abomination, Cryptbreaker, Talisman of Indulgence, Smoldering Marsh, Inquisition of Kozilek, Goryo's Vengeance, Blood Crypt, Kolaghan's Command, Oona's Prowler, Rakdos's Return, Whip of Erebos, Pack Rat, Swamp, Swamp, Swamp, Swamp, Swamp, Swamp, Swamp, Swamp, Swamp, Swamp, Swamp, Swamp, Doom Blade, Terminate, Dragonskull Summit, Liliana, the Last Hope, Disfigure, Night's Whisper, Sheoldred, Whispering One, Massacre Wurm, Mountain, Mountain, Murderous Cut, Dreadbore, Grave Titan, Griselbrand, Abrade","Cruel Ultimatum, Ingot Chewer, Stomping Ground, Zealous Conscripts, Renegade Rallier, Dark Petition, Pia and Kiran Nalaar, Flame Slash, Rootbound Crag, Elesh Norn, Grand Cenobite, Woodland Cemetery, Hangarback Walker, Cinder Glade, Bloodghast, Dryad Arbor, Desecration Demon, Arc Trail, Dismember, Vampire Nighthawk"
"24","3","Red/Blue","RU Spellslinger","Spells, Wizards","9","14","17","2.30","Chart a Course, Electrolyze, Stormchaser Mage, Negate, Grim Lavamancer, Deceiver Exarch, Sower of Temptation, Sulfur Falls, Bribery, Temple of Epiphany, Lightning Axe, Pestermite, Manamorphose, Incendiary Flow, Izzet Charm, Kiki-Jiki, Mirror Breaker, Mountain, Mountain, Mountain, Mountain, Mountain, Shock, Remove Soul, Island, Island, Island, Island, Island, Island, Island, Island, Island, Looter il-Kor, Remand, Incinerate, Pyroclasm, Talrand, Sky Summoner, Spirebluff Canal, Delver of Secrets, Pact of Negation","Leatherback Baloth, Grim Flayer, Crib Swap, Settle the Wreckage, Knight of the Reliquary, Simian Spirit Guide, Zurgo Bellstriker, Mantis Rider, Chandra, Fire of Kaladesh, Ball Lightning, Mogg Fanatic, Bomat Courier, Glorybringer, Street Wraith, Phantasmal Image, Through the Breach, Sunken Hollow, Shrapnel Blast, Devil's Play"
"24","4","Green","G Ramp","Creatures","18","5","17","3.35","Utopia Sprawl, Reclamation Sage, Misty Rainforest, Green Sun's Zenith, Sylvan Caryatid, Garruk Wildspeaker, Elves of Deep Shadow, Acidic Slime, Plow Under, Woodfall Primus, Eternal Witness, Llanowar Wastes, Wall of Roots, Hornet Queen, Courser of Kruphix, Wooded Foothills, Inkmoth Nexus, Verdant Catacombs, Llanowar Elves, Oracle of Mul Daya, Lotus Cobra, Carnage Tyrant, Craterhoof Behemoth, Whisperwood Elemental, Inventors' Fair, Joraga Treespeaker, Forest, Forest, Forest, Forest, Forest, Forest, Forest, Forest, Forest, Forest, Forest, Fertile Ground, Birds of Paradise, Sakura-Tribe Elder","Lotus Bloom, Karn Liberated, Scavenging Ooze, Deathrite Shaman, Biomass Mutation, Scattered Groves, Murmuring Bosk, Summoner's Pact, Emrakul, the Aeons Torn, Ulamog, the Infinite Gyre, Myr Battlesphere, Commune with Nature, Sheltered Thicket, Time Warp, Master of the Wild Hunt, Quicksilver Amulet"
"24","5","Black/White","BW Aristocrats","Humans","15","8","17","2.30","Lingering Souls, Student of Warfare, Dark Confidant, Angel of Invention, Journey to Nowhere, Concealed Courtyard, Duress, Caves of Koilos, Stoneforge Mystic, Brimaz, King of Oreskos, Archangel of Thune, Tidehollow Sculler, Swamp, Skullclamp, Shriekmaw, Selfless Spirit, Godless Shrine, Knight of the White Orchid, Isolated Chapel, Mikaeus, the Lunarch, Kitesail Freebooter, Mana Tithe, Thalia, Guardian of Thraben, Secure the Wastes, Flickerwisp, Gideon's Lawkeeper, Plains, Plains, Plains, Plains, Plains, Plains, Plains, Plains, Plains, Plains, Ultimate Price, Marsh Flats, Temple of Silence, Elspeth, Knight-Errant","Avacyn's Pilgrim, Abrupt Decay, Judge's Familiar, Blackmail, Spectral Procession, Walking Ballista, Knight of the Holy Nimbus, Kitchen Finks, Huntmaster of the Fells, Wall of Omens, Hypnotic Specter, Beast Within, Unburial Rites, Makeshift Mannequin, Reciprocate, Birthing Pod"
"24","6","Red/White","RW Aggro","Humans","13","10","17","2.09","Blade Splicer, Umezawa's Jitte, Goblin Rabblemaster, Rift Bolt, Hazoret the Fervent, Monastery Mentor, Sacred Foundry, Hero of Bladehold, Smuggler's Copter, Goblin Guide, Gideon, Ally of Zendikar, Young Pyromancer, Savannah Lions, Battlefield Forge, Temple of Triumph, Lightning Helix, Adanto Vanguard, Mountain, Mountain, Mountain, Mountain, Burst Lightning, Plains, Plains, Plains, Plains, Plains, Plains, Plains, Plains, Arid Mesa, Thraben Inspector, Figure of Destiny, Isamaru, Hound of Konda, Galvanic Blast, Path to Exile, Clifftop Retreat, Kytheon, Hero of Akros, Legion's Landing, Ajani Vengeant","Inferno Titan, Cathartic Reunion, Aurelia, the Warleader, Fauna Shaman, Faithless Looting, Tarmogoyf, Rhonas the Indomitable, Leonin Relic-Warder, Earthquake, Hellspark Elemental, Urborg, Tomb of Yawgmoth, Loxodon Warhammer, Siege-Gang Commander, City of Brass, Dig Through Time, Kird Ape, Vampire Hexmage"
"24","7","Black/Blue","BU Tempo","Spells, Humans","8","15","17","2.91","Ponder, Sleight of Hand, Diabolic Tutor, Creeping Tar Pit, Snapcaster Mage, Go for the Throat, Fetid Pools, Shadowmage Infiltrator, Brain Maggot, Aether Spellbomb, Frost Titan, Swamp, Blooming Marsh, Opt, Liliana, Death's Majesty, Drowned Catacomb, Tasigur, the Golden Fang, Thopter Foundry, Overgrown Tomb, Cryptic Command, Preordain, Island, Island, Island, Island, Island, Ashiok, Nightmare Weaver, Skinrender, Hostage Taker, The Scarab God, Crystal Shard, Damnation, Spell Pierce, Canopy Vista, Polluted Delta, Flooded Strand, Temple Garden, Shelldock Isle, Search for Azcanta, Watery Grave","Skysovereign, Consul Flagship, Woodland Bellower, Vault Skirge, Gatekeeper of Malakir, Harmonize, Dead // Gone, Maelstrom Pulse, Mindslaver, Oblivion Ring, Siege Rhino, Oust"
"24","8","Blue","U Artifacts","Artifacts","12","11","17","3.74","Coalition Relic, Ensoul Artifact, Everflowing Chalice, Myr Enforcer, Hedron Archive, Phyrexian Metamorph, Icy Manipulator, Talisman of Dominance, Swamp, Swamp, Swamp, Arcbound Ravager, Cranial Plating, Etched Champion, Steel Overseer, Gilded Lotus, Ornithopter, Lodestone Golem, Evolving Wilds, Frogmite, Island, Island, Island, Island, Island, Island, Island, Island, Island, Island, Island, Island, Island, Mana Leak, Sundering Titan, Wurmcoil Engine, Inkwell Leviathan, Blightsteel Colossus, Chrome Mox, Chromatic Star","Ulamog, the Ceaseless Hunger, Gitaxian Probe, Breeding Pool, Pyrite Spellbomb, Yavimaya Coast, Ashen Rider, Farseek, Vendetta, Serum Visions, Temple of Mystery, Unsummon, Elvish Piper, Raging Ravine, Ghalta, Primal Hunger, Naturalize, Lightning Greaves, Mana Confluence, Kessig Prowler, Tireless Tracker, Trash for Treasure, Hinterland Harbor"
"25","1","Black/Green/Red","BGR Midrange","Spells","13","10","17","2.57","Utopia Sprawl, Thragtusk, Chandra, Torch of Defiance, Sylvan Caryatid, Stomping Ground, Fatal Push, Abrupt Decay, Scavenging Ooze, Canyon Slough, Dark Confidant, Blackmail, Eternal Witness, Smoldering Marsh, Inquisition of Kozilek, Bloodbraid Elf, Blood Crypt, Lightning Bolt, Tarmogoyf, Swamp, Huntmaster of the Fells, Dragonskull Summit, Wooded Foothills, Blooming Marsh, Shriekmaw, Lotus Cobra, Raging Ravine, Overgrown Tomb, Boon Satyr, Forest, Forest, Forest, Forest, Skinrender, Ultimate Price, Sheltered Thicket, Cinder Glade, Arc Trail, Bloodstained Mire, Dismember, Vampire Nighthawk","Glacial Fortress, Leatherback Baloth, Shadowmage Infiltrator, Simian Spirit Guide, Glen Elendra Archmage, Chord of Calling, Harmonize, Commune with Nature, Clifftop Retreat, Char"
"25","2","Blue/White","UW Control","Spells","6","17","17","2.78","Talisman of Progress, Ponder, Elspeth, Sun's Champion, Spell Queller, Gitaxian Probe, Mulldrifter, Settle the Wreckage, Negate, Monastery Mentor, Serum Visions, Wall of Omens, Opt, Sphinx's Revelation, Jace, the Mind Sculptor, Celestial Colonnade, Cryptic Command, Torrential Gearhulk, Remove Soul, Island, Island, Island, Island, Island, Island, Island, Island, Island, Island, Island, Plains, Plains, Plains, Plains, Mana Leak, Day of Judgment, Spell Pierce, Hallowed Fountain, Thing in the Ice, Search for Azcanta, Vedalken Shackles","Karn Liberated, Inferno Titan, Aurelia, the Warleader, Hazoret the Fervent, Condemn, Inspiring Vantage, Temur Charm, Geist of Saint Traft, Archangel Avacyn, Sacred Foundry, Talisman of Dominance, Doom Blade, Mishra's Bauble, Unsummon, Mana Tithe, Izzet Charm, Disenchant, Sun Titan, Crystal Shard, Kird Ape"
"25","3","Green/Blue","GU Ramp","Creatures","17","6","17","4.04","Collected Company, Green Sun's Zenith, Eldritch Evolution, Thrun, the Last Troll, Mystic Snake, Garruk Wildspeaker, Breeding Pool, Acidic Slime, Biomass Mutation, Woodfall Primus, Verdurous Gearhulk, Hornet Queen, Krosan Grip, Yavimaya Coast, Courser of Kruphix, Rhonas the Indomitable, Temple of Mystery, Craterhoof Behemoth, Whisperwood Elemental, Noble Hierarch, Joraga Treespeaker, Ghalta, Primal Hunger, Forest, Forest, Forest, Forest, Forest, Forest, Forest, Forest, Forest, Forest, Forest, Forest, Treetop Village, Birds of Paradise, Master of the Wild Hunt, Sakura-Tribe Elder, Tireless Tracker, Hinterland Harbor","Lotus Bloom, Talara's Battalion, Everflowing Chalice, Ulamog, the Ceaseless Hunger, Judge's Familiar, Murmuring Bosk, Sower of Temptation, Kari Zev, Skyship Raider, Rancor, Bomat Courier, Logic Knot, Ashiok, Nightmare Weaver, Phantasmal Image, Kessig Prowler, Heir of Falkenrath, Honor of the Pure, Reciprocate"
"25","4","Black/Blue/White","BUW Reanimator","Spells","12","11","17","4.35","Chart a Course, Misty Rainforest, Cryptbreaker, Collective Brutality, Go for the Throat, Consecrated Sphinx, Fetid Pools, Goryo's Vengeance, Ashen Rider, Vendetta, Pack Rat, Swamp, Swamp, Swamp, Swamp, Swamp, Swamp, Swamp, Swamp, Swamp, Swamp, Dark Petition, Drowned Catacomb, Sheoldred, Whispering One, Massacre Wurm, Elesh Norn, Grand Cenobite, Evolving Wilds, Noxious Gearhulk, Zombify, Plains, The Scarab God, Looter il-Kor, Unburial Rites, Damnation, Remand, Makeshift Mannequin, Inkwell Leviathan, Flooded Strand, Shelldock Isle, Griselbrand","Master of Etherium, Faithless Looting, Mantis Rider, Relic of Progenitus, Disallow, Botanical Sanctum, Emrakul, the Aeons Torn, Condescend, Ancestral Vision, Crypt Ghast, Repeal, Ulamog, the Infinite Gyre, Goblin Dark-Dwellers, Hostage Taker, Phyrexian Arena, Scarecrone"
"25","5","White","W Weenie","Humans","15","8","17","2.17","Student of Warfare, Blade Splicer, Umezawa's Jitte, Journey to Nowhere, Stoneforge Mystic, Spectral Procession, Brimaz, King of Oreskos, Knight of the Holy Nimbus, Gideon, Ally of Zendikar, Pacifism, Savannah Lions, Porcelain Legionnaire, Selfless Spirit, Mikaeus, the Lunarch, Leonin Relic-Warder, Adanto Vanguard, Celestial Crusader, Gideon's Lawkeeper, Plains, Plains, Plains, Plains, Plains, Plains, Plains, Plains, Plains, Plains, Plains, Plains, Plains, Plains, Plains, Plains, Plains, Isamaru, Hound of Konda, Path to Exile, Kytheon, Hero of Akros, Thoughtseize, Spear of Heliod","Hero's Downfall, Talisman of Indulgence, Horizon Canopy, Mind Shatter, Crib Swap, Wrath of God, Brain Maggot, Zurgo Bellstriker, Archangel of Thune, Vault Skirge, Hypnotic Specter, Hidden Dragonslayer, Ornithopter, Secure the Wastes, Sword of Feast and Famine, Dreadbore, Loxodon Warhammer, Kalitas, Traitor of Ghet, Seeker of the Way, Bloodghast, Bitterblossom, Vampire Hexmage"
"25","6","Colorless","Artifacts","Artifacts","9","14","17","3.43","Coalition Relic, Solemn Simulacrum, Sword of the Meek, Myr Enforcer, Chromatic Sphere, Hedron Archive, Icy Manipulator, Tezzeret the Seeker, Aether Spellbomb, Walking Ballista, Skysovereign, Consul Flagship, Swamp, Swamp, Swamp, Swamp, Swamp, Swamp, Arcbound Ravager, Cranial Plating, Gilded Lotus, Lodestone Golem, Mindslaver, Frogmite, Island, Island, Island, Island, Island, Island, Island, Island, Island, Island, Island, Batterskull, Sundering Titan, Wurmcoil Engine, Hangarback Walker, Mox Opal, Chromatic Star","Bedlam Reveler, Cathartic Reunion, Ratchet Bomb, Phyrexian Obliterator, Frost Titan, Tidehollow Sculler, Goblin Guide, Rakdos's Return, Chromatic Lantern, Blackcleave Cliffs, Terminate, Lightning Axe, Pia and Kiran Nalaar, Dead // Gone, Glorybringer, Springleaf Drum, Lightning Greaves, Galvanic Blast, Steelshaper's Gift, Quicksilver Amulet, Trash for Treasure, Pact of Negation"
"25","7","Red/Blue","RU Spellslinger","Spells, Humans","9","14","17","3.13","Electrolyze, Venser, Shaper Savant, Shivan Reef, Steam Vents, Zealous Conscripts, Snapcaster Mage, Splinter Twin, Stormchaser Mage, Censor, Deceiver Exarch, Jace, Vryn's Prodigy, Treasure Cruise, Sulfur Falls, Bribery, Pestermite, Flame Slash, Incendiary Flow, Bloodwater Entity, Kiki-Jiki, Mirror Breaker, Mountain, Mountain, Mountain, Mountain, Mountain, Mountain, Shock, Searing Spear, Burst Lightning, Island, Island, Island, Island, Island, Island, Island, Scalding Tarn, Cyclonic Rift, Incinerate, Dig Through Time, Abrade","Soul-Scar Mage, Abbot of Keral Keep, Twisted Abomination, Pyrite Spellbomb, Grim Lavamancer, Kolaghan's Command, Commit // Memory, Chandra, Fire of Kaladesh, Night's Whisper, Hellspark Elemental, Riftwing Cloudskate, Through the Breach, Monastery Swiftspear, Siege-Gang Commander, Devil's Play, Hellrider, Hero of Oxid Ridge, Watery Grave"
"25","8","Black/Green/White","BGW Midrange","Humans, Creatures","15","8","17","3.04","Avacyn's Pilgrim, Liliana of the Veil, Qasali Pridemage, Diabolic Tutor, Elves of Deep Shadow, Grim Flayer, Windswept Heath, Concealed Courtyard, Llanowar Wastes, Fauna Shaman, Scattered Groves, Swamp, Verdant Catacombs, Llanowar Elves, Renegade Rallier, Beast Within, Ravenous Chupacabra, Isolated Chapel, Tasigur, the Golden Fang, Kitesail Freebooter, Maelstrom Pulse, Primeval Titan, Flickerwisp, Forest, Forest, Forest, Sunken Hollow, Fertile Ground, Marsh Flats, Temple of Malady, Canopy Vista, Restoration Angel, Siege Rhino, Temple of Silence, Dryad Arbor, Elspeth, Knight-Errant, Chrome Mox, Grave Titan, Temple Garden, Birthing Pod","Kiora, Master of the Depths, Ingot Chewer, Plow Under, Zurgo Helmsmasher, Elvish Piper, Earthquake, Street Wraith, Dragonlord Atarka, Talisman of Impulse"
"26","1","Blue/White","UW Artifacts","Artifacts","8","15","17","2.83","Talisman of Progress, Ensoul Artifact, Everflowing Chalice, Master of Etherium, Sphinx of the Steel Wind, Sword of the Meek, Myr Enforcer, Chromatic Sphere, Hedron Archive, Phyrexian Metamorph, Irrigated Farmland, Tezzeret the Seeker, Aether Spellbomb, Chromatic Lantern, Swamp, Swamp, Mishra's Bauble, Inkmoth Nexus, Phyrexian Revoker, Celestial Colonnade, Thopter Foundry, Inventors' Fair, Ornithopter, Lodestone Golem, Island, Island, Island, Island, Island, Island, Island, Island, Plains, Springleaf Drum, Crystal Shard, Cyclonic Rift, Inkwell Leviathan, Chrome Mox, Flooded Strand, Shelldock Isle","Chart a Course, Spell Queller, Fatal Push, Verdurous Gearhulk, Glen Elendra Archmage, Blooming Marsh, Riftwing Cloudskate, Celestial Crusader, Remove Soul, Street Wraith, Hostage Taker, Kessig Prowler, Trash for Treasure, Delver of Secrets, Oust, Ajani Vengeant"
"26","2","Blue","U Control","Spells","7","16","17","3.17","Ponder, Glacial Fortress, Sleight of Hand, Venser, Shaper Savant, Gitaxian Probe, Dissolve, Consecrated Sphinx, Wrath of God, Censor, Frost Titan, Serum Visions, Sower of Temptation, Jace, Vryn's Prodigy, Treasure Cruise, Bribery, Sphinx's Revelation, Pestermite, Disallow, Torrential Gearhulk, Evolving Wilds, Repeal, Island, Island, Island, Island, Island, Island, Island, Island, Island, Island, Island, Island, Island, Island, Island, Logic Knot, Mana Leak, Boomerang, Vedalken Shackles","Collected Company, Karn Liberated, Breeding Pool, Creeping Tar Pit, Settle the Wreckage, Temur Charm, Brimaz, King of Oreskos, Farseek, Wall of Omens, Selfless Spirit, Temple of Mystery, Hidden Dragonslayer, Whisperwood Elemental, Mana Tithe, Gilded Lotus, Rancor, Kiki-Jiki, Mirror Breaker, Oblivion Ring, Naturalize, Watery Grave"
"26","3","White","W Weenie","Artifacts, Humans","14","9","17","1.87","Blade Splicer, Umezawa's Jitte, Sword of Fire and Ice, Concealed Courtyard, Walking Ballista, Arcbound Ravager, Vault Skirge, Porcelain Legionnaire, Cranial Plating, Mikaeus, the Lunarch, Leonin Relic-Warder, Steel Overseer, Thalia, Guardian of Thraben, Frogmite, Plains, Plains, Plains, Plains, Plains, Plains, Plains, Plains, Plains, Plains, Plains, Plains, Plains, Plains, Plains, Thraben Inspector, Isamaru, Hound of Konda, Batterskull, Path to Exile, Hangarback Walker, Mox Opal, Kytheon, Hero of Akros, Temple of Silence, Honor of the Pure, Legion's Landing, Spear of Heliod","Lingering Souls, Judge's Familiar, Spectral Procession, Brain Maggot, Archangel Avacyn, Zurgo Bellstriker, Knight of the Holy Nimbus, Skysovereign, Consul Flagship, Pacifism, Lightning Helix, Banisher Priest, Disenchant, Boon Satyr, Flickerwisp, Gideon's Lawkeeper, Woodland Cemetery, Figure of Destiny, Commune with Nature, Seeker of the Way, Vampire Nighthawk"
"26","4","Black/Green/Red","BGR Aristocrats","Spells","8","15","17","2.91","Hero's Downfall, Liliana of the Veil, Thragtusk, Chandra, Torch of Defiance, Canyon Slough, Dark Confidant, Deathrite Shaman, Blackmail, Duress, Smoldering Marsh, Inquisition of Kozilek, Faithless Looting, Blood Crypt, Kolaghan's Command, Pack Rat, Swamp, Swamp, Swamp, Swamp, Swamp, Swamp, Swamp, Swamp, Swamp, Swamp, Blackcleave Cliffs, Dragonskull Summit, Liliana, the Last Hope, Disfigure, Liliana, Death's Majesty, Tasigur, the Golden Fang, Pia and Kiran Nalaar, Raging Ravine, Massacre Wurm, Overgrown Tomb, Damnation, Dreadbore, Ultimate Price, Kalitas, Traitor of Ghet, Phyrexian Arena","Reclamation Sage, Elspeth, Sun's Champion, Scavenging Ooze, Mind Shatter, Icy Manipulator, Courser of Kruphix, Talisman of Dominance, Renegade Rallier, Maelstrom Pulse, Mana Confluence, Dragonlord Atarka, Restoration Angel, Sakura-Tribe Elder, Hellrider, Kird Ape"
"26","5","Red/Blue/White","RUW Combo Control","Spells, Humans","9","14","17","2.61","Bedlam Reveler, Electrolyze, Shivan Reef, Steam Vents, Mulldrifter, Snapcaster Mage, Journey to Nowhere, Stormchaser Mage, Inspiring Vantage, Geist of Saint Traft, Lightning Bolt, Sacred Foundry, Prairie Stream, Mantis Rider, Sulfur Falls, Opt, Flame Slash, Bloodwater Entity, Condescend, Izzet Charm, Mountain, Mountain, Searing Spear, Preordain, Secure the Wastes, Island, Island, Island, Island, Island, Phantasmal Image, Arid Mesa, Scalding Tarn, Galvanic Blast, Remand, Clifftop Retreat, Monastery Swiftspear, Time Warp, Polluted Delta, Dig Through Time","Talara's Battalion, Student of Warfare, Ingot Chewer, Mystic Snake, Plow Under, Shadowmage Infiltrator, Tarmogoyf, Coiling Oracle, Sheltered Thicket, Elspeth, Knight-Errant, Reciprocate, City of Brass"
"26","6","Green","G Ramp","Creatures","19","4","17","5.30","Utopia Sprawl, Avacyn's Pilgrim, Ulamog, the Ceaseless Hunger, Green Sun's Zenith, Garruk Wildspeaker, Acidic Slime, Horizon Canopy, Woodfall Primus, Eternal Witness, Wall of Roots, Scattered Groves, Wooded Foothills, Llanowar Elves, Oracle of Mul Daya, Elvish Piper, Lotus Cobra, Carnage Tyrant, Craterhoof Behemoth, Emrakul, the Aeons Torn, Joraga Treespeaker, Primeval Titan, Ghalta, Primal Hunger, Forest, Forest, Forest, Forest, Forest, Forest, Forest, Forest, Forest, Forest, Treetop Village, Ulamog, the Infinite Gyre, Fertile Ground, Canopy Vista, Tireless Tracker, Blightsteel Colossus, Dryad Arbor, Temple Garden","Coalition Relic, Sensei's Divining Top, Stomping Ground, Llanowar Wastes, Yavimaya Coast, Murmuring Bosk, Rhonas the Indomitable, Beast Within, Dark Petition, Harmonize, Rootbound Crag, Elesh Norn, Grand Cenobite, Wurmcoil Engine, Siege Rhino, Quicksilver Amulet"
"26","7","Black","B Midrange","Spells","13","10","17","3.83","Go for the Throat, Fetid Pools, Caves of Koilos, Dread Return, Goryo's Vengeance, Phyrexian Obliterator, Ashen Rider, Oona's Prowler, Whip of Erebos, Swamp, Swamp, Swamp, Swamp, Swamp, Swamp, Swamp, Swamp, Swamp, Swamp, Swamp, Shriekmaw, Ravenous Chupacabra, Isolated Chapel, Night's Whisper, Kitesail Freebooter, Sheoldred, Whispering One, Crypt Ghast, Noxious Gearhulk, Zombify, Murderous Cut, Skinrender, The Scarab God, Sunken Hollow, Heir of Falkenrath, Makeshift Mannequin, Marsh Flats, Urborg, Tomb of Yawgmoth, Thoughtseize, Desecration Demon, Dismember","Aurelia, the Warleader, Terramorphic Expanse, Crib Swap, Biomass Mutation, Tidehollow Sculler, Kitchen Finks, Commit // Memory, Terminate, Ball Lightning, Hypnotic Specter, Ashiok, Nightmare Weaver, Sundering Titan, Temple of Malady, Bloodghast, Vampire Hexmage, Chromatic Star"
"26","8","Red","R Burn","Humans, Creatures","16","7","17","2.52","Soul-Scar Mage, Abbot of Keral Keep, Zealous Conscripts, Goblin Rabblemaster, Rift Bolt, Hazoret the Fervent, Grim Lavamancer, Goblin Guide, Young Pyromancer, Chandra, Fire of Kaladesh, Kari Zev, Skyship Raider, Mogg Fanatic, Lightning Axe, Dead // Gone, Mountain, Mountain, Mountain, Mountain, Mountain, Mountain, Mountain, Mountain, Mountain, Mountain, Mountain, Mountain, Mountain, Mountain, Mountain, Mountain, Mountain, Hellspark Elemental, Bomat Courier, Burst Lightning, Glorybringer, Incinerate, Siege-Gang Commander, Char, Hero of Oxid Ridge, Abrade","Inferno Titan, Leatherback Baloth, Cathartic Reunion, Krosan Grip, Smuggler's Copter, Rakdos's Return, Huntmaster of the Fells, Chord of Calling, Battlefield Forge, Zurgo Helmsmasher, Temple of Triumph, Summoner's Pact, Earthquake, Goblin Dark-Dwellers, Shrapnel Blast, Steelshaper's Gift, Loxodon Warhammer, Cinder Glade, Glorious Anthem, Devil's Play, Talisman of Impulse, Birthing Pod"
"27","1","Red/Blue","RU Spellslinger","Spells, Humans","11","12","17","2.78","Soul-Scar Mage, Bedlam Reveler, Electrolyze, Abbot of Keral Keep, Shivan Reef, Chandra, Torch of Defiance, Goblin Rabblemaster, Splinter Twin, Stormchaser Mage, Negate, Deceiver Exarch, Lightning Bolt, Young Pyromancer, Temple of Epiphany, Pestermite, Dead // Gone, Incendiary Flow, Bloodwater Entity, Kiki-Jiki, Mirror Breaker, Mountain, Mountain, Mountain, Mountain, Mountain, Mountain, Mountain, Mountain, Mountain, Mountain, Mountain, Mountain, Mountain, Shock, Burst Lightning, Island, Glorybringer, Incinerate, Spirebluff Canal, Tarfire, Abrade","Inferno Titan, Censor, Bloodbraid Elf, Chromatic Lantern, Huntmaster of the Fells, Treasure Cruise, Temple of Triumph, Unsummon, Hidden Dragonslayer, Celestial Colonnade, Disallow, Emrakul, the Aeons Torn, Disenchant, Goblin Dark-Dwellers, Figure of Destiny, Galvanic Blast, Talrand, Sky Summoner, Hellrider, Hero of Oxid Ridge"
"27","2","White","W Weenie","Enchantments, Humans","13","10","17","2.09","Student of Warfare, Umezawa's Jitte, Judge's Familiar, Stoneforge Mystic, Condemn, Inspiring Vantage, Archangel Avacyn, Hero of Bladehold, Brimaz, King of Oreskos, Pacifism, Porcelain Legionnaire, Knight of the White Orchid, Mikaeus, the Lunarch, Mana Tithe, Thalia, Guardian of Thraben, Banisher Priest, Plains, Plains, Plains, Plains, Plains, Plains, Plains, Plains, Plains, Plains, Plains, Plains, Plains, Plains, Plains, Plains, Oblivion Ring, Isamaru, Hound of Konda, Path to Exile, Kytheon, Hero of Akros, Honor of the Pure, Banishing Light, Legion's Landing, Spear of Heliod","Avacyn's Pilgrim, Collected Company, Aurelia, the Warleader, Eldritch Evolution, Qasali Pridemage, Horizon Canopy, Crib Swap, Eternal Witness, Wrath of God, Fauna Shaman, Tarmogoyf, Rhonas the Indomitable, Chord of Calling, Renegade Rallier, Summoner's Pact, Elesh Norn, Grand Cenobite, Joraga Treespeaker, Primeval Titan, Canopy Vista, Trash for Treasure, Temple Garden"
"27","3","Black/Green","BG Graveyard","Black/Green","15","8","17","3.74","Thragtusk, Thrun, the Last Troll, Twisted Abomination, Fatal Push, Cryptbreaker, Elves of Deep Shadow, Grim Flayer, Collective Brutality, Woodfall Primus, Llanowar Wastes, Hornet Queen, Scattered Groves, Phyrexian Obliterator, Whip of Erebos, Swamp, Swamp, Swamp, Swamp, Swamp, Swamp, Swamp, Swamp, Swamp, Swamp, Blooming Marsh, Ravenous Chupacabra, Kitesail Freebooter, Sheoldred, Whispering One, Overgrown Tomb, Noble Hierarch, Forest, Forest, Zombify, Woodland Cemetery, Wurmcoil Engine, Ultimate Price, Makeshift Mannequin, Kalitas, Traitor of Ghet, Birthing Pod, Dismember","Dark Confidant, Biomass Mutation, Vendetta, Kitchen Finks, Skullclamp, Chandra, Fire of Kaladesh, Elvish Piper, Evolving Wilds, Boon Satyr, Gemstone Caverns, Fertile Ground, Kessig Prowler, Commune with Nature, Dragonlord Atarka, Cinder Glade, Chrome Mox, Thing in the Ice"
"27","4","Green/Blue","GU Ramp","Spells, Humans","10","13","17","2.70","Utopia Sprawl, Ponder, Misty Rainforest, Kiora, Master of the Depths, Mystic Snake, Garruk Wildspeaker, Terramorphic Expanse, Snapcaster Mage, Yavimaya Coast, Farseek, Serum Visions, Commit // Memory, Jace, Vryn's Prodigy, Wooded Foothills, Verdant Catacombs, Coiling Oracle, Oracle of Mul Daya, Opt, Beast Within, Botanical Sanctum, Lotus Cobra, Inventors' Fair, Ancestral Vision, Preordain, Riftwing Cloudskate, Island, Island, Island, Island, Forest, Forest, Treetop Village, Arid Mesa, Scalding Tarn, Birds of Paradise, Time Warp, Master of the Wild Hunt, Tireless Tracker, Flooded Strand, Pact of Negation","Steam Vents, Plow Under, Verdurous Gearhulk, Temur Charm, Woodland Bellower, Harmonize, Whisperwood Elemental, Rancor, Sheltered Thicket, Reciprocate, Ajani Vengeant"
"27","5","Black/White","BW Aristocrats","Spells","10","13","17","3.43","Elspeth, Sun's Champion, Lingering Souls, Liliana of the Veil, Angel of Invention, Journey to Nowhere, Concealed Courtyard, Blackmail, Duress, Monastery Mentor, Goryo's Vengeance, Ashen Rider, Archangel of Thune, Tidehollow Sculler, Gideon, Ally of Zendikar, Swamp, Swamp, Swamp, Swamp, Swamp, Liliana, the Last Hope, Inkmoth Nexus, Disfigure, Isolated Chapel, Night's Whisper, Noxious Gearhulk, Flickerwisp, Sun Titan, Plains, Plains, Plains, Plains, Plains, Plains, Plains, Plains, Thraben Inspector, Day of Judgment, Unburial Rites, Temple of Silence, Vampire Nighthawk","Ulamog, the Ceaseless Hunger, Green Sun's Zenith, Walking Ballista, Knight of the Holy Nimbus, Skysovereign, Consul Flagship, Gatekeeper of Malakir, Hypnotic Specter, Pia and Kiran Nalaar, Craterhoof Behemoth, Raging Ravine, Secure the Wastes, Springleaf Drum, Batterskull, Clifftop Retreat, Steelshaper's Gift, Quicksilver Amulet, Sakura-Tribe Elder, Hallowed Fountain"
"27","6","Blue","U Artifacts","Artifacts","9","14","17","3.22","Solemn Simulacrum, Talisman of Progress, Ensoul Artifact, Everflowing Chalice, Sensei's Divining Top, Myr Enforcer, Phyrexian Metamorph, Smuggler's Copter, Tezzeret the Seeker, Aether Spellbomb, Mishra's Bauble, Phyrexian Revoker, Etched Champion, Thopter Foundry, Steel Overseer, Mindslaver, Frogmite, Island, Island, Island, Island, Island, Island, Island, Island, Island, Island, Island, Island, Island, Plains, Plains, Plains, Sunken Hollow, Sword of Feast and Famine, Sundering Titan, Spell Pierce, Mox Opal, Blightsteel Colossus, Vedalken Shackles","Talara's Battalion, Vendilion Clique, Shadowmage Infiltrator, Krosan Grip, Frost Titan, Sower of Temptation, Glen Elendra Archmage, Zurgo Helmsmasher, Bribery, Selfless Spirit, Jace, the Mind Sculptor, Leonin Relic-Warder, Cryptic Command, Remove Soul, Naturalize, Phantasmal Image, Crystal Shard, Boomerang, Glorious Anthem, Oust, Kird Ape"
"27","7","Black/Red","BR Aristocrats","Spells","12","11","17","2.70","Talisman of Indulgence, Zealous Conscripts, Rift Bolt, Grim Lavamancer, Faithless Looting, Blood Crypt, Simian Spirit Guide, Oona's Prowler, Goblin Guide, Pack Rat, Swamp, Swamp, Swamp, Swamp, Swamp, Swamp, Swamp, Doom Blade, Blackcleave Cliffs, Terminate, Lightning Axe, Massacre Wurm, Crypt Ghast, Mountain, Mountain, Mountain, Mountain, Mountain, Mountain, Murderous Cut, Skinrender, Damnation, Urborg, Tomb of Yawgmoth, Siege-Gang Commander, Hangarback Walker, Phyrexian Arena, Arc Trail, Bitterblossom, Bloodstained Mire, Vampire Hexmage","Coalition Relic, Karn Liberated, Pyrite Spellbomb, Sword of Fire and Ice, Knight of the Reliquary, Arcbound Ravager, Vault Skirge, Ball Lightning, Adanto Vanguard, Gilded Lotus, Earthquake, Ornithopter, Hellspark Elemental, The Scarab God, Lightning Greaves, Mana Confluence, Loxodon Warhammer, Char"
"27","8","Black/Red/Blue","BRU Tempo","Spells","5","18","17","3.30","Cruel Ultimatum, Hero's Downfall, Chart a Course, Diabolic Tutor, Mulldrifter, Mind Shatter, Go for the Throat, Smoldering Marsh, Kolaghan's Command, Rakdos's Return, Swamp, Swamp, Swamp, Swamp, Swamp, Swamp, Sulfur Falls, Shriekmaw, Dark Petition, Drowned Catacomb, Flame Slash, Izzet Charm, Mountain, Mountain, Torrential Gearhulk, Island, Island, Island, Logic Knot, Ashiok, Nightmare Weaver, Myr Battlesphere, Hostage Taker, Jace Beleren, Dreadbore, Cyclonic Rift, Marsh Flats, Pyroclasm, Polluted Delta, Search for Azcanta, Watery Grave","Cathartic Reunion, Abrupt Decay, Sphinx of the Steel Wind, Acidic Slime, Dread Return, Sphinx's Revelation, Rootbound Crag, Maelstrom Pulse, Ghalta, Primal Hunger, Ulamog, the Infinite Gyre, Through the Breach, Looter il-Kor, Heir of Falkenrath, Temple of Malady, Siege Rhino, Talisman of Impulse"
"28","1","Blue/White","UW Combo","Artifacts","14","9","17","2.30","Ensoul Artifact, Glacial Fortress, Master of Etherium, Blade Splicer, Judge's Familiar, Angel of Invention, Stoneforge Mystic, Smuggler's Copter, Walking Ballista, Skysovereign, Consul Flagship, Swamp, Arcbound Ravager, Vault Skirge, Skullclamp, Porcelain Legionnaire, Phyrexian Revoker, Inventors' Fair, Steel Overseer, Lodestone Golem, Frogmite, Island, Island, Island, Island, Plains, Plains, Plains, Plains, Plains, Plains, Plains, Plains, Plains, Plains, Lightning Greaves, Steelshaper's Gift, Loxodon Warhammer, Mox Opal, Scarecrone, Chromatic Star","Solemn Simulacrum, Misty Rainforest, Karn Liberated, Breeding Pool, Horizon Canopy, Biomass Mutation, Chromatic Sphere, Spectral Procession, Yavimaya Coast, Gideon, Ally of Zendikar, Mikaeus, the Lunarch, Pia and Kiran Nalaar, Hidden Dragonslayer, Disenchant, Bomat Courier, Murderous Cut, Glorious Anthem, Blightsteel Colossus, Honor of the Pure, Kird Ape"
"28","2","Black/White","BW Aristocrats","Enchantments, Humans","12","11","17","2.61","Elspeth, Sun's Champion, Fatal Push, Umezawa's Jitte, Dark Confidant, Concealed Courtyard, Go for the Throat, Caves of Koilos, Brain Maggot, Hero of Bladehold, Archangel of Thune, Tidehollow Sculler, Swamp, Swamp, Swamp, Pacifism, Selfless Spirit, Godless Shrine, Isolated Chapel, Kitesail Freebooter, Banisher Priest, Plains, Plains, Plains, Plains, Plains, Plains, Plains, Oblivion Ring, Isamaru, Hound of Konda, Path to Exile, Ultimate Price, Marsh Flats, Urborg, Tomb of Yawgmoth, Kytheon, Hero of Akros, Temple of Silence, Elspeth, Knight-Errant, Phyrexian Arena, Desecration Demon, Banishing Light, Vampire Nighthawk","Diabolic Tutor, Cryptbreaker, Sphinx of the Steel Wind, Talisman of Indulgence, Settle the Wreckage, Dread Return, Knight of the Holy Nimbus, Gatekeeper of Malakir, Opt, Elesh Norn, Grand Cenobite, Crypt Ghast, Spell Pierce, Canopy Vista, Reciprocate, Griselbrand"
"28","3","Blue/White","UW Control","Spells","9","14","17","2.65","Talisman of Progress, Venser, Shaper Savant, Spell Queller, Gitaxian Probe, Snapcaster Mage, Journey to Nowhere, Negate, Wrath of God, Condemn, Censor, Geist of Saint Traft, Prairie Stream, Glen Elendra Archmage, Wall of Omens, Bribery, Sphinx's Revelation, Celestial Colonnade, Condescend, Torrential Gearhulk, Riftwing Cloudskate, Island, Island, Island, Island, Island, Island, Island, Island, Logic Knot, Plains, Plains, Plains, Plains, Plains, Mana Leak, Restoration Angel, Oust, Hallowed Fountain, Flooded Strand, Pact of Negation","Collected Company, Crib Swap, Brimaz, King of Oreskos, Rakdos's Return, Chord of Calling, Relic of Progenitus, Renegade Rallier, Unsummon, Pestermite, Botanical Sanctum, Leonin Relic-Warder, Mana Tithe, Secure the Wastes, Sun Titan, Thraben Inspector, Crystal Shard, Mana Confluence, Temple Garden"
"28","4","Green","G Ramp","Creatures","18","5","17","3.96","Utopia Sprawl, Reclamation Sage, Avacyn's Pilgrim, Green Sun's Zenith, Thragtusk, Eldritch Evolution, Garruk Wildspeaker, Acidic Slime, Windswept Heath, Woodfall Primus, Eternal Witness, Fauna Shaman, Wall of Roots, Woodland Bellower, Wooded Foothills, Llanowar Elves, Oracle of Mul Daya, Beast Within, Carnage Tyrant, Craterhoof Behemoth, Whisperwood Elemental, Noble Hierarch, Joraga Treespeaker, Primeval Titan, Ghalta, Primal Hunger, Forest, Forest, Forest, Forest, Forest, Forest, Forest, Forest, Forest, Forest, Forest, Forest, Forest, Forest, Forest","Everflowing Chalice, Ulamog, the Ceaseless Hunger, Stomping Ground, Knight of the Reliquary, Shadowmage Infiltrator, Bloodbraid Elf, Temur Charm, Murmuring Bosk, Blooming Marsh, Temple of Triumph, Summoner's Pact, Harmonize, Manamorphose, Rancor, Ulamog, the Infinite Gyre, Gemstone Caverns, Through the Breach, Sundering Titan, Commune with Nature, Hellrider"
"28","5","Black/Red","BR Aristocrats","Spells, Humans","10","13","17","2.00","Abbot of Keral Keep, Canyon Slough, Collective Brutality, Goblin Rabblemaster, Rift Bolt, Duress, Grim Lavamancer, Smoldering Marsh, Faithless Looting, Blood Crypt, Vendetta, Pack Rat, Swamp, Blackcleave Cliffs, Young Pyromancer, Terminate, Dragonskull Summit, Kari Zev, Skyship Raider, Mogg Fanatic, Lightning Axe, Mountain, Mountain, Mountain, Mountain, Mountain, Mountain, Mountain, Mountain, Mountain, Hellspark Elemental, Burst Lightning, Arid Mesa, Incinerate, Siege-Gang Commander, Thoughtseize, Hero of Oxid Ridge, Arc Trail, Abrade, Bloodstained Mire, Dismember","Aurelia, the Warleader, Ingot Chewer, Ratchet Bomb, Monastery Mentor, Goryo's Vengeance, Ashen Rider, Oona's Prowler, Battlefield Forge, Hypnotic Specter, Temple of Mystery, Adanto Vanguard, Street Wraith, Figure of Destiny, City of Brass, Ajani Vengeant"
"28","6","Black/Blue","BU Tempo","Artifacts","5","18","17","3.57","Coalition Relic, Chart a Course, Sword of the Meek, Creeping Tar Pit, Fetid Pools, Phyrexian Metamorph, Icy Manipulator, Tezzeret the Seeker, Talisman of Dominance, Swamp, Serum Visions, Commit // Memory, Mishra's Bauble, Jace, the Mind Sculptor, Thopter Foundry, Gilded Lotus, Island, Island, Island, Island, Island, Island, Island, Island, Island, Island, Island, Island, Plains, Phantasmal Image, Myr Battlesphere, Hostage Taker, Sunken Hollow, Batterskull, Wurmcoil Engine, Damnation, Time Warp, Chrome Mox, Search for Azcanta, Vedalken Shackles","Cruel Ultimatum, Lotus Bloom, Plow Under, Mind Shatter, Sword of Fire and Ice, Myr Enforcer, Inspiring Vantage, Phyrexian Obliterator, Whip of Erebos, Coiling Oracle, Shriekmaw, Disfigure, Razorverge Thicket, Zombify, Naturalize, Looter il-Kor, Trash for Treasure, Dryad Arbor, Talisman of Impulse"
"28","7","Red/Blue","RU Spellslinger","Spells, Wizards","8","15","17","2.96","Soul-Scar Mage, Bedlam Reveler, Sleight of Hand, Chandra, Torch of Defiance, Steam Vents, Vendilion Clique, Splinter Twin, Stormchaser Mage, Deceiver Exarch, Lightning Bolt, Treasure Cruise, Sulfur Falls, Temple of Epiphany, Flame Slash, Incendiary Flow, Kiki-Jiki, Mirror Breaker, Mountain, Mountain, Mountain, Mountain, Mountain, Mountain, Mountain, Preordain, Remove Soul, Repeal, Island, Island, Island, Island, Island, Scalding Tarn, Jace Beleren, Cyclonic Rift, Monastery Swiftspear, Boomerang, Talrand, Sky Summoner, Spirebluff Canal, Tarfire, Dig Through Time","Mystic Snake, Pyrite Spellbomb, Hazoret the Fervent, Mantis Rider, Chandra, Fire of Kaladesh, Lightning Helix, Earthquake, Glorybringer, Goblin Dark-Dwellers, Shrapnel Blast, Clifftop Retreat, Cinder Glade, Seeker of the Way, Pyroclasm, Char, Birthing Pod, Hinterland Harbor"
"28","8","Black/Green","BG Graveyard","Creatures","17","6","17","3.57","Thrun, the Last Troll, Sylvan Caryatid, Elves of Deep Shadow, Scattered Groves, Tarmogoyf, Swamp, Swamp, Swamp, Swamp, Swamp, Swamp, Swamp, Swamp, Swamp, Doom Blade, Liliana, the Last Hope, Verdant Catacombs, Ravenous Chupacabra, Liliana, Death's Majesty, Tasigur, the Golden Fang, Lotus Cobra, Sheoldred, Whispering One, Massacre Wurm, Maelstrom Pulse, Evolving Wilds, Noxious Gearhulk, Forest, Forest, Treetop Village, Skinrender, Woodland Cemetery, Birds of Paradise, Unburial Rites, Temple of Malady, Kalitas, Traitor of Ghet, Sakura-Tribe Elder, Tireless Tracker, Bloodghast, Grave Titan, Bitterblossom","Talara's Battalion, Student of Warfare, Leatherback Baloth, Verdurous Gearhulk, Krosan Grip, Simian Spirit Guide, Huntmaster of the Fells, Dark Petition, Elvish Piper, Raging Ravine, Izzet Charm, Fertile Ground, Kessig Prowler, Dreadbore, Master of the Wild Hunt, Vampire Hexmage"
"29","1","Black/Blue","BU Tempo","Spells, Humans","9","14","17","2.78","Liliana of the Veil, Collective Brutality, Creeping Tar Pit, Snapcaster Mage, Inquisition of Kozilek, Shadowmage Infiltrator, Swamp, Swamp, Swamp, Swamp, Swamp, Swamp, Swamp, Swamp, Glen Elendra Archmage, Night's Whisper, Drowned Catacomb, Kitesail Freebooter, Condescend, Noxious Gearhulk, Island, Island, Island, Island, Island, Ashiok, Nightmare Weaver, Murderous Cut, Skinrender, Hostage Taker, The Scarab God, Jace Beleren, Spell Pierce, Ultimate Price, Cyclonic Rift, Polluted Delta, Thing in the Ice, Search for Azcanta, Bitterblossom, Watery Grave, Dismember","Sleight of Hand, Cathartic Reunion, Diabolic Tutor, Brain Maggot, Oona's Prowler, Skysovereign, Consul Flagship, Pack Rat, Kari Zev, Skyship Raider, Dark Petition, Celestial Colonnade, Street Wraith, Looter il-Kor, Talrand, Sky Summoner, Delver of Secrets, Desecration Demon, Pact of Negation, Griselbrand, Vampire Nighthawk"
"29","2","Black/Red","BR Aristocrats","Spells","6","17","17","2.70","Hero's Downfall, Chandra, Torch of Defiance, Canyon Slough, Rift Bolt, Smoldering Marsh, Faithless Looting, Blood Crypt, Kolaghan's Command, Smuggler's Copter, Rakdos's Return, Swamp, Swamp, Swamp, Swamp, Swamp, Doom Blade, Blackcleave Cliffs, Terminate, Dragonskull Summit, Liliana, the Last Hope, Shriekmaw, Hypnotic Specter, Ravenous Chupacabra, Mountain, Mountain, Mountain, Mountain, Mountain, Mountain, Shock, Searing Spear, Burst Lightning, Glorybringer, Arid Mesa, Damnation, Dreadbore, Incinerate, Kalitas, Traitor of Ghet, Bloodghast, Arc Trail","Abbot of Keral Keep, Cryptbreaker, Sword of Fire and Ice, Goryo's Vengeance, Ball Lightning, Izzet Charm, Hellspark Elemental, Goblin Dark-Dwellers, Woodland Cemetery, Galvanic Blast, Heir of Falkenrath, Monastery Swiftspear, Cinder Glade, Trash for Treasure, Talisman of Impulse, Vampire Hexmage"
"29","3","Green/White","GW Counters","Enchantments, Humans, Creatures","15","8","17","3.26","Elspeth, Sun's Champion, Umezawa's Jitte, Windswept Heath, Verdurous Gearhulk, Knight of the Reliquary, Scattered Groves, Archangel Avacyn, Tarmogoyf, Archangel of Thune, Rhonas the Indomitable, Pacifism, Oracle of Mul Daya, Renegade Rallier, Mikaeus, the Lunarch, Hidden Dragonslayer, Raging Ravine, Mana Tithe, Razorverge Thicket, Elesh Norn, Grand Cenobite, Boon Satyr, Flickerwisp, Plains, Plains, Plains, Plains, Plains, Plains, Plains, Plains, Plains, Plains, Oblivion Ring, Thraben Inspector, Canopy Vista, Restoration Angel, Glorious Anthem, Dryad Arbor, Elspeth, Knight-Errant, Banishing Light, Temple Garden","Twisted Abomination, Settle the Wreckage, Geist of Saint Traft, Mishra's Bauble, Godless Shrine, Mogg Fanatic, Evolving Wilds, Lightning Greaves, Day of Judgment, Kessig Prowler, Makeshift Mannequin, Dragonlord Atarka, Loxodon Warhammer, Hangarback Walker, Siege Rhino"
"29","4","Green","G Ramp","Shamans","15","8","17","3.83","Reclamation Sage, Green Sun's Zenith, Leatherback Baloth, Sylvan Caryatid, Scavenging Ooze, Plow Under, Woodfall Primus, Eternal Witness, Hedron Archive, Wall of Roots, Chord of Calling, Llanowar Elves, Beast Within, Summoner's Pact, Elvish Piper, Lotus Cobra, Emrakul, the Aeons Torn, Joraga Treespeaker, Primeval Titan, Ghalta, Primal Hunger, Forest, Forest, Forest, Forest, Forest, Forest, Forest, Forest, Forest, Forest, Forest, Forest, Forest, Forest, Forest, Forest, Forest, Fertile Ground, Quicksilver Amulet, Sakura-Tribe Elder","Lotus Bloom, Chart a Course, Talara's Battalion, Kiora, Master of the Depths, Ingot Chewer, Stomping Ground, Breeding Pool, Grim Flayer, Consecrated Sphinx, Phyrexian Metamorph, Ashen Rider, Blooming Marsh, Unsummon, Manamorphose, Ornithopter, Naturalize, Shrapnel Blast, Boomerang, Scarecrone, Dig Through Time, Kird Ape, Vedalken Shackles"
"29","5","White","W Weenie","Humans, Creatures","17","6","17","2.39","Judge's Familiar, Angel of Invention, Journey to Nowhere, Stoneforge Mystic, Spectral Procession, Monastery Mentor, Hero of Bladehold, Brimaz, King of Oreskos, Gideon, Ally of Zendikar, Savannah Lions, Selfless Spirit, Knight of the White Orchid, Leonin Relic-Warder, Thalia, Guardian of Thraben, Banisher Priest, Celestial Crusader, Gideon's Lawkeeper, Plains, Plains, Plains, Plains, Plains, Plains, Plains, Plains, Plains, Plains, Plains, Plains, Plains, Plains, Plains, Plains, Isamaru, Hound of Konda, Path to Exile, Seeker of the Way, Kytheon, Hero of Akros, Honor of the Pure, Hallowed Fountain, Legion's Landing","Qasali Pridemage, Spell Queller, Acidic Slime, Condemn, Censor, Murmuring Bosk, Zurgo Bellstriker, Walking Ballista, Huntmaster of the Fells, Mantis Rider, Battlefield Forge, Zurgo Helmsmasher, Pia and Kiran Nalaar, Earthquake, Bomat Courier, Frogmite, Secure the Wastes, Phantasmal Image, Clifftop Retreat, Steelshaper's Gift, Temple of Silence"
"29","6","Black/Blue","BU Artifacts","Artifacts","9","14","17","3.78","Solemn Simulacrum, Everflowing Chalice, Karn Liberated, Sensei's Divining Top, Master of Etherium, Sword of the Meek, Concealed Courtyard, Myr Enforcer, Fetid Pools, Icy Manipulator, Talisman of Dominance, Swamp, Swamp, Swamp, Swamp, Swamp, Skullclamp, Cranial Plating, Isolated Chapel, Thopter Foundry, Inventors' Fair, Steel Overseer, Gilded Lotus, Lodestone Golem, Mindslaver, Island, Island, Island, Island, Island, Island, Myr Battlesphere, Scalding Tarn, Wurmcoil Engine, Marsh Flats, Inkwell Leviathan, Mox Opal, Blightsteel Colossus, Chrome Mox, Chromatic Star","Lingering Souls, Ulamog, the Ceaseless Hunger, Sphinx of the Steel Wind, Ratchet Bomb, Mind Shatter, Crib Swap, Inspiring Vantage, Whip of Erebos, Commit // Memory, Porcelain Legionnaire, Sheoldred, Whispering One, Overgrown Tomb, Disenchant, Zombify, Mana Leak, Sheltered Thicket"
"29","7","Green/Blue","GU Ramp","Green/Blue","15","8","17","2.96","Avacyn's Pilgrim, Misty Rainforest, Thrun, the Last Troll, Mystic Snake, Elves of Deep Shadow, Deathrite Shaman, Mulldrifter, Biomass Mutation, Llanowar Wastes, Krosan Grip, Yavimaya Coast, Courser of Kruphix, Farseek, Serum Visions, Woodland Bellower, Sower of Temptation, Wooded Foothills, Verdant Catacombs, Opt, Botanical Sanctum, Craterhoof Behemoth, Whisperwood Elemental, Noble Hierarch, Riftwing Cloudskate, Island, Forest, Forest, Forest, Forest, Forest, Forest, Treetop Village, Plains, Plains, Birds of Paradise, Commune with Nature, Remand, Tireless Tracker, Birthing Pod, Hinterland Harbor","Cruel Ultimatum, Ensoul Artifact, Abrupt Decay, Hazoret the Fervent, Chromatic Sphere, Sacred Foundry, Lightning Axe, Disallow, Rancor, Crystal Shard, Mana Confluence, Sundering Titan, Unburial Rites, Urborg, Tomb of Yawgmoth"
"29","8","Red/Blue","RU Spellslinger","Spells, Humans","9","14","17","2.65","Electrolyze, Steam Vents, Terramorphic Expanse, Gitaxian Probe, Zealous Conscripts, Vendilion Clique, Splinter Twin, Dissolve, Stormchaser Mage, Negate, Deceiver Exarch, Lightning Bolt, Jace, Vryn's Prodigy, Young Pyromancer, Sulfur Falls, Bribery, Temple of Epiphany, Jace, the Mind Sculptor, Pestermite, Flame Slash, Incendiary Flow, Bloodwater Entity, Ancestral Vision, Kiki-Jiki, Mirror Breaker, Cryptic Command, Mountain, Mountain, Mountain, Preordain, Island, Island, Island, Island, Island, Island, Island, Island, Island, Logic Knot, Spirebluff Canal","Bedlam Reveler, Talisman of Indulgence, Grim Lavamancer, Irrigated Farmland, Simian Spirit Guide, Chromatic Lantern, Gatekeeper of Malakir, Chandra, Fire of Kaladesh, Sphinx's Revelation, Disfigure, Liliana, Death's Majesty, Maelstrom Pulse, Through the Breach, Siege-Gang Commander, Reciprocate, Hero of Oxid Ridge, Ajani Vengeant"
"30","1","Green","G Ramp","Creatures","20","3","17","3.78","Utopia Sprawl, Avacyn's Pilgrim, Green Sun's Zenith, Thragtusk, Thrun, the Last Troll, Sylvan Caryatid, Garruk Wildspeaker, Elves of Deep Shadow, Acidic Slime, Windswept Heath, Woodfall Primus, Eternal Witness, Llanowar Wastes, Fauna Shaman, Hornet Queen, Scattered Groves, Tarmogoyf, Woodland Bellower, Wooded Foothills, Lotus Cobra, Carnage Tyrant, Craterhoof Behemoth, Whisperwood Elemental, Noble Hierarch, Primeval Titan, Forest, Forest, Forest, Forest, Forest, Forest, Forest, Forest, Forest, Forest, Forest, Master of the Wild Hunt, Tireless Tracker, Dryad Arbor, Hinterland Harbor","Solemn Simulacrum, Leatherback Baloth, Zurgo Bellstriker, Archangel of Thune, Mantis Rider, Manamorphose, Maelstrom Pulse, Kiki-Jiki, Mirror Breaker, Evolving Wilds, Gemstone Caverns, Kessig Prowler, Sheltered Thicket, Siege Rhino, Hero of Oxid Ridge, Birthing Pod, Dismember"
"30","2","Black/Blue","BU Tempo","Spells","7","16","17","2.65","Chart a Course, Fatal Push, Terramorphic Expanse, Snapcaster Mage, Go for the Throat, Fetid Pools, Inquisition of Kozilek, Censor, Vendetta, Swamp, Swamp, Swamp, Swamp, Swamp, Swamp, Swamp, Swamp, Serum Visions, Doom Blade, Opt, Disfigure, Drowned Catacomb, Disallow, Island, Island, Island, Ashiok, Nightmare Weaver, Skinrender, Hostage Taker, The Scarab God, Sunken Hollow, Ultimate Price, Urborg, Tomb of Yawgmoth, Kalitas, Traitor of Ghet, Thoughtseize, Polluted Delta, Grave Titan, Dig Through Time, Bitterblossom, Vampire Nighthawk","Elspeth, Sun's Champion, Deathrite Shaman, Blackmail, Caves of Koilos, Skysovereign, Consul Flagship, Goblin Guide, Whip of Erebos, Gatekeeper of Malakir, Godless Shrine, Mikaeus, the Lunarch, Crypt Ghast, Celestial Crusader, Repeal, Boomerang, Devil's Play, Vampire Hexmage"
"30","3","Black/Red","BR Sneak and Show","Spells","8","15","17","3.87","Hero's Downfall, Liliana of the Veil, Inferno Titan, Cathartic Reunion, Twisted Abomination, Talisman of Indulgence, Creeping Tar Pit, Concealed Courtyard, Faithless Looting, Goryo's Vengeance, Kolaghan's Command, Pack Rat, Swamp, Swamp, Swamp, Swamp, Swamp, Swamp, Swamp, Swamp, Terminate, Dark Petition, Tasigur, the Golden Fang, Raging Ravine, Sheoldred, Whispering One, Overgrown Tomb, Mountain, Mountain, Mountain, Zombify, Street Wraith, Through the Breach, Woodland Cemetery, Unburial Rites, Damnation, Heir of Falkenrath, Dreadbore, Makeshift Mannequin, Cinder Glade, Griselbrand","Karn Liberated, Diabolic Tutor, Abrupt Decay, Mind Shatter, Phyrexian Metamorph, Talisman of Dominance, Chromatic Lantern, Huntmaster of the Fells, Liliana, the Last Hope, Bribery, Kitesail Freebooter, Murderous Cut, Myr Battlesphere, Dragonlord Atarka, Bloodghast, Desecration Demon"
"30","4","White","W Weenie","Humans, Creatures","19","4","17","2.39","Blade Splicer, Angel of Invention, Stoneforge Mystic, Archangel Avacyn, Sacred Foundry, Hero of Bladehold, Knight of the Holy Nimbus, Gideon, Ally of Zendikar, Savannah Lions, Porcelain Legionnaire, Battlefield Forge, Selfless Spirit, Knight of the White Orchid, Adanto Vanguard, Thalia, Guardian of Thraben, Banisher Priest, Mountain, Flickerwisp, Gideon's Lawkeeper, Plains, Plains, Plains, Plains, Plains, Plains, Plains, Plains, Plains, Plains, Plains, Plains, Plains, Plains, Thraben Inspector, Figure of Destiny, Isamaru, Hound of Konda, Kytheon, Hero of Akros, Banishing Light, Legion's Landing, Spear of Heliod","Soul-Scar Mage, Qasali Pridemage, Spell Queller, Goblin Rabblemaster, Crib Swap, Journey to Nowhere, Wrath of God, Knight of the Reliquary, Oona's Prowler, Kitchen Finks, Chord of Calling, Lightning Helix, Razorverge Thicket, Disenchant, Secure the Wastes, Sun Titan, Chrome Mox, Oust, Temple Garden, Kird Ape"
"30","5","Blue/White","UW Control","Artifacts","6","17","17","3.17","Coalition Relic, Glacial Fortress, Lotus Bloom, Everflowing Chalice, Sensei's Divining Top, Sphinx of the Steel Wind, Hedron Archive, Icy Manipulator, Condemn, Prairie Stream, Wall of Omens, Sphinx's Revelation, Jace, the Mind Sculptor, Inventors' Fair, Ancestral Vision, Gilded Lotus, Lodestone Golem, Mindslaver, Island, Island, Island, Plains, Plains, Plains, Plains, Plains, Plains, Plains, Plains, Day of Judgment, Batterskull, Wurmcoil Engine, Steelshaper's Gift, Marsh Flats, Restoration Angel, Quicksilver Amulet, Temple of Silence, Scarecrone, Shelldock Isle, Chromatic Star","Ulamog, the Ceaseless Hunger, Judge's Familiar, Biomass Mutation, Consecrated Sphinx, Monastery Mentor, Jace, Vryn's Prodigy, Glen Elendra Archmage, Summoner's Pact, Ravenous Chupacabra, Unsummon, Logic Knot, Phantasmal Image, Shrapnel Blast, Temple of Malady, Siege-Gang Commander, Ajani Vengeant"
"30","6","Green/Blue","GU Ramp","Spells","14","9","17","4.35","Ponder, Reclamation Sage, Misty Rainforest, Kiora, Master of the Depths, Mystic Snake, Breeding Pool, Vendilion Clique, Wall of Roots, Yavimaya Coast, Courser of Kruphix, Farseek, Sower of Temptation, Rhonas the Indomitable, Verdant Catacombs, Temple of Mystery, Harmonize, Elvish Piper, Emrakul, the Aeons Torn, Cryptic Command, Riftwing Cloudskate, Ghalta, Primal Hunger, Island, Island, Island, Island, Forest, Forest, Forest, Forest, Forest, Forest, Forest, Treetop Village, Ulamog, the Infinite Gyre, Naturalize, Commune with Nature, Cyclonic Rift, Inkwell Leviathan, Sakura-Tribe Elder, Pact of Negation","Talara's Battalion, Collected Company, Chromatic Sphere, Bloodbraid Elf, Ashen Rider, Pacifism, Mishra's Bauble, Renegade Rallier, Isolated Chapel, Hidden Dragonslayer, Elesh Norn, Grand Cenobite, Hellspark Elemental, Lightning Greaves, Sundering Titan, Phyrexian Arena, Talisman of Impulse"
"30","7","Red/Blue","RU Artifacts","Artifacts","7","16","17","2.30","Steam Vents, Master of Etherium, Umezawa's Jitte, Sword of the Meek, Ratchet Bomb, Pyrite Spellbomb, Sword of Fire and Ice, Inspiring Vantage, Tezzeret the Seeker, Aether Spellbomb, Swamp, Swamp, Arcbound Ravager, Skullclamp, Inkmoth Nexus, Sulfur Falls, Temple of Triumph, Cranial Plating, Etched Champion, Pia and Kiran Nalaar, Celestial Colonnade, Thopter Foundry, Torrential Gearhulk, Frogmite, Remove Soul, Island, Island, Island, Island, Island, Springleaf Drum, Galvanic Blast, Clifftop Retreat, Hangarback Walker, Mox Opal, Trash for Treasure, Spirebluff Canal, Hallowed Fountain, City of Brass, Vedalken Shackles","Ingot Chewer, Grim Flayer, Negate, Grim Lavamancer, Temur Charm, Rakdos's Return, Chandra, Fire of Kaladesh, Leonin Relic-Warder, Izzet Charm, Mana Confluence, Pyroclasm, Delver of Secrets"
"30","8","Red/Blue","RU Spellslinger","Spells, Humans","8","15","17","2.35","Sleight of Hand, Chandra, Torch of Defiance, Gitaxian Probe, Zealous Conscripts, Splinter Twin, Stormchaser Mage, Deceiver Exarch, Lightning Bolt, Treasure Cruise, Young Pyromancer, Pestermite, Flame Slash, Incendiary Flow, Bloodwater Entity, Mountain, Mountain, Mountain, Mountain, Mountain, Mountain, Mountain, Mountain, Mountain, Mountain, Mountain, Shock, Searing Spear, Burst Lightning, Preordain, Island, Island, Island, Island, Island, Scalding Tarn, Remand, Incinerate, Monastery Swiftspear, Thing in the Ice, Abrade","Venser, Shaper Savant, Canyon Slough, Dark Confidant, Rift Bolt, Hazoret the Fervent, Irrigated Farmland, Blood Crypt, Simian Spirit Guide, Blackcleave Cliffs, Ball Lightning, Night's Whisper, Lightning Axe, Condescend, Glorybringer, Goblin Dark-Dwellers, Jace Beleren, Crystal Shard, Sword of Feast and Famine, Honor of the Pure, Hellrider, Bloodstained Mire"
"31","1","Black/Blue","BU Tempo","Spells","9","14","17","3.04","Electrolyze, Venser, Shaper Savant, Diabolic Tutor, Gitaxian Probe, Canyon Slough, Mulldrifter, Creeping Tar Pit, Dissolve, Consecrated Sphinx, Fetid Pools, Shadowmage Infiltrator, Blood Crypt, Talisman of Dominance, Swamp, Swamp, Swamp, Opt, Disallow, Mountain, Torrential Gearhulk, Repeal, Island, Island, Island, Island, Island, Island, Island, Logic Knot, Ashiok, Nightmare Weaver, Murderous Cut, Skinrender, The Scarab God, Damnation, Spell Pierce, Chrome Mox, Delver of Secrets, Shelldock Isle, Watery Grave, Vampire Nighthawk","Cruel Ultimatum, Karn Liberated, Spell Queller, Deathrite Shaman, Concealed Courtyard, Phyrexian Obliterator, Farseek, Oona's Prowler, Rakdos's Return, Wall of Omens, Terminate, Celestial Colonnade, Bloodwater Entity, Maelstrom Pulse, Dreadbore, Cinder Glade"
"31","2","Black/Green","BG Graveyard","Creatures","17","6","17","4.43","Ulamog, the Ceaseless Hunger, Thragtusk, Twisted Abomination, Sylvan Caryatid, Collective Brutality, Woodfall Primus, Dread Return, Fauna Shaman, Hornet Queen, Swamp, Swamp, Swamp, Swamp, Swamp, Swamp, Swamp, Swamp, Doom Blade, Shriekmaw, Lotus Cobra, Carnage Tyrant, Sheoldred, Whispering One, Overgrown Tomb, Noxious Gearhulk, Primeval Titan, Forest, Forest, Forest, Forest, Forest, Forest, Wurmcoil Engine, Birds of Paradise, Temple of Malady, Sakura-Tribe Elder, Dryad Arbor, Thoughtseize, Grave Titan, Birthing Pod, Bitterblossom","Talara's Battalion, Lingering Souls, Stomping Ground, Caves of Koilos, Knight of the Reliquary, Murmuring Bosk, Skysovereign, Consul Flagship, Woodland Bellower, Gatekeeper of Malakir, Relic of Progenitus, Dark Petition, Night's Whisper, Manamorphose, Crypt Ghast, Mindslaver, Sunken Hollow, Batterskull, Phyrexian Arena, Devil's Play"
"31","3","Green/White","GW Counters","Enchantments, Humans, Creatures","18","5","17","2.74","Reclamation Sage, Avacyn's Pilgrim, Misty Rainforest, Collected Company, Qasali Pridemage, Garruk Wildspeaker, Scavenging Ooze, Horizon Canopy, Angel of Invention, Windswept Heath, Journey to Nowhere, Archangel Avacyn, Courser of Kruphix, Brimaz, King of Oreskos, Rhonas the Indomitable, Savannah Lions, Mikaeus, the Lunarch, Botanical Sanctum, Whisperwood Elemental, Razorverge Thicket, Noble Hierarch, Thalia, Guardian of Thraben, Banisher Priest, Joraga Treespeaker, Boon Satyr, Forest, Forest, Forest, Treetop Village, Plains, Plains, Plains, Plains, Plains, Canopy Vista, Glorious Anthem, Tireless Tracker, Banishing Light, Flooded Strand, Temple Garden","Utopia Sprawl, Biomass Mutation, Spectral Procession, Ball Lightning, Lightning Helix, Craterhoof Behemoth, Ghalta, Primal Hunger, Street Wraith, Fertile Ground, Day of Judgment, Commune with Nature, Steelshaper's Gift, Reciprocate"
"31","4","Red/Blue","RU Spellslinger","Spells","7","16","17","2.83","Sleight of Hand, Shivan Reef, Steam Vents, Vendilion Clique, Splinter Twin, Stormchaser Mage, Deceiver Exarch, Lightning Bolt, Serum Visions, Commit // Memory, Treasure Cruise, Young Pyromancer, Sulfur Falls, Temple of Epiphany, Unsummon, Pestermite, Condescend, Ancestral Vision, Izzet Charm, Kiki-Jiki, Mirror Breaker, Cryptic Command, Preordain, Riftwing Cloudskate, Remove Soul, Island, Island, Island, Island, Island, Island, Island, Island, Island, Island, Mana Leak, Scalding Tarn, Remand, Spirebluff Canal, Polluted Delta, Arc Trail","Lotus Bloom, Inferno Titan, Cathartic Reunion, Goblin Rabblemaster, Bloodbraid Elf, Temur Charm, Simian Spirit Guide, Ashen Rider, Knight of the Holy Nimbus, Battlefield Forge, Sword of Feast and Famine, Quicksilver Amulet, Char, Trash for Treasure, Hinterland Harbor"
"31","5","Blue","U Artifacts","Artifacts, Golems","13","10","17","3.35","Solemn Simulacrum, Ensoul Artifact, Sensei's Divining Top, Master of Etherium, Sword of the Meek, Myr Enforcer, Chromatic Sphere, Tezzeret the Seeker, Tidehollow Sculler, Swamp, Swamp, Swamp, Swamp, Swamp, Arcbound Ravager, Inkmoth Nexus, Cranial Plating, Phyrexian Revoker, Etched Champion, Isolated Chapel, Inventors' Fair, Steel Overseer, Lodestone Golem, Island, Island, Island, Island, Island, Island, Island, Island, Plains, Springleaf Drum, Myr Battlesphere, Sundering Titan, Mox Opal, Blightsteel Colossus, Scarecrone, Vedalken Shackles, Chromatic Star","Sphinx of the Steel Wind, Talisman of Indulgence, Settle the Wreckage, Pyrite Spellbomb, Condemn, Sphinx's Revelation, Raging Ravine, Leonin Relic-Warder, Disenchant, Bomat Courier, Secure the Wastes, Ulamog, the Infinite Gyre, Through the Breach, Crystal Shard, Kytheon, Hero of Akros, Pact of Negation, Search for Azcanta, Spear of Heliod, Dismember"
"31","6","Blue/White","UW Control","Humans","14","9","17","2.87","Glacial Fortress, Elspeth, Sun's Champion, Negate, Wrath of God, Stoneforge Mystic, Monastery Mentor, Censor, Geist of Saint Traft, Frost Titan, Gideon, Ally of Zendikar, Prairie Stream, Sower of Temptation, Jace, Vryn's Prodigy, Pacifism, Selfless Spirit, Knight of the White Orchid, Jace, the Mind Sculptor, Mana Tithe, Island, Island, Island, Island, Sun Titan, Gideon's Lawkeeper, Plains, Plains, Plains, Plains, Plains, Plains, Plains, Plains, Plains, Plains, Phantasmal Image, Thraben Inspector, Restoration Angel, Oust, Hallowed Fountain, Thing in the Ice","Plow Under, Mind Shatter, Crib Swap, Sword of Fire and Ice, Hedron Archive, Icy Manipulator, Yavimaya Coast, Hero of Bladehold, Archangel of Thune, Mantis Rider, Porcelain Legionnaire, Pia and Kiran Nalaar, Thopter Foundry, Adanto Vanguard, Gilded Lotus, Celestial Crusader, Clifftop Retreat, Inkwell Leviathan, Seeker of the Way"
"31","7","Black/Green","BG Graveyard","Spells","15","8","17","2.74","Fatal Push, Cryptbreaker, Abrupt Decay, Elves of Deep Shadow, Dark Confidant, Grim Flayer, Go for the Throat, Llanowar Wastes, Duress, Inquisition of Kozilek, Goryo's Vengeance, Brain Maggot, Tarmogoyf, Swamp, Swamp, Swamp, Swamp, Swamp, Swamp, Swamp, Swamp, Swamp, Swamp, Verdant Catacombs, Godless Shrine, Hypnotic Specter, Tasigur, the Golden Fang, Massacre Wurm, Forest, Woodland Cemetery, Unburial Rites, Heir of Falkenrath, Ultimate Price, Marsh Flats, Kalitas, Traitor of Ghet, Bloodghast, Desecration Demon, Griselbrand, Bloodstained Mire, Vampire Hexmage","Thrun, the Last Troll, Krosan Grip, Kitchen Finks, Huntmaster of the Fells, Glen Elendra Archmage, Chord of Calling, Renegade Rallier, Beast Within, Hidden Dragonslayer, Elesh Norn, Grand Cenobite, Glorybringer, Oblivion Ring, Naturalize, Dragonlord Atarka, Sheltered Thicket, Siege Rhino"
"31","8","Red","R Burn","Spells, Humans","13","10","17","2.17","Soul-Scar Mage, Bedlam Reveler, Abbot of Keral Keep, Chandra, Torch of Defiance, Umezawa's Jitte, Rift Bolt, Hazoret the Fervent, Grim Lavamancer, Goblin Guide, Kari Zev, Skyship Raider, Mogg Fanatic, Lightning Axe, Incendiary Flow, Mountain, Mountain, Mountain, Mountain, Mountain, Mountain, Mountain, Mountain, Mountain, Mountain, Mountain, Mountain, Mountain, Mountain, Mountain, Mountain, Mountain, Hellspark Elemental, Shock, Burst Lightning, Figure of Destiny, Galvanic Blast, Incinerate, Monastery Swiftspear, Hellrider, Tarfire, Hero of Oxid Ridge","Coalition Relic, Leatherback Baloth, Kolaghan's Command, Aether Spellbomb, Pack Rat, Blackcleave Cliffs, Mishra's Bauble, Vault Skirge, Earthquake, Evolving Wilds, Goblin Dark-Dwellers, Gemstone Caverns, Arid Mesa, Isamaru, Hound of Konda, Mana Confluence, Kessig Prowler, Shrapnel Blast, Cyclonic Rift, City of Brass, Legion's Landing, Ajani Vengeant, Kird Ape"
"32","1","White","W Weenie","Artifacts, Humans, Creatures","16","7","17","1.91","Student of Warfare, Blade Splicer, Angel of Invention, Concealed Courtyard, Hero of Bladehold, Smuggler's Copter, Knight of the Holy Nimbus, Swamp, Arcbound Ravager, Mishra's Bauble, Vault Skirge, Skullclamp, Porcelain Legionnaire, Cranial Plating, Knight of the White Orchid, Inventors' Fair, Steel Overseer, Thalia, Guardian of Thraben, Banisher Priest, Ornithopter, Gideon's Lawkeeper, Plains, Plains, Plains, Plains, Plains, Plains, Plains, Plains, Plains, Plains, Plains, Plains, Plains, Plains, Isamaru, Hound of Konda, Steelshaper's Gift, Glorious Anthem, Kytheon, Hero of Akros, Legion's Landing","Talara's Battalion, Misty Rainforest, Sensei's Divining Top, Master of Etherium, Terramorphic Expanse, Sword of the Meek, Archangel of Thune, Skysovereign, Consul Flagship, Tidehollow Sculler, Beast Within, Hidden Dragonslayer, Thopter Foundry, Razorverge Thicket, Rancor, Lodestone Golem, Frogmite, Sun Titan, Lightning Greaves, Fertile Ground, Canopy Vista"
"32","2","Blue/White","UW Control","Spells","6","17","17","3.26","Glacial Fortress, Elspeth, Sun's Champion, Spell Queller, Settle the Wreckage, Journey to Nowhere, Condemn, Monastery Mentor, Irrigated Farmland, Geist of Saint Traft, Gideon, Ally of Zendikar, Prairie Stream, Jace, Vryn's Prodigy, Wall of Omens, Bribery, Opt, Jace, the Mind Sculptor, Celestial Colonnade, Cryptic Command, Evolving Wilds, Remove Soul, Island, Island, Island, Plains, Plains, Plains, Plains, Plains, Plains, Plains, Mana Leak, Jace Beleren, Day of Judgment, Restoration Angel, Elspeth, Knight-Errant, Oust, Hallowed Fountain, Flooded Strand, Dig Through Time, Vedalken Shackles","Avacyn's Pilgrim, Judge's Familiar, Crib Swap, Caves of Koilos, Stoneforge Mystic, Scattered Groves, Brimaz, King of Oreskos, Selfless Spirit, Temple of Mystery, Leonin Relic-Warder, Elesh Norn, Grand Cenobite, Flickerwisp, Crystal Shard, Unburial Rites, Honor of the Pure"
"32","3","Red","R Burn","Humans","15","8","17","2.52","Soul-Scar Mage, Bedlam Reveler, Chandra, Torch of Defiance, Zealous Conscripts, Goblin Rabblemaster, Rift Bolt, Sacred Foundry, Zurgo Bellstriker, Goblin Guide, Kari Zev, Skyship Raider, Mogg Fanatic, Pia and Kiran Nalaar, Dead // Gone, Mountain, Mountain, Mountain, Mountain, Mountain, Mountain, Mountain, Mountain, Mountain, Mountain, Mountain, Mountain, Mountain, Mountain, Mountain, Mountain, Hellspark Elemental, Searing Spear, Figure of Destiny, Galvanic Blast, Monastery Swiftspear, Char, Devil's Play, Hellrider, Tarfire, Hero of Oxid Ridge, Kird Ape","Aurelia, the Warleader, Qasali Pridemage, Stomping Ground, Plow Under, Knight of the Reliquary, Murmuring Bosk, Savannah Lions, Whisperwood Elemental, Adanto Vanguard, Kiki-Jiki, Mirror Breaker, Disenchant, Boon Satyr, Secure the Wastes, Oblivion Ring, Gemstone Caverns, Mana Confluence, Kessig Prowler, Siege Rhino, Seeker of the Way, Temple of Silence, Banishing Light"
"32","4","Black/Green","BG Graveyard","Humans","13","10","17","2.74","Green Sun's Zenith, Thragtusk, Eldritch Evolution, Garruk Wildspeaker, Abrupt Decay, Elves of Deep Shadow, Dark Confidant, Grim Flayer, Deathrite Shaman, Windswept Heath, Llanowar Wastes, Swamp, Swamp, Doom Blade, Liliana, the Last Hope, Wooded Foothills, Blooming Marsh, Verdant Catacombs, Ravenous Chupacabra, Isolated Chapel, Lotus Cobra, Craterhoof Behemoth, Maelstrom Pulse, Overgrown Tomb, Noble Hierarch, Forest, Forest, Forest, Forest, Forest, Forest, Forest, Woodland Cemetery, Birds of Paradise, Kalitas, Traitor of Ghet, Sakura-Tribe Elder, Tireless Tracker, Birthing Pod, Bitterblossom, Dismember","Biomass Mutation, Woodfall Primus, Fauna Shaman, Verdurous Gearhulk, Hornet Queen, Bloodbraid Elf, Chord of Calling, Harmonize, Raging Ravine, Ghalta, Primal Hunger, Commune with Nature, Master of the Wild Hunt, Reciprocate, Vampire Hexmage"
"32","5","Black/Blue","BU Tempo","Artifacts","15","8","17","3.13","Ponder, Vendilion Clique, Creeping Tar Pit, Fetid Pools, Phyrexian Metamorph, Shadowmage Infiltrator, Phyrexian Obliterator, Aether Spellbomb, Swamp, Swamp, Swamp, Swamp, Swamp, Glen Elendra Archmage, Shriekmaw, Hypnotic Specter, Phyrexian Revoker, Drowned Catacomb, Pestermite, Repeal, Island, Island, Island, Island, Island, Island, Island, Ashiok, Nightmare Weaver, Murderous Cut, Hostage Taker, The Scarab God, Looter il-Kor, Batterskull, Wurmcoil Engine, Remand, Bloodghast, Thoughtseize, Polluted Delta, Watery Grave, Vampire Nighthawk","Lingering Souls, Leatherback Baloth, Thrun, the Last Troll, Chromatic Sphere, Hedron Archive, Icy Manipulator, Temur Charm, Zurgo Helmsmasher, Renegade Rallier, Summoner's Pact, Carnage Tyrant, Gilded Lotus, Glorybringer, Sword of Feast and Famine, Loxodon Warhammer, Inkwell Leviathan, Hangarback Walker"
"32","6","Black/Red/Blue","BRU Artifacts","Artifacts, Spells","5","18","17","3.83","Coalition Relic, Talisman of Progress, Cruel Ultimatum, Lotus Bloom, Sleight of Hand, Ulamog, the Ceaseless Hunger, Karn Liberated, Shivan Reef, Ingot Chewer, Sphinx of the Steel Wind, Talisman of Indulgence, Dissolve, Negate, Tezzeret the Seeker, Talisman of Dominance, Swamp, Swamp, Swamp, Relic of Progenitus, Temple of Triumph, Temple of Epiphany, Emrakul, the Aeons Torn, Earthquake, Izzet Charm, Mountain, Mountain, Torrential Gearhulk, Island, Island, Island, Island, Island, Island, Island, Scalding Tarn, Mox Opal, Pyroclasm, Trash for Treasure, Bloodstained Mire, Chromatic Star","Ensoul Artifact, Chart a Course, Mystic Snake, Acidic Slime, Myr Enforcer, Consecrated Sphinx, Krosan Grip, Woodland Bellower, Botanical Sanctum, Manamorphose, Shock, Logic Knot, Goblin Dark-Dwellers, Ultimate Price, Pact of Negation, Ajani Vengeant, Abrade"
"32","7","Black","B Midrange","Spells","10","13","17","3.57","Hero's Downfall, Liliana of the Veil, Twisted Abomination, Diabolic Tutor, Cryptbreaker, Blackmail, Dread Return, Inquisition of Kozilek, Oona's Prowler, Vendetta, Whip of Erebos, Pack Rat, Swamp, Swamp, Swamp, Swamp, Swamp, Swamp, Swamp, Swamp, Swamp, Swamp, Swamp, Swamp, Swamp, Swamp, Swamp, Inkmoth Nexus, Gatekeeper of Malakir, Dark Petition, Liliana, Death's Majesty, Night's Whisper, Sheoldred, Whispering One, Massacre Wurm, Zombify, Street Wraith, Damnation, Heir of Falkenrath, Urborg, Tomb of Yawgmoth, Griselbrand","Utopia Sprawl, Breeding Pool, Horizon Canopy, Faithless Looting, Inspiring Vantage, Kolaghan's Command, Rhonas the Indomitable, Terminate, Disfigure, Ulamog, the Infinite Gyre, Dragonlord Atarka, Siege-Gang Commander, Cinder Glade, Quicksilver Amulet, Phyrexian Arena, Desecration Demon, Arc Trail, City of Brass, Scarecrone, Spear of Heliod"
"32","8","Red/Blue","RU Spellslinger","Spells, Humans","8","15","17","2.65","Electrolyze, Abbot of Keral Keep, Steam Vents, Gitaxian Probe, Snapcaster Mage, Stormchaser Mage, Censor, Deceiver Exarch, Serum Visions, Commit // Memory, Sower of Temptation, Treasure Cruise, Young Pyromancer, Unsummon, Disallow, Incendiary Flow, Bloodwater Entity, Condescend, Ancestral Vision, Mountain, Mountain, Mountain, Mountain, Mountain, Mountain, Burst Lightning, Island, Island, Island, Island, Island, Island, Island, Island, Incinerate, Time Warp, Boomerang, Spirebluff Canal, Delver of Secrets, Shelldock Isle","Inferno Titan, Mind Shatter, Pyrite Spellbomb, Smoldering Marsh, Wall of Roots, Yavimaya Coast, Simian Spirit Guide, Ashen Rider, Kitchen Finks, Huntmaster of the Fells, Chandra, Fire of Kaladesh, Ball Lightning, Mana Tithe, Naturalize, Phantasmal Image, Shrapnel Blast, Dreadbore, Chrome Mox, Hinterland Harbor"
"33","1","Black/Green","BG Graveyard","Elves, Creatures","19","4","17","4.43","Utopia Sprawl, Reclamation Sage, Misty Rainforest, Twisted Abomination, Cryptbreaker, Elves of Deep Shadow, Acidic Slime, Deathrite Shaman, Woodfall Primus, Llanowar Wastes, Fauna Shaman, Hornet Queen, Goryo's Vengeance, Swamp, Swamp, Swamp, Swamp, Verdant Catacombs, Llanowar Elves, Liliana, Death's Majesty, Elvish Piper, Carnage Tyrant, Sheoldred, Whispering One, Massacre Wurm, Maelstrom Pulse, Overgrown Tomb, Joraga Treespeaker, Primeval Titan, Ghalta, Primal Hunger, Forest, Forest, Forest, Forest, Forest, Forest, Forest, Forest, Woodland Cemetery, Grave Titan, Griselbrand","Avacyn's Pilgrim, Kiora, Master of the Depths, Karn Liberated, Leatherback Baloth, Thrun, the Last Troll, Phyrexian Metamorph, Inspiring Vantage, Phyrexian Obliterator, Archangel of Thune, Sower of Temptation, Doom Blade, Summoner's Pact, Night's Whisper, Boon Satyr, Naturalize, Birthing Pod, Hinterland Harbor"
"33","2","Black/Blue","BU Tempo","Spells","7","16","17","3.22","Venser, Shaper Savant, Terramorphic Expanse, Mulldrifter, Snapcaster Mage, Consecrated Sphinx, Swamp, Serum Visions, Treasure Cruise, Glen Elendra Archmage, Jace, the Mind Sculptor, Drowned Catacomb, Tasigur, the Golden Fang, Condescend, Cryptic Command, Preordain, Repeal, Island, Island, Island, Island, Island, Island, Island, Island, Island, Island, Ashiok, Nightmare Weaver, The Scarab God, Jace Beleren, Sunken Hollow, Remand, Cyclonic Rift, Time Warp, Boomerang, Polluted Delta, Flooded Strand, Pact of Negation, Search for Azcanta, Watery Grave, Dismember","Canyon Slough, Concealed Courtyard, Caves of Koilos, Knight of the Reliquary, Oona's Prowler, Whip of Erebos, Pacifism, Shriekmaw, Hypnotic Specter, Frogmite, Zombify, Street Wraith, Looter il-Kor, Crystal Shard, Kalitas, Traitor of Ghet, Delver of Secrets"
"33","3","White","W Weenie","Humans","13","10","17","2.22","Student of Warfare, Blade Splicer, Spectral Procession, Sacred Foundry, Knight of the Holy Nimbus, Savannah Lions, Skullclamp, Porcelain Legionnaire, Selfless Spirit, Adanto Vanguard, Thalia, Guardian of Thraben, Celestial Crusader, Gideon's Lawkeeper, Plains, Plains, Plains, Plains, Plains, Plains, Plains, Plains, Plains, Plains, Plains, Plains, Plains, Plains, Arid Mesa, Thraben Inspector, Figure of Destiny, Isamaru, Hound of Konda, Batterskull, Path to Exile, Clifftop Retreat, Steelshaper's Gift, Glorious Anthem, Elspeth, Knight-Errant, Honor of the Pure, Legion's Landing, Spear of Heliod","Talara's Battalion, Aurelia, the Warleader, Horizon Canopy, Journey to Nowhere, Sword of Fire and Ice, Monastery Mentor, Censor, Murmuring Bosk, Archangel Avacyn, Kolaghan's Command, Walking Ballista, Zurgo Helmsmasher, Etched Champion, Steel Overseer, Ornithopter, Bomat Courier, Secure the Wastes, Dreadbore, Reciprocate"
"33","4","Black/Green","BG Graveyard","Spells","12","11","17","2.52","Hero's Downfall, Liliana of the Veil, Green Sun's Zenith, Thragtusk, Sylvan Caryatid, Fatal Push, Garruk Wildspeaker, Abrupt Decay, Scavenging Ooze, Dark Confidant, Grim Flayer, Collective Brutality, Eternal Witness, Inquisition of Kozilek, Pack Rat, Swamp, Swamp, Swamp, Swamp, Swamp, Swamp, Swamp, Swamp, Swamp, Blooming Marsh, Oracle of Mul Daya, Ravenous Chupacabra, Forest, Forest, Forest, Forest, Forest, Murderous Cut, Birds of Paradise, Ultimate Price, Urborg, Tomb of Yawgmoth, Temple of Malady, Bloodghast, Bitterblossom, Vampire Nighthawk","Diabolic Tutor, Stomping Ground, Smoldering Marsh, Vendetta, Tidehollow Sculler, Dragonskull Summit, Gatekeeper of Malakir, Chord of Calling, Beast Within, Phyrexian Revoker, Dark Petition, Botanical Sanctum, Kitesail Freebooter, Razorverge Thicket, Crypt Ghast, Ulamog, the Infinite Gyre, Unburial Rites, Dragonlord Atarka, Temple Garden"
"33","5","Red","R Burn","Spells","9","14","17","2.17","Abbot of Keral Keep, Inferno Titan, Cathartic Reunion, Rift Bolt, Hazoret the Fervent, Lightning Bolt, Zurgo Bellstriker, Smuggler's Copter, Wooded Foothills, Chandra, Fire of Kaladesh, Lightning Axe, Manamorphose, Rootbound Crag, Mountain, Mountain, Mountain, Mountain, Mountain, Mountain, Mountain, Mountain, Mountain, Mountain, Mountain, Hellspark Elemental, Shock, Searing Spear, Forest, Forest, Incinerate, Monastery Swiftspear, Sheltered Thicket, Siege-Gang Commander, Cinder Glade, Char, Devil's Play, Tarfire, Arc Trail, Abrade, Kird Ape","Electrolyze, Collected Company, Shivan Reef, Biomass Mutation, Verdurous Gearhulk, Scattered Groves, Tarmogoyf, Skysovereign, Consul Flagship, Woodland Bellower, Rhonas the Indomitable, Vault Skirge, Hidden Dragonslayer, Lotus Cobra, Springleaf Drum, Kessig Prowler, Hangarback Walker, Tireless Tracker, Dryad Arbor"
"33","6","Black/Red/Blue","BRU Artifacts","Artifacts","7","16","17","3.09","Solemn Simulacrum, Lotus Bloom, Everflowing Chalice, Sensei's Divining Top, Master of Etherium, Sphinx of the Steel Wind, Talisman of Indulgence, Breeding Pool, Pyrite Spellbomb, Myr Enforcer, Chromatic Sphere, Hedron Archive, Fetid Pools, Tezzeret the Seeker, Aether Spellbomb, Chromatic Lantern, Swamp, Blackcleave Cliffs, Mishra's Bauble, Battlefield Forge, Godless Shrine, Temple of Epiphany, Thopter Foundry, Inventors' Fair, Mountain, Evolving Wilds, Mindslaver, Island, Island, Island, Island, Island, Island, Sundering Titan, Inkwell Leviathan, Mox Opal, Hallowed Fountain, Talisman of Impulse, Scarecrone, Chromatic Star","Ulamog, the Ceaseless Hunger, Dissolve, Deceiver Exarch, Mantis Rider, Terminate, Unsummon, Pia and Kiran Nalaar, Torrential Gearhulk, Disenchant, Shrapnel Blast, Pyroclasm, Thing in the Ice, Ajani Vengeant"
"33","7","White","W Weenie","Artifacts","9","14","17","3.35","Coalition Relic, Talisman of Progress, Elspeth, Sun's Champion, Angel of Invention, Crib Swap, Settle the Wreckage, Wrath of God, Stoneforge Mystic, Condemn, Hero of Bladehold, Brimaz, King of Oreskos, Gideon, Ally of Zendikar, Wall of Omens, Leonin Relic-Warder, Elesh Norn, Grand Cenobite, Gilded Lotus, Banisher Priest, Sun Titan, Plains, Plains, Plains, Plains, Plains, Plains, Plains, Plains, Plains, Plains, Plains, Plains, Plains, Plains, Plains, Plains, Plains, Day of Judgment, Sword of Feast and Famine, Chrome Mox, Oust, Banishing Light","Spell Queller, Sword of the Meek, Ratchet Bomb, Mind Shatter, Blackmail, Icy Manipulator, Temur Charm, Geist of Saint Traft, Ashen Rider, Talisman of Dominance, Relic of Progenitus, Temple of Mystery, Isolated Chapel, Ancestral Vision, Noxious Gearhulk, Treetop Village, Mana Confluence, Damnation, Marsh Flats, Temple of Silence, Phyrexian Arena, Vedalken Shackles"
"33","8","Red/Blue","RU Spellslinger","Spells, Humans","8","15","17","2.70","Ponder, Sleight of Hand, Steam Vents, Gitaxian Probe, Zealous Conscripts, Vendilion Clique, Splinter Twin, Stormchaser Mage, Negate, Faithless Looting, Commit // Memory, Jace, Vryn's Prodigy, Young Pyromancer, Sulfur Falls, Bribery, Opt, Pestermite, Incendiary Flow, Izzet Charm, Kiki-Jiki, Mirror Breaker, Mountain, Mountain, Mountain, Mountain, Mountain, Burst Lightning, Remove Soul, Island, Island, Island, Island, Island, Island, Island, Island, Logic Knot, Spell Pierce, Talrand, Sky Summoner, Spirebluff Canal, Shelldock Isle","Soul-Scar Mage, Cruel Ultimatum, Bedlam Reveler, Glacial Fortress, Plow Under, Shadowmage Infiltrator, Brain Maggot, Blood Crypt, Frost Titan, Rakdos's Return, Ball Lightning, Dead // Gone, Emrakul, the Aeons Torn, Goblin Dark-Dwellers, Through the Breach, Galvanic Blast, Heir of Falkenrath, Vampire Hexmage"
"34","1","Red/White","RW Burn","Spells, Humans","14","9","17","2.13","Soul-Scar Mage, Abbot of Keral Keep, Goblin Rabblemaster, Grim Lavamancer, Faithless Looting, Inspiring Vantage, Zurgo Bellstriker, Goblin Guide, Porcelain Legionnaire, Inkmoth Nexus, Battlefield Forge, Chandra, Fire of Kaladesh, Mogg Fanatic, Lightning Helix, Dead // Gone, Mountain, Mountain, Mountain, Mountain, Mountain, Mountain, Mountain, Mountain, Mountain, Mountain, Mountain, Mountain, Mountain, Shock, Searing Spear, Glorybringer, Figure of Destiny, Clifftop Retreat, Incinerate, Monastery Swiftspear, Siege-Gang Commander, Devil's Play, Hero of Oxid Ridge, Arc Trail, Abrade","Student of Warfare, Cathartic Reunion, Blade Splicer, Sword of Fire and Ice, Verdurous Gearhulk, Murmuring Bosk, Arcbound Ravager, Vault Skirge, Phyrexian Revoker, Adanto Vanguard, Thalia, Guardian of Thraben, Banisher Priest, Springleaf Drum, Scalding Tarn, Steelshaper's Gift, Mox Opal, Glorious Anthem, City of Brass"
"34","2","Green","G Ramp","Shamans","14","9","17","3.52","Kiora, Master of the Depths, Collected Company, Karn Liberated, Green Sun's Zenith, Eldritch Evolution, Sylvan Caryatid, Acidic Slime, Horizon Canopy, Windswept Heath, Eternal Witness, Fauna Shaman, Wall of Roots, Hornet Queen, Scattered Groves, Krosan Grip, Courser of Kruphix, Oracle of Mul Daya, Summoner's Pact, Elvish Piper, Craterhoof Behemoth, Razorverge Thicket, Noble Hierarch, Primeval Titan, Island, Forest, Forest, Forest, Forest, Forest, Forest, Forest, Forest, Treetop Village, Commune with Nature, Marsh Flats, Canopy Vista, Master of the Wild Hunt, Tireless Tracker, Flooded Strand, Birthing Pod","Elspeth, Sun's Champion, Qasali Pridemage, Sphinx of the Steel Wind, Journey to Nowhere, Stoneforge Mystic, Hero of Bladehold, Temple of Triumph, Renegade Rallier, Hidden Dragonslayer, Maelstrom Pulse, Frogmite, Sun Titan, Restoration Angel, Chrome Mox"
"34","3","Black","B Reanimator","Spells","11","12","17","4.30","Twisted Abomination, Diabolic Tutor, Cryptbreaker, Canyon Slough, Collective Brutality, Go for the Throat, Smoldering Marsh, Inquisition of Kozilek, Phyrexian Obliterator, Oona's Prowler, Whip of Erebos, Swamp, Swamp, Swamp, Swamp, Swamp, Swamp, Swamp, Swamp, Swamp, Swamp, Swamp, Swamp, Swamp, Swamp, Blackcleave Cliffs, Shriekmaw, Dark Petition, Liliana, Death's Majesty, Sheoldred, Whispering One, Crypt Ghast, Noxious Gearhulk, Zombify, Street Wraith, Through the Breach, Myr Battlesphere, Unburial Rites, Makeshift Mannequin, Griselbrand, Dismember","Bedlam Reveler, Lotus Bloom, Leatherback Baloth, Talisman of Indulgence, Pyrite Spellbomb, Woodfall Primus, Shadowmage Infiltrator, Tezzeret the Seeker, Rakdos's Return, Lightning Axe, Emrakul, the Aeons Torn, Gemstone Caverns, Lightning Greaves, Kessig Prowler, Shrapnel Blast, Dragonlord Atarka, Kalitas, Traitor of Ghet, Blightsteel Colossus, Bitterblossom"
"34","4","White","W Weenie","Enchantments, Humans","13","10","17","2.57","Angel of Invention, Caves of Koilos, Spectral Procession, Archangel Avacyn, Brimaz, King of Oreskos, Knight of the Holy Nimbus, Archangel of Thune, Tidehollow Sculler, Pacifism, Savannah Lions, Selfless Spirit, Godless Shrine, Knight of the White Orchid, Mikaeus, the Lunarch, Leonin Relic-Warder, Mana Tithe, Disenchant, Secure the Wastes, Flickerwisp, Gideon's Lawkeeper, Plains, Plains, Plains, Plains, Plains, Plains, Plains, Plains, Plains, Plains, Plains, Plains, Plains, Arid Mesa, Temple of Silence, Elspeth, Knight-Errant, Honor of the Pure, Banishing Light, Legion's Landing, Spear of Heliod","Fatal Push, Grim Flayer, Plow Under, Brain Maggot, Ashen Rider, Skullclamp, Gatekeeper of Malakir, Chord of Calling, Etched Champion, Hellspark Elemental, Skinrender, Sword of Feast and Famine, Mana Confluence, Ultimate Price, Loxodon Warhammer, Phyrexian Arena, Grave Titan, Vampire Hexmage"
"34","5","Black/Blue","BU Tempo","Spells","5","18","17","2.74","Hero's Downfall, Sleight of Hand, Gitaxian Probe, Breeding Pool, Creeping Tar Pit, Blackmail, Consecrated Sphinx, Duress, Negate, Yavimaya Coast, Vendetta, Swamp, Swamp, Swamp, Swamp, Swamp, Serum Visions, Sower of Temptation, Drowned Catacomb, Tasigur, the Golden Fang, Disallow, Kitesail Freebooter, Torrential Gearhulk, Preordain, Island, Island, Island, Island, Island, Island, Ashiok, Nightmare Weaver, Murderous Cut, Mana Leak, Jace Beleren, Sunken Hollow, Damnation, Spell Pierce, Time Warp, Thoughtseize, Watery Grave","Mystic Snake, Biomass Mutation, Hedron Archive, Goryo's Vengeance, Aether Spellbomb, Chromatic Lantern, Isolated Chapel, Unsummon, Steel Overseer, Ornithopter, Celestial Crusader, Ulamog, the Infinite Gyre, Sundering Titan, Galvanic Blast, Inkwell Leviathan, Delver of Secrets"
"34","6","Blue/White","UW Control","Spells","6","17","17","3.04","Glacial Fortress, Spell Queller, Sensei's Divining Top, Snapcaster Mage, Wrath of God, Condemn, Monastery Mentor, Censor, Frost Titan, Prairie Stream, Treasure Cruise, Sphinx's Revelation, Jace, the Mind Sculptor, Celestial Colonnade, Ancestral Vision, Gilded Lotus, Cryptic Command, Riftwing Cloudskate, Island, Island, Island, Island, Island, Island, Island, Island, Island, Island, Island, Plains, Oblivion Ring, Crystal Shard, Remand, Cyclonic Rift, Boomerang, Polluted Delta, Hallowed Fountain, Thing in the Ice, Search for Azcanta, Vedalken Shackles","Ensoul Artifact, Chart a Course, Ulamog, the Ceaseless Hunger, Aurelia, the Warleader, Mind Shatter, Crib Swap, Chromatic Sphere, Icy Manipulator, Geist of Saint Traft, Talisman of Dominance, Skysovereign, Consul Flagship, Ball Lightning, Mindslaver, Phantasmal Image, Sheltered Thicket, Spirebluff Canal, Ajani Vengeant"
"34","7","Black/Green/Red","BGR Midrange","Creatures","17","6","17","2.52","Reclamation Sage, Liliana of the Veil, Thragtusk, Thrun, the Last Troll, Stomping Ground, Elves of Deep Shadow, Dark Confidant, Deathrite Shaman, Llanowar Wastes, Bloodbraid Elf, Blood Crypt, Tarmogoyf, Pack Rat, Swamp, Swamp, Swamp, Swamp, Swamp, Huntmaster of the Fells, Doom Blade, Terminate, Liliana, the Last Hope, Wooded Foothills, Blooming Marsh, Verdant Catacombs, Llanowar Elves, Disfigure, Ravenous Chupacabra, Night's Whisper, Lotus Cobra, Raging Ravine, Rootbound Crag, Overgrown Tomb, Forest, Woodland Cemetery, Birds of Paradise, Sakura-Tribe Elder, Dryad Arbor, Desecration Demon, Vampire Nighthawk","Talara's Battalion, Walking Ballista, Mishra's Bauble, Hypnotic Specter, Harmonize, Earthquake, Rancor, Joraga Treespeaker, Boon Satyr, Ghalta, Primal Hunger, Kird Ape"
"34","8","Red/Blue","RU Spellslinger","Spells, Wizards","12","11","17","3.43","Misty Rainforest, Venser, Shaper Savant, Shivan Reef, Chandra, Torch of Defiance, Steam Vents, Zealous Conscripts, Vendilion Clique, Mulldrifter, Rift Bolt, Stormchaser Mage, Deceiver Exarch, Lightning Bolt, Commit // Memory, Jace, Vryn's Prodigy, Sulfur Falls, Temple of Epiphany, Pestermite, Incendiary Flow, Bloodwater Entity, Izzet Charm, Kiki-Jiki, Mirror Breaker, Mountain, Mountain, Mountain, Mountain, Evolving Wilds, Burst Lightning, Remove Soul, Island, Island, Island, Island, Island, Island, Logic Knot, Goblin Dark-Dwellers, Talrand, Sky Summoner, Pact of Negation, Shelldock Isle, Dig Through Time","Everflowing Chalice, Ingot Chewer, Master of Etherium, Sword of the Meek, Myr Enforcer, Irrigated Farmland, Sacred Foundry, Woodland Bellower, Rhonas the Indomitable, Beast Within, Temple of Mystery, Naturalize, Wurmcoil Engine, Hangarback Walker, Reciprocate"
"35","1","Blue","U Artifacts","Artifacts","6","17","17","2.91","Coalition Relic, Solemn Simulacrum, Talisman of Progress, Everflowing Chalice, Karn Liberated, Sensei's Divining Top, Master of Etherium, Sword of the Meek, Snapcaster Mage, Dissolve, Icy Manipulator, Smuggler's Copter, Talisman of Dominance, Swamp, Swamp, Swamp, Mishra's Bauble, Phyrexian Revoker, Isolated Chapel, Celestial Colonnade, Thopter Foundry, Gilded Lotus, Torrential Gearhulk, Island, Island, Island, Island, Island, Island, Island, Island, Island, Island, Island, Springleaf Drum, Crystal Shard, Mox Opal, Blightsteel Colossus, Hallowed Fountain, Chromatic Star","Ulamog, the Ceaseless Hunger, Mind Shatter, Condemn, Blood Crypt, Frost Titan, Tidehollow Sculler, Commit // Memory, Pacifism, Elvish Piper, Disallow, Riftwing Cloudskate, Remove Soul, Gemstone Caverns, Fertile Ground, Galvanic Blast, Unburial Rites, Trash for Treasure, Talisman of Impulse, Ajani Vengeant"
"35","2","Red/Blue","RU Spellslinger","Spells","4","19","17","2.22","Bedlam Reveler, Abbot of Keral Keep, Chandra, Torch of Defiance, Steam Vents, Gitaxian Probe, Rift Bolt, Censor, Faithless Looting, Yavimaya Coast, Lightning Bolt, Kolaghan's Command, Jace, Vryn's Prodigy, Treasure Cruise, Young Pyromancer, Dragonskull Summit, Temple of Epiphany, Lightning Axe, Unsummon, Manamorphose, Ancestral Vision, Mountain, Mountain, Mountain, Mountain, Mountain, Mountain, Mountain, Mountain, Shock, Preordain, Island, Island, Scalding Tarn, Spell Pierce, Sheltered Thicket, Pyroclasm, Tarfire, Arc Trail, Abrade, Bloodstained Mire","Cruel Ultimatum, Ingot Chewer, Mystic Snake, Goblin Rabblemaster, Sword of Fire and Ice, Inspiring Vantage, Woodland Bellower, Terminate, Zurgo Helmsmasher, Chandra, Fire of Kaladesh, Mogg Fanatic, Logic Knot, Dreadbore, Marsh Flats, Siege-Gang Commander"
"35","3","Black/Blue","BU Tempo","Spells","8","15","17","3.35","Twisted Abomination, Collective Brutality, Creeping Tar Pit, Fetid Pools, Duress, Negate, Inquisition of Kozilek, Shadowmage Infiltrator, Oona's Prowler, Vendetta, Swamp, Swamp, Swamp, Swamp, Swamp, Swamp, Swamp, Swamp, Swamp, Swamp, Swamp, Liliana, the Last Hope, Bribery, Ravenous Chupacabra, Night's Whisper, Drowned Catacomb, Sheoldred, Whispering One, Ashiok, Nightmare Weaver, Zombify, The Scarab God, Jace Beleren, Sunken Hollow, Damnation, Kalitas, Traitor of Ghet, Polluted Delta, Search for Azcanta, Griselbrand, Bitterblossom, Watery Grave, Dismember","Lotus Bloom, Judge's Familiar, Phyrexian Obliterator, Zurgo Bellstriker, Whip of Erebos, Gatekeeper of Malakir, Sphinx's Revelation, Ball Lightning, Crypt Ghast, Sundering Titan, Shrapnel Blast, Heir of Falkenrath, Makeshift Mannequin, Dragonlord Atarka, Desecration Demon, Dig Through Time"
"35","4","Black/Green","BG Graveyard","Black/Green","14","9","17","3.00","Liliana of the Veil, Green Sun's Zenith, Eldritch Evolution, Sylvan Caryatid, Abrupt Decay, Elves of Deep Shadow, Dark Confidant, Grim Flayer, Llanowar Wastes, Courser of Kruphix, Swamp, Swamp, Swamp, Swamp, Swamp, Swamp, Swamp, Doom Blade, Blooming Marsh, Inkmoth Nexus, Verdant Catacombs, Shriekmaw, Hypnotic Specter, Liliana, Death's Majesty, Tasigur, the Golden Fang, Botanical Sanctum, Maelstrom Pulse, Overgrown Tomb, Primeval Titan, Forest, Murderous Cut, Skinrender, Woodland Cemetery, Birds of Paradise, Ultimate Price, Urborg, Tomb of Yawgmoth, Temple of Malady, Tireless Tracker, Bloodghast, Vampire Nighthawk","Reclamation Sage, Talara's Battalion, Kiora, Master of the Depths, Dread Return, Smoldering Marsh, Krosan Grip, Brain Maggot, Murmuring Bosk, Ashen Rider, Battlefield Forge, Whisperwood Elemental, Street Wraith, Mana Confluence"
"35","5","White","W Weenie","Humans","14","9","17","2.43","Elspeth, Sun's Champion, Student of Warfare, Umezawa's Jitte, Angel of Invention, Journey to Nowhere, Wrath of God, Hero of Bladehold, Brimaz, King of Oreskos, Knight of the Holy Nimbus, Porcelain Legionnaire, Temple of Triumph, Selfless Spirit, Knight of the White Orchid, Leonin Relic-Warder, Mana Tithe, Thalia, Guardian of Thraben, Banisher Priest, Plains, Plains, Plains, Plains, Plains, Plains, Plains, Plains, Plains, Plains, Plains, Plains, Plains, Plains, Plains, Plains, Thraben Inspector, Figure of Destiny, Path to Exile, Glorious Anthem, Kytheon, Hero of Akros, Elspeth, Knight-Errant, Legion's Landing","Glacial Fortress, Aurelia, the Warleader, Qasali Pridemage, Spell Queller, Monastery Mentor, Goryo's Vengeance, Archangel Avacyn, Archangel of Thune, Rakdos's Return, Pack Rat, Mantis Rider, Renegade Rallier, Hidden Dragonslayer, Razorverge Thicket, Evolving Wilds, Celestial Crusader, Secure the Wastes, Sun Titan, Batterskull, Canopy Vista, Oust"
"35","6","Blue","U Artifacts","Artifacts","12","11","17","2.96","Ensoul Artifact, Ratchet Bomb, Myr Enforcer, Chromatic Sphere, Phyrexian Metamorph, Tezzeret the Seeker, Aether Spellbomb, Walking Ballista, Skysovereign, Consul Flagship, Swamp, Arcbound Ravager, Vault Skirge, Skullclamp, Relic of Progenitus, Inventors' Fair, Ornithopter, Lodestone Golem, Frogmite, Island, Island, Island, Island, Island, Island, Island, Island, Island, Island, Island, Island, Island, Island, Island, Myr Battlesphere, Lightning Greaves, Wurmcoil Engine, Inkwell Leviathan, Hangarback Walker, Chrome Mox, Vedalken Shackles","Misty Rainforest, Biomass Mutation, Spectral Procession, Bloodbraid Elf, Temur Charm, Prairie Stream, Savannah Lions, Temple of Mystery, Massacre Wurm, Condescend, Disenchant, Ulamog, the Infinite Gyre, Isamaru, Hound of Konda, Remand, Steelshaper's Gift, Loxodon Warhammer, Boomerang, Reciprocate, Flooded Strand, Scarecrone, Hinterland Harbor"
"35","7","Green","G Ramp","Shamans, Creatures","19","4","17","3.74","Avacyn's Pilgrim, Thragtusk, Thrun, the Last Troll, Scavenging Ooze, Acidic Slime, Plow Under, Horizon Canopy, Woodfall Primus, Eternal Witness, Fauna Shaman, Wall of Roots, Scattered Groves, Tarmogoyf, Chord of Calling, Llanowar Elves, Oracle of Mul Daya, Beast Within, Lotus Cobra, Carnage Tyrant, Craterhoof Behemoth, Noble Hierarch, Joraga Treespeaker, Ghalta, Primal Hunger, Forest, Forest, Forest, Forest, Forest, Forest, Forest, Forest, Forest, Forest, Forest, Forest, Forest, Forest, Treetop Village, Sakura-Tribe Elder, Birthing Pod","Collected Company, Leatherback Baloth, Chromatic Lantern, Glen Elendra Archmage, Wall of Omens, Coiling Oracle, Harmonize, Emrakul, the Aeons Torn, Rootbound Crag, Elesh Norn, Grand Cenobite, Rancor, Hellspark Elemental, Naturalize, Kessig Prowler, Commune with Nature, Master of the Wild Hunt, Cinder Glade, City of Brass, Kird Ape"
"35","8","Red/Blue","RU Spellslinger","Spells, Wizards","10","13","17","2.83","Chart a Course, Electrolyze, Inferno Titan, Shivan Reef, Vendilion Clique, Splinter Twin, Deceiver Exarch, Serum Visions, Sower of Temptation, Sulfur Falls, Jace, the Mind Sculptor, Pestermite, Incendiary Flow, Bloodwater Entity, Izzet Charm, Kiki-Jiki, Mirror Breaker, Cryptic Command, Mountain, Mountain, Mountain, Mountain, Searing Spear, Repeal, Island, Island, Island, Island, Island, Island, Island, Island, Island, Island, Island, Mana Leak, Looter il-Kor, Cyclonic Rift, Incinerate, Talrand, Sky Summoner, Delver of Secrets","Soul-Scar Mage, Cathartic Reunion, Talisman of Indulgence, Breeding Pool, Settle the Wreckage, Hazoret the Fervent, Grim Lavamancer, Irrigated Farmland, Sacred Foundry, Goblin Guide, Huntmaster of the Fells, Kari Zev, Skyship Raider, Pia and Kiran Nalaar, Dead // Gone, Glorybringer, Goblin Dark-Dwellers, Clifftop Retreat, Char, Hero of Oxid Ridge, Banishing Light"
"36","1","Blue/White","UW Control","Spells","1","22","17","2.78","Gitaxian Probe, Dissolve, Wrath of God, Irrigated Farmland, Gideon, Ally of Zendikar, Commit // Memory, Bribery, Opt, Sphinx's Revelation, Jace, the Mind Sculptor, Celestial Colonnade, Disallow, Cryptic Command, Evolving Wilds, Remove Soul, Repeal, Secure the Wastes, Island, Island, Island, Island, Island, Island, Island, Island, Island, Island, Plains, Jace Beleren, Day of Judgment, Path to Exile, Remand, Oust, Hallowed Fountain, Thing in the Ice, Flooded Strand, Pact of Negation, Shelldock Isle, Search for Azcanta, Vedalken Shackles","Abbot of Keral Keep, Lingering Souls, Sphinx of the Steel Wind, Judge's Familiar, Mind Shatter, Crib Swap, Concealed Courtyard, Caves of Koilos, Knight of the Reliquary, Deceiver Exarch, Mishra's Bauble, Temple of Triumph, Botanical Sanctum, Maelstrom Pulse, Sunken Hollow, Reciprocate"
"36","2","Black/Blue","BU Tempo","Spells","11","12","17","4.13","Chart a Course, Sleight of Hand, Diabolic Tutor, Mulldrifter, Creeping Tar Pit, Go for the Throat, Dread Return, Ashen Rider, Talisman of Dominance, Whip of Erebos, Pack Rat, Swamp, Swamp, Swamp, Swamp, Swamp, Swamp, Swamp, Swamp, Swamp, Swamp, Swamp, Jace, Vryn's Prodigy, Glen Elendra Archmage, Dark Petition, Liliana, Death's Majesty, Drowned Catacomb, Sheoldred, Whispering One, Crypt Ghast, Noxious Gearhulk, Island, Island, Island, Ashiok, Nightmare Weaver, Zombify, The Scarab God, Sundering Titan, Damnation, Kalitas, Traitor of Ghet, Polluted Delta","Solemn Simulacrum, Cruel Ultimatum, Cathartic Reunion, Settle the Wreckage, Biomass Mutation, Stormchaser Mage, Smoldering Marsh, Brain Maggot, Blackcleave Cliffs, Dragonskull Summit, Zurgo Helmsmasher, Lightning Helix, Ghalta, Primal Hunger, Goblin Dark-Dwellers, Through the Breach, Dragonlord Atarka, Boomerang, Ajani Vengeant, Vampire Nighthawk"
"36","3","Black/Green","BG Graveyard","Spells, Shamans","14","9","17","3.43","Misty Rainforest, Eldritch Evolution, Thrun, the Last Troll, Abrupt Decay, Breeding Pool, Grim Flayer, Acidic Slime, Deathrite Shaman, Eternal Witness, Duress, Fauna Shaman, Yavimaya Coast, Murmuring Bosk, Swamp, Swamp, Swamp, Woodland Bellower, Blooming Marsh, Verdant Catacombs, Disfigure, Temple of Mystery, Tasigur, the Golden Fang, Elvish Piper, Lotus Cobra, Craterhoof Behemoth, Massacre Wurm, Overgrown Tomb, Noble Hierarch, Forest, Forest, Murderous Cut, Woodland Cemetery, Ultimate Price, Makeshift Mannequin, Temple of Malady, Canopy Vista, Siege Rhino, Temple of Silence, Birthing Pod, Dismember","Kiora, Master of the Depths, Hazoret the Fervent, Consecrated Sphinx, Shadowmage Infiltrator, Frost Titan, Hypnotic Specter, Rootbound Crag, Boon Satyr, Looter il-Kor, Commune with Nature"
"36","4","Red","R Burn","Spells, Humans","13","10","17","2.78","Soul-Scar Mage, Bedlam Reveler, Inferno Titan, Ingot Chewer, Chandra, Torch of Defiance, Rift Bolt, Grim Lavamancer, Young Pyromancer, Chandra, Fire of Kaladesh, Ball Lightning, Mogg Fanatic, Pia and Kiran Nalaar, Manamorphose, Flame Slash, Mountain, Mountain, Mountain, Mountain, Mountain, Mountain, Mountain, Mountain, Mountain, Mountain, Mountain, Mountain, Mountain, Mountain, Mountain, Mountain, Mountain, Searing Spear, Burst Lightning, Glorybringer, Galvanic Blast, Incinerate, Monastery Swiftspear, Char, Devil's Play, Hellrider","Ponder, Shivan Reef, Negate, Censor, Bloodbraid Elf, Inspiring Vantage, Temur Charm, Geist of Saint Traft, Sower of Temptation, Treasure Cruise, Mantis Rider, Sulfur Falls, Bloodwater Entity, Razorverge Thicket, Ancestral Vision, Torrential Gearhulk, Preordain, Scalding Tarn, Talrand, Sky Summoner, Spirebluff Canal, Delver of Secrets, Dig Through Time"
"36","5","Black","B Midrange","Spells","10","13","17","2.48","Hero's Downfall, Liliana of the Veil, Fatal Push, Cryptbreaker, Dark Confidant, Collective Brutality, Inquisition of Kozilek, Phyrexian Obliterator, Blood Crypt, Kolaghan's Command, Vendetta, Swamp, Swamp, Swamp, Swamp, Swamp, Swamp, Swamp, Swamp, Swamp, Swamp, Swamp, Swamp, Swamp, Swamp, Doom Blade, Terminate, Liliana, the Last Hope, Gatekeeper of Malakir, Shriekmaw, Ravenous Chupacabra, Kitesail Freebooter, Skinrender, Urborg, Tomb of Yawgmoth, Bloodghast, Thoughtseize, Phyrexian Arena, Desecration Demon, Bitterblossom, Bloodstained Mire","Electrolyze, Talara's Battalion, Ulamog, the Ceaseless Hunger, Terramorphic Expanse, Horizon Canopy, Goryo's Vengeance, Zurgo Bellstriker, Rakdos's Return, Incendiary Flow, Kiki-Jiki, Mirror Breaker, Disenchant, Mindslaver, Lightning Greaves, Clifftop Retreat, Siege-Gang Commander, Seeker of the Way, Pyroclasm, Abrade, Kird Ape"
"36","6","White","W Weenie","Artifacts, Enchantments, Humans","13","10","17","2.13","Student of Warfare, Journey to Nowhere, Stoneforge Mystic, Hero of Bladehold, Smuggler's Copter, Brimaz, King of Oreskos, Pacifism, Skullclamp, Porcelain Legionnaire, Selfless Spirit, Knight of the White Orchid, Leonin Relic-Warder, Adanto Vanguard, Mana Tithe, Banisher Priest, Celestial Crusader, Plains, Plains, Plains, Plains, Plains, Plains, Plains, Plains, Plains, Plains, Plains, Plains, Plains, Plains, Plains, Plains, Plains, Figure of Destiny, Sword of Feast and Famine, Steelshaper's Gift, Glorious Anthem, Kytheon, Hero of Akros, Legion's Landing, Spear of Heliod","Talisman of Progress, Lotus Bloom, Elspeth, Sun's Champion, Spell Queller, Mystic Snake, Sword of Fire and Ice, Icy Manipulator, Condemn, Scattered Groves, Aether Spellbomb, Wall of Omens, Vault Skirge, Godless Shrine, Phyrexian Revoker, Unsummon, Hidden Dragonslayer, Mana Confluence, Wurmcoil Engine, Loxodon Warhammer, Restoration Angel, City of Brass, Temple Garden"
"36","7","Green","G Ramp","Creatures","16","7","17","3.22","Utopia Sprawl, Reclamation Sage, Sylvan Caryatid, Umezawa's Jitte, Woodfall Primus, Hornet Queen, Krosan Grip, Tarmogoyf, Courser of Kruphix, Rhonas the Indomitable, Wooded Foothills, Chord of Calling, Llanowar Elves, Oracle of Mul Daya, Beast Within, Carnage Tyrant, Whisperwood Elemental, Rancor, Joraga Treespeaker, Primeval Titan, Forest, Forest, Forest, Forest, Forest, Forest, Forest, Forest, Forest, Forest, Forest, Forest, Forest, Forest, Treetop Village, Fertile Ground, Birds of Paradise, Master of the Wild Hunt, Tireless Tracker, Dryad Arbor","Aurelia, the Warleader, Zealous Conscripts, Llanowar Wastes, Spectral Procession, Simian Spirit Guide, Sacred Foundry, Walking Ballista, Archangel of Thune, Prairie Stream, Kari Zev, Skyship Raider, Dead // Gone, Raging Ravine, Shock, Naturalize, Sheltered Thicket, Cinder Glade, Tarfire, Hero of Oxid Ridge, Arc Trail"
"36","8","Blue","U Artifacts","Artifacts","10","13","17","3.57","Coalition Relic, Ensoul Artifact, Everflowing Chalice, Karn Liberated, Sensei's Divining Top, Master of Etherium, Ratchet Bomb, Myr Enforcer, Hedron Archive, Tezzeret the Seeker, Arcbound Ravager, Inventors' Fair, Steel Overseer, Gilded Lotus, Lodestone Golem, Island, Island, Island, Island, Island, Island, Island, Island, Island, Island, Island, Island, Island, Island, Island, Springleaf Drum, Myr Battlesphere, Arid Mesa, Mana Leak, Inkwell Leviathan, Hangarback Walker, Mox Opal, Blightsteel Colossus, Scarecrone, Chromatic Star","Glacial Fortress, Steam Vents, Blade Splicer, Pyrite Spellbomb, Lightning Bolt, Battlefield Forge, Temple of Epiphany, Isolated Chapel, Pestermite, Thalia, Guardian of Thraben, Izzet Charm, Bomat Courier, Logic Knot, Phantasmal Image, Crystal Shard, Cyclonic Rift, Quicksilver Amulet, Trash for Treasure, Talisman of Impulse, Watery Grave"
"37","1","Black/Blue","BU Tempo","Spells","11","12","17","3.39","Sleight of Hand, Diabolic Tutor, Cryptbreaker, Collective Brutality, Creeping Tar Pit, Go for the Throat, Duress, Dread Return, Shadowmage Infiltrator, Talisman of Dominance, Frost Titan, Swamp, Swamp, Swamp, Swamp, Swamp, Swamp, Swamp, Swamp, Swamp, Jace, Vryn's Prodigy, Shriekmaw, Dark Petition, Drowned Catacomb, Cryptic Command, Torrential Gearhulk, Noxious Gearhulk, Island, Island, Ashiok, Nightmare Weaver, Zombify, Hostage Taker, The Scarab God, Sunken Hollow, Heir of Falkenrath, Cyclonic Rift, Urborg, Tomb of Yawgmoth, Desecration Demon, Polluted Delta, Watery Grave","Bedlam Reveler, Inferno Titan, Thrun, the Last Troll, Spell Queller, Mystic Snake, Grim Flayer, Grim Lavamancer, Bloodbraid Elf, Murmuring Bosk, Ashen Rider, Dragonskull Summit, Gatekeeper of Malakir, Temple of Mystery, Myr Battlesphere, Hero of Oxid Ridge, City of Brass"
"37","2","Red/Blue/White","RUW Combo Control","Spells","9","14","17","3.09","Coalition Relic, Ponder, Glacial Fortress, Chandra, Torch of Defiance, Steam Vents, Terramorphic Expanse, Vendilion Clique, Mulldrifter, Consecrated Sphinx, Deceiver Exarch, Inspiring Vantage, Irrigated Farmland, Lightning Bolt, Sacred Foundry, Wall of Omens, Battlefield Forge, Bribery, Jace, the Mind Sculptor, Lightning Helix, Pestermite, Celestial Colonnade, Disallow, Condescend, Ancestral Vision, Kiki-Jiki, Mirror Breaker, Preordain, Riftwing Cloudskate, Secure the Wastes, Island, Island, Island, Island, Island, Clifftop Retreat, Time Warp, Restoration Angel, Spirebluff Canal, Hallowed Fountain, Shelldock Isle, Ajani Vengeant","Cathartic Reunion, Sword of the Meek, Mogg Fanatic, Botanical Sanctum, Mana Tithe, Disenchant, Galvanic Blast, Kessig Prowler, Seeker of the Way, Kird Ape"
"37","3","Black/White","BW Aristocrats","Humans","13","10","17","2.87","Hero's Downfall, Elspeth, Sun's Champion, Lingering Souls, Fatal Push, Dark Confidant, Concealed Courtyard, Archangel Avacyn, Brimaz, King of Oreskos, Archangel of Thune, Tidehollow Sculler, Gideon, Ally of Zendikar, Pack Rat, Swamp, Swamp, Swamp, Swamp, Swamp, Swamp, Doom Blade, Verdant Catacombs, Godless Shrine, Hypnotic Specter, Ravenous Chupacabra, Knight of the White Orchid, Night's Whisper, Plains, Plains, Plains, Plains, Plains, Plains, Skinrender, Thraben Inspector, Marsh Flats, Kytheon, Hero of Akros, Temple of Silence, Elspeth, Knight-Errant, Thoughtseize, Phyrexian Arena, Vampire Nighthawk","Horizon Canopy, Spectral Procession, Knight of the Reliquary, Huntmaster of the Fells, Vault Skirge, Zurgo Helmsmasher, Renegade Rallier, Mikaeus, the Lunarch, Tasigur, the Golden Fang, Hidden Dragonslayer, Leonin Relic-Warder, Elesh Norn, Grand Cenobite, Crypt Ghast, Sun Titan, Honor of the Pure, Temple Garden, Spear of Heliod"
"37","4","White","W Weenie","Artifacts, Humans","13","10","17","2.26","Student of Warfare, Blade Splicer, Judge's Familiar, Angel of Invention, Journey to Nowhere, Sword of Fire and Ice, Wrath of God, Stoneforge Mystic, Monastery Mentor, Hero of Bladehold, Knight of the Holy Nimbus, Arcbound Ravager, Skullclamp, Inkmoth Nexus, Banisher Priest, Flickerwisp, Gideon's Lawkeeper, Plains, Plains, Plains, Plains, Plains, Plains, Plains, Plains, Plains, Plains, Plains, Plains, Plains, Plains, Plains, Plains, Oblivion Ring, Isamaru, Hound of Konda, Sword of Feast and Famine, Path to Exile, Steelshaper's Gift, Chrome Mox, Banishing Light","Talisman of Progress, Ensoul Artifact, Chart a Course, Master of Etherium, Myr Enforcer, Phyrexian Metamorph, Icy Manipulator, Geist of Saint Traft, Aether Spellbomb, Skysovereign, Consul Flagship, Goblin Guide, Coiling Oracle, Temple of Triumph, Opt, Pia and Kiran Nalaar, Izzet Charm, Hellspark Elemental, Gemstone Caverns, Through the Breach, Wurmcoil Engine, Siege-Gang Commander"
"37","5","Green","G Ramp","Creatures","16","7","17","4.43","Solemn Simulacrum, Reclamation Sage, Ulamog, the Ceaseless Hunger, Karn Liberated, Thragtusk, Eldritch Evolution, Sylvan Caryatid, Scavenging Ooze, Acidic Slime, Plow Under, Woodfall Primus, Farseek, Woodland Bellower, Chord of Calling, Llanowar Elves, Oracle of Mul Daya, Beast Within, Elvish Piper, Lotus Cobra, Craterhoof Behemoth, Noble Hierarch, Ghalta, Primal Hunger, Forest, Forest, Forest, Forest, Forest, Forest, Forest, Forest, Forest, Forest, Forest, Forest, Forest, Forest, Forest, Fertile Ground, Dryad Arbor, Hinterland Harbor","Everflowing Chalice, Kiora, Master of the Depths, Settle the Wreckage, Hedron Archive, Verdurous Gearhulk, Goryo's Vengeance, Temur Charm, Walking Ballista, Mantis Rider, Kari Zev, Skyship Raider, Rootbound Crag, Bomat Courier, Boon Satyr, Naturalize, Mana Confluence, Batterskull, Sundering Titan, Cinder Glade, Talisman of Impulse, Birthing Pod"
"37","6","Red/Blue","RU Artifacts","Artifacts","9","14","17","3.00","Lotus Bloom, Ingot Chewer, Sensei's Divining Top, Sphinx of the Steel Wind, Snapcaster Mage, Pyrite Spellbomb, Chromatic Sphere, Fetid Pools, Faithless Looting, Mishra's Bauble, Relic of Progenitus, Inventors' Fair, Ornithopter, Mountain, Mountain, Mountain, Mountain, Mountain, Mountain, Mountain, Mountain, Lodestone Golem, Evolving Wilds, Mindslaver, Island, Island, Island, Island, Island, Plains, Springleaf Drum, Inkwell Leviathan, Boomerang, Hangarback Walker, Quicksilver Amulet, Pyroclasm, Trash for Treasure, Blightsteel Colossus, Scarecrone, Vedalken Shackles","Abbot of Keral Keep, Leatherback Baloth, Venser, Shaper Savant, Breeding Pool, Biomass Mutation, Yavimaya Coast, Phyrexian Obliterator, Rakdos's Return, Commit // Memory, Chandra, Fire of Kaladesh, Sphinx's Revelation, Ball Lightning, Unsummon, Adanto Vanguard, Bloodwater Entity, Goblin Dark-Dwellers, Phantasmal Image, Devil's Play, Pact of Negation"
"37","7","Red/Blue","RU Spellslinger","Spells, Humans","7","16","17","2.13","Soul-Scar Mage, Shivan Reef, Gitaxian Probe, Zealous Conscripts, Goblin Rabblemaster, Rift Bolt, Splinter Twin, Dissolve, Stormchaser Mage, Censor, Young Pyromancer, Sulfur Falls, Temple of Epiphany, Dead // Gone, Flame Slash, Incendiary Flow, Mountain, Mountain, Mountain, Mountain, Mountain, Mountain, Mountain, Mountain, Shock, Burst Lightning, Remove Soul, Repeal, Island, Island, Island, Island, Scalding Tarn, Spell Pierce, Remand, Talrand, Sky Summoner, Delver of Secrets, Tarfire, Abrade, Bloodstained Mire","Cruel Ultimatum, Canyon Slough, Ratchet Bomb, Hazoret the Fervent, Smoldering Marsh, Smuggler's Copter, Tezzeret the Seeker, Chromatic Lantern, Sower of Temptation, Glen Elendra Archmage, Rancor, Lightning Greaves, Figure of Destiny, Crystal Shard, Ultimate Price, Vampire Hexmage, Dismember"
"37","8","Black/Green","BG Graveyard","Black/Green","13","10","17","3.17","Liliana of the Veil, Green Sun's Zenith, Elves of Deep Shadow, Deathrite Shaman, Eternal Witness, Llanowar Wastes, Fauna Shaman, Wall of Roots, Scattered Groves, Courser of Kruphix, Whip of Erebos, Swamp, Swamp, Wooded Foothills, Blooming Marsh, Disfigure, Summoner's Pact, Isolated Chapel, Harmonize, Liliana, Death's Majesty, Carnage Tyrant, Whisperwood Elemental, Razorverge Thicket, Maelstrom Pulse, Overgrown Tomb, Primeval Titan, Forest, Forest, Forest, Forest, Forest, Woodland Cemetery, Birds of Paradise, Unburial Rites, Makeshift Mannequin, Temple of Malady, Canopy Vista, Kalitas, Traitor of Ghet, Tireless Tracker, Grave Titan","Talara's Battalion, Aurelia, the Warleader, Qasali Pridemage, Mind Shatter, Zurgo Bellstriker, Vendetta, Rhonas the Indomitable, Raging Ravine, Loxodon Warhammer, Master of the Wild Hunt, Bloodghast, Hellrider"
"38","1","White","W Control","Humans","11","12","17","3.35","Elspeth, Sun's Champion, Sensei's Divining Top, Blade Splicer, Angel of Invention, Windswept Heath, Settle the Wreckage, Wrath of God, Condemn, Monastery Mentor, Archangel of Thune, Gideon, Ally of Zendikar, Wall of Omens, Knight of the White Orchid, Elesh Norn, Grand Cenobite, Secure the Wastes, Flickerwisp, Sun Titan, Gideon's Lawkeeper, Plains, Plains, Plains, Plains, Plains, Plains, Plains, Plains, Plains, Plains, Plains, Plains, Plains, Plains, Plains, Plains, Oblivion Ring, Day of Judgment, Restoration Angel, Elspeth, Knight-Errant, Oust, Banishing Light","Lotus Bloom, Karn Liberated, Sword of the Meek, Crib Swap, Spectral Procession, Irrigated Farmland, Hero of Bladehold, Aether Spellbomb, Knight of the Holy Nimbus, Mantis Rider, Godless Shrine, Etched Champion, Hidden Dragonslayer, Celestial Colonnade, Thopter Foundry, Thalia, Guardian of Thraben, Disenchant, Clifftop Retreat, Steelshaper's Gift, Seeker of the Way, Spear of Heliod"
"38","2","Black/Green","BG Graveyard","Shamans, Creatures","16","7","17","4.13","Hero's Downfall, Abrupt Decay, Acidic Slime, Deathrite Shaman, Woodfall Primus, Dread Return, Fauna Shaman, Phyrexian Obliterator, Tarmogoyf, Whip of Erebos, Swamp, Swamp, Swamp, Swamp, Swamp, Woodland Bellower, Rhonas the Indomitable, Blooming Marsh, Shriekmaw, Beast Within, Carnage Tyrant, Craterhoof Behemoth, Sheoldred, Whispering One, Overgrown Tomb, Noxious Gearhulk, Forest, Forest, Forest, Forest, Forest, Forest, Forest, Forest, Treetop Village, Zombify, Woodland Cemetery, Sakura-Tribe Elder, Tireless Tracker, Birthing Pod, Vampire Nighthawk","Collected Company, Sphinx of the Steel Wind, Mind Shatter, Biomass Mutation, Phyrexian Metamorph, Walking Ballista, Skullclamp, Chord of Calling, Isolated Chapel, Botanical Sanctum, Boon Satyr, Springleaf Drum, Figure of Destiny, Commune with Nature, Glorious Anthem, Trash for Treasure, Reciprocate, Hellrider"
"38","3","Green/Blue","GU Ramp","Spells","10","13","17","3.17","Solemn Simulacrum, Utopia Sprawl, Misty Rainforest, Kiora, Master of the Depths, Green Sun's Zenith, Venser, Shaper Savant, Mystic Snake, Garruk Wildspeaker, Breeding Pool, Plow Under, Mulldrifter, Eternal Witness, Yavimaya Coast, Farseek, Frost Titan, Serum Visions, Wooded Foothills, Llanowar Elves, Coiling Oracle, Opt, Harmonize, Condescend, Gilded Lotus, Repeal, Island, Island, Island, Forest, Forest, Forest, Forest, Forest, Forest, Forest, Forest, Forest, Phantasmal Image, Master of the Wild Hunt, Dig Through Time, Hinterland Harbor","Shivan Reef, Myr Enforcer, Inspiring Vantage, Temur Charm, Temple of Epiphany, Drowned Catacomb, Razorverge Thicket, Rootbound Crag, Logic Knot, Lightning Greaves, Monastery Swiftspear, Boomerang, Hangarback Walker, Kytheon, Hero of Akros, Pyroclasm, Talrand, Sky Summoner, Chromatic Star"
"38","4","Black/Red","BR Aristocrats","Spells, Humans","9","14","17","2.22","Soul-Scar Mage, Zealous Conscripts, Canyon Slough, Dark Confidant, Collective Brutality, Goblin Rabblemaster, Blackmail, Go for the Throat, Smoldering Marsh, Faithless Looting, Blood Crypt, Kolaghan's Command, Rakdos's Return, Swamp, Swamp, Swamp, Swamp, Swamp, Doom Blade, Blackcleave Cliffs, Young Pyromancer, Terminate, Dragonskull Summit, Kari Zev, Skyship Raider, Kitesail Freebooter, Incendiary Flow, Mountain, Mountain, Mountain, Mountain, Mountain, Shock, Burst Lightning, Murderous Cut, Arid Mesa, Dreadbore, Incinerate, Urborg, Tomb of Yawgmoth, Bloodghast, Desecration Demon","Coalition Relic, Concealed Courtyard, Brain Maggot, Vendetta, Gatekeeper of Malakir, Temple of Triumph, Chandra, Fire of Kaladesh, Cranial Plating, Hypnotic Specter, Earthquake, Hellspark Elemental, Bomat Courier, Isamaru, Hound of Konda, Quicksilver Amulet, Grave Titan"
"38","5","Red/Blue","RU Spellslinger","Spells","7","16","17","2.26","Bedlam Reveler, Sleight of Hand, Electrolyze, Abbot of Keral Keep, Chandra, Torch of Defiance, Steam Vents, Gitaxian Probe, Dissolve, Stormchaser Mage, Lightning Bolt, Jace, Vryn's Prodigy, Sulfur Falls, Pestermite, Manamorphose, Bloodwater Entity, Ancestral Vision, Izzet Charm, Mountain, Mountain, Mountain, Mountain, Mountain, Mountain, Preordain, Remove Soul, Island, Island, Island, Island, Island, Island, Island, Island, Remand, Cyclonic Rift, Char, Spirebluff Canal, Tarfire, Thing in the Ice, Abrade","Cruel Ultimatum, Ensoul Artifact, Ratchet Bomb, Tezzeret the Seeker, Talisman of Dominance, Glen Elendra Archmage, Relic of Progenitus, Mogg Fanatic, Night's Whisper, Disallow, Lodestone Golem, Mindslaver, Sundering Titan, Galvanic Blast, Shrapnel Blast, Kalitas, Traitor of Ghet, Blightsteel Colossus, Devil's Play, Ajani Vengeant"
"38","6","Blue/White","UW Control","Artifacts, Spells","11","12","17","2.70","Talisman of Progress, Glacial Fortress, Student of Warfare, Spell Queller, Umezawa's Jitte, Judge's Familiar, Vendilion Clique, Sword of Fire and Ice, Consecrated Sphinx, Negate, Geist of Saint Traft, Inkmoth Nexus, Bribery, Selfless Spirit, Unsummon, Cryptic Command, Torrential Gearhulk, Riftwing Cloudskate, Island, Island, Island, Island, Island, Island, Island, Island, Island, Island, Island, Plains, Plains, Looter il-Kor, Spell Pierce, Path to Exile, Time Warp, Delver of Secrets, Hallowed Fountain, Pact of Negation, Shelldock Isle, Vedalken Shackles","Master of Etherium, Creeping Tar Pit, Hazoret the Fervent, Chromatic Sphere, Icy Manipulator, Murmuring Bosk, Commit // Memory, Savannah Lions, Vault Skirge, Leonin Relic-Warder, Steel Overseer, Celestial Crusader, Naturalize, Gemstone Caverns, Sunken Hollow, Crystal Shard, Loxodon Warhammer, Chrome Mox"
"38","7","Green/Red","GR Stompy","Creatures","19","4","17","4.57","Reclamation Sage, Ulamog, the Ceaseless Hunger, Inferno Titan, Thragtusk, Scavenging Ooze, Wall of Roots, Bloodbraid Elf, Chromatic Lantern, Huntmaster of the Fells, Oracle of Mul Daya, Elvish Piper, Lotus Cobra, Flame Slash, Emrakul, the Aeons Torn, Noble Hierarch, Joraga Treespeaker, Kiki-Jiki, Mirror Breaker, Mountain, Mountain, Mountain, Evolving Wilds, Primeval Titan, Forest, Forest, Forest, Forest, Forest, Forest, Forest, Forest, Forest, Glorybringer, Ulamog, the Infinite Gyre, Fertile Ground, Dragonlord Atarka, Sheltered Thicket, Cinder Glade, Dryad Arbor, Talisman of Impulse, Bloodstained Mire","Leatherback Baloth, Cathartic Reunion, Ingot Chewer, Rift Bolt, Pyrite Spellbomb, Knight of the Reliquary, Shadowmage Infiltrator, Phyrexian Revoker, Lightning Axe, Rancor, Banisher Priest, Ornithopter, Searing Spear, Sword of Feast and Famine, Polluted Delta, Legion's Landing, Kird Ape"
"38","8","Black","B Midrange","Black","12","11","17","4.09","Liliana of the Veil, Twisted Abomination, Diabolic Tutor, Talisman of Indulgence, Fetid Pools, Duress, Caves of Koilos, Scattered Groves, Ashen Rider, Smuggler's Copter, Pack Rat, Swamp, Swamp, Swamp, Swamp, Swamp, Swamp, Swamp, Swamp, Swamp, Verdant Catacombs, Ravenous Chupacabra, Liliana, Death's Majesty, Tasigur, the Golden Fang, Myr Battlesphere, Skinrender, The Scarab God, Mana Confluence, Wurmcoil Engine, Unburial Rites, Damnation, Heir of Falkenrath, Ultimate Price, Makeshift Mannequin, Marsh Flats, Temple of Malady, Griselbrand, Bitterblossom, Watery Grave, Vampire Hexmage","Talara's Battalion, Qasali Pridemage, Sylvan Caryatid, Terramorphic Expanse, Elves of Deep Shadow, Kitchen Finks, Renegade Rallier, Mikaeus, the Lunarch, Whisperwood Elemental, Adanto Vanguard, Ghalta, Primal Hunger, Birds of Paradise, Siege Rhino, Scarecrone"
"39","1","Black/Blue","BU Artifacts","Artifacts","11","12","17","2.43","Coalition Relic, Everflowing Chalice, Master of Etherium, Sword of the Meek, Pyrite Spellbomb, Myr Enforcer, Icy Manipulator, Aether Spellbomb, Swamp, Swamp, Swamp, Swamp, Swamp, Arcbound Ravager, Mishra's Bauble, Vault Skirge, Porcelain Legionnaire, Cranial Plating, Phyrexian Revoker, Etched Champion, Thopter Foundry, Steel Overseer, Ornithopter, Mountain, Frogmite, Island, Island, Island, Island, Island, Island, Island, Plains, Plains, Crystal Shard, Inkwell Leviathan, Mox Opal, Polluted Delta, Flooded Strand, Chromatic Star","Talara's Battalion, Thrun, the Last Troll, Garruk Wildspeaker, Angel of Invention, Windswept Heath, Jace, Vryn's Prodigy, Jace, the Mind Sculptor, Pestermite, Pia and Kiran Nalaar, Hidden Dragonslayer, Leonin Relic-Warder, Razorverge Thicket, Rootbound Crag, Condescend, Repeal, Oblivion Ring, Spell Pierce, City of Brass, Talisman of Impulse, Spear of Heliod"
"39","2","Black/Blue","BU Artifacts","Artifacts","9","14","17","4.26","Ensoul Artifact, Karn Liberated, Sphinx of the Steel Wind, Gitaxian Probe, Umezawa's Jitte, Mulldrifter, Ratchet Bomb, Dissolve, Phyrexian Metamorph, Talisman of Dominance, Skysovereign, Consul Flagship, Swamp, Swamp, Swamp, Skullclamp, Relic of Progenitus, Inventors' Fair, Noxious Gearhulk, Mindslaver, Riftwing Cloudskate, Island, Island, Island, Island, Island, Island, Island, Island, Island, Island, Island, Plains, Plains, Myr Battlesphere, Sundering Titan, Wurmcoil Engine, Boomerang, Blightsteel Colossus, Pact of Negation, Vedalken Shackles","Cruel Ultimatum, Sleight of Hand, Ingot Chewer, Twisted Abomination, Diabolic Tutor, Consecrated Sphinx, Stormchaser Mage, Dread Return, Scattered Groves, Phyrexian Obliterator, Rakdos's Return, Mantis Rider, Rancor, Remove Soul, Street Wraith, Hostage Taker, Makeshift Mannequin, Cinder Glade, Char, Reciprocate, Phyrexian Arena"
"39","3","Black/Green/White","BGW Graveyard","Creatures","16","7","17","2.57","Reclamation Sage, Hero's Downfall, Collected Company, Qasali Pridemage, Sylvan Caryatid, Grim Flayer, Deathrite Shaman, Biomass Mutation, Go for the Throat, Llanowar Wastes, Verdurous Gearhulk, Knight of the Reliquary, Wall of Roots, Yavimaya Coast, Murmuring Bosk, Courser of Kruphix, Swamp, Swamp, Wooded Foothills, Blooming Marsh, Verdant Catacombs, Oracle of Mul Daya, Renegade Rallier, Botanical Sanctum, Noble Hierarch, Forest, Forest, Forest, Forest, Plains, Plains, Naturalize, Woodland Cemetery, Fertile Ground, Kessig Prowler, Siege Rhino, Desecration Demon, Hinterland Harbor, Bitterblossom, Vampire Hexmage","Kiora, Master of the Depths, Student of Warfare, Mystic Snake, Shadowmage Infiltrator, Geist of Saint Traft, Blackcleave Cliffs, Coiling Oracle, Dark Petition, Secure the Wastes, Phantasmal Image, Cyclonic Rift, Oust, Scarecrone"
"39","4","Green","G Ramp","Creatures","17","6","17","3.96","Utopia Sprawl, Green Sun's Zenith, Thragtusk, Eldritch Evolution, Scavenging Ooze, Elves of Deep Shadow, Acidic Slime, Woodfall Primus, Eternal Witness, Fauna Shaman, Farseek, Swamp, Chord of Calling, Beast Within, Elvish Piper, Lotus Cobra, Carnage Tyrant, Emrakul, the Aeons Torn, Overgrown Tomb, Joraga Treespeaker, Primeval Titan, Ghalta, Primal Hunger, Forest, Forest, Forest, Forest, Forest, Forest, Forest, Forest, Forest, Forest, Forest, Forest, Forest, Birds of Paradise, Marsh Flats, Sakura-Tribe Elder, Tireless Tracker, Dryad Arbor","Cathartic Reunion, Steam Vents, Blade Splicer, Breeding Pool, Horizon Canopy, Simian Spirit Guide, Tarmogoyf, Kitchen Finks, Woodland Bellower, Rhonas the Indomitable, Summoner's Pact, Harmonize, Flickerwisp, Canopy Vista, Master of the Wild Hunt, Quicksilver Amulet, Pyroclasm, Kird Ape, Watery Grave"
"39","5","Black/Red","BR Aristocrats","Spells, Humans","7","16","17","2.30","Bedlam Reveler, Fatal Push, Zealous Conscripts, Canyon Slough, Dark Confidant, Collective Brutality, Goblin Rabblemaster, Rift Bolt, Blood Crypt, Kolaghan's Command, Swamp, Swamp, Swamp, Swamp, Swamp, Young Pyromancer, Terminate, Night's Whisper, Lightning Axe, Dead // Gone, Flame Slash, Mountain, Mountain, Mountain, Mountain, Mountain, Mountain, Mountain, Mountain, Shock, Searing Spear, Burst Lightning, Galvanic Blast, Dreadbore, Monastery Swiftspear, Urborg, Tomb of Yawgmoth, Thoughtseize, Hellrider, Tarfire, Bloodstained Mire","Inferno Titan, Plow Under, Concealed Courtyard, Goryo's Vengeance, Brain Maggot, Ashen Rider, Tidehollow Sculler, Whip of Erebos, Temple of Triumph, Godless Shrine, Isolated Chapel, Lightning Helix, Mikaeus, the Lunarch, Through the Breach, Commune with Nature, Siege-Gang Commander, Banishing Light, Ajani Vengeant"
"39","6","Black/Blue","BU Tempo","Spells","12","11","17","3.65","Chart a Course, Liliana of the Veil, Creeping Tar Pit, Negate, Inquisition of Kozilek, Oona's Prowler, Pack Rat, Swamp, Swamp, Swamp, Swamp, Swamp, Swamp, Swamp, Swamp, Swamp, Swamp, Swamp, Swamp, Swamp, Doom Blade, Treasure Cruise, Liliana, the Last Hope, Ravenous Chupacabra, Temple of Mystery, Liliana, Death's Majesty, Drowned Catacomb, Tasigur, the Golden Fang, Kitesail Freebooter, Sheoldred, Whispering One, Crypt Ghast, Island, Skinrender, The Scarab God, Looter il-Kor, Unburial Rites, Heir of Falkenrath, Ultimate Price, Griselbrand, Dismember","Solemn Simulacrum, Spell Queller, Settle the Wreckage, Sword of Fire and Ice, Smoldering Marsh, Deceiver Exarch, Temur Charm, Brimaz, King of Oreskos, Walking Ballista, Sower of Temptation, Chandra, Fire of Kaladesh, Disallow, Bloodwater Entity, Elesh Norn, Grand Cenobite, Logic Knot, Steelshaper's Gift, Talrand, Sky Summoner, Chrome Mox, Vampire Nighthawk"
"39","7","Blue/White","UW Control","Spells","5","18","17","3.26","Talisman of Progress, Ponder, Glacial Fortress, Venser, Shaper Savant, Snapcaster Mage, Wrath of God, Censor, Irrigated Farmland, Prairie Stream, Serum Visions, Commit // Memory, Wall of Omens, Bribery, Opt, Sphinx's Revelation, Celestial Colonnade, Ancestral Vision, Cryptic Command, Torrential Gearhulk, Island, Island, Island, Island, Island, Island, Island, Island, Island, Island, Mana Leak, Scalding Tarn, Jace Beleren, Day of Judgment, Remand, Time Warp, Hallowed Fountain, Thing in the Ice, Shelldock Isle, Search for Azcanta, Dig Through Time","Soul-Scar Mage, Lotus Bloom, Electrolyze, Shivan Reef, Caves of Koilos, Sulfur Falls, Mogg Fanatic, Unsummon, Incendiary Flow, Banisher Priest, Izzet Charm, Sun Titan, Spirebluff Canal, Honor of the Pure, Abrade"
"39","8","Red/White","RW Weenie","Humans","13","10","17","2.30","Judge's Familiar, Journey to Nowhere, Stoneforge Mystic, Spectral Procession, Archangel Avacyn, Sacred Foundry, Smuggler's Copter, Goblin Guide, Gideon, Ally of Zendikar, Pacifism, Inkmoth Nexus, Knight of the White Orchid, Adanto Vanguard, Mana Tithe, Thalia, Guardian of Thraben, Celestial Crusader, Gideon's Lawkeeper, Plains, Plains, Plains, Plains, Plains, Plains, Plains, Plains, Plains, Plains, Plains, Plains, Plains, Arid Mesa, Thraben Inspector, Figure of Destiny, Sword of Feast and Famine, Clifftop Retreat, Seeker of the Way, Glorious Anthem, Kytheon, Hero of Akros, Elspeth, Knight-Errant, Legion's Landing","Elspeth, Sun's Champion, Abbot of Keral Keep, Aurelia, the Warleader, Zurgo Bellstriker, Archangel of Thune, Huntmaster of the Fells, Zurgo Helmsmasher, Kiki-Jiki, Mirror Breaker, Evolving Wilds, Hellspark Elemental, Disenchant, Bomat Courier, Boon Satyr, Glorybringer, Incinerate, Hangarback Walker, Devil's Play, Hero of Oxid Ridge"
"40","1","Black/Blue","BU Tempo","Spells","10","13","17","2.87","Ponder, Chart a Course, Liliana of the Veil, Creeping Tar Pit, Fetid Pools, Inquisition of Kozilek, Shadowmage Infiltrator, Brain Maggot, Talisman of Dominance, Vendetta, Swamp, Swamp, Swamp, Swamp, Swamp, Swamp, Swamp, Swamp, Swamp, Swamp, Hypnotic Specter, Ravenous Chupacabra, Jace, the Mind Sculptor, Night's Whisper, Drowned Catacomb, Kitesail Freebooter, Sheoldred, Whispering One, Massacre Wurm, Evolving Wilds, Preordain, Murderous Cut, Hostage Taker, Sunken Hollow, Ultimate Price, Thoughtseize, Phyrexian Arena, Desecration Demon, Bloodstained Mire, Watery Grave, Vampire Nighthawk","Talara's Battalion, Eldritch Evolution, Cryptbreaker, Plow Under, Biomass Mutation, Geist of Saint Traft, Farseek, Tezzeret the Seeker, Oona's Prowler, Gatekeeper of Malakir, Dark Petition, Ghalta, Primal Hunger, Looter il-Kor, Commune with Nature, Chrome Mox"
"40","2","Blue/White","UW Control","Artifacts, Spells","4","19","17","3.48","Talisman of Progress, Glacial Fortress, Sleight of Hand, Elspeth, Sun's Champion, Karn Liberated, Spell Queller, Consecrated Sphinx, Hedron Archive, Negate, Wrath of God, Monastery Mentor, Irrigated Farmland, Serum Visions, Treasure Cruise, Bribery, Unsummon, Celestial Colonnade, Disallow, Torrential Gearhulk, Remove Soul, Secure the Wastes, Island, Island, Island, Island, Island, Island, Plains, Plains, Plains, Plains, Plains, Plains, Crystal Shard, Day of Judgment, Batterskull, Path to Exile, Cyclonic Rift, Hallowed Fountain, Flooded Strand","Cruel Ultimatum, Student of Warfare, Umezawa's Jitte, Concealed Courtyard, Scattered Groves, Ashen Rider, Godless Shrine, Manamorphose, Incendiary Flow, Razorverge Thicket, Banisher Priest, Ornithopter, Sun Titan, Quicksilver Amulet, Honor of the Pure, Reciprocate, Birthing Pod"
"40","3","Blue/White","UW Artifacts","Artifacts","11","12","17","2.74","Coalition Relic, Solemn Simulacrum, Ensoul Artifact, Everflowing Chalice, Sensei's Divining Top, Master of Etherium, Blade Splicer, Terramorphic Expanse, Judge's Familiar, Ratchet Bomb, Windswept Heath, Myr Enforcer, Aether Spellbomb, Walking Ballista, Skysovereign, Consul Flagship, Prairie Stream, Skullclamp, Porcelain Legionnaire, Inkmoth Nexus, Etched Champion, Thopter Foundry, Inventors' Fair, Steel Overseer, Lodestone Golem, Disenchant, Mindslaver, Island, Island, Island, Island, Island, Island, Island, Plains, Plains, Plains, Plains, Springleaf Drum, Myr Battlesphere, Temple of Silence","Avacyn's Pilgrim, Lingering Souls, Collected Company, Diabolic Tutor, Talisman of Indulgence, Journey to Nowhere, Verdurous Gearhulk, Faithless Looting, Coiling Oracle, Adanto Vanguard, Maelstrom Pulse, Condescend, Oblivion Ring, Makeshift Mannequin, Delver of Secrets, City of Brass"
"40","4","Green/Blue","GU Ramp","Creatures","18","5","17","3.22","Utopia Sprawl, Reclamation Sage, Green Sun's Zenith, Thragtusk, Venser, Shaper Savant, Scavenging Ooze, Breeding Pool, Acidic Slime, Vendilion Clique, Snapcaster Mage, Eternal Witness, Phyrexian Metamorph, Hornet Queen, Glen Elendra Archmage, Temple of Mystery, Botanical Sanctum, Lotus Cobra, Carnage Tyrant, Noble Hierarch, Joraga Treespeaker, Primeval Titan, Island, Island, Forest, Forest, Forest, Forest, Forest, Forest, Forest, Forest, Forest, Forest, Forest, Mana Leak, Fertile Ground, Birds of Paradise, Time Warp, Master of the Wild Hunt, Hinterland Harbor","Lotus Bloom, Ulamog, the Ceaseless Hunger, Stomping Ground, Krosan Grip, Bloodbraid Elf, Tarmogoyf, Huntmaster of the Fells, Chord of Calling, Renegade Rallier, Opt, Logic Knot, Jace Beleren, Spell Pierce, Boomerang, Pact of Negation, Search for Azcanta, Dig Through Time, Ajani Vengeant"
"40","5","Black/Green","BG Graveyard","Black/Green","14","9","17","2.91","Hero's Downfall, Sylvan Caryatid, Fatal Push, Elves of Deep Shadow, Dark Confidant, Grim Flayer, Deathrite Shaman, Go for the Throat, Llanowar Wastes, Phyrexian Obliterator, Whip of Erebos, Pack Rat, Swamp, Swamp, Swamp, Swamp, Swamp, Swamp, Swamp, Swamp, Swamp, Swamp, Doom Blade, Liliana, the Last Hope, Shriekmaw, Disfigure, Liliana, Death's Majesty, Overgrown Tomb, Noxious Gearhulk, Skinrender, Woodland Cemetery, Marsh Flats, Urborg, Tomb of Yawgmoth, Temple of Malady, Kalitas, Traitor of Ghet, Sakura-Tribe Elder, Bloodghast, Dryad Arbor, Grave Titan, Dismember","Thrun, the Last Troll, Blackmail, Duress, Fauna Shaman, Murmuring Bosk, Kolaghan's Command, Smuggler's Copter, Terminate, Oracle of Mul Daya, Elvish Piper, Craterhoof Behemoth, Flickerwisp, Heir of Falkenrath, Remand, Griselbrand"
"40","6","White","W Weenie","Humans","15","8","17","2.57","Sword of Fire and Ice, Stoneforge Mystic, Spectral Procession, Brimaz, King of Oreskos, Archangel of Thune, Gideon, Ally of Zendikar, Kitchen Finks, Pacifism, Selfless Spirit, Phyrexian Revoker, Knight of the White Orchid, Leonin Relic-Warder, Mana Tithe, Thalia, Guardian of Thraben, Celestial Crusader, Gideon's Lawkeeper, Plains, Plains, Plains, Plains, Plains, Plains, Plains, Plains, Plains, Plains, Plains, Plains, Plains, Plains, Plains, Arid Mesa, Thraben Inspector, Isamaru, Hound of Konda, Loxodon Warhammer, Canopy Vista, Seeker of the Way, Glorious Anthem, Kytheon, Hero of Akros, Elspeth, Knight-Errant","Leatherback Baloth, Qasali Pridemage, Sword of the Meek, Settle the Wreckage, Knight of the Reliquary, Tidehollow Sculler, Rakdos's Return, Vault Skirge, Battlefield Forge, Temple of Triumph, Lightning Helix, Treetop Village, Naturalize, Lightning Greaves, Wurmcoil Engine, Hangarback Walker, Siege Rhino, Tireless Tracker, Hero of Oxid Ridge, Chromatic Star"
"40","7","Red/Blue","RU Spellslinger","Spells","10","13","17","2.87","Bedlam Reveler, Inferno Titan, Cathartic Reunion, Shivan Reef, Steam Vents, Zealous Conscripts, Censor, Deceiver Exarch, Sower of Temptation, Sulfur Falls, Lightning Axe, Pestermite, Dead // Gone, Bloodwater Entity, Ancestral Vision, Izzet Charm, Kiki-Jiki, Mirror Breaker, Mountain, Mountain, Mountain, Mountain, Mountain, Mountain, Mountain, Mountain, Mountain, Mountain, Mountain, Shock, Searing Spear, Burst Lightning, Repeal, Island, Through the Breach, Monastery Swiftspear, Pyroclasm, Talrand, Sky Summoner, Spirebluff Canal, Tarfire, Shelldock Isle","Caves of Koilos, Temur Charm, Woodland Bellower, Blackcleave Cliffs, Rhonas the Indomitable, Relic of Progenitus, Kari Zev, Skyship Raider, Hellspark Elemental, Goblin Dark-Dwellers, Street Wraith, Mana Confluence, Sundering Titan, Galvanic Blast, Dreadbore, Dragonlord Atarka, Trash for Treasure, Devil's Play"
"40","8","Red","R Burn","Humans","15","8","17","2.22","Soul-Scar Mage, Abbot of Keral Keep, Chandra, Torch of Defiance, Goblin Rabblemaster, Pyrite Spellbomb, Hazoret the Fervent, Splinter Twin, Grim Lavamancer, Inspiring Vantage, Lightning Bolt, Simian Spirit Guide, Sacred Foundry, Zurgo Bellstriker, Goblin Guide, Young Pyromancer, Chandra, Fire of Kaladesh, Ball Lightning, Pia and Kiran Nalaar, Flame Slash, Earthquake, Mountain, Mountain, Mountain, Mountain, Mountain, Mountain, Mountain, Mountain, Mountain, Mountain, Mountain, Mountain, Mountain, Mountain, Bomat Courier, Glorybringer, Scalding Tarn, Figure of Destiny, Shrapnel Blast, Abrade","Aurelia, the Warleader, Abrupt Decay, Sphinx of the Steel Wind, Canyon Slough, Mind Shatter, Crib Swap, Woodfall Primus, Icy Manipulator, Smoldering Marsh, Wall of Roots, Blood Crypt, Mantis Rider, Savannah Lions, Raging Ravine, Sheltered Thicket, Cinder Glade, Restoration Angel, Bitterblossom, Kird Ape"
"41","1","Black/Blue","BU Tempo","Spells, Wizards","7","16","17","3.00","Ponder, Hero's Downfall, Venser, Shaper Savant, Vendilion Clique, Creeping Tar Pit, Dissolve, Fetid Pools, Censor, Shadowmage Infiltrator, Talisman of Dominance, Swamp, Swamp, Jace, Vryn's Prodigy, Disallow, Condescend, Cryptic Command, Noxious Gearhulk, Repeal, Island, Island, Island, Island, Island, Island, Island, Island, Island, Island, Island, Ashiok, Nightmare Weaver, Mana Leak, The Scarab God, Jace Beleren, Sunken Hollow, Damnation, Remand, Polluted Delta, Thing in the Ice, Search for Azcanta, Dig Through Time","Talisman of Progress, Cruel Ultimatum, Diabolic Tutor, Deceiver Exarch, Krosan Grip, Ashen Rider, Frost Titan, Oona's Prowler, Sphinx's Revelation, Temple of Epiphany, Night's Whisper, Massacre Wurm, Ulamog, the Infinite Gyre, Goblin Dark-Dwellers, Zombify, Street Wraith, Phantasmal Image, Dragonlord Atarka"
"41","2","Red/White","RW Cycling","Artifacts, Spells","7","16","17","3.17","Karn Liberated, Inferno Titan, Aurelia, the Warleader, Umezawa's Jitte, Journey to Nowhere, Condemn, Monastery Mentor, Faithless Looting, Inspiring Vantage, Irrigated Farmland, Walking Ballista, Chromatic Lantern, Wall of Omens, Temple of Triumph, Celestial Colonnade, Gilded Lotus, Izzet Charm, Mountain, Mountain, Disenchant, Searing Spear, Sun Titan, Plains, Plains, Plains, Plains, Plains, Plains, Arid Mesa, Day of Judgment, Batterskull, Path to Exile, Clifftop Retreat, Marsh Flats, Restoration Angel, Trash for Treasure, Elspeth, Knight-Errant, City of Brass, Flooded Strand, Abrade","Talara's Battalion, Goblin Rabblemaster, Ratchet Bomb, Caves of Koilos, Porcelain Legionnaire, Lightning Axe, Springleaf Drum, Gemstone Caverns, Siege-Gang Commander, Cinder Glade, Temple of Silence, Grave Titan, Bitterblossom"
"41","3","Blue","U Artifacts","Artifacts","13","10","17","3.00","Solemn Simulacrum, Ensoul Artifact, Everflowing Chalice, Sensei's Divining Top, Myr Enforcer, Phyrexian Metamorph, Icy Manipulator, Smuggler's Copter, Tezzeret the Seeker, Swamp, Swamp, Swamp, Swamp, Swamp, Swamp, Arcbound Ravager, Vault Skirge, Inkmoth Nexus, Cranial Plating, Etched Champion, Inventors' Fair, Steel Overseer, Ornithopter, Lodestone Golem, Island, Island, Island, Island, Island, Island, Island, Island, Myr Battlesphere, Scalding Tarn, Wurmcoil Engine, Inkwell Leviathan, Hangarback Walker, Mox Opal, Chrome Mox, Vedalken Shackles","Sleight of Hand, Spell Queller, Talisman of Indulgence, Pyrite Spellbomb, Hedron Archive, Huntmaster of the Fells, Sower of Temptation, Treasure Cruise, Sulfur Falls, Bribery, Opt, Kari Zev, Skyship Raider, Pestermite, Bloodwater Entity, Razorverge Thicket, Mindslaver, Looter il-Kor, Spell Pierce, Cyclonic Rift"
"41","4","Red/White","RW Burn","Humans","13","10","17","2.13","Abbot of Keral Keep, Chandra, Torch of Defiance, Horizon Canopy, Hazoret the Fervent, Sword of Fire and Ice, Bloodbraid Elf, Goblin Guide, Skullclamp, Battlefield Forge, Chandra, Fire of Kaladesh, Mogg Fanatic, Lightning Helix, Dead // Gone, Raging Ravine, Flame Slash, Incendiary Flow, Thalia, Guardian of Thraben, Mountain, Mountain, Mountain, Mountain, Mountain, Mountain, Mountain, Mountain, Mountain, Mountain, Mountain, Mountain, Mountain, Bomat Courier, Burst Lightning, Figure of Destiny, Galvanic Blast, Monastery Swiftspear, Sheltered Thicket, Hellrider, Tarfire, Hero of Oxid Ridge, Kird Ape","Student of Warfare, Blade Splicer, Acidic Slime, Judge's Familiar, Gideon, Ally of Zendikar, Pacifism, Savannah Lions, Zurgo Helmsmasher, Renegade Rallier, Mana Tithe, Rancor, Kiki-Jiki, Mirror Breaker, Thraben Inspector, Sword of Feast and Famine, Mana Confluence, Master of the Wild Hunt, Seeker of the Way, Kytheon, Hero of Akros"
"41","5","White","W Weenie","White","14","9","17","3.39","Elspeth, Sun's Champion, Angel of Invention, Crib Swap, Settle the Wreckage, Wrath of God, Stoneforge Mystic, Spectral Procession, Archangel Avacyn, Hero of Bladehold, Brimaz, King of Oreskos, Archangel of Thune, Selfless Spirit, Knight of the White Orchid, Mikaeus, the Lunarch, Elesh Norn, Grand Cenobite, Banisher Priest, Celestial Crusader, Flickerwisp, Plains, Plains, Plains, Plains, Plains, Plains, Plains, Plains, Plains, Plains, Plains, Plains, Plains, Plains, Plains, Plains, Plains, Isamaru, Hound of Konda, Steelshaper's Gift, Glorious Anthem, Oust, Banishing Light","Glacial Fortress, Reclamation Sage, Lotus Bloom, Ulamog, the Ceaseless Hunger, Thragtusk, Thrun, the Last Troll, Terramorphic Expanse, Gitaxian Probe, Zealous Conscripts, Windswept Heath, Knight of the Reliquary, Scattered Groves, Geist of Saint Traft, Prairie Stream, Kitchen Finks, Whisperwood Elemental, Through the Breach, Hostage Taker, Siege Rhino, Char, Talisman of Impulse, Temple Garden"
"41","6","Black/Green","BG Graveyard","Shamans","14","9","17","2.83","Liliana of the Veil, Abrupt Decay, Scavenging Ooze, Dark Confidant, Grim Flayer, Deathrite Shaman, Go for the Throat, Eternal Witness, Llanowar Wastes, Tarmogoyf, Whip of Erebos, Pack Rat, Swamp, Swamp, Swamp, Swamp, Swamp, Swamp, Swamp, Swamp, Swamp, Swamp, Doom Blade, Liliana, the Last Hope, Verdant Catacombs, Llanowar Elves, Shriekmaw, Hypnotic Specter, Disfigure, Liliana, Death's Majesty, Tasigur, the Golden Fang, Sheoldred, Whispering One, Forest, Forest, Forest, Forest, Woodland Cemetery, Ultimate Price, Sakura-Tribe Elder, Vampire Nighthawk","Collected Company, Leatherback Baloth, Eldritch Evolution, Chromatic Sphere, Woodfall Primus, Temur Charm, Murmuring Bosk, Rhonas the Indomitable, Terminate, Gatekeeper of Malakir, Summoner's Pact, Phyrexian Revoker, Dark Petition, Unsummon, Manamorphose, Kitesail Freebooter, Boon Satyr, Kessig Prowler, Vampire Hexmage"
"41","7","Black/Red","BR Aristocrats","Spells","7","16","17","2.52","Ingot Chewer, Twisted Abomination, Fatal Push, Canyon Slough, Blackmail, Smoldering Marsh, Inquisition of Kozilek, Brain Maggot, Blood Crypt, Lightning Bolt, Kolaghan's Command, Rakdos's Return, Swamp, Swamp, Swamp, Swamp, Swamp, Swamp, Swamp, Blackcleave Cliffs, Young Pyromancer, Dragonskull Summit, Earthquake, Mountain, Mountain, Mountain, Mountain, Mountain, Shock, Glorybringer, Murderous Cut, Skinrender, Dreadbore, Incinerate, Pyroclasm, Thoughtseize, Phyrexian Arena, Devil's Play, Desecration Demon, Dismember","Bedlam Reveler, Electrolyze, Lingering Souls, Steam Vents, Concealed Courtyard, Sacred Foundry, Zurgo Bellstriker, Mantis Rider, Mishra's Bauble, Isolated Chapel, Harmonize, Crypt Ghast, Hellspark Elemental, Secure the Wastes, Oblivion Ring, Unburial Rites, Ajani Vengeant"
"41","8","Green/Blue","GU Ramp","Creatures","15","8","17","4.22","Utopia Sprawl, Misty Rainforest, Kiora, Master of the Depths, Green Sun's Zenith, Sylvan Caryatid, Mystic Snake, Garruk Wildspeaker, Breeding Pool, Elves of Deep Shadow, Plow Under, Consecrated Sphinx, Wall of Roots, Yavimaya Coast, Woodland Bellower, Chord of Calling, Oracle of Mul Daya, Temple of Mystery, Jace, the Mind Sculptor, Carnage Tyrant, Emrakul, the Aeons Torn, Noble Hierarch, Joraga Treespeaker, Evolving Wilds, Primeval Titan, Ghalta, Primal Hunger, Forest, Forest, Forest, Forest, Forest, Forest, Forest, Forest, Forest, Treetop Village, Birds of Paradise, Time Warp, Tireless Tracker, Dryad Arbor, Shelldock Isle","Negate, Commit // Memory, Glen Elendra Archmage, Rootbound Crag, Ancestral Vision, Preordain, Naturalize, Crystal Shard, Sundering Titan, Shrapnel Blast, Commune with Nature, Reciprocate, Delver of Secrets, Birthing Pod"
"42","1","White","W Weenie","White","13","10","17","3.65","Elspeth, Sun's Champion, Lingering Souls, Angel of Invention, Sword of Fire and Ice, Stoneforge Mystic, Spectral Procession, Monastery Mentor, Archangel Avacyn, Hero of Bladehold, Brimaz, King of Oreskos, Archangel of Thune, Pacifism, Wall of Omens, Dragonskull Summit, Selfless Spirit, Hidden Dragonslayer, Elesh Norn, Grand Cenobite, Disenchant, Flickerwisp, Sun Titan, Plains, Plains, Plains, Plains, Plains, Plains, Plains, Plains, Plains, Plains, Plains, Plains, Plains, Plains, Plains, Plains, Oblivion Ring, Glorious Anthem, Elspeth, Knight-Errant, Spear of Heliod","Hero's Downfall, Qasali Pridemage, Collective Brutality, Aether Spellbomb, Walking Ballista, Liliana, the Last Hope, Vault Skirge, Shriekmaw, Ravenous Chupacabra, Harmonize, Thopter Foundry, Crypt Ghast, Damnation, Boomerang, Bloodghast, Phyrexian Arena, Flooded Strand, Scarecrone, Bitterblossom, Vampire Hexmage, Dismember"
"42","2","Green/Blue","GU Ramp","Spells, Wizards","10","13","17","2.70","Solemn Simulacrum, Utopia Sprawl, Sleight of Hand, Venser, Shaper Savant, Breeding Pool, Snapcaster Mage, Biomass Mutation, Eternal Witness, Consecrated Sphinx, Phyrexian Metamorph, Yavimaya Coast, Farseek, Sower of Temptation, Treasure Cruise, Glen Elendra Archmage, Wooded Foothills, Verdant Catacombs, Llanowar Elves, Temple of Mystery, Unsummon, Botanical Sanctum, Joraga Treespeaker, Preordain, Remove Soul, Island, Island, Island, Island, Island, Logic Knot, Forest, Forest, Treetop Village, Mana Leak, Remand, Dryad Arbor, Polluted Delta, Shelldock Isle, Search for Azcanta, Vedalken Shackles","Lotus Bloom, Collected Company, Master of Etherium, Murmuring Bosk, Gideon, Ally of Zendikar, Huntmaster of the Fells, Blooming Marsh, Summoner's Pact, Raging Ravine, Lightning Greaves, Cinder Glade, Hallowed Fountain"
"42","3","Black/Blue/White","BUW Reanimator","Spells","13","10","17","4.57","Chart a Course, Sphinx of the Steel Wind, Creeping Tar Pit, Woodfall Primus, Fetid Pools, Duress, Shadowmage Infiltrator, Goryo's Vengeance, Ashen Rider, Swamp, Swamp, Swamp, Swamp, Swamp, Swamp, Swamp, Serum Visions, Liliana, Death's Majesty, Disallow, Sheoldred, Whispering One, Massacre Wurm, Island, Island, Forest, Forest, Plains, Plains, Street Wraith, Myr Battlesphere, The Scarab God, Looter il-Kor, Jace Beleren, Sunken Hollow, Sundering Titan, Unburial Rites, Heir of Falkenrath, Spell Pierce, Makeshift Mannequin, Inkwell Leviathan, Watery Grave","Cruel Ultimatum, Stomping Ground, Temur Charm, Kolaghan's Command, Temple of Epiphany, Pia and Kiran Nalaar, Leonin Relic-Warder, Emrakul, the Aeons Torn, Maelstrom Pulse, Torrential Gearhulk, Ulamog, the Infinite Gyre, Goblin Dark-Dwellers, Gemstone Caverns, Dreadbore, Sheltered Thicket, Quicksilver Amulet, Pyroclasm, Talisman of Impulse"
"42","4","Black","B Combo","Artifacts","11","12","17","1.78","Sensei's Divining Top, Terramorphic Expanse, Dark Confidant, Myr Enforcer, Chromatic Sphere, Talisman of Dominance, Tidehollow Sculler, Swamp, Swamp, Swamp, Swamp, Swamp, Swamp, Swamp, Swamp, Swamp, Swamp, Swamp, Mishra's Bauble, Skullclamp, Porcelain Legionnaire, Cranial Plating, Phyrexian Revoker, Etched Champion, Isolated Chapel, Night's Whisper, Inventors' Fair, Steel Overseer, Ornithopter, Lodestone Golem, Frogmite, Island, Plains, Plains, Springleaf Drum, Hangarback Walker, Mox Opal, Chrome Mox, Thoughtseize, Chromatic Star","Twisted Abomination, Grim Flayer, Mind Shatter, Dread Return, Krosan Grip, Phyrexian Obliterator, Pack Rat, Woodland Bellower, Rhonas the Indomitable, Hypnotic Specter, Mindslaver, Skinrender, Woodland Cemetery, Ultimate Price, Steelshaper's Gift, Kalitas, Traitor of Ghet, Honor of the Pure, Birthing Pod, Vampire Nighthawk"
"42","5","Red/Blue","RU Spellslinger","Spells","8","15","17","3.09","Bedlam Reveler, Electrolyze, Misty Rainforest, Shivan Reef, Steam Vents, Vendilion Clique, Splinter Twin, Stormchaser Mage, Negate, Censor, Deceiver Exarch, Commit // Memory, Sulfur Falls, Opt, Jace, the Mind Sculptor, Pestermite, Flame Slash, Condescend, Izzet Charm, Kiki-Jiki, Mirror Breaker, Mountain, Mountain, Mountain, Island, Island, Island, Island, Island, Island, Island, Island, Island, Arid Mesa, Cyclonic Rift, Delver of Secrets, Devil's Play, Tarfire, Thing in the Ice, Dig Through Time, Abrade","Talisman of Progress, Ensoul Artifact, Talara's Battalion, Everflowing Chalice, Karn Liberated, Leatherback Baloth, Aurelia, the Warleader, Judge's Familiar, Blackmail, Tezzeret the Seeker, Chord of Calling, Relic of Progenitus, Celestial Colonnade, Rootbound Crag, Gilded Lotus, Through the Breach, Dragonlord Atarka"
"42","6","Red","R Burn","Humans","13","10","17","2.39","Soul-Scar Mage, Chandra, Torch of Defiance, Zealous Conscripts, Goblin Rabblemaster, Pyrite Spellbomb, Faithless Looting, Zurgo Bellstriker, Smuggler's Copter, Young Pyromancer, Chandra, Fire of Kaladesh, Ball Lightning, Kari Zev, Skyship Raider, Mogg Fanatic, Lightning Axe, Dead // Gone, Incendiary Flow, Mountain, Mountain, Mountain, Mountain, Mountain, Mountain, Mountain, Mountain, Mountain, Mountain, Mountain, Mountain, Mountain, Mountain, Mountain, Mountain, Mountain, Bomat Courier, Searing Spear, Burst Lightning, Glorybringer, Galvanic Blast, Siege-Gang Commander, Hero of Oxid Ridge","Cathartic Reunion, Fatal Push, Cryptbreaker, Canyon Slough, Crib Swap, Wrath of God, Smoldering Marsh, Brain Maggot, Sacred Foundry, Knight of the Holy Nimbus, Skysovereign, Consul Flagship, Rakdos's Return, Blackcleave Cliffs, Dark Petition, Razorverge Thicket, Evolving Wilds, Crystal Shard, Sword of Feast and Famine, Batterskull, Kytheon, Hero of Akros, Trash for Treasure, Ajani Vengeant"
"42","7","Green","G Ramp","Shamans, Creatures","19","4","17","4.00","Reclamation Sage, Avacyn's Pilgrim, Green Sun's Zenith, Thrun, the Last Troll, Garruk Wildspeaker, Scavenging Ooze, Elves of Deep Shadow, Acidic Slime, Plow Under, Windswept Heath, Concealed Courtyard, Caves of Koilos, Fauna Shaman, Wall of Roots, Hornet Queen, Scattered Groves, Courser of Kruphix, Inkmoth Nexus, Oracle of Mul Daya, Beast Within, Lotus Cobra, Carnage Tyrant, Craterhoof Behemoth, Whisperwood Elemental, Primeval Titan, Ghalta, Primal Hunger, Forest, Forest, Forest, Forest, Forest, Forest, Forest, Forest, Forest, Forest, Plains, Canopy Vista, Master of the Wild Hunt, Sakura-Tribe Elder","Deathrite Shaman, Settle the Wreckage, Hedron Archive, Knight of the Reliquary, Tarmogoyf, Prairie Stream, Gatekeeper of Malakir, Renegade Rallier, Tasigur, the Golden Fang, Rancor, Boon Satyr, Zombify, Naturalize, Kessig Prowler, Commune with Nature, Blightsteel Colossus"
"42","8","Red/White","RW Aggro","Humans","14","9","17","1.87","Student of Warfare, Umezawa's Jitte, Rift Bolt, Journey to Nowhere, Hazoret the Fervent, Inspiring Vantage, Lightning Bolt, Simian Spirit Guide, Savannah Lions, Battlefield Forge, Temple of Triumph, Mikaeus, the Lunarch, Adanto Vanguard, Thalia, Guardian of Thraben, Banisher Priest, Mountain, Mountain, Mountain, Mountain, Mountain, Hellspark Elemental, Shock, Secure the Wastes, Gideon's Lawkeeper, Plains, Plains, Plains, Plains, Plains, Plains, Plains, Plains, Figure of Destiny, Isamaru, Hound of Konda, Shrapnel Blast, Clifftop Retreat, Incinerate, Monastery Swiftspear, Hellrider, Arc Trail","Glacial Fortress, Liliana of the Veil, Diabolic Tutor, Talisman of Indulgence, Icy Manipulator, Inquisition of Kozilek, Bloodbraid Elf, Geist of Saint Traft, Vendetta, Mantis Rider, Terminate, Godless Shrine, Earthquake, Scalding Tarn, Marsh Flats, Siege Rhino, City of Brass, Kird Ape"
"43","1","Red/Blue","RU Spellslinger","Spells, Wizards","7","16","17","2.30","Sleight of Hand, Shivan Reef, Gitaxian Probe, Vendilion Clique, Splinter Twin, Dissolve, Stormchaser Mage, Negate, Censor, Sower of Temptation, Jace, Vryn's Prodigy, Young Pyromancer, Temple of Epiphany, Unsummon, Bloodwater Entity, Condescend, Izzet Charm, Cryptic Command, Mountain, Mountain, Torrential Gearhulk, Searing Spear, Preordain, Repeal, Island, Island, Island, Island, Island, Island, Island, Island, Island, Island, Island, Mana Leak, Scalding Tarn, Cyclonic Rift, Shelldock Isle, Abrade","Coalition Relic, Ulamog, the Ceaseless Hunger, Sensei's Divining Top, Ratchet Bomb, Mind Shatter, Irrigated Farmland, Aether Spellbomb, Huntmaster of the Fells, Pacifism, Chandra, Fire of Kaladesh, Lightning Axe, Gilded Lotus, Mindslaver, Treetop Village, Goblin Dark-Dwellers, Galvanic Blast, Hangarback Walker, Devil's Play"
"43","2","White","W Weenie","Humans, Creatures","17","6","17","2.30","Blade Splicer, Umezawa's Jitte, Angel of Invention, Stoneforge Mystic, Hero of Bladehold, Brimaz, King of Oreskos, Gideon, Ally of Zendikar, Savannah Lions, Porcelain Legionnaire, Selfless Spirit, Knight of the White Orchid, Mikaeus, the Lunarch, Adanto Vanguard, Mana Tithe, Thalia, Guardian of Thraben, Banisher Priest, Gideon's Lawkeeper, Plains, Plains, Plains, Plains, Plains, Plains, Plains, Plains, Plains, Plains, Plains, Plains, Plains, Plains, Plains, Plains, Plains, Thraben Inspector, Isamaru, Hound of Konda, Restoration Angel, Honor of the Pure, Legion's Landing, Spear of Heliod","Lingering Souls, Aurelia, the Warleader, Talisman of Indulgence, Icy Manipulator, Bloodbraid Elf, Inspiring Vantage, Kitchen Finks, Zurgo Helmsmasher, Temple of Triumph, Etched Champion, Isolated Chapel, Lightning Helix, Flame Slash, Steel Overseer, Lodestone Golem, Arid Mesa, Kessig Prowler, Clifftop Retreat, Incinerate, Inkwell Leviathan, Temple of Silence, Oust"
"43","3","Black/Blue","BU Tempo","Spells","3","20","17","3.00","Ponder, Everflowing Chalice, Venser, Shaper Savant, Creeping Tar Pit, Snapcaster Mage, Fetid Pools, Shadowmage Infiltrator, Talisman of Dominance, Swamp, Swamp, Swamp, Swamp, Serum Visions, Commit // Memory, Treasure Cruise, Inkmoth Nexus, Opt, Disfigure, Night's Whisper, Disallow, Remove Soul, Island, Island, Island, Island, Island, Island, Island, Island, Ashiok, Nightmare Weaver, Jace Beleren, Damnation, Ultimate Price, Thoughtseize, Polluted Delta, Search for Azcanta, Dig Through Time, Watery Grave, Dismember, Vedalken Shackles","Talisman of Progress, Chart a Course, Mystic Snake, Sword of the Meek, Hedron Archive, Verdurous Gearhulk, Tezzeret the Seeker, Skysovereign, Consul Flagship, Maelstrom Pulse, Frogmite, Street Wraith, Springleaf Drum, Crystal Shard, Boomerang, Chrome Mox, Hinterland Harbor, Vampire Hexmage"
"43","4","Black/Green","BG Graveyard","Creatures","16","7","17","4.00","Solemn Simulacrum, Misty Rainforest, Twisted Abomination, Abrupt Decay, Scavenging Ooze, Grim Flayer, Fauna Shaman, Hornet Queen, Tarmogoyf, Courser of Kruphix, Farseek, Oona's Prowler, Whip of Erebos, Swamp, Swamp, Swamp, Swamp, Swamp, Blooming Marsh, Verdant Catacombs, Liliana, Death's Majesty, Sheoldred, Whispering One, Overgrown Tomb, Noxious Gearhulk, Primeval Titan, Forest, Forest, Forest, Forest, Forest, Zombify, Murderous Cut, Woodland Cemetery, Birds of Paradise, Makeshift Mannequin, Marsh Flats, Urborg, Tomb of Yawgmoth, Sakura-Tribe Elder, Grave Titan, Griselbrand","Lotus Bloom, Collected Company, Thrun, the Last Troll, Stomping Ground, Biomass Mutation, Blackmail, Krosan Grip, Yavimaya Coast, Vendetta, Gatekeeper of Malakir, Dark Petition, Hostage Taker, Batterskull, Quicksilver Amulet, Blightsteel Colossus"
"43","5","Red","R Burn","Humans, Creatures","17","6","17","2.70","Soul-Scar Mage, Bedlam Reveler, Rift Bolt, Hazoret the Fervent, Grim Lavamancer, Simian Spirit Guide, Zurgo Bellstriker, Smuggler's Copter, Skullclamp, Ball Lightning, Kari Zev, Skyship Raider, Mogg Fanatic, Pia and Kiran Nalaar, Dead // Gone, Inventors' Fair, Mountain, Mountain, Mountain, Mountain, Mountain, Mountain, Mountain, Mountain, Mountain, Mountain, Mountain, Mountain, Mountain, Mountain, Mountain, Mountain, Hellspark Elemental, Bomat Courier, Burst Lightning, Glorybringer, Monastery Swiftspear, Siege-Gang Commander, Hellrider, Tarfire, Hero of Oxid Ridge","Hero's Downfall, Cathartic Reunion, Ingot Chewer, Duress, Rakdos's Return, Blackcleave Cliffs, Terminate, Arcbound Ravager, Dragonskull Summit, Mishra's Bauble, Relic of Progenitus, Renegade Rallier, Manamorphose, Rancor, Shrapnel Blast, Loxodon Warhammer, Temple of Malady, Talisman of Impulse, Kird Ape, Bloodstained Mire, Chromatic Star"
"43","6","Green","G Ramp","Elves, Creatures","18","5","17","3.43","Utopia Sprawl, Reclamation Sage, Avacyn's Pilgrim, Green Sun's Zenith, Thragtusk, Eldritch Evolution, Sylvan Caryatid, Garruk Wildspeaker, Elves of Deep Shadow, Acidic Slime, Eternal Witness, Woodland Bellower, Chord of Calling, Llanowar Elves, Oracle of Mul Daya, Elvish Piper, Lotus Cobra, Craterhoof Behemoth, Whisperwood Elemental, Razorverge Thicket, Noble Hierarch, Joraga Treespeaker, Ghalta, Primal Hunger, Forest, Forest, Forest, Forest, Forest, Forest, Forest, Forest, Forest, Forest, Forest, Forest, Forest, Forest, Forest, Tireless Tracker, Temple Garden","Abbot of Keral Keep, Kiora, Master of the Depths, Karn Liberated, Leatherback Baloth, Qasali Pridemage, Journey to Nowhere, Knight of the Reliquary, Wall of Omens, Beast Within, Harmonize, Raging Ravine, Rootbound Crag, Elesh Norn, Grand Cenobite, Boon Satyr, Secure the Wastes, Ulamog, the Infinite Gyre, Oblivion Ring, Naturalize, Wurmcoil Engine, Master of the Wild Hunt"
"43","7","Red/Blue/White","RUW Combo Control","Spells","12","11","17","3.48","Glacial Fortress, Electrolyze, Inferno Titan, Spell Queller, Steam Vents, Zealous Conscripts, Mulldrifter, Settle the Wreckage, Condemn, Monastery Mentor, Deceiver Exarch, Geist of Saint Traft, Sacred Foundry, Frost Titan, Glen Elendra Archmage, Wooded Foothills, Battlefield Forge, Bribery, Pestermite, Celestial Colonnade, Incendiary Flow, Mountain, Mountain, Mountain, Mountain, Riftwing Cloudskate, Island, Island, Island, Island, Through the Breach, Path to Exile, Time Warp, Spirebluff Canal, Hallowed Fountain, Arc Trail, Thing in the Ice, Flooded Strand, Pact of Negation, Ajani Vengeant","Sphinx of the Steel Wind, Myr Enforcer, Woodfall Primus, Smoldering Marsh, Temur Charm, Kolaghan's Command, Emrakul, the Aeons Torn, Fertile Ground, Dragonlord Atarka, Sheltered Thicket, Cinder Glade, Seeker of the Way, Scarecrone"
"43","8","Black","B Midrange","Black","12","11","17","2.87","Elspeth, Sun's Champion, Liliana of the Veil, Fatal Push, Cryptbreaker, Dark Confidant, Collective Brutality, Concealed Courtyard, Go for the Throat, Caves of Koilos, Inquisition of Kozilek, Phyrexian Obliterator, Brain Maggot, Pack Rat, Swamp, Swamp, Swamp, Swamp, Swamp, Swamp, Swamp, Swamp, Swamp, Swamp, Swamp, Swamp, Swamp, Swamp, Swamp, Doom Blade, Shriekmaw, Ravenous Chupacabra, Kitesail Freebooter, Skinrender, Sword of Feast and Famine, Unburial Rites, Kalitas, Traitor of Ghet, Bloodghast, Phyrexian Arena, Desecration Demon, Bitterblossom","Crib Swap, Sword of Fire and Ice, Wrath of God, Murmuring Bosk, Ashen Rider, Knight of the Holy Nimbus, Archangel of Thune, Tidehollow Sculler, Rhonas the Indomitable, Vault Skirge, Summoner's Pact, Evolving Wilds, Celestial Crusader, Flickerwisp, Sun Titan, Mox Opal, Siege Rhino, Elspeth, Knight-Errant, City of Brass, Banishing Light"
"44","1","Black/Green/Red","BGR Midrange","Spells","10","13","17","2.22","Reclamation Sage, Liliana of the Veil, Thragtusk, Thrun, the Last Troll, Terramorphic Expanse, Abrupt Decay, Elves of Deep Shadow, Grim Flayer, Collective Brutality, Deathrite Shaman, Go for the Throat, Llanowar Wastes, Duress, Smoldering Marsh, Blood Crypt, Lightning Bolt, Tarmogoyf, Smuggler's Copter, Rakdos's Return, Swamp, Swamp, Swamp, Swamp, Swamp, Doom Blade, Blackcleave Cliffs, Terminate, Liliana, the Last Hope, Blooming Marsh, Kitesail Freebooter, Mountain, Burst Lightning, Forest, Treetop Village, Woodland Cemetery, Ultimate Price, Temple of Malady, Bloodghast, Desecration Demon, Bloodstained Mire","Soul-Scar Mage, Abbot of Keral Keep, Ingot Chewer, Acidic Slime, Hazoret the Fervent, Sacred Foundry, Kitchen Finks, Chandra, Fire of Kaladesh, Rancor, Kessig Prowler, Pyroclasm, Scarecrone"
"44","2","Green/Red","GR Stompy","Green/Red","15","8","17","3.65","Green Sun's Zenith, Eldritch Evolution, Zealous Conscripts, Scavenging Ooze, Eternal Witness, Wall of Roots, Hornet Queen, Faithless Looting, Bloodbraid Elf, Wooded Foothills, Beast Within, Elvish Piper, Craterhoof Behemoth, Raging Ravine, Rootbound Crag, Joraga Treespeaker, Kiki-Jiki, Mirror Breaker, Mountain, Mountain, Primeval Titan, Forest, Forest, Forest, Forest, Forest, Forest, Forest, Forest, Forest, Forest, Forest, Ulamog, the Infinite Gyre, Arid Mesa, Fertile Ground, Birds of Paradise, Dragonlord Atarka, Quicksilver Amulet, Sakura-Tribe Elder, Chrome Mox, Talisman of Impulse","Hero's Downfall, Everflowing Chalice, Leatherback Baloth, Verdurous Gearhulk, Scattered Groves, Yavimaya Coast, Simian Spirit Guide, Ball Lightning, Phyrexian Revoker, Lightning Axe, Pia and Kiran Nalaar, Dead // Gone, Hellspark Elemental, Searing Spear, Sword of Feast and Famine, Incinerate, Char, Arc Trail"
"44","3","Blue/White","UW Control","Spells, Humans","10","13","17","2.83","Talisman of Progress, Elspeth, Sun's Champion, Blade Splicer, Vendilion Clique, Settle the Wreckage, Snapcaster Mage, Wrath of God, Stoneforge Mystic, Censor, Jace, Vryn's Prodigy, Glen Elendra Archmage, Wall of Omens, Inkmoth Nexus, Sphinx's Revelation, Torrential Gearhulk, Island, Island, Island, Island, Island, Island, Logic Knot, Plains, Plains, Plains, Plains, Plains, Plains, Plains, Plains, Plains, Plains, Oblivion Ring, Thraben Inspector, Day of Judgment, Spell Pierce, Path to Exile, Remand, Cyclonic Rift, Restoration Angel","Ensoul Artifact, Lotus Bloom, Chart a Course, Student of Warfare, Twisted Abomination, Horizon Canopy, Crib Swap, Aether Spellbomb, Skysovereign, Consul Flagship, Commit // Memory, Sower of Temptation, Pacifism, Sulfur Falls, Knight of the White Orchid, Razorverge Thicket, Thalia, Guardian of Thraben, Boon Satyr, Figure of Destiny, Loxodon Warhammer, Reciprocate, Thing in the Ice"
"44","4","Black/Blue","BU Artifacts","Artifacts","11","12","17","2.48","Sensei's Divining Top, Master of Etherium, Sword of the Meek, Myr Enforcer, Chromatic Sphere, Phyrexian Metamorph, Icy Manipulator, Tezzeret the Seeker, Swamp, Swamp, Swamp, Swamp, Mishra's Bauble, Vault Skirge, Porcelain Legionnaire, Cranial Plating, Etched Champion, Isolated Chapel, Thopter Foundry, Inventors' Fair, Ornithopter, Mountain, Lodestone Golem, Bomat Courier, Frogmite, Island, Island, Island, Island, Island, Island, Island, Island, Plains, Batterskull, Clifftop Retreat, Hangarback Walker, Mox Opal, Vedalken Shackles, Chromatic Star","Solemn Simulacrum, Talara's Battalion, Collected Company, Karn Liberated, Ratchet Bomb, Hedron Archive, Phyrexian Obliterator, Kolaghan's Command, Vendetta, Tidehollow Sculler, Mantis Rider, Relic of Progenitus, Manamorphose, Izzet Charm, Lightning Greaves, Heir of Falkenrath, Glorious Anthem, Honor of the Pure, Spear of Heliod"
"44","5","Black/Blue","BU Tempo","Spells","12","11","17","3.09","Misty Rainforest, Fatal Push, Cryptbreaker, Umezawa's Jitte, Creeping Tar Pit, Blackmail, Fetid Pools, Shadowmage Infiltrator, Swamp, Swamp, Swamp, Swamp, Swamp, Swamp, Swamp, Swamp, Swamp, Swamp, Swamp, Swamp, Bribery, Shriekmaw, Hypnotic Specter, Disfigure, Ravenous Chupacabra, Night's Whisper, Tasigur, the Golden Fang, Noxious Gearhulk, Ashiok, Nightmare Weaver, Skinrender, Hostage Taker, Damnation, Urborg, Tomb of Yawgmoth, Kalitas, Traitor of Ghet, Thoughtseize, Phyrexian Arena, Watery Grave, Vampire Hexmage, Dismember, Vampire Nighthawk","Cruel Ultimatum, Talisman of Indulgence, Mind Shatter, Windswept Heath, Farseek, Walking Ballista, Frost Titan, Skullclamp, Gatekeeper of Malakir, Chord of Calling, Kari Zev, Skyship Raider, Hidden Dragonslayer, Bloodwater Entity, Ancestral Vision, Crypt Ghast, Shrapnel Blast, Devil's Play"
"44","6","Blue/White","UW Control","Spells","7","16","17","2.57","Ponder, Sleight of Hand, Venser, Shaper Savant, Gitaxian Probe, Dissolve, Monastery Mentor, Irrigated Farmland, Geist of Saint Traft, Archangel Avacyn, Prairie Stream, Serum Visions, Treasure Cruise, Opt, Jace, the Mind Sculptor, Unsummon, Celestial Colonnade, Condescend, Cryptic Command, Preordain, Flickerwisp, Island, Island, Island, Island, Island, Island, Island, Island, Island, Island, Island, Plains, Plains, Plains, Boomerang, Talrand, Sky Summoner, Elspeth, Knight-Errant, Delver of Secrets, Banishing Light, Pact of Negation","Angel of Invention, Sword of Fire and Ice, Grim Lavamancer, Spectral Procession, Brimaz, King of Oreskos, Knight of the Holy Nimbus, Selfless Spirit, Incendiary Flow, Adanto Vanguard, Banisher Priest, Celestial Crusader, Phantasmal Image, Gemstone Caverns, Steelshaper's Gift, Canopy Vista, Siege Rhino, Hellrider, Temple Garden, Legion's Landing"
"44","7","Green/Red/Blue","GRU Value","Spells","11","12","17","2.96","Coalition Relic, Utopia Sprawl, Avacyn's Pilgrim, Electrolyze, Kiora, Master of the Depths, Shivan Reef, Sylvan Caryatid, Stomping Ground, Mystic Snake, Steam Vents, Breeding Pool, Plow Under, Inspiring Vantage, Chromatic Lantern, Huntmaster of the Fells, Woodland Bellower, Coiling Oracle, Oracle of Mul Daya, Summoner's Pact, Temple of Epiphany, Temple of Mystery, Botanical Sanctum, Lotus Cobra, Whisperwood Elemental, Repeal, Forest, Forest, Forest, Forest, Glorybringer, Mana Confluence, Commune with Nature, Time Warp, Master of the Wild Hunt, Cinder Glade, Dryad Arbor, Tarfire, Shelldock Isle, Abrade, Hinterland Harbor","Stormchaser Mage, Knight of the Reliquary, Goblin Guide, Zurgo Helmsmasher, Mogg Fanatic, Earthquake, Galvanic Blast, Siege-Gang Commander, Hero of Oxid Ridge"
"44","8","Black/Blue/White","BUW Reanimator","Artifacts","14","9","17","5.48","Glacial Fortress, Ulamog, the Ceaseless Hunger, Sphinx of the Steel Wind, Concealed Courtyard, Consecrated Sphinx, Caves of Koilos, Negate, Dread Return, Goryo's Vengeance, Oona's Prowler, Whip of Erebos, Swamp, Swamp, Swamp, Swamp, Swamp, Swamp, Swamp, Liliana, Death's Majesty, Drowned Catacomb, Sheoldred, Whispering One, Massacre Wurm, Sun Titan, Zombify, Street Wraith, Myr Battlesphere, Mana Leak, Looter il-Kor, Scalding Tarn, Sunken Hollow, Unburial Rites, Makeshift Mannequin, Marsh Flats, Inkwell Leviathan, Blightsteel Colossus, Polluted Delta, Hallowed Fountain, Grave Titan, Flooded Strand, Griselbrand","Bedlam Reveler, Qasali Pridemage, Judge's Familiar, Fauna Shaman, Murmuring Bosk, Zurgo Bellstriker, Dragonskull Summit, Gilded Lotus, Jace Beleren, Spirebluff Canal, City of Brass, Ajani Vengeant"
"45","1","Blue/White","UW Control","Spells","7","16","17","3.13","Talisman of Progress, Venser, Shaper Savant, Settle the Wreckage, Dissolve, Consecrated Sphinx, Wrath of God, Condemn, Irrigated Farmland, Prairie Stream, Jace, Vryn's Prodigy, Pacifism, Wall of Omens, Bribery, Sphinx's Revelation, Condescend, Cryptic Command, Preordain, Riftwing Cloudskate, Island, Island, Island, Island, Island, Island, Island, Island, Island, Island, Island, Logic Knot, Plains, Plains, Plains, Jace Beleren, Day of Judgment, Spell Pierce, Inkwell Leviathan, Thing in the Ice, Flooded Strand, Search for Azcanta","Coalition Relic, Chart a Course, Everflowing Chalice, Kiora, Master of the Depths, Leatherback Baloth, Breeding Pool, Mind Shatter, Crib Swap, Geist of Saint Traft, Gideon, Ally of Zendikar, Sower of Temptation, Mana Tithe, Celestial Crusader, Sunken Hollow, Crystal Shard, Unburial Rites, Canopy Vista, Kird Ape, Watery Grave"
"45","2","Red/Blue","RU Spellslinger","Spells","6","17","17","2.96","Soul-Scar Mage, Bedlam Reveler, Shivan Reef, Chandra, Torch of Defiance, Steam Vents, Pyrite Spellbomb, Stormchaser Mage, Deceiver Exarch, Commit // Memory, Opt, Temple of Epiphany, Dead // Gone, Disallow, Botanical Sanctum, Manamorphose, Incendiary Flow, Bloodwater Entity, Izzet Charm, Mountain, Mountain, Mountain, Mountain, Mountain, Mountain, Mountain, Searing Spear, Island, Island, Island, Goblin Dark-Dwellers, Arid Mesa, Scalding Tarn, Cyclonic Rift, Incinerate, Time Warp, Boomerang, Pyroclasm, Spirebluff Canal, Arc Trail, Pact of Negation","Ulamog, the Ceaseless Hunger, Ratchet Bomb, Fetid Pools, Shadowmage Infiltrator, Temur Charm, Tezzeret the Seeker, Mantis Rider, Battlefield Forge, Dark Petition, Liliana, Death's Majesty, Lightning Helix, The Scarab God, Kessig Prowler, Shrapnel Blast, Hero of Oxid Ridge"
"45","3","Green/Red","GR Ramp","Creatures","19","4","17","4.04","Reclamation Sage, Avacyn's Pilgrim, Karn Liberated, Thragtusk, Thrun, the Last Troll, Sylvan Caryatid, Stomping Ground, Acidic Slime, Horizon Canopy, Windswept Heath, Woodfall Primus, Hornet Queen, Bloodbraid Elf, Huntmaster of the Fells, Woodland Bellower, Chord of Calling, Oracle of Mul Daya, Elvish Piper, Lotus Cobra, Craterhoof Behemoth, Rootbound Crag, Noble Hierarch, Joraga Treespeaker, Forest, Forest, Forest, Forest, Forest, Forest, Forest, Forest, Forest, Forest, Fertile Ground, Dragonlord Atarka, Sheltered Thicket, Cinder Glade, Tireless Tracker, Talisman of Impulse, Temple Garden","Sword of Fire and Ice, Verdurous Gearhulk, Goryo's Vengeance, Archangel Avacyn, Chromatic Lantern, Kitchen Finks, Coiling Oracle, Chandra, Fire of Kaladesh, Kiki-Jiki, Mirror Breaker, Naturalize, Loxodon Warhammer, Siege-Gang Commander, Devil's Play, Griselbrand, Birthing Pod"
"45","4","Black/Blue","BU Artifacts","Artifacts","12","11","17","2.30","Ensoul Artifact, Sensei's Divining Top, Sword of the Meek, Myr Enforcer, Phyrexian Metamorph, Aether Spellbomb, Swamp, Swamp, Swamp, Swamp, Swamp, Swamp, Arcbound Ravager, Mishra's Bauble, Vault Skirge, Skullclamp, Cranial Plating, Etched Champion, Thopter Foundry, Inventors' Fair, Steel Overseer, Ornithopter, Lodestone Golem, Frogmite, Island, Island, Island, Island, Island, Island, Island, Plains, Springleaf Drum, Myr Battlesphere, Mana Confluence, Wurmcoil Engine, Marsh Flats, Hangarback Walker, Mox Opal, Chrome Mox","Lotus Bloom, Twisted Abomination, Blade Splicer, Sphinx of the Steel Wind, Chromatic Sphere, Hedron Archive, Tidehollow Sculler, Whip of Erebos, Glen Elendra Archmage, Pia and Kiran Nalaar, Razorverge Thicket, Gilded Lotus, Remove Soul, Treetop Village, Sundering Titan, Quicksilver Amulet, Seeker of the Way, Thoughtseize, Scarecrone"
"45","5","Red/Blue","RU Spellslinger","Spells","5","18","17","2.74","Cruel Ultimatum, Sleight of Hand, Abbot of Keral Keep, Misty Rainforest, Terramorphic Expanse, Gitaxian Probe, Creeping Tar Pit, Splinter Twin, Negate, Censor, Serum Visions, Treasure Cruise, Young Pyromancer, Wooded Foothills, Sulfur Falls, Jace, the Mind Sculptor, Drowned Catacomb, Unsummon, Pestermite, Flame Slash, Ancestral Vision, Mountain, Torrential Gearhulk, Evolving Wilds, Repeal, Island, Island, Island, Island, Island, Island, Island, Ashiok, Nightmare Weaver, Mana Leak, Galvanic Blast, Remand, Delver of Secrets, Polluted Delta, Shelldock Isle, Dig Through Time","Mystic Snake, Grim Flayer, Collective Brutality, Inspiring Vantage, Yavimaya Coast, Sacred Foundry, Farseek, Temple of Triumph, Elesh Norn, Grand Cenobite, Murderous Cut, Clifftop Retreat, City of Brass, Ajani Vengeant"
"45","6","Green","G Ramp","Green","14","9","17","3.13","Collected Company, Green Sun's Zenith, Garruk Wildspeaker, Scavenging Ooze, Deathrite Shaman, Plow Under, Eternal Witness, Krosan Grip, Tarmogoyf, Courser of Kruphix, Rhonas the Indomitable, Blooming Marsh, Llanowar Elves, Summoner's Pact, Harmonize, Carnage Tyrant, Rancor, Primeval Titan, Boon Satyr, Ghalta, Primal Hunger, Forest, Forest, Forest, Forest, Forest, Forest, Forest, Forest, Forest, Forest, Forest, Forest, Forest, Forest, Woodland Cemetery, Birds of Paradise, Commune with Nature, Master of the Wild Hunt, Sakura-Tribe Elder, Dryad Arbor","Solemn Simulacrum, Diabolic Tutor, Abrupt Decay, Inquisition of Kozilek, Phyrexian Obliterator, Archangel of Thune, Skysovereign, Consul Flagship, Zurgo Helmsmasher, Shriekmaw, Temple of Mystery, Night's Whisper, Tasigur, the Golden Fang, Sheoldred, Whispering One, Massacre Wurm, Maelstrom Pulse, Street Wraith, Phantasmal Image, Sword of Feast and Famine, Urborg, Tomb of Yawgmoth"
"45","7","Black/Red","BR Aristocrats","Spells","9","14","17","2.09","Liliana of the Veil, Fatal Push, Dark Confidant, Blackmail, Go for the Throat, Smoldering Marsh, Faithless Looting, Brain Maggot, Blood Crypt, Oona's Prowler, Vendetta, Rakdos's Return, Pack Rat, Swamp, Swamp, Swamp, Swamp, Swamp, Swamp, Swamp, Swamp, Swamp, Swamp, Swamp, Blackcleave Cliffs, Terminate, Dragonskull Summit, Liliana, the Last Hope, Gatekeeper of Malakir, Verdant Catacombs, Disfigure, Mountain, Shock, Glorybringer, Skinrender, Dreadbore, Bloodghast, Desecration Demon, Tarfire, Bitterblossom","Cathartic Reunion, Aurelia, the Warleader, Hazoret the Fervent, Knight of the Reliquary, Simian Spirit Guide, Ashen Rider, Zurgo Bellstriker, Beast Within, Mogg Fanatic, Lightning Axe, Crypt Ghast, Hellspark Elemental, Gemstone Caverns, Figure of Destiny, Siege Rhino, Hellrider, Vampire Hexmage"
"45","8","White","W Weenie","Humans","15","8","17","2.22","Umezawa's Jitte, Judge's Familiar, Angel of Invention, Spectral Procession, Hero of Bladehold, Knight of the Holy Nimbus, Savannah Lions, Porcelain Legionnaire, Selfless Spirit, Mikaeus, the Lunarch, Leonin Relic-Warder, Adanto Vanguard, Thalia, Guardian of Thraben, Flickerwisp, Gideon's Lawkeeper, Plains, Plains, Plains, Plains, Plains, Plains, Plains, Plains, Plains, Plains, Plains, Plains, Plains, Plains, Plains, Plains, Plains, Thraben Inspector, Isamaru, Hound of Konda, Path to Exile, Glorious Anthem, Elspeth, Knight-Errant, Honor of the Pure, Oust, Legion's Landing","Talara's Battalion, Lingering Souls, Ingot Chewer, Journey to Nowhere, Concealed Courtyard, Caves of Koilos, Wall of Roots, Murmuring Bosk, Relic of Progenitus, Renegade Rallier, Isolated Chapel, Earthquake, Disenchant, Bomat Courier, Secure the Wastes, Oblivion Ring, Lightning Greaves, Batterskull, Steelshaper's Gift, Temple of Silence, Banishing Light, Dismember"
"46","1","Black/White","BW Aristocrats","Humans","12","11","17","3.04","Liliana of the Veil, Fatal Push, Blade Splicer, Dark Confidant, Concealed Courtyard, Monastery Mentor, Brain Maggot, Archangel of Thune, Gideon, Ally of Zendikar, Swamp, Swamp, Swamp, Swamp, Swamp, Swamp, Swamp, Swamp, Swamp, Swamp, Swamp, Doom Blade, Selfless Spirit, Godless Shrine, Disfigure, Ravenous Chupacabra, Isolated Chapel, Liliana, Death's Majesty, Night's Whisper, Kitesail Freebooter, Crypt Ghast, Plains, Murderous Cut, Skinrender, Path to Exile, Marsh Flats, Urborg, Tomb of Yawgmoth, Phyrexian Arena, Grave Titan, Dismember, Vampire Nighthawk","Aurelia, the Warleader, Sylvan Caryatid, Sacred Foundry, Blackcleave Cliffs, Blooming Marsh, Knight of the White Orchid, Hidden Dragonslayer, Botanical Sanctum, Steel Overseer, Rancor, Evolving Wilds, Zombify, Loxodon Warhammer, Cinder Glade, Honor of the Pure, Devil's Play, Oust"
"46","2","Red","R Burn","Spells, Humans","14","9","17","2.09","Soul-Scar Mage, Bedlam Reveler, Abbot of Keral Keep, Zealous Conscripts, Rift Bolt, Grim Lavamancer, Lightning Bolt, Zurgo Bellstriker, Goblin Guide, Young Pyromancer, Ball Lightning, Mogg Fanatic, Lightning Axe, Incendiary Flow, Mountain, Mountain, Mountain, Mountain, Mountain, Mountain, Mountain, Mountain, Mountain, Mountain, Mountain, Mountain, Mountain, Mountain, Mountain, Mountain, Mountain, Bomat Courier, Shock, Searing Spear, Burst Lightning, Glorybringer, Figure of Destiny, Incinerate, Monastery Swiftspear, Arc Trail","Inferno Titan, Thrun, the Last Troll, Gitaxian Probe, Scavenging Ooze, Splinter Twin, Temur Charm, Huntmaster of the Fells, Porcelain Legionnaire, Coiling Oracle, Lightning Helix, Mikaeus, the Lunarch, Pia and Kiran Nalaar, Rootbound Crag, Kiki-Jiki, Mirror Breaker, Celestial Crusader, Arid Mesa, Mana Confluence, Shrapnel Blast, Sheltered Thicket, Master of the Wild Hunt, Glorious Anthem, Vampire Hexmage"
"46","3","Black/Blue","BU Tempo","Artifacts","11","12","17","3.52","Venser, Shaper Savant, Cryptbreaker, Creeping Tar Pit, Hedron Archive, Fetid Pools, Dread Return, Deceiver Exarch, Aether Spellbomb, Talisman of Dominance, Frost Titan, Oona's Prowler, Chromatic Lantern, Swamp, Swamp, Commit // Memory, Sower of Temptation, Liliana, the Last Hope, Verdant Catacombs, Shriekmaw, Jace, the Mind Sculptor, Pestermite, Cryptic Command, Torrential Gearhulk, Preordain, Island, Island, Island, Island, Island, Island, Island, Island, Island, Hostage Taker, The Scarab God, Sunken Hollow, Spell Pierce, Thoughtseize, Polluted Delta, Watery Grave","Electrolyze, Shivan Reef, Archangel Avacyn, Arcbound Ravager, Wooded Foothills, Harmonize, Dead // Gone, Adanto Vanguard, Bloodwater Entity, Izzet Charm, Ghalta, Primal Hunger, Woodland Cemetery, Day of Judgment, Galvanic Blast, Dragonlord Atarka, Reciprocate"
"46","4","Blue","U Spellslinger","Spells","5","18","17","2.52","Ponder, Chart a Course, Steam Vents, Mulldrifter, Dissolve, Stormchaser Mage, Negate, Censor, Temple of Epiphany, Unsummon, Disallow, Earthquake, Mountain, Island, Island, Island, Island, Island, Island, Island, Island, Island, Island, Island, Island, Island, Logic Knot, Mana Leak, Jace Beleren, Cyclonic Rift, Time Warp, Boomerang, Talrand, Sky Summoner, Spirebluff Canal, Delver of Secrets, Thing in the Ice, Pact of Negation, Search for Azcanta, Dig Through Time, Vedalken Shackles","Solemn Simulacrum, Kiora, Master of the Depths, Cathartic Reunion, Eldritch Evolution, Stomping Ground, Mystic Snake, Sphinx of the Steel Wind, Sword of Fire and Ice, Biomass Mutation, Icy Manipulator, Spectral Procession, Mantis Rider, Skullclamp, Battlefield Forge, Drowned Catacomb, Ulamog, the Infinite Gyre, Through the Breach, Mox Opal, City of Brass"
"46","5","Green","G Ramp","Elves, Creatures","17","6","17","3.39","Utopia Sprawl, Avacyn's Pilgrim, Collected Company, Green Sun's Zenith, Garruk Wildspeaker, Elves of Deep Shadow, Acidic Slime, Horizon Canopy, Woodfall Primus, Fauna Shaman, Verdurous Gearhulk, Wall of Roots, Scattered Groves, Farseek, Woodland Bellower, Rhonas the Indomitable, Llanowar Elves, Oracle of Mul Daya, Elvish Piper, Emrakul, the Aeons Torn, Razorverge Thicket, Noble Hierarch, Joraga Treespeaker, Forest, Forest, Forest, Forest, Forest, Forest, Forest, Forest, Forest, Forest, Forest, Forest, Treetop Village, Fertile Ground, Sakura-Tribe Elder, Tireless Tracker, Temple Garden","Qasali Pridemage, Deathrite Shaman, Angel of Invention, Stoneforge Mystic, Knight of the Reliquary, Hero of Bladehold, Tarmogoyf, Brimaz, King of Oreskos, Pacifism, Elesh Norn, Grand Cenobite, Thalia, Guardian of Thraben, Remove Soul, Secure the Wastes, Street Wraith, Siege Rhino, Trash for Treasure, Banishing Light"
"46","6","Blue/White","UW Control","Artifacts","5","18","17","2.83","Coalition Relic, Talisman of Progress, Ensoul Artifact, Glacial Fortress, Karn Liberated, Sensei's Divining Top, Terramorphic Expanse, Vendilion Clique, Windswept Heath, Snapcaster Mage, Consecrated Sphinx, Wrath of God, Irrigated Farmland, Tezzeret the Seeker, Skysovereign, Consul Flagship, Serum Visions, Glen Elendra Archmage, Wall of Omens, Mishra's Bauble, Celestial Colonnade, Thopter Foundry, Mana Tithe, Ancestral Vision, Gilded Lotus, Disenchant, Mindslaver, Repeal, Island, Island, Island, Island, Island, Island, Plains, Plains, Scalding Tarn, Hallowed Fountain, Flooded Strand, Shelldock Isle, Chromatic Star","Talara's Battalion, Master of Etherium, Kitchen Finks, Lotus Cobra, Banisher Priest, Ornithopter, Frogmite, Flickerwisp, Clifftop Retreat, Canopy Vista, Birthing Pod, Ajani Vengeant, Hinterland Harbor"
"46","7","Black","B Midrange","Spells, Vampires","13","10","17","4.57","Hero's Downfall, Ulamog, the Ceaseless Hunger, Diabolic Tutor, Mind Shatter, Ashen Rider, Vendetta, Pack Rat, Swamp, Swamp, Swamp, Swamp, Swamp, Swamp, Swamp, Swamp, Swamp, Swamp, Swamp, Swamp, Swamp, Swamp, Swamp, Swamp, Gatekeeper of Malakir, Dark Petition, Sheoldred, Whispering One, Massacre Wurm, Plains, Wurmcoil Engine, Unburial Rites, Damnation, Heir of Falkenrath, Ultimate Price, Makeshift Mannequin, Kalitas, Traitor of Ghet, Blightsteel Colossus, Bloodghast, Desecration Demon, Griselbrand, Bitterblossom","Talisman of Indulgence, Canyon Slough, Hazoret the Fervent, Chromatic Sphere, Shadowmage Infiltrator, Faithless Looting, Blood Crypt, Kolaghan's Command, Rakdos's Return, Savannah Lions, Terminate, Temple of Triumph, Chandra, Fire of Kaladesh, Beast Within, Ashiok, Nightmare Weaver, Sword of Feast and Famine, Temple of Malady, Quicksilver Amulet, Pyroclasm, Dryad Arbor, Elspeth, Knight-Errant, Legion's Landing"
"46","8","Black/White","BW Combo","Artifacts","11","12","17","2.65","Lingering Souls, Abrupt Decay, Judge's Familiar, Ratchet Bomb, Journey to Nowhere, Myr Enforcer, Phyrexian Metamorph, Murmuring Bosk, Knight of the Holy Nimbus, Tidehollow Sculler, Swamp, Swamp, Swamp, Vault Skirge, Relic of Progenitus, Cranial Plating, Phyrexian Revoker, Leonin Relic-Warder, Inventors' Fair, Overgrown Tomb, Lodestone Golem, Island, Island, Plains, Plains, Plains, Plains, Plains, Plains, Plains, Plains, Plains, Springleaf Drum, Lightning Greaves, Batterskull, Sundering Titan, Steelshaper's Gift, Chrome Mox, Scarecrone, Spear of Heliod","Cruel Ultimatum, Reclamation Sage, Student of Warfare, Ingot Chewer, Spell Queller, Crib Swap, Settle the Wreckage, Blackmail, Zurgo Helmsmasher, Renegade Rallier, Summoner's Pact, Maelstrom Pulse, Boon Satyr, Oblivion Ring, Gemstone Caverns, Kessig Prowler, Commune with Nature, Dreadbore, Kird Ape"
"47","1","Red/Blue","RU Spellslinger","Artifacts, Spells","4","19","17","2.83","Sleight of Hand, Sensei's Divining Top, Steam Vents, Terramorphic Expanse, Gitaxian Probe, Pyrite Spellbomb, Hedron Archive, Deceiver Exarch, Tezzeret the Seeker, Commit // Memory, Jace, Vryn's Prodigy, Sulfur Falls, Opt, Unsummon, Manamorphose, Cryptic Command, Riftwing Cloudskate, Repeal, Island, Island, Island, Island, Island, Island, Island, Island, Island, Island, Island, Island, Island, Through the Breach, Mana Leak, Cyclonic Rift, Time Warp, Inkwell Leviathan, Mox Opal, Chrome Mox, Pact of Negation, Shelldock Isle","Bedlam Reveler, Ensoul Artifact, Cathartic Reunion, Spell Queller, Diabolic Tutor, Bloodbraid Elf, Woodland Bellower, Phyrexian Revoker, Dead // Gone, Elvish Piper, Steel Overseer, Bomat Courier, Mana Confluence, Quicksilver Amulet, Temple of Silence, Delver of Secrets, City of Brass, Scarecrone"
"47","2","Blue/White","UW Control","Spells","8","15","17","3.09","Venser, Shaper Savant, Vendilion Clique, Mulldrifter, Condemn, Irrigated Farmland, Frost Titan, Prairie Stream, Serum Visions, Treasure Cruise, Bribery, Sphinx's Revelation, Celestial Colonnade, Disallow, Mana Tithe, Condescend, Torrential Gearhulk, Preordain, Remove Soul, Island, Island, Island, Island, Island, Island, Island, Island, Island, Island, Island, Island, Logic Knot, Oblivion Ring, Phantasmal Image, Jace Beleren, Talrand, Sky Summoner, Polluted Delta, Hallowed Fountain, Thing in the Ice, Search for Azcanta, Vedalken Shackles","Sword of the Meek, Sword of Fire and Ice, Biomass Mutation, Shadowmage Infiltrator, Zurgo Helmsmasher, Temple of Epiphany, Lightning Helix, Leonin Relic-Warder, Shrapnel Blast, Unburial Rites, Clifftop Retreat, Makeshift Mannequin, Glorious Anthem, Honor of the Pure, Reciprocate, Ajani Vengeant, Watery Grave"
"47","3","Black/White","BW Aristocrats","Humans","14","9","17","2.04","Lingering Souls, Student of Warfare, Umezawa's Jitte, Dark Confidant, Judge's Familiar, Concealed Courtyard, Duress, Caves of Koilos, Hero of Bladehold, Smuggler's Copter, Knight of the Holy Nimbus, Swamp, Pacifism, Savannah Lions, Porcelain Legionnaire, Selfless Spirit, Godless Shrine, Knight of the White Orchid, Isolated Chapel, Kitesail Freebooter, Thalia, Guardian of Thraben, Banisher Priest, Gideon's Lawkeeper, Plains, Plains, Plains, Plains, Plains, Plains, Plains, Plains, Plains, Plains, Plains, Plains, Path to Exile, Kytheon, Hero of Akros, Elspeth, Knight-Errant, Bitterblossom, Spear of Heliod","Leatherback Baloth, Qasali Pridemage, Angel of Invention, Settle the Wreckage, Monastery Mentor, Geist of Saint Traft, Vault Skirge, Cranial Plating, Hypnotic Specter, Elesh Norn, Grand Cenobite, Overgrown Tomb, Crypt Ghast, Secure the Wastes, Ashiok, Nightmare Weaver, Gemstone Caverns, Dragonlord Atarka, Phyrexian Arena, Grave Titan"
"47","4","Red","R Burn","Spells, Humans","14","9","17","2.00","Abbot of Keral Keep, Goblin Rabblemaster, Rift Bolt, Hazoret the Fervent, Grim Lavamancer, Blood Crypt, Sacred Foundry, Zurgo Bellstriker, Goblin Guide, Rakdos's Return, Blackcleave Cliffs, Young Pyromancer, Dragonskull Summit, Wooded Foothills, Skullclamp, Temple of Triumph, Chandra, Fire of Kaladesh, Kari Zev, Skyship Raider, Mogg Fanatic, Pia and Kiran Nalaar, Flame Slash, Incendiary Flow, Mountain, Mountain, Mountain, Mountain, Mountain, Mountain, Mountain, Mountain, Mountain, Mountain, Hellspark Elemental, Searing Spear, Burst Lightning, Figure of Destiny, Galvanic Blast, Incinerate, Marsh Flats, Hellrider","Twisted Abomination, Stomping Ground, Go for the Throat, Icy Manipulator, Doom Blade, Blooming Marsh, Disfigure, Liliana, Death's Majesty, Hidden Dragonslayer, Street Wraith, Urborg, Tomb of Yawgmoth, Bloodghast, Desecration Demon, Kird Ape, Vampire Hexmage"
"47","5","Green/White","GW Counters","Humans","14","9","17","3.39","Elspeth, Sun's Champion, Avacyn's Pilgrim, Misty Rainforest, Green Sun's Zenith, Sylvan Caryatid, Garruk Wildspeaker, Acidic Slime, Crib Swap, Journey to Nowhere, Woodfall Primus, Eternal Witness, Knight of the Reliquary, Courser of Kruphix, Farseek, Archangel of Thune, Kitchen Finks, Wall of Omens, Inkmoth Nexus, Verdant Catacombs, Razorverge Thicket, Sun Titan, Forest, Forest, Forest, Forest, Forest, Forest, Forest, Plains, Plains, Plains, Thraben Inspector, Fertile Ground, Batterskull, Canopy Vista, Restoration Angel, Tireless Tracker, Dryad Arbor, Temple Garden, Birthing Pod","Glacial Fortress, Lotus Bloom, Kiora, Master of the Depths, Breeding Pool, Consecrated Sphinx, Gatekeeper of Malakir, Botanical Sanctum, Gilded Lotus, Naturalize, Hostage Taker, Looter il-Kor, Crystal Shard, Isamaru, Hound of Konda, Steelshaper's Gift, Temple of Malady"
"47","6","Black/Blue/White","BUW Artifacts","Artifacts","11","12","17","3.17","Solemn Simulacrum, Talisman of Progress, Ponder, Master of Etherium, Sphinx of the Steel Wind, Chromatic Sphere, Fetid Pools, Phyrexian Metamorph, Aether Spellbomb, Talisman of Dominance, Chromatic Lantern, Swamp, Arcbound Ravager, Etched Champion, Jace, the Mind Sculptor, Thopter Foundry, Inventors' Fair, Ornithopter, Lodestone Golem, Mindslaver, Island, Island, Island, Island, Island, Island, Island, Island, Island, Island, Plains, Plains, Plains, Lightning Greaves, Wurmcoil Engine, Remand, Hangarback Walker, Blightsteel Colossus, Flooded Strand, Chromatic Star","Ulamog, the Ceaseless Hunger, Aurelia, the Warleader, Shivan Reef, Censor, Scattered Groves, Liliana, the Last Hope, Pestermite, Emrakul, the Aeons Torn, Bloodwater Entity, Celestial Crusader, Ulamog, the Infinite Gyre, Day of Judgment, Spell Pierce, Cinder Glade, Trash for Treasure, Spirebluff Canal, Hero of Oxid Ridge, Talisman of Impulse, Griselbrand"
"47","7","Black/Red","BR Aristocrats","Spells","10","13","17","3.43","Hero's Downfall, Liliana of the Veil, Inferno Titan, Chandra, Torch of Defiance, Fatal Push, Talisman of Indulgence, Zealous Conscripts, Canyon Slough, Blackmail, Smoldering Marsh, Phyrexian Obliterator, Brain Maggot, Kolaghan's Command, Pack Rat, Swamp, Swamp, Swamp, Swamp, Swamp, Swamp, Swamp, Swamp, Swamp, Swamp, Swamp, Terminate, Ravenous Chupacabra, Night's Whisper, Sheoldred, Whispering One, Massacre Wurm, Mountain, Mountain, Mountain, Glorybringer, Murderous Cut, Damnation, Dreadbore, Ultimate Price, Kalitas, Traitor of Ghet, Bloodstained Mire","Ingot Chewer, Cryptbreaker, Deathrite Shaman, Mind Shatter, Myr Enforcer, Splinter Twin, Simian Spirit Guide, Ashen Rider, Oona's Prowler, Vendetta, Dark Petition, Tasigur, the Golden Fang, Raging Ravine, Earthquake, Boon Satyr, Goblin Dark-Dwellers, Zombify, Sunken Hollow, Siege-Gang Commander"
"47","8","Green","G Ramp","Creatures","19","4","17","3.39","Utopia Sprawl, Reclamation Sage, Thragtusk, Eldritch Evolution, Thrun, the Last Troll, Scavenging Ooze, Elves of Deep Shadow, Creeping Tar Pit, Fauna Shaman, Wall of Roots, Murmuring Bosk, Rhonas the Indomitable, Chord of Calling, Oracle of Mul Daya, Lotus Cobra, Carnage Tyrant, Craterhoof Behemoth, Whisperwood Elemental, Noble Hierarch, Rancor, Joraga Treespeaker, Primeval Titan, Ghalta, Primal Hunger, Forest, Forest, Forest, Forest, Forest, Forest, Forest, Forest, Forest, Forest, Forest, Forest, Forest, Forest, Treetop Village, Birds of Paradise, Sakura-Tribe Elder","Collected Company, Mystic Snake, Abrupt Decay, Plow Under, Stoneforge Mystic, Temur Charm, Coiling Oracle, Relic of Progenitus, Beast Within, Summoner's Pact, Harmonize, Mikaeus, the Lunarch, Maelstrom Pulse, Springleaf Drum, Sword of Feast and Famine, Kessig Prowler, Commune with Nature, Sheltered Thicket, Boomerang"
"48","1","Red/White","RW Aggro","Humans","15","8","17","2.04","Abbot of Keral Keep, Chandra, Torch of Defiance, Umezawa's Jitte, Journey to Nowhere, Hazoret the Fervent, Stoneforge Mystic, Inspiring Vantage, Archangel Avacyn, Hero of Bladehold, Goblin Guide, Kari Zev, Skyship Raider, Lightning Helix, Mikaeus, the Lunarch, Banisher Priest, Mountain, Mountain, Mountain, Mountain, Mountain, Mountain, Mountain, Hellspark Elemental, Bomat Courier, Searing Spear, Gideon's Lawkeeper, Plains, Plains, Plains, Plains, Plains, Plains, Plains, Plains, Plains, Thraben Inspector, Figure of Destiny, Steelshaper's Gift, Glorious Anthem, Kytheon, Hero of Akros, Chrome Mox","Aurelia, the Warleader, Ingot Chewer, Diabolic Tutor, Cryptbreaker, Canyon Slough, Angel of Invention, Biomass Mutation, Caves of Koilos, Bloodbraid Elf, Ashen Rider, Archangel of Thune, Arcbound Ravager, Relic of Progenitus, Zurgo Helmsmasher, Hidden Dragonslayer, Elesh Norn, Grand Cenobite, Rancor, Crypt Ghast, Lightning Greaves, Canopy Vista, Restoration Angel"
"48","2","Black/Blue","BU Tempo","Spells","7","16","17","2.96","Ponder, Liliana of the Veil, Twisted Abomination, Fatal Push, Gitaxian Probe, Collective Brutality, Fetid Pools, Shadowmage Infiltrator, Talisman of Dominance, Swamp, Swamp, Swamp, Swamp, Swamp, Swamp, Swamp, Swamp, Serum Visions, Treasure Cruise, Liliana, the Last Hope, Verdant Catacombs, Opt, Shriekmaw, Disfigure, Ravenous Chupacabra, Drowned Catacomb, Evolving Wilds, Noxious Gearhulk, Island, Island, Hostage Taker, Jace Beleren, Sunken Hollow, Damnation, Ultimate Price, Kalitas, Traitor of Ghet, Phyrexian Arena, Pact of Negation, Bloodstained Mire, Watery Grave","Ensoul Artifact, Abrupt Decay, Kolaghan's Command, Oona's Prowler, Whip of Erebos, Hypnotic Specter, Dark Petition, Isolated Chapel, Steel Overseer, Looter il-Kor, Woodland Cemetery, Temple of Malady, Delver of Secrets, Desecration Demon, Vampire Nighthawk"
"48","3","Blue/White","UW Control","Spells, Humans","11","12","17","3.17","Lingering Souls, Spell Queller, Blade Splicer, Mulldrifter, Settle the Wreckage, Snapcaster Mage, Concealed Courtyard, Dissolve, Consecrated Sphinx, Condemn, Monastery Mentor, Geist of Saint Traft, Prairie Stream, Sower of Temptation, Jace, Vryn's Prodigy, Pacifism, Sphinx's Revelation, Disallow, Repeal, Island, Island, Island, Island, Island, Island, Island, Island, Island, Logic Knot, Sun Titan, Plains, Plains, Plains, Day of Judgment, Time Warp, Temple of Silence, Hallowed Fountain, Banishing Light, Thing in the Ice, Flooded Strand","Llanowar Wastes, Inquisition of Kozilek, Walking Ballista, Coiling Oracle, Night's Whisper, Thopter Foundry, Disenchant, Street Wraith, Murderous Cut, Heir of Falkenrath, Makeshift Mannequin, Inkwell Leviathan, Hangarback Walker, Talrand, Sky Summoner, City of Brass, Grave Titan, Chromatic Star"
"48","4","Red/Blue","RU Spellslinger","Spells","9","14","17","2.70","Soul-Scar Mage, Bedlam Reveler, Electrolyze, Inferno Titan, Shivan Reef, Steam Vents, Zealous Conscripts, Vendilion Clique, Goblin Rabblemaster, Splinter Twin, Yavimaya Coast, Lightning Axe, Pestermite, Dead // Gone, Manamorphose, Flame Slash, Incendiary Flow, Condescend, Mountain, Mountain, Mountain, Mountain, Mountain, Mountain, Mountain, Mountain, Mountain, Mountain, Mountain, Mountain, Mountain, Mountain, Burst Lightning, Glorybringer, Remand, Monastery Swiftspear, Devil's Play, Tarfire, Arc Trail, Abrade","Horizon Canopy, Sword of Fire and Ice, Blackmail, Vendetta, Chromatic Lantern, Doom Blade, Blackcleave Cliffs, Dragonskull Summit, Ball Lightning, Mogg Fanatic, Ornithopter, Zombify, Myr Battlesphere, Wurmcoil Engine, Shrapnel Blast, Commune with Nature, Dreadbore, Pyroclasm, Birthing Pod"
"48","5","White","W Weenie","White","13","10","17","2.26","Judge's Familiar, Spectral Procession, Scattered Groves, Smuggler's Copter, Gideon, Ally of Zendikar, Kitchen Finks, Wall of Omens, Savannah Lions, Porcelain Legionnaire, Phyrexian Revoker, Knight of the White Orchid, Botanical Sanctum, Adanto Vanguard, Mana Tithe, Thalia, Guardian of Thraben, Celestial Crusader, Secure the Wastes, Flickerwisp, Plains, Plains, Plains, Plains, Plains, Plains, Plains, Plains, Plains, Plains, Plains, Plains, Plains, Plains, Oblivion Ring, Arid Mesa, Isamaru, Hound of Konda, Path to Exile, Seeker of the Way, Honor of the Pure, Legion's Landing, Spear of Heliod","Hero's Downfall, Talara's Battalion, Terramorphic Expanse, Dark Confidant, Grim Lavamancer, Simian Spirit Guide, Blooming Marsh, Gatekeeper of Malakir, Temple of Triumph, Chandra, Fire of Kaladesh, Elvish Piper, Kitesail Freebooter, Goblin Dark-Dwellers, Galvanic Blast, Urborg, Tomb of Yawgmoth, Siege-Gang Commander, Bloodghast, Hellrider, Vampire Hexmage"
"48","6","Green","G Ramp","Creatures","16","7","17","3.78","Utopia Sprawl, Reclamation Sage, Misty Rainforest, Eldritch Evolution, Garruk Wildspeaker, Acidic Slime, Plow Under, Windswept Heath, Eternal Witness, Wall of Roots, Hornet Queen, Tarmogoyf, Farseek, Woodland Bellower, Wooded Foothills, Chord of Calling, Llanowar Elves, Oracle of Mul Daya, Lotus Cobra, Carnage Tyrant, Craterhoof Behemoth, Joraga Treespeaker, Ghalta, Primal Hunger, Forest, Forest, Forest, Forest, Forest, Forest, Forest, Forest, Forest, Forest, Forest, Forest, Forest, Treetop Village, Fertile Ground, Sakura-Tribe Elder, Tireless Tracker","Collected Company, Thrun, the Last Troll, Talisman of Indulgence, Grim Flayer, Fauna Shaman, Verdurous Gearhulk, Temur Charm, Huntmaster of the Fells, Harmonize, Raging Ravine, Whisperwood Elemental, Rootbound Crag, Boon Satyr, Gemstone Caverns, Marsh Flats, Dragonlord Atarka, Cinder Glade, Temple Garden"
"48","7","Blue","U Artifacts","Artifacts","6","17","17","3.22","Talisman of Progress, Lotus Bloom, Everflowing Chalice, Karn Liberated, Sensei's Divining Top, Master of Etherium, Ratchet Bomb, Hedron Archive, Phyrexian Metamorph, Icy Manipulator, Tezzeret the Seeker, Aether Spellbomb, Skysovereign, Consul Flagship, Swamp, Cranial Plating, Etched Champion, Inventors' Fair, Gilded Lotus, Lodestone Golem, Mindslaver, Frogmite, Island, Island, Island, Island, Island, Island, Island, Island, Island, Island, Island, Island, Island, Island, Plains, Springleaf Drum, Sundering Titan, Mox Opal, Vedalken Shackles","Avacyn's Pilgrim, Leatherback Baloth, Stomping Ground, Sphinx of the Steel Wind, Mind Shatter, Pyrite Spellbomb, Krosan Grip, Murmuring Bosk, Tidehollow Sculler, Vault Skirge, Emrakul, the Aeons Torn, Razorverge Thicket, Phantasmal Image, Crystal Shard, Sword of Feast and Famine, Spell Pierce, Cyclonic Rift, Sheltered Thicket, Loxodon Warhammer, Quicksilver Amulet, Talisman of Impulse"
"48","8","Red/Blue","RU Spellslinger","Spells","8","15","17","2.78","Coalition Relic, Stormchaser Mage, Negate, Faithless Looting, Glen Elendra Archmage, Young Pyromancer, Inkmoth Nexus, Sulfur Falls, Bribery, Temple of Epiphany, Jace, the Mind Sculptor, Unsummon, Pia and Kiran Nalaar, Bloodwater Entity, Ancestral Vision, Earthquake, Izzet Charm, Kiki-Jiki, Mirror Breaker, Cryptic Command, Mountain, Mountain, Mountain, Mountain, Mountain, Mountain, Torrential Gearhulk, Shock, Riftwing Cloudskate, Island, Island, Island, Island, Island, Island, Mana Leak, Boomerang, Char, Spirebluff Canal, Shelldock Isle, Search for Azcanta","Solemn Simulacrum, Cruel Ultimatum, Kiora, Master of the Depths, Ulamog, the Ceaseless Hunger, Cathartic Reunion, Mystic Snake, Goryo's Vengeance, Brain Maggot, Blood Crypt, Rakdos's Return, Mantis Rider, Celestial Colonnade, Massacre Wurm, Clifftop Retreat, Siege Rhino, Trash for Treasure, Griselbrand"
"49","1","Black/Blue","BU Tempo","Artifacts","6","17","17","2.87","Hero's Downfall, Misty Rainforest, Everflowing Chalice, Sensei's Divining Top, Twisted Abomination, Terramorphic Expanse, Sphinx of the Steel Wind, Talisman of Indulgence, Sword of the Meek, Creeping Tar Pit, Chromatic Sphere, Go for the Throat, Hedron Archive, Shadowmage Infiltrator, Tezzeret the Seeker, Aether Spellbomb, Walking Ballista, Talisman of Dominance, Vendetta, Chromatic Lantern, Swamp, Swamp, Swamp, Swamp, Swamp, Dragonskull Summit, Phyrexian Revoker, Drowned Catacomb, Island, Island, Island, Ashiok, Nightmare Weaver, Sunken Hollow, Cyclonic Rift, Urborg, Tomb of Yawgmoth, Inkwell Leviathan, Phyrexian Arena, Flooded Strand, Watery Grave, Dismember","Abrupt Decay, Grim Flayer, Llanowar Wastes, Verdurous Gearhulk, Wooded Foothills, Summoner's Pact, Dark Petition, Gemstone Caverns, Sword of Feast and Famine, Loxodon Warhammer, Temple of Malady, Siege Rhino, Vampire Hexmage"
"49","2","Red/Blue","RU Spellslinger","Spells, Wizards","9","14","17","2.48","Bedlam Reveler, Ponder, Sleight of Hand, Steam Vents, Vendilion Clique, Snapcaster Mage, Grim Lavamancer, Sower of Temptation, Glen Elendra Archmage, Sulfur Falls, Temple of Epiphany, Dead // Gone, Incendiary Flow, Bloodwater Entity, Mountain, Mountain, Mountain, Mountain, Shock, Preordain, Remove Soul, Island, Island, Island, Island, Island, Island, Island, Island, Logic Knot, Scalding Tarn, Jace Beleren, Galvanic Blast, Spell Pierce, Boomerang, Talrand, Sky Summoner, Spirebluff Canal, Arc Trail, Thing in the Ice, Vedalken Shackles","Cruel Ultimatum, Qasali Pridemage, Stomping Ground, Ratchet Bomb, Crib Swap, Hazoret the Fervent, Biomass Mutation, Temur Charm, Huntmaster of the Fells, Blackcleave Cliffs, Rhonas the Indomitable, Liliana, the Last Hope, Gilded Lotus, Sheltered Thicket, Hero of Oxid Ridge, Talisman of Impulse, Ajani Vengeant"
"49","3","Black","B Reanimator","Spells","12","11","17","4.22","Liliana of the Veil, Ulamog, the Ceaseless Hunger, Cryptbreaker, Dread Return, Inquisition of Kozilek, Ashen Rider, Oona's Prowler, Pack Rat, Swamp, Swamp, Swamp, Swamp, Swamp, Swamp, Swamp, Swamp, Swamp, Swamp, Swamp, Swamp, Swamp, Swamp, Swamp, Swamp, Doom Blade, Shriekmaw, Ravenous Chupacabra, Liliana, Death's Majesty, Noxious Gearhulk, Zombify, Plains, Sundering Titan, Unburial Rites, Damnation, Heir of Falkenrath, Ultimate Price, Makeshift Mannequin, Thoughtseize, Grave Titan, Griselbrand","Elves of Deep Shadow, Duress, Fauna Shaman, Brain Maggot, Murmuring Bosk, Kolaghan's Command, Smuggler's Copter, Vault Skirge, Skullclamp, Gatekeeper of Malakir, Zurgo Helmsmasher, Oracle of Mul Daya, Hypnotic Specter, Disfigure, Maelstrom Pulse, Murderous Cut, Kessig Prowler, Commune with Nature, Kalitas, Traitor of Ghet, Desecration Demon, City of Brass, Vampire Nighthawk"
"49","4","Green/Blue","GU Ramp","Green/Blue","13","10","17","3.52","Utopia Sprawl, Avacyn's Pilgrim, Green Sun's Zenith, Eldritch Evolution, Mystic Snake, Garruk Wildspeaker, Scavenging Ooze, Breeding Pool, Plow Under, Mulldrifter, Windswept Heath, Consecrated Sphinx, Wall of Roots, Yavimaya Coast, Farseek, Woodland Bellower, Verdant Catacombs, Llanowar Elves, Bribery, Temple of Mystery, Jace, the Mind Sculptor, Botanical Sanctum, Carnage Tyrant, Craterhoof Behemoth, Whisperwood Elemental, Noble Hierarch, Riftwing Cloudskate, Island, Forest, Forest, Forest, Forest, Forest, Forest, Forest, Forest, Fertile Ground, Remand, Canopy Vista, Hinterland Harbor","Deathrite Shaman, Mind Shatter, Icy Manipulator, Knight of the Reliquary, Krosan Grip, Frost Titan, Treasure Cruise, Chord of Calling, Relic of Progenitus, Opt, Mana Tithe, Rootbound Crag, Condescend, Pact of Negation"
"49","5","Black/Blue/White","BUW Artifacts","Artifacts","10","13","17","2.26","Coalition Relic, Solemn Simulacrum, Ensoul Artifact, Lotus Bloom, Blade Splicer, Gitaxian Probe, Judge's Familiar, Concealed Courtyard, Myr Enforcer, Skysovereign, Consul Flagship, Tidehollow Sculler, Swamp, Swamp, Swamp, Arcbound Ravager, Porcelain Legionnaire, Cranial Plating, Isolated Chapel, Thopter Foundry, Inventors' Fair, Steel Overseer, Ornithopter, Lodestone Golem, Island, Island, Island, Island, Island, Plains, Plains, Plains, Plains, Springleaf Drum, Lightning Greaves, Batterskull, Marsh Flats, Mox Opal, Temple of Silence, Chrome Mox, Chromatic Star","Lingering Souls, Collected Company, Horizon Canopy, Hornet Queen, Knight of the Holy Nimbus, Whip of Erebos, Pacifism, Selfless Spirit, Knight of the White Orchid, Adanto Vanguard, Boon Satyr, Flickerwisp, Mana Confluence, Bloodghast, Dryad Arbor, Elspeth, Knight-Errant, Legion's Landing"
"49","6","Blue/White","UW Control","Spells","8","15","17","3.78","Chart a Course, Elspeth, Sun's Champion, Venser, Shaper Savant, Spell Queller, Settle the Wreckage, Dissolve, Wrath of God, Condemn, Irrigated Farmland, Geist of Saint Traft, Archangel Avacyn, Prairie Stream, Commit // Memory, Jace, Vryn's Prodigy, Wall of Omens, Sphinx's Revelation, Celestial Colonnade, Disallow, Mountain, Torrential Gearhulk, Evolving Wilds, Island, Island, Plains, Plains, Plains, Plains, Plains, Plains, Plains, Plains, Oblivion Ring, Phantasmal Image, Day of Judgment, Time Warp, Oust, Hallowed Fountain, Banishing Light, Shelldock Isle, Dig Through Time","Talara's Battalion, Karn Liberated, Inferno Titan, Eternal Witness, Caves of Koilos, Goryo's Vengeance, Blood Crypt, Archangel of Thune, Blooming Marsh, Razorverge Thicket, Elesh Norn, Grand Cenobite, Treetop Village, The Scarab God, Seeker of the Way, Temple Garden, Spear of Heliod"
"49","7","Red/Blue","RU Spellslinger","Spells, Humans","10","13","17","2.39","Soul-Scar Mage, Electrolyze, Chandra, Torch of Defiance, Zealous Conscripts, Stormchaser Mage, Deceiver Exarch, Young Pyromancer, Unsummon, Pestermite, Flame Slash, Izzet Charm, Kiki-Jiki, Mirror Breaker, Cryptic Command, Mountain, Mountain, Mountain, Mountain, Mountain, Mountain, Mountain, Mountain, Mountain, Mountain, Mountain, Mountain, Mountain, Burst Lightning, Repeal, Island, Island, Island, Island, Glorybringer, Incinerate, Monastery Swiftspear, Pyroclasm, Char, Delver of Secrets, Tarfire, Abrade","Leatherback Baloth, Cathartic Reunion, Canyon Slough, Blackmail, Smoldering Marsh, Simian Spirit Guide, Tarmogoyf, Rakdos's Return, Terminate, Temple of Triumph, Ball Lightning, Kari Zev, Skyship Raider, Pia and Kiran Nalaar, Earthquake, Hellspark Elemental, Sun Titan, Hostage Taker, Looter il-Kor, Crystal Shard, Dragonlord Atarka, Cinder Glade, Search for Azcanta"
"49","8","Red/White","RW Aggro","Humans, Creatures","16","7","17","1.78","Abbot of Keral Keep, Student of Warfare, Goblin Rabblemaster, Journey to Nowhere, Stoneforge Mystic, Monastery Mentor, Inspiring Vantage, Lightning Bolt, Sacred Foundry, Hero of Bladehold, Zurgo Bellstriker, Gideon, Ally of Zendikar, Savannah Lions, Battlefield Forge, Lightning Helix, Mikaeus, the Lunarch, Thalia, Guardian of Thraben, Mountain, Bomat Courier, Secure the Wastes, Gideon's Lawkeeper, Plains, Plains, Plains, Plains, Plains, Plains, Plains, Plains, Plains, Plains, Plains, Arid Mesa, Thraben Inspector, Figure of Destiny, Isamaru, Hound of Konda, Path to Exile, Clifftop Retreat, Steelshaper's Gift, Hellrider","Glacial Fortress, Thragtusk, Aurelia, the Warleader, Dark Confidant, Scattered Groves, Kitchen Finks, Mantis Rider, Renegade Rallier, Hidden Dragonslayer, Elvish Piper, Manamorphose, Joraga Treespeaker, Naturalize, Woodland Cemetery, Siege-Gang Commander, Restoration Angel, Kird Ape"
"50","1","Black/Red/Blue","BRU Tempo","Spells","5","18","17","3.39","Canyon Slough, Snapcaster Mage, Dissolve, Consecrated Sphinx, Fetid Pools, Duress, Smoldering Marsh, Censor, Shadowmage Infiltrator, Blood Crypt, Kolaghan's Command, Frost Titan, Swamp, Commit // Memory, Blackcleave Cliffs, Terminate, Verdant Catacombs, Bribery, Jace, the Mind Sculptor, Condescend, Ancestral Vision, Torrential Gearhulk, Island, Island, Island, Island, Island, Island, Island, Island, Logic Knot, Ashiok, Nightmare Weaver, Murderous Cut, Scalding Tarn, Dreadbore, Cyclonic Rift, Pyroclasm, Flooded Strand, Pact of Negation, Dig Through Time","Talisman of Indulgence, Irrigated Farmland, Rakdos's Return, Wall of Omens, Renegade Rallier, Lightning Helix, Raging Ravine, Sheoldred, Whispering One, Massacre Wurm, Gilded Lotus, Earthquake, Dragonlord Atarka, Bloodghast, Phyrexian Arena"
"50","2","Blue","U Artifacts","Artifacts, Golems","11","12","17","3.17","Solemn Simulacrum, Ponder, Ensoul Artifact, Lotus Bloom, Everflowing Chalice, Chromatic Sphere, Hedron Archive, Arcbound Ravager, Mishra's Bauble, Inkmoth Nexus, Etched Champion, Inventors' Fair, Ornithopter, Lodestone Golem, Frogmite, Island, Island, Island, Island, Island, Island, Island, Island, Island, Island, Island, Island, Island, Island, Island, Myr Battlesphere, Crystal Shard, Sundering Titan, Inkwell Leviathan, Boomerang, Blightsteel Colossus, Chrome Mox, Scarecrone, Vedalken Shackles, Chromatic Star","Sleight of Hand, Karn Liberated, Leatherback Baloth, Cathartic Reunion, Venser, Shaper Savant, Scattered Groves, Yavimaya Coast, Ashen Rider, Sower of Temptation, Coiling Oracle, Opt, Unsummon, Pia and Kiran Nalaar, Emrakul, the Aeons Torn, Bloodwater Entity, Hellspark Elemental, Phantasmal Image, Mana Leak, Commune with Nature, Canopy Vista"
"50","3","Red","R Burn","Spells, Humans","13","10","17","1.83","Soul-Scar Mage, Abbot of Keral Keep, Goblin Rabblemaster, Pyrite Spellbomb, Hazoret the Fervent, Faithless Looting, Sacred Foundry, Zurgo Bellstriker, Goblin Guide, Chandra, Fire of Kaladesh, Kari Zev, Skyship Raider, Mogg Fanatic, Dead // Gone, Manamorphose, Mountain, Mountain, Mountain, Mountain, Mountain, Mountain, Mountain, Mountain, Mountain, Mountain, Mountain, Mountain, Mountain, Mountain, Mountain, Bomat Courier, Searing Spear, Burst Lightning, Figure of Destiny, Galvanic Blast, Incinerate, Monastery Swiftspear, Cinder Glade, Devil's Play, Hellrider, Arc Trail","Talara's Battalion, Inferno Titan, Ingot Chewer, Gitaxian Probe, Ratchet Bomb, Deceiver Exarch, Murmuring Bosk, Courser of Kruphix, Pack Rat, Zurgo Helmsmasher, Harmonize, Evolving Wilds, Lightning Greaves, Day of Judgment, Mana Confluence, Shrapnel Blast, Seeker of the Way, Trash for Treasure, Legion's Landing, Dismember"
"50","4","Black/Blue","BU Control","Spells","7","16","17","2.70","Chart a Course, Fatal Push, Collective Brutality, Vendilion Clique, Creeping Tar Pit, Llanowar Wastes, Inquisition of Kozilek, Talisman of Dominance, Vendetta, Prairie Stream, Swamp, Swamp, Swamp, Swamp, Blooming Marsh, Shriekmaw, Godless Shrine, Disfigure, Ravenous Chupacabra, Liliana, Death's Majesty, Night's Whisper, Drowned Catacomb, Tasigur, the Golden Fang, Thopter Foundry, Skinrender, The Scarab God, Jace Beleren, Damnation, Remand, Ultimate Price, Marsh Flats, Urborg, Tomb of Yawgmoth, Temple of Silence, Thoughtseize, Hallowed Fountain, Temple Garden, Bitterblossom, Bloodstained Mire, Watery Grave, Vampire Hexmage","Sphinx of the Steel Wind, Elves of Deep Shadow, Mind Shatter, Wrath of God, Dread Return, Geist of Saint Traft, Chromatic Lantern, Zombify, Siege Rhino"
"50","5","White","W Weenie","Humans","14","9","17","2.78","Elspeth, Sun's Champion, Lingering Souls, Blade Splicer, Stoneforge Mystic, Spectral Procession, Hero of Bladehold, Smuggler's Copter, Brimaz, King of Oreskos, Knight of the Holy Nimbus, Savannah Lions, Selfless Spirit, Knight of the White Orchid, Isolated Chapel, Hidden Dragonslayer, Elesh Norn, Grand Cenobite, Celestial Crusader, Secure the Wastes, Flickerwisp, Gideon's Lawkeeper, Plains, Plains, Plains, Plains, Plains, Plains, Plains, Plains, Plains, Plains, Plains, Plains, Plains, Plains, Plains, Plains, Path to Exile, Glorious Anthem, Kytheon, Hero of Akros, Elspeth, Knight-Errant, Oust","Liliana of the Veil, Qasali Pridemage, Twisted Abomination, Cryptbreaker, Abrupt Decay, Crib Swap, Settle the Wreckage, Go for the Throat, Knight of the Reliquary, Phyrexian Obliterator, Brain Maggot, Tidehollow Sculler, Kitchen Finks, Gatekeeper of Malakir, Chord of Calling, Dark Petition, Woodland Cemetery, Heir of Falkenrath, Steelshaper's Gift, Sakura-Tribe Elder, Vampire Nighthawk"
"50","6","Red/Blue","RU Spellslinger","Spells, Humans","12","11","17","3.17","Misty Rainforest, Shivan Reef, Chandra, Torch of Defiance, Steam Vents, Zealous Conscripts, Mulldrifter, Stormchaser Mage, Negate, Phyrexian Metamorph, Serum Visions, Jace, Vryn's Prodigy, Treasure Cruise, Glen Elendra Archmage, Sulfur Falls, Temple of Epiphany, Flame Slash, Kiki-Jiki, Mirror Breaker, Cryptic Command, Mountain, Mountain, Mountain, Mountain, Mountain, Mountain, Shock, Remove Soul, Repeal, Island, Island, Island, Island, Island, Glorybringer, Looter il-Kor, Time Warp, Siege-Gang Commander, Spirebluff Canal, Delver of Secrets, Thing in the Ice, Abrade","Glacial Fortress, Spell Queller, Stomping Ground, Breeding Pool, Woodfall Primus, Fauna Shaman, Temur Charm, Simian Spirit Guide, Archangel of Thune, Temple of Triumph, Maelstrom Pulse, Oblivion Ring, Clifftop Retreat, Sheltered Thicket, Grave Titan, Hinterland Harbor"
"50","7","Green","G Ramp","Creatures","17","6","17","3.13","Utopia Sprawl, Reclamation Sage, Avacyn's Pilgrim, Green Sun's Zenith, Thragtusk, Sylvan Caryatid, Garruk Wildspeaker, Acidic Slime, Plow Under, Windswept Heath, Eternal Witness, Wall of Roots, Tarmogoyf, Farseek, Wooded Foothills, Llanowar Elves, Oracle of Mul Daya, Elvish Piper, Carnage Tyrant, Craterhoof Behemoth, Razorverge Thicket, Joraga Treespeaker, Primeval Titan, Forest, Forest, Forest, Forest, Forest, Forest, Forest, Forest, Forest, Forest, Forest, Forest, Forest, Fertile Ground, Birds of Paradise, Tireless Tracker, Dryad Arbor","Collected Company, Krosan Grip, Bloodbraid Elf, Inspiring Vantage, Huntmaster of the Fells, Woodland Bellower, Rhonas the Indomitable, Beast Within, Summoner's Pact, Whisperwood Elemental, Incendiary Flow, Rootbound Crag, Rancor, Boon Satyr, Springleaf Drum, Sword of Feast and Famine, Master of the Wild Hunt, Kird Ape"
"50","8","Blue/White","UW Combo","Artifacts","11","12","17","2.70","Talisman of Progress, Sensei's Divining Top, Master of Etherium, Umezawa's Jitte, Judge's Familiar, Journey to Nowhere, Sword of Fire and Ice, Myr Enforcer, Icy Manipulator, Monastery Mentor, Swamp, Swamp, Vault Skirge, Skullclamp, Porcelain Legionnaire, Relic of Progenitus, Cranial Plating, Leonin Relic-Warder, Steel Overseer, Mindslaver, Island, Island, Island, Plains, Plains, Plains, Plains, Plains, Plains, Plains, Plains, Plains, Plains, Plains, Arid Mesa, Thraben Inspector, Batterskull, Wurmcoil Engine, Loxodon Warhammer, Hangarback Walker","Horizon Canopy, Blackmail, Condemn, Archangel Avacyn, Whip of Erebos, Dragonskull Summit, Mikaeus, the Lunarch, Adanto Vanguard, Mana Tithe, Banisher Priest, Crypt Ghast, Sun Titan, Ulamog, the Infinite Gyre, Isamaru, Hound of Konda, Temple of Malady, Restoration Angel, Quicksilver Amulet, Honor of the Pure, Reciprocate, Banishing Light, Talisman of Impulse"
