"Draft","Seat","Colors","Archetype","Themes","Creatures","Noncreatures","Lands","Avg MV","Mainboard","Sideboard"
"1","1","Black/Blue","BU Control","Spells","10","13","17","3.00","Prismatic Vista, Thirst for Identity, Lively Dirge, Phantom Interference, Brawn, Amadeus Cho, Lose Focus, Halo Forager, Contaminated Landscape, Fetid Pools, Baleful Strix, Waker of Waves, Unable to Scream, Talisman of Dominance, Swamp, Swamp, Swamp, Sinister Starfish, Striped Riverwinder, Godless Shrine, Bitter Triumph, Miscalculation, Serum Visionary, Dinrova Horror, Island, Island, Island, Island, Island, Island, Island, Animate Dead, Unburial Rites, Gonti, Lord of Luxury, Remand, Kasmina, Enigmatic Mentor, Slickshot Lockpicker, Hallowed Fountain, Collector's Vault, Watery Grave, Silent Clearing","Syr Konrad, the Grim, Artisan of Kozilek, Hypnotic Sprite, Curiosity, Seething Landscape, Wayfarer's Bauble, Shroudstomper, Spyglass Siren, Call of the Death-Dweller, Rite of the Raging Storm, Pyretic Rebirth, The Neutrinos, Archive Dragon, Shrine of Burning Rage, Vampire Nighthawk"
"1","2","Black/Green/White","BGW Graveyard","Humans","14","9","17","3.39","Utopia Sprawl, Golgari Rot Farm, Rubblebelt Maverick, Victimize, Honest Rutstein, Joo Dee, One of Many, Swamp, Swamp, Swamp, Swamp, Okoye, Dora Milaje Leader, Wolfwillow Haven, Ravenous Chupacabra, Harmonize, Demonic Tutor, Underground Mortuary, Rampant Growth, Colossal Skyturtle, Spinewoods Armadillo, Overgrown Tomb, Raven's Crime, Eldrazi Repurposer, Forest, Forest, Forest, Forest, Forest, Forest, Forest, Forest, Plains, Plains, Chainweb Aracnir, Pelakka Wurm, Rise of the Ants, Bramble Wurm, Night Nurse, Healer of Heroes, Sakura-Tribe Elder, Red Guardian, Super-Soldier, Grizzly Fate","Cactusfolk Sureshot, Prophetic Prism, Meteor Sword, Deceptive Landscape, Eddymurk Crab, Treasure Keeper, Tolls of War, Primordial Pachyderm, Sourbread Auntie, Eviscerator's Insight, Sprout Swarm, Rootbound Crag, Reassembling Skeleton, Practiced Scrollsmith, Flopsie, Bumi's Buddy, Charging Strifeknight, Foreboding Landscape, Cogwork Librarian, Yahenni, Undying Partisan"
"1","3","Blue/White","UW Control","Creatures","18","5","17","2.83","Witch Enchanter, Plumecreed Escort, Combat Thresher, Ephemerate, Frost Trickster, Circuit Mender, Floodpits Drowner, Reflector Mage, Cynette, Jelly Drover, Nurturing Pixie, Soulherder, Mage's Attendant, Glimmerpoint Stag, Getaway Glamer, Ghostly Flicker, Riftwing Cloudskate, Flickerwisp, Island, Island, Island, Island, Island, Island, Faerie Seer, Plains, Plains, Plains, Plains, Plains, Plains, Plains, Plains, Plains, Plains, Mana Leak, Fiend Hunter, Meticulous Archive, Inspiring Overseer, Path to Exile, Militia Bugler","Lita, Little Orphan Amphibian, Thermo-Alchemist, Start the TARDIS, Leonardo, Leader in Blue, Imperial Oath, Prava of the Steel Legion, Iraxxa, Empress of Mars, Epochrasite, Scrapwork Mutt, Psychic Spiral, Mouth of the Storm, Meat Locker // Drowned Diner, Air Nomad Legacy, Biomechan Engineer, Mandibular Kite, Into the Roil, Fire Magic, Emergency Eject, Seeker of the Way, Thopter Squadron, Weaponize the Monsters"
"1","4","Green","G Graveyard","Enchantments, Elves","13","10","17","2.96","Reclamation Sage, Glacier Godmaw, Eternal Witness, Summon: Fenrir, Elvish Mystic, Swamp, Pack Guardian, Llanowar Elves, Blossom Prancer, The Aesir Escape Valhalla, Wild Growth, Overwhelming Encounter, Beast Within, Rancor, Seismic Sense, Hunter's Talent, Forest, Forest, Forest, Forest, Forest, Forest, Forest, Forest, Forest, Forest, Forest, Forest, Forest, Forest, Forest, Forest, Earthrumbler, Devoted Druid, Goliath, Mass Manipulator, Spinewoods Paladin, Spider Spawning, Fyndhorn Elves, Paradise Druid, Dismember","Fell the Profane, Skoa, Embermage, Stomping Ground, Diligent Webkeepers, Bloodbraid Elf, Night Clubber, Studious First-Year, Repulsive Mutation, Mishra's Bauble, The Last Ronin's Technique, Shattered Landscape, Coruscation Mage, Sawblade Skinripper, Carrion Feeder, Dauntless Scrapbot, Lluwen, Exchange Student, Sonic Screwdriver, Brimstone Volley, Loxodon Warhammer, Scout the City, Sulfurous Springs, Huskburster Swarm"
"1","5","Red/Blue","RU Spellslinger","Spells","6","17","17","2.52","Ponder, Fiery Islet, Choco-Comet, Talisman of Creativity, Picklock Prankster, Victor Timely, Wily Tycoon, Brainstorm, Prismari Campus, Confounding Riddle, Consider, Mischievous Mystic, Hieroglyphic Illumination, Lórien Revealed, Unnerving Grasp, Mountain, Preordain, Island, Island, Island, Island, Island, Island, Island, Island, Island, Island, Island, Island, Island, Island, Improbable Alliance, Sink into Stupor, Shoreline Looter, Expressive Iteration, Mind Stone, Counterspell, Mirrorshell Crab, Echoing Truth, Moment of Truth, Third Path Iconoclast","Splash Lasher, Noise Marine, Eldrazi Ravager, Dragon Trainer, Ornithopter of Paradise, Irrigated Farmland, Essence Reliquary, Pilgrim's Eye, Sontaran General, Talisman of Curiosity, Snare Thopter, Elas il-Kor, Sadistic Pilgrim, Eldrazi Skyspawner, Coastline Marauders, Mask of Memory, Faller's Faithful, Perilous Landscape, Ghor-Clan Rampager, Environmental Scientist, Brazen Collector"
"1","6","Black/Red","BR Sneak and Show","Spells","9","14","17","2.65","Dance of the Dead, Bitter Reunion, Oliphaunt, Troll of Khazad-dûm, Go for the Throat, The Underworld Cookbook, Timeline Culler, Faithless Looting, The Eldest Reborn, Unearth, Triarch Praetorian, Swamp, Swamp, Swamp, Swamp, Swamp, Swamp, Swamp, Swamp, Swamp, Swamp, Swamp, Swamp, Swamp, Swamp, Bone Shards, Shriekmaw, Marionette Apprentice, Wurmcoil Larva, Night's Whisper, Fell, Hymn to Tourach, Mountain, Mountain, Mountain, Forsaken Miner, Life // Death, Accursed Marauder, Live or Die, Tortured Existence","Drix Interception, Amethyst Dragon, Agonizing Remorse, Umbral Collar Zealot, Steam Vents, Thought-Stalker Warlock, Vampire Sovereign, Embereth Shieldbreaker, Graceful Restoration, Drown in Sorrow, Curse of Disturbance, Shepherd of the Flock, Rally at the Hornburg, Pestermite, Chain Lightning, Wreckage Wickerfolk, Arms of Hadar, Faerie Dreamthief, Obsessive Stitcher, Spawning Pit, Arc Trail, Pinnacle Monk"
"1","7","Green/White","GW Counters","Humans, Creatures","20","3","17","3.26","Requisition Raid, Fabled Passage, Killmonger, Scourge of Wakanda, Horizon Canopy, Glyph Elemental, Veteran Beastrider, Journey to Nowhere, Sunhome Stalwart, Ultimo, Civilization's End, Jewel Thief, Swamp, Mishra's Factory, Renata, Called to the Hunt, Curse of Predation, Eden, Seat of the Sanctum, Trostani's Summoner, Duskwatch Recruiter, Propagator Drone, Rhox Veteran, Forest, Forest, Forest, Elite Scaleguard, Plains, Plains, Plains, Plains, Plains, Plains, Plains, Plains, Shepherd of the Clouds, Thraben Inspector, Lush Portico, Vitu-Ghazi Guildmage, Agent 13, Sharon Carter, Cloudgoat Ranger, Bannerhide Krushok, Scurry Oak, Shi'ar Soldier","Dawnbringer Cleric, Heartfire Immolator, Bountiful Landscape, Eusocial Engineering, Blood Artist, Ahn-Crop Crasher, Sheltering Landscape, Tax Collector, Stampeding Scurryfoot, Argyr, Tidal Spinner, Momo, Playful Pet, Mana Tithe, Malevolent Rumble, Tranquil Landscape, Lampad of Death's Vigil, Pierce Strider, Pummeler for Hire"
"1","8","Red/White","RW Aggro","Spells","9","14","17","2.61","Dragon's Rage Channeler, Painter's Studio // Defaced Gallery, Rift Bolt, Rally the Peasants, Inspiring Vantage, Irreverent Gremlin, Sacred Foundry, Bonesplitter, Kumano Faces Kakkazan, Gut, True Soul Zealot, Reckless Pyrosurfer, Firebolt, Shock Brigade, Greasewrench Goblin, Samurai's Katana, Fireblast, Mountain, Mountain, Mountain, Mountain, Mountain, Mountain, Mountain, Mountain, Mountain, Mountain, Mountain, Mountain, Mountain, Mountain, Hordeling Outburst, Swords to Plowshares, Flametongue Kavu, Plains, Heroic Reinforcements, Grafted Wargear, Voldaren Epicure, Goblin Bombardment, Abrade, Twinmaw Stormbrood","Simic Growth Chamber, Kor Skyfisher, Staggershock, Gingerbrute, Grey Knight Paragon, Spectral Procession, Razorkin Hordecaller, Cliffhaven Kitesail, Cathar Commando, Mad Ratter, Archetype of Courage, Skittering Precursor, Ka-Zar of the Savage Land, Law-Rune Enforcer, Judith, the Scourge Diva, Githzerai Monk, Highway Robbery, Cult Conscript, City of Brass, Mighty Mutanimals"
"2","1","Red/Blue","RU Spellslinger","Spells, Faeries","12","11","17","2.78","Fiery Islet, Chart a Course, Hard Evidence, Faerie Conclave, Steam Vents, Stock Up, Picklock Prankster, Rise from the Tides, Eddymurk Crab, Floodpits Drowner, Consider, Mad Ratter, Faebloom Trick, Miscalculation, Mountain, Sprite Dragon, Riftwing Cloudskate, Island, Island, Island, Island, Island, Island, Island, Island, Island, Island, Island, Island, Island, Faerie Seer, Faerie Vandal, Electrostatic Infantry, Shoreline Looter, Into the Roil, Expressive Iteration, Murmuring Mystic, Echoing Truth, Moment of Truth, Pinnacle Monk","Drix Interception, Simic Growth Chamber, Frost Trickster, Victor Timely, Wily Tycoon, Bountiful Landscape, Ornithopter of Paradise, Unable to Scream, Shepherd of the Flock, Striped Riverwinder, Sandstone Oracle, Ghostly Flicker, Charging Strifeknight, Peace Strider, Eldrazi Skyspawner, Arms of Hadar, Archive Dragon, Loxodon Warhammer, Perilous Landscape, Harrier Strix"
"2","2","Green","G Ramp","Elves, Creatures","18","5","17","3.09","Reclamation Sage, Fabled Passage, Glacier Godmaw, Eternal Witness, Wall of Roots, Elvish Mystic, Imperious Perfect, Jewel Thief, Renata, Called to the Hunt, The Aesir Escape Valhalla, Wild Growth, Rishkar, Peema Renegade, Duskwatch Recruiter, Temur Sabertooth, Under the Skin, Rancor, Bridgeworks Battle, Galewind Moose, Forest, Forest, Forest, Forest, Forest, Forest, Forest, Forest, Forest, Forest, Forest, Forest, Forest, Forest, Forest, Treetop Village, Honored Hydra, Fyndhorn Elves, Paradise Druid, Bannerhide Krushok, Sakura-Tribe Elder, Surrak, the Hunt Caller","Bitter Reunion, Rubblebelt Maverick, Bloodbraid Elf, Behold the Unspeakable, Epochrasite, Ash Barrens, Overwhelming Encounter, Skittering Precursor, Ravenous Chupacabra, Stampeding Scurryfoot, Sprout Swarm, Heroic Reinforcements, Bastion of Remembrance, Writhing Chrysalis, Spinewoods Paladin, Faerie Dreamthief, Twisted Landscape, Pierce Strider, General Marhault Elsdragon, Huskburster Swarm"
"2","3","Red/White","RW Aggro","Artifacts, Soldiers","15","8","17","2.30","Staggershock, Requisition Raid, Kavaron Harrier, Painter's Studio // Defaced Gallery, Journey to Nowhere, Inspiring Vantage, Irreverent Gremlin, Heartfire Hero, Porcelain Legionnaire, Tax Collector, Archetype of Courage, Arabella, Abandoned Doll, Flametongue Yearling, Shock Brigade, Recruitment Officer, Mountain, Mountain, Mountain, Mountain, Mountain, Dragoon's Lance, Flametongue Kavu, Plains, Plains, Plains, Plains, Plains, Plains, Plains, Plains, Plains, Plains, Mandibular Kite, Thraben Inspector, Dalkovan Packbeasts, Sheltered by Ghosts, Cloudgoat Ranger, Militia Bugler, Sunbaked Canyon, Abrade","Dawnbringer Cleric, Vampire Sovereign, Imperial Oath, Essence Reliquary, Embereth Shieldbreaker, Touch the Spirit Realm, Scrapwork Mutt, Tolls of War, Untethered Express, Bone Shards, Dragon Sniper, Serum Visionary, High-Speed Hoverbike, Air Nomad Legacy, Shepherd of the Clouds, Cogwork Librarian, Thopter Squadron, City of Brass, Weaponize the Monsters, Pummeler for Hire"
"2","4","White","W Weenie","Humans, Creatures","18","5","17","2.96","Witch Enchanter, Dewdrop Cure, Lingering Souls, Combat Thresher, Aerie Auxiliary, Rosie Cotton of South Lane, Horizon Canopy, Glyph Elemental, Sunhome Stalwart, Spectral Procession, Kitchen Finks, Adanto Vanguard, Mana Tithe, Rhox Veteran, Plains, Plains, Plains, Plains, Plains, Plains, Plains, Plains, Plains, Plains, Plains, Plains, Plains, Plains, Plains, Law-Rune Enforcer, Indebted Spirit, Descendant of Storms, Ominous Cemetery, Goliath, Mass Manipulator, Inspiring Overseer, Gary Clone, All-Fates Stalker, Seeker of the Way, Battle Screech, Mighty Mutanimals","Agonizing Remorse, Circuit Mender, Deceptive Landscape, Veteran Beastrider, Leonardo, Leader in Blue, Shroudstomper, Undead Gladiator, Triarch Praetorian, Guarded Heir, Okoye, Dora Milaje Leader, Wolfwillow Haven, Elas il-Kor, Sadistic Pilgrim, The Neutrinos, Dauntless Scrapbot, Chainweb Aracnir, Tranquil Landscape, Vitu-Ghazi Guildmage, Skateboard, Deep-Cavern Bat, Hero of the Dunes"
"2","5","Black/Red","BR Aristocrats","Humans","12","11","17","2.83","Prismatic Vista, Amethyst Dragon, Umbral Collar Zealot, Sheoldred's Edict, Victimize, Order of Midnight, Morbid Opportunist, Faithless Looting, Blood Crypt, The Eldest Reborn, Joo Dee, One of Many, Swamp, Swamp, Swamp, Swamp, Swamp, Swamp, Swamp, Swamp, Swamp, Swamp, Swamp, Wurmcoil Larva, Bitter Triumph, Eviscerator's Insight, Ka-Zar of the Savage Land, Rite of the Raging Storm, Carrion Feeder, Mountain, Mountain, Forest, Twinshot Sniper, Judith, the Scourge Diva, Grafted Wargear, Forsaken Miner, Spawning Pit, Arc Trail, Sulfurous Springs, Tortured Existence, Yahenni, Undying Partisan","Shefet Archfiend, Breeding Pool, Charging Monstrosaur, Seething Landscape, Dragon Trainer, Icy Manipulator, Bane of Bala Ged, Vilespawn Spider, Bonesplitter, Sinister Starfish, Sheltering Landscape, Monstrous Rage, Coruscation Mage, Seismic Sense, Dream Beavers, Elite Interceptor, Meteor Golem, Night Scythe, Shrine of Burning Rage"
"2","6","Black/Green","BG Graveyard","Spells","9","14","17","3.39","Fell the Profane, Lively Dirge, Fatal Push, Brawn, Amadeus Cho, Troll of Khazad-dûm, Go for the Throat, Duress, Rise of the Witch-king, Scattered Groves, Honest Rutstein, Arbor Elf, Swamp, Swamp, Swamp, Swamp, Swamp, Swamp, Swamp, Swamp, Swamp, Swamp, Llanowar Elves, Necromancy, Resentful Revelation, Underground Mortuary, Spinewoods Armadillo, Overgrown Tomb, Hymn to Tourach, Forest, Forest, Forest, Forest, Animate Dead, Pelakka Wurm, Unburial Rites, Insidious Roots, Spider Spawning, Bramble Wurm, Live or Die, Disruptive Stormbrood","Everflowing Chalice, Beanstalk Giant, Eldrazi Ravager, Nyxborn Hydra, Bonder's Ornament, Trumpeting Herd, Rampant Growth, Trostani's Summoner, Stormkeld Vanguard, Propagator Drone, Raven's Crime, Eldrazi Repurposer, Biomechan Engineer, Devoted Druid, Rise of the Ants, Shi'ar Soldier, Grizzly Fate, Environmental Scientist, Vampire Nighthawk"
"2","7","Red","R Burn","Spells, Humans","12","11","17","2.09","Choco-Comet, Gingerbrute, Heartfire Immolator, Thermo-Alchemist, Rimrock Knight, Rift Bolt, Razorkin Hordecaller, Lightning Bolt, Reckless Charge, Kumano Faces Kakkazan, Mishra's Factory, Ahn-Crop Crasher, Reinforced Ronin, Young Pyromancer, Signal Pest, Firebolt, Heirloom Blade, Chain Lightning, Iroh's Demonstration, Greasewrench Goblin, Ghostfire Slice, Goblin Banneret, Mountain, Mountain, Mountain, Mountain, Mountain, Mountain, Mountain, Mountain, Mountain, Mountain, Mountain, Mountain, Mountain, Mountain, Mountain, Mountain, Hordeling Outburst, Hearth Elemental","Talisman of Creativity, Oliphaunt, Killmonger, Scourge of Wakanda, Thought-Stalker Warlock, Start the TARDIS, The Underworld Cookbook, Timeline Culler, Treasure Keeper, Spyglass Siren, Cliffhaven Kitesail, Basalt Monolith, Night's Whisper, Argyr, Tidal Spinner, Practiced Scrollsmith, Snare Thopter, Codecracker Hound, Lluwen, Exchange Student, Mask of Memory, Faller's Faithful, Lampad of Death's Vigil, Red Guardian, Super-Soldier"
"2","8","Blue/White","UW Control","Spells","11","12","17","2.96","Talisman of Progress, Ponder, Thirst for Identity, Phantom Interference, Ephemerate, Multiversal Passage, Lose Focus, Mulldrifter, Contaminated Landscape, Fetid Pools, Baleful Strix, Irrigated Farmland, Fact or Fiction, Ultimo, Civilization's End, Canyon Crab, Wall of Omens, Cynette, Jelly Drover, Soulherder, Flickerwisp, Island, Island, Island, Island, Island, Island, Island, Island, Memory Lapse, Plains, Plains, Plains, Fallaji Archaeologist, Mana Leak, Sharae of Numbing Depths, Counterspell, Meticulous Archive, Control Magic, Mirrorshell Crab, Cast Out, Watery Grave","Splash Lasher, Prophetic Prism, Eternal Student, Elixir of Immortality, Halo Forager, Waker of Waves, Lord Skitter's Butcher, Ashnod's Altar, Psychic Spiral, Pilgrim's Eye, The Last Ronin's Technique, Shriekmaw, Mouth of the Storm, Dinrova Horror, At Knifepoint, Emergency Eject"
"3","1","Blue/White","UW Control","Humans, Creatures","20","3","17","3.13","Kor Skyfisher, Grey Knight Paragon, Ninja of the Deep Hours, Floodpits Drowner, Spyglass Siren, Reflector Mage, Kitchen Finks, Atraxi Warden, Sicarian Infiltrator, Whirler Rogue, Unnerving Grasp, Cynette, Jelly Drover, Eden, Seat of the Sanctum, Soulherder, Serum Visionary, Getaway Glamer, Codecracker Hound, Flickerwisp, Island, Island, Island, Island, Island, Island, Island, Island, Eldrazi Skyspawner, Plains, Plains, Plains, Plains, Plains, Plains, Plains, Control Magic, Githzerai Monk, Lush Portico, Inspiring Overseer, Agent 13, Sharon Carter, Harrier Strix","Prophetic Prism, The Duke, Rebel Sentry, Curiosity, Glacier Godmaw, Waker of Waves, Ornithopter of Paradise, Repulsive Mutation, Harmonize, Rampant Growth, Colossal Skyturtle, Trostani's Summoner, Mage's Attendant, Rootbound Crag, Air Nomad Legacy, Timeless Witness, Dragoon's Lance, Dauntless Scrapbot, Shepherd of the Clouds, Gary Clone, Thopter Squadron"
"3","2","Black","B Midrange","Spells","10","13","17","2.78","Undercity Sewers, A.I.M. Synthoids, Agonizing Remorse, Dance of the Dead, Golgari Rot Farm, Killmonger, Scourge of Wakanda, Halo Forager, Sheoldred's Edict, Inquisition of Kozilek, Honest Rutstein, The Eldest Reborn, Vampire Sovereign, Talisman of Dominance, Swamp, Swamp, Swamp, Swamp, Swamp, Swamp, Swamp, Swamp, Swamp, Swamp, Swamp, Swamp, Drown in Sorrow, Bone Shards, Shriekmaw, Bitter Triumph, Demonic Tutor, Underground Mortuary, Overgrown Tomb, Arms of Hadar, Gonti, Lord of Luxury, Accursed Marauder, Deep-Cavern Bat, Power Word Kill, Watery Grave, Dismember, Vampire Nighthawk","Cactusfolk Sureshot, Tandem Lookout, Wayfarer's Bauble, Eddymurk Crab, Priest of the Blood Rite, Behold the Unspeakable, Pilgrim's Eye, Marionette Apprentice, Overwhelming Encounter, Spinewoods Armadillo, Raven's Crime, Biomechan Engineer, Foreboding Landscape, Spider Spawning, Kasmina, Enigmatic Mentor, Faller's Faithful, Grizzly Fate"
"3","3","Blue/White","UW Control","Spells","10","13","17","3.22","Plumecreed Escort, Faerie Conclave, Ephemerate, Circuit Mender, Mulldrifter, Omen of the Sea, Fact or Fiction, Ultimo, Civilization's End, Touch the Spirit Realm, Mishra's Factory, Tax Collector, Lórien Revealed, Isolated Chapel, Argyr, Tidal Spinner, Ka-Zar of the Savage Land, Faebloom Trick, Miscalculation, Mana Tithe, Glimmerpoint Stag, Swords to Plowshares, Island, Island, Island, Island, Island, Island, Island, Plains, Plains, Plains, Plains, Plains, Plains, Mind Stone, Counterspell, Meticulous Archive, Mirrorshell Crab, Remand, Cloudgoat Ranger, Cast Out","Elixir of Immortality, Go for the Throat, Eusocial Engineering, Leonardo, Leader in Blue, Imperial Oath, Guarded Heir, Basalt Monolith, Shepherd of the Flock, Striped Riverwinder, Talisman of Curiosity, Earthrumbler, Archive Dragon, Malevolent Rumble, Mask of Memory, Perilous Landscape, Disruptive Stormbrood, Moment of Truth, City of Brass"
"3","4","Red","R Burn","Artifacts","14","9","17","2.43","Gingerbrute, Opera Love Song, Rimrock Knight, Lightning Bolt, Reckless Charge, Heartfire Hero, Iraxxa, Empress of Mars, Reinforced Ronin, Gut, True Soul Zealot, Mishra's Bauble, Mogg War Marshal, Flametongue Yearling, Ghostfire Slice, Samurai's Katana, Fireblast, Geological Appraiser, Mountain, Mountain, Mountain, Mountain, Mountain, Mountain, Mountain, Mountain, Mountain, Mountain, Mountain, Mountain, Mountain, Mountain, Mountain, Mountain, Hordeling Outburst, Flametongue Kavu, Twinshot Sniper, Writhing Chrysalis, Monastery Swiftspear, Sheltered Thicket, Shrine of Burning Rage, Brazen Collector","Everflowing Chalice, Skoa, Embermage, Rubblebelt Maverick, Bountiful Landscape, Diligent Webkeepers, Treasure Keeper, Joo Dee, One of Many, Studious First-Year, Mad Ratter, Skittering Precursor, Stampeding Scurryfoot, Stormkeld Vanguard, Dragon Sniper, Rite of the Raging Storm, Flopsie, Bumi's Buddy, Honored Hydra, Skateboard, Highway Robbery, Autarch Mammoth, Ghor-Clan Rampager, Hearth Elemental"
"3","5","Black","B Midrange","Spells","12","11","17","2.83","Fell the Profane, Shefet Archfiend, Iron-Shield Elf, Troll of Khazad-dûm, Duress, Timeline Culler, Triarch Praetorian, Swamp, Swamp, Swamp, Swamp, Swamp, Swamp, Swamp, Swamp, Swamp, Swamp, Swamp, Swamp, Swamp, Swamp, Swamp, Swamp, Swamp, Sinister Starfish, Necromancy, Resentful Revelation, Wurmcoil Larva, Ravenous Chupacabra, Night's Whisper, Wreckage Wickerfolk, Call of the Death-Dweller, Hymn to Tourach, Reanimate, Carrion Feeder, Forsaken Miner, Unburial Rites, Live or Die, Cult Conscript, Exhume","Bitter Reunion, Artisan of Kozilek, Seething Landscape, Blood Artist, The Underworld Cookbook, Blood Crypt, Ashnod's Altar, Embereth Shieldbreaker, Tolls of War, Curse of Disturbance, Eviscerator's Insight, Sawblade Skinripper, Practiced Scrollsmith, Pyretic Rebirth, At Knifepoint, Coastline Marauders, Lluwen, Exchange Student, Insidious Roots, Rise of the Ants, Sulfurous Springs, Mighty Mutanimals, Yahenni, Undying Partisan"
"3","6","Green","G Counters","Enchantments, Elves","14","9","17","2.04","Utopia Sprawl, Rosie Cotton of South Lane, Elves of Deep Shadow, Horizon Canopy, Arbor Elf, Jewel Thief, Nyxborn Hydra, Renata, Called to the Hunt, Llanowar Elves, Trumpeting Herd, Curse of Predation, Wild Growth, Rishkar, Peema Renegade, Duskwatch Recruiter, Sprout Swarm, Under the Skin, Rancor, Joraga Treespeaker, Hunter's Talent, Eldrazi Repurposer, Forest, Forest, Forest, Forest, Forest, Forest, Forest, Forest, Forest, Forest, Forest, Forest, Forest, Forest, Forest, Forest, Devoted Druid, Fertile Ground, Fyndhorn Elves, Paradise Druid","Oketra's Monument, Simic Growth Chamber, Requisition Raid, Justice, Vance Astrovik, Glyph Elemental, Veteran Beastrider, Victor Timely, Wily Tycoon, Dragon Trainer, Sunhome Stalwart, Rise of the Witch-king, Bonder's Ornament, Surgical Suite // Hospital Room, Okoye, Dora Milaje Leader, Sontaran General, Temur Sabertooth, Dalkovan Packbeasts, Vitu-Ghazi Guildmage, Night Scythe, Shi'ar Soldier, Environmental Scientist, Anafenza, Kin-Tree Spirit"
"3","7","Red/Blue","RU Spellslinger","Spells, Humans","13","10","17","2.35","Staggershock, Choco-Comet, Amethyst Dragon, Steam Vents, Brawn, Amadeus Cho, Thermo-Alchemist, Picklock Prankster, Mischievous Mystic, Balmor, Battlemage Captain, Mountain, Mountain, Mountain, Mountain, Mountain, Mountain, Mountain, Mountain, Sprite Dragon, Preordain, Island, Island, Island, Island, Island, Island, Island, Island, Improbable Alliance, Electrostatic Infantry, Sink into Stupor, Shoreline Looter, Into the Roil, Expressive Iteration, Fire Magic, Brimstone Volley, Murmuring Mystic, Slickshot Lockpicker, Khenra Spellspear, Third Path Iconoclast, Abrade","Thirst for Identity, Splash Lasher, Oliphaunt, Beanstalk Giant, Icy Manipulator, Irreverent Gremlin, Canyon Crab, Intimidation Campaign, Ahn-Crop Crasher, Sandstone Oracle, High-Speed Hoverbike, Elas il-Kor, Sadistic Pilgrim, Rhox Veteran, Riftwing Cloudskate, Charging Strifeknight, Peace Strider, Tranquil Landscape, Meteor Golem, Lampad of Death's Vigil, Red Guardian, Super-Soldier, Perilous Myr"
"3","8","Red/White","RW Aggro","Soldiers","15","8","17","2.48","Fabled Passage, Aerie Auxiliary, Multiversal Passage, Rally the Peasants, Inspiring Vantage, Razorkin Hordecaller, Sacred Foundry, Prava of the Steel Legion, Spiteful Prankster, Signal Pest, Archetype of Courage, Arabella, Abandoned Doll, Rally at the Hornburg, Momo, Playful Pet, Splitskin Doll, Recruitment Officer, Mountain, Mountain, Mountain, Mountain, Burst Lightning, Plains, Plains, Plains, Plains, Plains, Plains, Plains, Plains, Plains, Law-Rune Enforcer, Heroic Reinforcements, Grafted Wargear, Indebted Spirit, Thraben Inspector, Goliath, Mass Manipulator, Battle Screech, Goblin Bombardment, Reprieve, Twinmaw Stormbrood","Reclamation Sage, Meteor Sword, Charging Monstrosaur, Shroudstomper, Aftermath Analyst, Spectral Procession, Epochrasite, Sheltering Landscape, The Aesir Escape Valhalla, Sourbread Auntie, Thran Dynamo, Path to the World Tree, Elite Interceptor, Emergency Eject, All-Fates Stalker, Twisted Landscape, Pierce Strider, Weaponize the Monsters"
"4","1","Red","R Burn","Humans","14","9","17","1.96","Staggershock, Dragon's Rage Channeler, Kavaron Harrier, Opera Love Song, Irreverent Gremlin, Bonesplitter, Reckless Charge, Embereth Shieldbreaker, Kumano Faces Kakkazan, Reinforced Ronin, Reckless Pyrosurfer, Sontaran General, Goblin Surprise, Rally at the Hornburg, Chain Lightning, Iroh's Demonstration, Geological Appraiser, Goblin Banneret, Mountain, Mountain, Mountain, Mountain, Mountain, Mountain, Mountain, Mountain, Mountain, Mountain, Mountain, Mountain, Mountain, Mountain, Mountain, Mountain, Mountain, Rabbit Battery, Voldaren Epicure, Monastery Swiftspear, Pinnacle Monk, Brazen Collector","Amethyst Dragon, Bitter Reunion, Glacier Godmaw, Faithless Looting, Treasure Keeper, Blood Crypt, Primordial Pachyderm, Repulsive Mutation, Mishra's Bauble, Untethered Express, Heirloom Blade, Rite of the Raging Storm, Peace Strider, Dauntless Scrapbot, Judith, the Scourge Diva, Shepherd of the Clouds, Chainweb Aracnir, Gary Clone, Twisted Landscape, Hearth Elemental, Perilous Myr, City of Brass"
"4","2","Red/White","RW Aggro","Humans, Creatures","16","7","17","2.61","Oketra's Monument, Lita, Little Orphan Amphibian, Sunhome Stalwart, Rally the Peasants, Inspiring Vantage, Imodane's Recruiter, Accorder Paladin, Cathar Commando, Mogg War Marshal, Arabella, Abandoned Doll, Splitskin Doll, Samurai's Katana, Mountain, Mountain, Mountain, Mountain, Mountain, Goblin Trenches, Plains, Plains, Plains, Plains, Plains, Plains, Plains, Plains, Plains, Plains, Heroic Reinforcements, Descendant of Storms, Thraben Inspector, Dalkovan Packbeasts, Sheltered by Ghosts, Inspiring Overseer, Seeker of the Way, Goblin Bombardment, Militia Bugler, Sunbaked Canyon, Mighty Mutanimals, Twinmaw Stormbrood","Drix Interception, Skoa, Embermage, Brawn, Amadeus Cho, Killmonger, Scourge of Wakanda, Heartfire Immolator, Dragon Trainer, Summon: Fenrir, The Underworld Cookbook, Wall of Roots, Blackcleave Cliffs, The Last Ronin's Technique, Overwhelming Encounter, Archetype of Courage, Mage's Attendant, Fireblast, The Neutrinos, Fire Magic, Mask of Memory, Emergency Eject, General Marhault Elsdragon"
"4","3","Black/Blue","BU Tempo","Spells","9","14","17","3.26","Ponder, Prismatic Vista, Shefet Archfiend, Undercity Sewers, Faerie Conclave, Fabled Passage, Phantom Interference, Cut Down, Hypnotic Sprite, Picklock Prankster, Swamp, Swamp, Swamp, Swamp, Psychic Spiral, Lórien Revealed, Necromancy, Striped Riverwinder, Bitter Triumph, Miscalculation, Diresight, Preordain, Dinrova Horror, Island, Island, Island, Island, Island, Island, Island, Island, Shoreline Looter, Counterspell, Meticulous Archive, Mirrorshell Crab, Gonti, Lord of Luxury, Agent 13, Sharon Carter, Kasmina, Enigmatic Mentor, Moment of Truth, Dismember","Lingering Souls, Splash Lasher, Agonizing Remorse, Frost Trickster, Steam Vents, Contaminated Landscape, Seething Landscape, Start the TARDIS, Bane of Bala Ged, Vilespawn Spider, Graceful Restoration, Tax Collector, Basalt Monolith, Dragon Sniper, Foreboding Landscape, Tranquil Landscape, Honored Hydra"
"4","4","Red/Blue","RU Spellslinger","Spells","9","14","17","2.65","Fiery Islet, Mulldrifter, Prismari Campus, Eddymurk Crab, Fact or Fiction, Lightning Bolt, Consider, Young Pyromancer, Hieroglyphic Illumination, Daze, Mad Ratter, Coruscation Mage, Faebloom Trick, Serum Visionary, Ghostfire Slice, Mountain, Mountain, Mountain, Mountain, Mountain, Mountain, Mountain, Sprite Dragon, Burst Lightning, Island, Island, Island, Island, Island, Island, Island, Island, Improbable Alliance, Electrostatic Infantry, Into the Roil, Expressive Iteration, Brimstone Volley, Echoing Truth, Third Path Iconoclast, Abrade","Everflowing Chalice, Gingerbrute, Tandem Lookout, Noise Marine, Breeding Pool, Eldrazi Ravager, Painter's Studio // Defaced Gallery, Bloodbraid Elf, Prava of the Steel Legion, Propagator Drone, Rootbound Crag, Seismic Sense, Snare Thopter, Hordeling Outburst, Galewind Moose, Charging Strifeknight, Elite Interceptor, Shrine of Burning Rage, Collector's Vault, Anafenza, Kin-Tree Spirit"
"4","5","Green","G Counters","Enchantments, Elves, Creatures","16","7","17","2.30","Reclamation Sage, Avacyn's Pilgrim, Elves of Deep Shadow, Horizon Canopy, Eternal Witness, Scattered Groves, Arbor Elf, Jewel Thief, Nyxborn Hydra, Thrashing Brontodon, Renata, Called to the Hunt, Llanowar Elves, Trumpeting Herd, The Aesir Escape Valhalla, Wild Growth, Rishkar, Peema Renegade, Duskwatch Recruiter, Under the Skin, Rancor, Bridgeworks Battle, Joraga Treespeaker, Hunter's Talent, Forest, Forest, Forest, Forest, Forest, Forest, Forest, Forest, Forest, Forest, Forest, Forest, Forest, Treetop Village, Lush Portico, Paradise Druid, Scurry Oak, Surrak, the Hunt Caller","Witch Enchanter, Requisition Raid, Deceptive Landscape, Justice, Vance Astrovik, Rubblebelt Maverick, Shroudstomper, Sheltering Landscape, Beast Within, Stampeding Scurryfoot, Trostani's Summoner, Stormkeld Vanguard, Timeless Witness, Rhox Veteran, Biomechan Engineer, Sonic Screwdriver, Fertile Ground, Vitu-Ghazi Guildmage, Pummeler for Hire"
"4","6","Blue/White","UW Control","Creatures","18","5","17","3.00","Talisman of Progress, Dawnbringer Cleric, Plumecreed Escort, Kor Skyfisher, Combat Thresher, Ephemerate, Grey Knight Paragon, Spyglass Siren, Touch the Spirit Realm, Wall of Omens, Whirler Rogue, Nurturing Pixie, Soulherder, Glimmerpoint Stag, Getaway Glamer, Ghostly Flicker, Riftwing Cloudskate, Flickerwisp, Island, Island, Island, Island, Island, Faerie Seer, Plains, Plains, Plains, Plains, Plains, Plains, Plains, Plains, Plains, Plains, Plains, Fiend Hunter, Ominous Cemetery, Githzerai Monk, All-Fates Stalker, Cloudgoat Ranger","The Duke, Rebel Sentry, Glyph Elemental, Imperious Perfect, Omen of the Sea, Priest of the Blood Rite, Kitchen Finks, Shepherd of the Flock, Shattered Landscape, Temur Sabertooth, Adanto Vanguard, Shuri, Vibranium Technologist, Recruitment Officer, Dragoon's Lance, Thran Dynamo, Eldrazi Repurposer, Eldrazi Skyspawner, Law-Rune Enforcer, Indebted Spirit, Hedge Maze, Pierce Strider, Autarch Mammoth"
"4","7","Black/Blue","BU Tempo","Spells, Humans","12","11","17","2.39","Hard Evidence, A.I.M. Synthoids, Halo Forager, Stock Up, Fetid Pools, Duress, Brainstorm, Confounding Riddle, Floodpits Drowner, The Eldest Reborn, Canyon Crab, Triarch Praetorian, Swamp, Swamp, Swamp, Swamp, Swamp, Swamp, Swamp, Swamp, Swamp, Sicarian Infiltrator, Okoye, Dora Milaje Leader, Resentful Revelation, Night's Whisper, Demonic Tutor, Eden, Seat of the Sanctum, Hymn to Tourach, Island, Island, Island, Island, Island, Arms of Hadar, Goliath, Mass Manipulator, Faerie Dreamthief, Deep-Cavern Bat, Obsessive Stitcher, Watery Grave, Vampire Nighthawk","Meteor Sword, Wayfarer's Bauble, Talrand's Invocation, Honest Rutstein, Imperial Oath, Ash Barrens, Bonder's Ornament, Harmonize, Pestermite, Argyr, Tidal Spinner, Rampant Growth, Colossal Skyturtle, Spinewoods Armadillo, Sharae of Numbing Depths, Archive Dragon, Loxodon Warhammer, Lampad of Death's Vigil, Disruptive Stormbrood, Environmental Scientist"
"4","8","Black","B Midrange","Humans","14","9","17","2.87","Umbral Collar Zealot, Syr Konrad, the Grim, Victimize, Thought-Stalker Warlock, Order of Midnight, Blood Artist, Joo Dee, One of Many, Vampire Sovereign, Night Clubber, Unearth, Swamp, Swamp, Swamp, Swamp, Swamp, Swamp, Swamp, Swamp, Swamp, Swamp, Swamp, Swamp, Swamp, Swamp, Swamp, Swamp, Curse of Disturbance, Bone Shards, Shriekmaw, Ravenous Chupacabra, Wreckage Wickerfolk, Call of the Death-Dweller, Forest, Bastion of Remembrance, Life // Death, Accursed Marauder, Spider Spawning, Faller's Faithful, Tortured Existence, Yahenni, Undying Partisan","Utopia Sprawl, Cactusfolk Sureshot, Elixir of Immortality, Leonardo, Leader in Blue, Icy Manipulator, Rise of the Witch-king, Mayhem Devil, Drown in Sorrow, Tolls of War, Wolfwillow Haven, Ka-Zar of the Savage Land, Raven's Crime, Pyretic Rebirth, Grafted Wargear, Spinewoods Paladin, Insidious Roots, Night Scythe, Skateboard, Bannerhide Krushok, Sakura-Tribe Elder, Spawning Pit, Grizzly Fate"
"5","1","Green/White","GW Counters","Humans, Creatures","16","7","17","3.22","Witch Enchanter, Combat Thresher, Horizon Canopy, Journey to Nowhere, Eternal Witness, Diligent Webkeepers, Scattered Groves, Llanowar Elves, Curse of Predation, Wolfwillow Haven, Momo, Playful Pet, Trostani's Summoner, Sprout Swarm, Spinewoods Armadillo, Dragon Sniper, Eldrazi Repurposer, Swords to Plowshares, Forest, Forest, Forest, Forest, Forest, Forest, Treetop Village, Elite Scaleguard, Plains, Plains, Plains, Plains, Plains, Plains, Plains, Plains, Fiend Hunter, Goliath, Mass Manipulator, Emergency Eject, Scurry Oak, Anafenza, Kin-Tree Spirit, Cast Out, Mighty Mutanimals","Skoa, Embermage, Prophetic Prism, Stomping Ground, Wayfarer's Bauble, Spectral Procession, Treasure Keeper, Imperial Oath, Night Clubber, Wall of Omens, Basalt Monolith, Sandstone Oracle, Dauntless Scrapbot, Lluwen, Exchange Student, Sonic Screwdriver, Githzerai Monk, Gary Clone, Disruptive Stormbrood, Perilous Myr, Silent Clearing"
"5","2","Red/Blue","RU Spellslinger","Spells, Humans","13","10","17","2.61","Fiery Islet, Amethyst Dragon, Steam Vents, Thermo-Alchemist, Eddymurk Crab, Faithless Looting, Young Pyromancer, Hieroglyphic Illumination, Mishra's Bauble, Daze, Coruscation Mage, Iroh's Demonstration, Mountain, Mountain, Mountain, Mountain, Mountain, Mountain, Mountain, Mountain, Mountain, Mountain, Mountain, Sprite Dragon, Burst Lightning, Flametongue Kavu, Island, Island, Island, Island, Improbable Alliance, Electrostatic Infantry, Expressive Iteration, Monastery Swiftspear, Murmuring Mystic, Highway Robbery, Hearth Elemental, Khenra Spellspear, Third Path Iconoclast, Abrade","Talisman of Progress, Rimrock Knight, Timeline Culler, Kumano Faces Kakkazan, Blackcleave Cliffs, Porcelain Legionnaire, Sourbread Auntie, Resentful Revelation, Sontaran General, Goblin Surprise, Ka-Zar of the Savage Land, Snare Thopter, Faerie Seer, Twinshot Sniper, The Cave of Two Lovers, Coastline Marauders, Agent 13, Sharon Carter, Faller's Faithful, Seeker of the Way, Shrine of Burning Rage"
"5","3","Black/Red","BR Aristocrats","Humans","15","8","17","2.43","Choco-Comet, Justice, Vance Astrovik, Brawn, Amadeus Cho, Morbid Opportunist, Blood Crypt, Joo Dee, One of Many, Unearth, Swamp, Swamp, Swamp, Swamp, Swamp, Swamp, Swamp, Gut, True Soul Zealot, Reckless Pyrosurfer, Curse of Disturbance, Okoye, Dora Milaje Leader, Bone Shards, Skittering Precursor, Shock Brigade, Sawblade Skinripper, Geological Appraiser, Pyretic Rebirth, Mountain, Mountain, Mountain, Mountain, Mountain, Mountain, Island, Judith, the Scourge Diva, Sheltered Thicket, Lampad of Death's Vigil, Cult Conscript, Power Word Kill, Goblin Bombardment, Sulfurous Springs, Weaponize the Monsters, Yahenni, Undying Partisan","Bitter Reunion, Noise Marine, Rift Bolt, Order of Midnight, Reckless Charge, Iraxxa, Empress of Mars, Reinforced Ronin, Getaway Glamer, Goblin Banneret, Peace Strider, Liliana's Devotee, Law-Rune Enforcer, At Knifepoint, Rabbit Battery, Brimstone Volley, Honored Hydra, Spawning Pit, Pinnacle Monk, Huskburster Swarm"
"5","4","Black/Blue","BU Tempo","Black/Blue","13","10","17","3.09","Circuit Mender, Sheoldred's Edict, Mulldrifter, Thought-Stalker Warlock, Go for the Throat, Waker of Waves, Unable to Scream, Floodpits Drowner, Behold the Unspeakable, Swamp, Swamp, Swamp, Swamp, Swamp, Swamp, Swamp, Swamp, Intimidation Campaign, Unnerving Grasp, Demonic Tutor, Fell, Dinrova Horror, Island, Island, Island, Island, Island, Island, Island, Island, Shoreline Looter, Arms of Hadar, Ominous Cemetery, Gonti, Lord of Luxury, Remand, Deep-Cavern Bat, Slickshot Lockpicker, Red Guardian, Super-Soldier, Shi'ar Soldier, Vampire Nighthawk","Shefet Archfiend, Splash Lasher, Agonizing Remorse, Eternal Student, Blood Artist, Rise of the Witch-king, Bonesplitter, Ashnod's Altar, Psychic Spiral, Pack Guardian, The Last Ronin's Technique, Striped Riverwinder, Mouth of the Storm, Wreckage Wickerfolk, Flickerwisp, Foreboding Landscape, Chainweb Aracnir, Hedge Maze, Pierce Strider, Moment of Truth, Tortured Existence"
"5","5","Black/Blue","BU Reanimator","Spells","5","18","17","2.52","Lively Dirge, Faerie Conclave, Dance of the Dead, Fatal Push, Lose Focus, Halo Forager, Picklock Prankster, Victimize, Duress, Inquisition of Kozilek, Fact or Fiction, Swamp, Swamp, Swamp, Swamp, Swamp, Swamp, Swamp, Swamp, Swamp, Swamp, Mishra's Factory, Necromancy, Shriekmaw, Wurmcoil Larva, Night's Whisper, Eden, Seat of the Sanctum, Hymn to Tourach, Diresight, Island, Island, Island, Memory Lapse, Fallaji Archaeologist, Animate Dead, Control Magic, Life // Death, Collector's Vault, Exhume, Watery Grave","Prismatic Vista, Seething Landscape, Ornithopter of Paradise, Bloodbraid Elf, Lord Skitter's Butcher, Graceful Restoration, Guarded Heir, Marauding Sphinx, Godless Shrine, Eviscerator's Insight, Reassembling Skeleton, Practiced Scrollsmith, Meticulous Archive, Spinewoods Paladin, Insidious Roots, Rise of the Ants, Echoing Truth, Hallowed Fountain"
"5","6","Red/White","RW Aggro","Soldiers","13","10","17","2.43","Oketra's Monument, Rally the Peasants, Inspiring Vantage, Sacred Foundry, Heartfire Hero, Imodane's Recruiter, Ahn-Crop Crasher, Mogg War Marshal, Rally at the Hornburg, Adanto Vanguard, Shuri, Vibranium Technologist, Greasewrench Goblin, Recruitment Officer, Samurai's Katana, Mountain, Mountain, Mountain, Mountain, Mountain, Mountain, Mountain, Mountain, Hordeling Outburst, Goblin Trenches, Plains, Plains, Plains, Plains, Plains, Plains, Heroic Reinforcements, Grafted Wargear, Descendant of Storms, Thraben Inspector, Dalkovan Packbeasts, Sheltered by Ghosts, Battle Screech, Militia Bugler, Brazen Collector, Sunbaked Canyon","Rosie Cotton of South Lane, Meteor Sword, Heartfire Immolator, Bountiful Landscape, Dragon Trainer, Leonardo, Leader in Blue, Bane of Bala Ged, Essence Reliquary, Embereth Shieldbreaker, Sheltering Landscape, Tolls of War, Cliffhaven Kitesail, Archetype of Courage, Heirloom Blade, Shattered Landscape, Fire Magic, Accursed Marauder, Hero of the Dunes, Scout the City"
"5","7","Green/White","GW Counters","Enchantments, Creatures","17","6","17","2.96","Utopia Sprawl, Avacyn's Pilgrim, Aerie Auxiliary, Beanstalk Giant, Glyph Elemental, Glacier Godmaw, Elvish Mystic, Imperious Perfect, Thrashing Brontodon, Renata, Called to the Hunt, Blossom Prancer, Wild Growth, Harmonize, Duskwatch Recruiter, Temur Sabertooth, Bridgeworks Battle, Joraga Treespeaker, Timeless Witness, Hunter's Talent, Forest, Forest, Forest, Forest, Forest, Forest, Forest, Forest, Forest, Forest, Forest, Forest, Forest, Forest, Forest, Plains, Devoted Druid, Fertile Ground, Lush Portico, Fyndhorn Elves, Surrak, the Hunt Caller","Dawnbringer Cleric, Cactusfolk Sureshot, Requisition Raid, Grey Knight Paragon, Golgari Rot Farm, Reflector Mage, Studious First-Year, Shepherd of the Flock, Cathar Commando, Underground Mortuary, Soulherder, Mage's Attendant, Flopsie, Bumi's Buddy, Mandibular Kite, Shepherd of the Clouds, Inspiring Overseer, Vitu-Ghazi Guildmage, Night Scythe, Ghor-Clan Rampager, Reprieve, Environmental Scientist"
"5","8","Blue","U Control","Artifacts, Humans","10","13","17","2.74","Simic Growth Chamber, Everflowing Chalice, Phantom Interference, Killmonger, Scourge of Wakanda, Ninja of the Deep Hours, Confounding Riddle, Irrigated Farmland, Omen of the Sea, Talrand's Invocation, Consider, Spyglass Siren, Sicarian Infiltrator, Lórien Revealed, Whirler Rogue, Pestermite, Argyr, Tidal Spinner, Talisman of Curiosity, Preordain, Ghostly Flicker, Island, Island, Island, Island, Island, Island, Island, Island, Island, Island, Island, Island, Island, Island, Island, Eldrazi Skyspawner, Mind Stone, Mask of Memory, Elite Interceptor, Meteor Golem, Kasmina, Enigmatic Mentor","Kor Skyfisher, Artisan of Kozilek, Eldrazi Ravager, The Underworld Cookbook, Prismari Campus, Ash Barrens, Primordial Pachyderm, Atraxi Warden, The Aesir Escape Valhalla, Signal Pest, Beast Within, Mad Ratter, Glimmerpoint Stag, Dream Beavers, Dragoon's Lance, The Neutrinos, Malevolent Rumble, Spider Spawning, Perilous Landscape, Cogwork Librarian"
"6","1","Red/White","RW Aggro","Artifacts, Creatures","17","6","17","2.13","Bonesplitter, Imodane's Recruiter, Swamp, Scrapwork Mutt, Mishra's Factory, Ahn-Crop Crasher, Mishra's Bauble, Accorder Paladin, Signal Pest, Cathar Commando, Arabella, Abandoned Doll, Rally at the Hornburg, Greasewrench Goblin, Overgrown Tomb, Snare Thopter, Mountain, Mountain, Mountain, Mountain, Mountain, Mountain, Mountain, Mountain, Hordeling Outburst, Island, Twinshot Sniper, Plains, Plains, Plains, Plains, Plains, Grafted Wargear, Rabbit Battery, Goliath, Mass Manipulator, Forsaken Miner, Night Scythe, Cult Conscript, Perilous Myr, Shi'ar Soldier, Mighty Mutanimals","Cactusfolk Sureshot, Shefet Archfiend, Cut Down, Baleful Strix, Timeline Culler, Treasure Keeper, Lord Skitter's Butcher, Ashnod's Altar, Unearth, Primordial Pachyderm, Basalt Monolith, Wolfwillow Haven, Demonic Tutor, Duskwatch Recruiter, Call of the Death-Dweller, Hymn to Tourach, Reassembling Skeleton, Dauntless Scrapbot, Spawning Pit, Environmental Scientist"
"6","2","Red/Blue","RU Spellslinger","Spells, Humans","9","14","17","2.43","Fiery Islet, Staggershock, Chart a Course, Choco-Comet, Thermo-Alchemist, Brainstorm, Rise from the Tides, Young Pyromancer, Lórien Revealed, Daze, Chain Lightning, Coruscation Mage, Faebloom Trick, Miscalculation, Mountain, Mountain, Mountain, Mountain, Mountain, Mountain, Mountain, Mountain, Mountain, Sprite Dragon, Island, Island, Island, Island, Island, Island, Island, Improbable Alliance, Expressive Iteration, Counterspell, Monastery Swiftspear, Slickshot Lockpicker, Khenra Spellspear, Pinnacle Monk, Third Path Iconoclast, Abrade","Amethyst Dragon, Gingerbrute, Halo Forager, Opera Love Song, Bountiful Landscape, Spectral Procession, Diligent Webkeepers, Canyon Crab, Kumano Faces Kakkazan, Pestermite, Sandstone Oracle, Fireblast, The Neutrinos, Faerie Seer, Mandibular Kite, Shepherd of the Clouds, Shoreline Looter, Control Magic, Archive Dragon, Perilous Landscape, Harrier Strix"
"6","3","Blue/White","UW Control","Creatures","17","6","17","3.00","Talisman of Progress, Ponder, Prismatic Vista, Aerie Auxiliary, Grey Knight Paragon, Frost Trickster, Ninja of the Deep Hours, Journey to Nowhere, Irrigated Farmland, Floodpits Drowner, Atraxi Warden, Wall of Omens, Okoye, Dora Milaje Leader, Nurturing Pixie, Splitskin Doll, Mage's Attendant, Codecracker Hound, Swords to Plowshares, Flickerwisp, Island, Plains, Plains, Plains, Plains, Plains, Plains, Plains, Plains, Plains, Plains, Plains, Plains, Sharae of Numbing Depths, Fiend Hunter, Meticulous Archive, Inspiring Overseer, Emergency Eject, All-Fates Stalker, Battle Screech, Hallowed Fountain","Simic Growth Chamber, The Duke, Rebel Sentry, Lita, Little Orphan Amphibian, Painter's Studio // Defaced Gallery, Scattered Groves, Ultimo, Civilization's End, Tolls of War, Guarded Heir, Blossom Prancer, Isolated Chapel, Recruitment Officer, Timeless Witness, Indebted Spirit, Spinewoods Paladin, Gary Clone, Anafenza, Kin-Tree Spirit, Twinmaw Stormbrood, Pummeler for Hire"
"6","4","Black/Red","BR Sneak and Show","Spells","7","16","17","2.43","Undercity Sewers, Lively Dirge, Dance of the Dead, Fatal Push, Oliphaunt, Sheoldred's Edict, Victor Timely, Wily Tycoon, Duress, Faithless Looting, Swamp, Swamp, Swamp, Swamp, Swamp, Swamp, Swamp, Swamp, Swamp, Swamp, Sinister Starfish, Blackcleave Cliffs, Gut, True Soul Zealot, Sourbread Auntie, Bitter Triumph, Eviscerator's Insight, Reanimate, Pyretic Rebirth, Mountain, Mountain, Mountain, Mountain, Mountain, Diresight, Animate Dead, Fire Magic, Gonti, Lord of Luxury, Highway Robbery, Deep-Cavern Bat, Collector's Vault, Exhume","Charging Monstrosaur, Rimrock Knight, Vampire Sovereign, Intimidation Campaign, Thrashing Brontodon, Reckless Pyrosurfer, Cliffhaven Kitesail, Striped Riverwinder, Skittering Precursor, Flametongue Yearling, Temur Sabertooth, Talisman of Curiosity, Dinrova Horror, At Knifepoint, Coastline Marauders, Meteor Golem, Pierce Strider, Hero of the Dunes, Cogwork Librarian, Surrak, the Hunt Caller"
"6","5","Green/White","GW Counters","Elves","12","11","17","2.17","Reclamation Sage, Witch Enchanter, Oketra's Monument, Avacyn's Pilgrim, Requisition Raid, Fabled Passage, Ephemerate, A.I.M. Synthoids, Horizon Canopy, Glyph Elemental, Elvish Mystic, Arbor Elf, Essence Reliquary, Wild Growth, Beast Within, Rampant Growth, Trostani's Summoner, Propagator Drone, Eldrazi Repurposer, Forest, Forest, Forest, Forest, Forest, Forest, Forest, Plains, Plains, Plains, Plains, Plains, Plains, Plains, Descendant of Storms, Sheltered by Ghosts, Malevolent Rumble, Lush Portico, Path to Exile, Sakura-Tribe Elder, Reprieve","Lingering Souls, Prophetic Prism, Circuit Mender, Leonardo, Leader in Blue, Rally the Peasants, Imperial Oath, Studious First-Year, Heirloom Blade, Meat Locker // Drowned Diner, Mana Tithe, Path to the World Tree, Flametongue Kavu, Goblin Trenches, Law-Rune Enforcer, Loxodon Warhammer, Seeker of the Way, Thopter Squadron, City of Brass, Sunbaked Canyon"
"6","6","Black/Red","BR Aristocrats","Enchantments, Humans","13","10","17","3.00","Syr Konrad, the Grim, Brawn, Amadeus Cho, Noise Marine, Troll of Khazad-dûm, Victimize, Blood Artist, Blood Crypt, Priest of the Blood Rite, The Eldest Reborn, Joo Dee, One of Many, Swamp, Swamp, Swamp, Swamp, Swamp, Swamp, Swamp, Swamp, Swamp, Spiteful Prankster, Bone Shards, Mogg War Marshal, Underground Mortuary, Iroh's Demonstration, Fell, Shuri, Vibranium Technologist, Rite of the Raging Storm, Mountain, Mountain, Mountain, Mountain, Island, Liliana's Devotee, Brimstone Volley, Faller's Faithful, Lampad of Death's Vigil, Power Word Kill, Goblin Bombardment, Sulfurous Springs, Weaponize the Monsters","Combat Thresher, Imperious Perfect, Razorkin Hordecaller, Heartfire Hero, Undead Gladiator, Shepherd of the Flock, Mad Ratter, Harmonize, Shattered Landscape, Thran Dynamo, Hunter's Talent, Lluwen, Exchange Student, Dalkovan Packbeasts, Writhing Chrysalis, Insidious Roots, Bannerhide Krushok, Autarch Mammoth, Ghor-Clan Rampager, Moment of Truth"
"6","7","Black/Green","BG Graveyard","Black/Green","12","11","17","3.87","Utopia Sprawl, Killmonger, Scourge of Wakanda, Go for the Throat, Bane of Bala Ged, Inquisition of Kozilek, Wall of Roots, Rise of the Witch-king, Swamp, Swamp, Swamp, Swamp, Swamp, Swamp, Swamp, Swamp, Swamp, Necromancy, The Aesir Escape Valhalla, Shriekmaw, Ravenous Chupacabra, Spinewoods Armadillo, Joraga Treespeaker, Raven's Crime, Forest, Forest, Forest, Forest, Forest, Forest, Forest, Ominous Cemetery, Pelakka Wurm, Unburial Rites, Spider Spawning, Bramble Wurm, Satyr Wayfinder, Disruptive Stormbrood, Grizzly Fate, Tortured Existence, Huskburster Swarm","Skoa, Embermage, Eternal Student, Deceptive Landscape, Order of Midnight, Jewel Thief, Nyxborn Hydra, Kitchen Finks, Ash Barrens, Graceful Restoration, Drown in Sorrow, Bonder's Ornament, Overwhelming Encounter, Rishkar, Peema Renegade, Mouth of the Storm, Stormkeld Vanguard, Getaway Glamer, Foreboding Landscape, Chainweb Aracnir, Vitu-Ghazi Guildmage, Echoing Truth, Vampire Nighthawk"
"6","8","Blue","U Spellslinger","Spells","9","14","17","2.70","Plumecreed Escort, Hard Evidence, Faerie Conclave, Phantom Interference, Hypnotic Sprite, Stock Up, Picklock Prankster, Eddymurk Crab, Confounding Riddle, Omen of the Sea, Fact or Fiction, Behold the Unspeakable, Spyglass Siren, Hieroglyphic Illumination, Sicarian Infiltrator, Whirler Rogue, Unnerving Grasp, Eden, Seat of the Sanctum, Serum Visionary, Preordain, Island, Island, Island, Island, Island, Island, Island, Island, Island, Island, Island, Island, Island, Island, Island, Faerie Vandal, Memory Lapse, Sink into Stupor, Into the Roil, Mana Leak","Drix Interception, Tandem Lookout, Heartfire Immolator, Seething Landscape, Prismari Campus, Vilespawn Spider, Talisman of Dominance, Monstrous Rage, Porcelain Legionnaire, Goblin Surprise, Balmor, Battlemage Captain, Argyr, Tidal Spinner, Colossal Skyturtle, Elite Scaleguard, Earthrumbler, Heroic Reinforcements, Mind Stone, Mirrorshell Crab, Mask of Memory, Obsessive Stitcher"
"7","1","Red/Blue","RU Spellslinger","Spells","8","15","17","2.65","Plumecreed Escort, Phantom Interference, Lose Focus, Heartfire Immolator, Stock Up, Prismari Campus, Eddymurk Crab, Talrand's Invocation, Fact or Fiction, Lightning Bolt, Mischievous Mystic, Daze, Unnerving Grasp, Pestermite, Miscalculation, Mountain, Sprite Dragon, Island, Island, Island, Island, Island, Island, Island, Island, Island, Island, Island, Island, Island, Island, Island, Improbable Alliance, Faerie Vandal, Into the Roil, Control Magic, Kasmina, Enigmatic Mentor, Slickshot Lockpicker, Echoing Truth, Moment of Truth","Splash Lasher, Oliphaunt, Lita, Little Orphan Amphibian, Unable to Scream, Bonesplitter, Embereth Shieldbreaker, Reflector Mage, Blackcleave Cliffs, Cynette, Jelly Drover, Serum Visionary, Geological Appraiser, Goblin Banneret, Codecracker Hound, Dinrova Horror, Flametongue Kavu, Mind Stone, Sonic Screwdriver, Skateboard, Seeker of the Way, Hallowed Fountain, Arc Trail"
"7","2","Green/Blue","GU Midrange Combo","Creatures","19","4","17","2.78","Utopia Sprawl, Avacyn's Pilgrim, A.I.M. Synthoids, Stomping Ground, Breeding Pool, Victor Timely, Wily Tycoon, Aftermath Analyst, Ornithopter of Paradise, Inspiring Vantage, Nyxborn Hydra, Repulsive Mutation, Llanowar Elves, Blossom Prancer, Rishkar, Peema Renegade, Stampeding Scurryfoot, Temur Sabertooth, Joraga Treespeaker, Timeless Witness, Galewind Moose, Island, Forest, Forest, Forest, Forest, Forest, Forest, Forest, Forest, Forest, Forest, Forest, Forest, Forest, Biomechan Engineer, Fertile Ground, Writhing Chrysalis, Spinewoods Paladin, Rise of the Ants, Fyndhorn Elves, Red Guardian, Super-Soldier","Cactusfolk Sureshot, Gingerbrute, Bitter Reunion, Artisan of Kozilek, Veteran Beastrider, Journey to Nowhere, Diligent Webkeepers, Untethered Express, Tax Collector, Renata, Called to the Hunt, Cliffhaven Kitesail, Signal Pest, Trostani's Summoner, High-Speed Hoverbike, Dream Beavers, Charging Strifeknight, Grafted Wargear, Goblin Bombardment, General Marhault Elsdragon"
"7","3","Red","R Burn","Spells","13","10","17","1.74","Choco-Comet, Kavaron Harrier, Rimrock Knight, Irreverent Gremlin, Heartfire Hero, Kumano Faces Kakkazan, Ahn-Crop Crasher, Reinforced Ronin, Gut, True Soul Zealot, Monstrous Rage, Reckless Pyrosurfer, Goblin Surprise, Firebolt, Rally at the Hornburg, Flametongue Yearling, Shock Brigade, Chain Lightning, Iroh's Demonstration, Greasewrench Goblin, Samurai's Katana, Mountain, Mountain, Mountain, Mountain, Mountain, Mountain, Mountain, Mountain, Mountain, Mountain, Mountain, Mountain, Mountain, Mountain, Mountain, Mountain, Mountain, Burst Lightning, Electrostatic Infantry, Voldaren Epicure","Staggershock, Amethyst Dragon, Steam Vents, Noise Marine, Razorkin Hordecaller, Sacred Foundry, Imperial Oath, Iraxxa, Empress of Mars, Young Pyromancer, The Last Ronin's Technique, Marauding Sphinx, Mad Ratter, Mogg War Marshal, Sawblade Skinripper, Pyretic Rebirth, Peace Strider, Goblin Trenches, Law-Rune Enforcer, Goliath, Mass Manipulator, Highway Robbery, Pinnacle Monk, Weaponize the Monsters"
"7","4","Black/Blue","BU Tempo","Spells","11","12","17","3.04","Simic Growth Chamber, Fell the Profane, Agonizing Remorse, Justice, Vance Astrovik, Halo Forager, Baleful Strix, Confounding Riddle, Floodpits Drowner, Canyon Crab, Swamp, Swamp, Swamp, Swamp, Swamp, Swamp, Swamp, Swamp, Swamp, Sinister Starfish, Necromancy, Bone Shards, Striped Riverwinder, Reanimate, Diresight, Island, Island, Island, Island, Island, Forest, Memory Lapse, Plains, Mirrorshell Crab, Unburial Rites, Gonti, Lord of Luxury, Remand, Live or Die, Agent 13, Sharon Carter, Satyr Wayfinder, Collector's Vault","Prophetic Prism, Talisman of Creativity, Frost Trickster, Eldrazi Ravager, Eternal Witness, Wayfarer's Bauble, Spyglass Siren, Atraxi Warden, Sourbread Auntie, Basalt Monolith, Argyr, Tidal Spinner, Spinewoods Armadillo, Rootbound Crag, Flickerwisp, Foreboding Landscape, Meteor Golem, Spider Spawning, Sheltered Thicket, Harrier Strix, Scout the City, Pummeler for Hire"
"7","5","Black/Blue","BU Tempo","Spells, Humans","8","15","17","2.96","Chart a Course, Fatal Push, Ninja of the Deep Hours, Sheoldred's Edict, Mulldrifter, Go for the Throat, Start the TARDIS, Brainstorm, Rise from the Tides, Waker of Waves, Swamp, Swamp, Swamp, Swamp, Swamp, Swamp, Swamp, Swamp, Sicarian Infiltrator, Night's Whisper, Demonic Tutor, Ka-Zar of the Savage Land, Hymn to Tourach, Island, Island, Island, Island, Island, Island, Island, Island, Sink into Stupor, Fallaji Archaeologist, Mana Leak, Hedge Maze, Counterspell, Archive Dragon, Accursed Marauder, Power Word Kill, Dismember","Tandem Lookout, Meteor Sword, Thermo-Alchemist, Contaminated Landscape, Painter's Studio // Defaced Gallery, Seething Landscape, Bane of Bala Ged, Irrigated Farmland, Honest Rutstein, Joo Dee, One of Many, Sontaran General, Shattered Landscape, Sandstone Oracle, Raven's Crime, Snare Thopter, Dauntless Scrapbot, At Knifepoint, Sharae of Numbing Depths, Meticulous Archive, Thopter Squadron, Perilous Myr"
"7","6","White","W Weenie","Enchantments, Soldiers","15","8","17","2.87","Oketra's Monument, Requisition Raid, Combat Thresher, Multiversal Passage, The Duke, Rebel Sentry, Spectral Procession, Prava of the Steel Legion, Touch the Spirit Realm, Surgical Suite // Hospital Room, Archetype of Courage, Nurturing Pixie, Recruitment Officer, Elite Scaleguard, Plains, Plains, Plains, Plains, Plains, Plains, Plains, Plains, Plains, Plains, Plains, Plains, Plains, Plains, Plains, Indebted Spirit, Descendant of Storms, Thraben Inspector, Dalkovan Packbeasts, Ominous Cemetery, Sheltered by Ghosts, Path to Exile, All-Fates Stalker, Battle Screech, Militia Bugler, Anafenza, Kin-Tree Spirit, Mighty Mutanimals","Dawnbringer Cleric, Brawn, Amadeus Cho, Blood Artist, Faithless Looting, Rally the Peasants, Godless Shrine, Bitter Triumph, Heirloom Blade, Eviscerator's Insight, Call of the Death-Dweller, Rite of the Raging Storm, Carrion Feeder, Heroic Reinforcements, Loxodon Warhammer, Night Scythe, City of Brass, Cast Out, Sunbaked Canyon, Silent Clearing, Yahenni, Undying Partisan"
"7","7","Green","G Counters","Elves","14","9","17","2.91","Reclamation Sage, Rosie Cotton of South Lane, Rubblebelt Maverick, Elves of Deep Shadow, Horizon Canopy, Eusocial Engineering, Summon: Fenrir, Wall of Roots, Elvish Mystic, Arbor Elf, Jewel Thief, Trumpeting Herd, Curse of Predation, Okoye, Dora Milaje Leader, Overwhelming Encounter, Harmonize, Rampant Growth, Sprout Swarm, Propagator Drone, Seismic Sense, Flopsie, Bumi's Buddy, Forest, Forest, Forest, Forest, Forest, Forest, Forest, Forest, Forest, Forest, Forest, Forest, Forest, Forest, Forest, Devoted Druid, Malevolent Rumble, Pelakka Wurm, Lush Portico","Grey Knight Paragon, Eternal Student, Bountiful Landscape, Sunhome Stalwart, Leonardo, Leader in Blue, Icy Manipulator, Studious First-Year, Sheltering Landscape, Hieroglyphic Illumination, Pilgrim's Eye, Shepherd of the Flock, Cathar Commando, Soulherder, Splitskin Doll, Air Nomad Legacy, Rhox Veteran, Thran Dynamo, Path to the World Tree, Shepherd of the Clouds, Twisted Landscape"
"7","8","Black/Green","BG Graveyard","Black/Green","14","9","17","3.65","Shefet Archfiend, Lively Dirge, Golgari Rot Farm, Iron-Shield Elf, Troll of Khazad-dûm, Victimize, Inquisition of Kozilek, Rise of the Witch-king, Ultimo, Civilization's End, Priest of the Blood Rite, Unearth, Swamp, Swamp, Swamp, Swamp, Swamp, Swamp, Swamp, Swamp, Swamp, Swamp, Mishra's Factory, Thrashing Brontodon, The Aesir Escape Valhalla, Shriekmaw, Wurmcoil Larva, Duskwatch Recruiter, Reassembling Skeleton, Forest, Forest, Forest, Forest, Forest, Chainweb Aracnir, Insidious Roots, Bannerhide Krushok, Disruptive Stormbrood, Grizzly Fate, Huskburster Swarm, Exhume","Deceptive Landscape, Glyph Elemental, Shroudstomper, The Underworld Cookbook, Scattered Groves, Lord Skitter's Butcher, Mayhem Devil, Imodane's Recruiter, Scrapwork Mutt, Primordial Pachyderm, Mishra's Bauble, Skittering Precursor, Rancor, Liliana's Devotee, Earthrumbler, Mask of Memory, Elite Interceptor, Pierce Strider, Hearth Elemental, Surrak, the Hunt Caller"
"8","1","Red/Blue","RU Spellslinger","Spells, Humans","10","13","17","2.43","Ponder, Staggershock, Chart a Course, Dragon's Rage Channeler, Phantom Interference, Talisman of Creativity, Thermo-Alchemist, Brainstorm, Baleful Strix, Rise from the Tides, Eddymurk Crab, Faithless Looting, Confounding Riddle, Mischievous Mystic, Hieroglyphic Illumination, Mad Ratter, Eden, Seat of the Sanctum, Coruscation Mage, Mountain, Mountain, Mountain, Mountain, Mountain, Mountain, Mountain, Mountain, Sprite Dragon, Island, Island, Island, Island, Island, Island, Island, Island, Electrostatic Infantry, Mind Stone, Remand, Arc Trail, Third Path Iconoclast","Plumecreed Escort, Tandem Lookout, Oliphaunt, Halo Forager, Seething Landscape, Eusocial Engineering, Icy Manipulator, Inquisition of Kozilek, Talisman of Dominance, Ashnod's Altar, Intimidation Campaign, Psychic Spiral, Guarded Heir, Whirler Rogue, Wurmcoil Larva, Fell, The Neutrinos, Dauntless Scrapbot, Control Magic, Faerie Dreamthief, Power Word Kill"
"8","2","Green/Blue","GU Ramp","Green/Blue","12","11","17","3.35","Utopia Sprawl, Faerie Conclave, Splash Lasher, Mulldrifter, Waker of Waves, Fact or Fiction, Behold the Unspeakable, Jewel Thief, Repulsive Mutation, Sicarian Infiltrator, Wild Growth, Colossal Skyturtle, Sprout Swarm, Talisman of Curiosity, Faebloom Trick, Serum Visionary, Bridgeworks Battle, Riftwing Cloudskate, Eldrazi Repurposer, Island, Island, Island, Island, Island, Island, Island, Island, Island, Forest, Forest, Forest, Forest, Forest, Forest, Eldrazi Skyspawner, Mana Leak, Hedge Maze, Agent 13, Sharon Carter, Kasmina, Enigmatic Mentor, Environmental Scientist","Eternal Student, Frost Trickster, Hypnotic Sprite, Fetid Pools, Duress, Ornithopter of Paradise, Kitchen Finks, Epochrasite, Studious First-Year, Pilgrim's Eye, Basalt Monolith, Overwhelming Encounter, Meat Locker // Drowned Diner, Path to the World Tree, Earthrumbler, Fallaji Archaeologist, Chainweb Aracnir, Mask of Memory, Spawning Pit, City of Brass"
"8","3","Green","G Ramp","Elves, Creatures","22","1","17","3.26","Prismatic Vista, Reclamation Sage, A.I.M. Synthoids, Breeding Pool, Beanstalk Giant, Glacier Godmaw, Summon: Fenrir, Elvish Mystic, Arbor Elf, Nyxborn Hydra, Thrashing Brontodon, Pack Guardian, Llanowar Elves, Trumpeting Herd, Blossom Prancer, Rishkar, Peema Renegade, Stormkeld Vanguard, Spinewoods Armadillo, Dragon Sniper, Joraga Treespeaker, Forest, Forest, Forest, Forest, Forest, Forest, Forest, Forest, Forest, Forest, Forest, Forest, Forest, Forest, Biomechan Engineer, Treetop Village, Spinewoods Paladin, Fyndhorn Elves, Sakura-Tribe Elder, Autarch Mammoth","Everflowing Chalice, Bountiful Landscape, Scattered Groves, Imperious Perfect, Spyglass Siren, Tolls of War, Untethered Express, Resentful Revelation, Signal Pest, Godless Shrine, Trostani's Summoner, Ka-Zar of the Savage Land, Seismic Sense, Practiced Scrollsmith, Bannerhide Krushok, Night Nurse, Healer of Heroes, Scout the City, Echoing Truth, Twinmaw Stormbrood"
"8","4","Red/White","RW Aggro","Humans","13","10","17","2.17","Opera Love Song, Rift Bolt, Sunhome Stalwart, Inspiring Vantage, Lightning Bolt, Sacred Foundry, Bonesplitter, Reckless Charge, Imodane's Recruiter, Young Pyromancer, Reckless Pyrosurfer, Porcelain Legionnaire, Arabella, Abandoned Doll, Momo, Playful Pet, Iroh's Demonstration, Adanto Vanguard, Greasewrench Goblin, Mountain, Mountain, Mountain, Mountain, Mountain, Mountain, Mountain, Mountain, Mountain, Mountain, Mountain, Hordeling Outburst, Rhox Veteran, Flametongue Kavu, Plains, Plains, Plains, Heroic Reinforcements, Voldaren Epicure, Sheltered by Ghosts, Goblin Bombardment, Brazen Collector, Sunbaked Canyon","Charging Monstrosaur, Victor Timely, Wily Tycoon, Dragon Trainer, Undead Gladiator, Sheltering Landscape, Surgical Suite // Hospital Room, Marionette Apprentice, Archetype of Courage, Rite of the Raging Storm, High-Speed Hoverbike, Raven's Crime, At Knifepoint, Indebted Spirit, Fire Magic, Faller's Faithful, Perilous Landscape, Shi'ar Soldier, Sulfurous Springs, Yahenni, Undying Partisan"
"8","5","Red","R Burn","Humans","13","10","17","2.87","Heartfire Immolator, Painter's Studio // Defaced Gallery, Razorkin Hordecaller, Iraxxa, Empress of Mars, Embereth Shieldbreaker, Scrapwork Mutt, Mishra's Factory, Reinforced Ronin, Monstrous Rage, Sontaran General, Goblin Surprise, Firebolt, Skittering Precursor, Rally at the Hornburg, Flametongue Yearling, Ghostfire Slice, Fireblast, Mountain, Mountain, Mountain, Mountain, Mountain, Mountain, Mountain, Mountain, Mountain, Mountain, Mountain, Mountain, Mountain, Mountain, Mountain, Mountain, Twinshot Sniper, Coastline Marauders, Monastery Swiftspear, Shrine of Burning Rage, Hearth Elemental, Abrade, Weaponize the Monsters","Fell the Profane, Prophetic Prism, Bitter Reunion, Sheoldred's Edict, Bloodbraid Elf, Drown in Sorrow, Balmor, Battlemage Captain, Sandstone Oracle, Shuri, Vibranium Technologist, Pyretic Rebirth, Thran Dynamo, Charging Strifeknight, Liliana's Devotee, Shepherd of the Clouds, The Cave of Two Lovers, Writhing Chrysalis, Sheltered Thicket, Night Scythe, Skateboard, Pierce Strider, Perilous Myr"
"8","6","Black/White","BW Aristocrats","Humans, Creatures","16","7","17","3.00","Dewdrop Cure, Lingering Souls, Umbral Collar Zealot, Syr Konrad, the Grim, Blood Artist, Morbid Opportunist, Spectral Procession, Timeline Culler, Night Clubber, Triarch Praetorian, Swamp, Swamp, Swamp, Swamp, Swamp, Swamp, Swamp, Swamp, Swamp, Swamp, Isolated Chapel, Eviscerator's Insight, Demonic Tutor, Elite Scaleguard, Plains, Plains, Plains, Plains, Plains, Plains, Bastion of Remembrance, Descendant of Storms, Thraben Inspector, Dalkovan Packbeasts, Gonti, Lord of Luxury, Lampad of Death's Vigil, Battle Screech, Hero of the Dunes, Anafenza, Kin-Tree Spirit, Mighty Mutanimals","Dawnbringer Cleric, Kor Skyfisher, Meteor Sword, The Duke, Rebel Sentry, Lita, Little Orphan Amphibian, Horizon Canopy, The Underworld Cookbook, Rally the Peasants, Heartfire Hero, Imperial Oath, Ahn-Crop Crasher, Accorder Paladin, Heirloom Blade, Nurturing Pixie, Glimmerpoint Stag, Mandibular Kite, Judith, the Scourge Diva, Lluwen, Exchange Student, Githzerai Monk, Emergency Eject, Vampire Nighthawk"
"8","7","Blue/White","UW Control","Humans","11","12","17","2.78","Aerie Auxiliary, Ephemerate, Multiversal Passage, Lose Focus, Ninja of the Deep Hours, Journey to Nowhere, Unable to Scream, Irrigated Farmland, Essence Reliquary, Touch the Spirit Realm, Reflector Mage, Atraxi Warden, Wall of Omens, Tax Collector, Okoye, Dora Milaje Leader, Daze, Cynette, Jelly Drover, Getaway Glamer, Preordain, Ghostly Flicker, Swords to Plowshares, Flickerwisp, Island, Island, Island, Island, Plains, Plains, Plains, Plains, Plains, Plains, Plains, Plains, Plains, Sharae of Numbing Depths, Meticulous Archive, All-Fates Stalker, Hallowed Fountain, Cast Out","Drix Interception, Cactusfolk Sureshot, Hard Evidence, Rosie Cotton of South Lane, Canyon Crab, Prava of the Steel Legion, Shepherd of the Flock, Striped Riverwinder, Dragoon's Lance, Peace Strider, Mirrorshell Crab, Unburial Rites, Lush Portico, Elite Interceptor, Gary Clone, Meteor Golem, Harrier Strix, Silent Clearing"
"8","8","Black/Green","BG Graveyard","Humans","12","11","17","3.22","Shefet Archfiend, Dance of the Dead, Rubblebelt Maverick, Iron-Shield Elf, Victimize, Eternal Witness, Aftermath Analyst, Honest Rutstein, The Eldest Reborn, Swamp, Swamp, Swamp, Swamp, Swamp, Swamp, Swamp, Swamp, Necromancy, Bone Shards, Ravenous Chupacabra, Underground Mortuary, Under the Skin, Overgrown Tomb, Reanimate, Timeless Witness, Forest, Forest, Forest, Forest, Forest, Forest, Forest, Life // Death, Insidious Roots, Spider Spawning, Honored Hydra, Live or Die, Deep-Cavern Bat, Satyr Wayfinder, Disruptive Stormbrood","Eldrazi Ravager, Order of Midnight, Wayfarer's Bauble, Bane of Bala Ged, Prismari Campus, Vilespawn Spider, Joo Dee, One of Many, Lord Skitter's Butcher, Unearth, The Aesir Escape Valhalla, Wreckage Wickerfolk, Elas il-Kor, Sadistic Pilgrim, Hunter's Talent, Arms of Hadar, Devoted Druid, Obsessive Stitcher, Grizzly Fate, Collector's Vault, Surrak, the Hunt Caller, Dismember"
"9","1","Red/Blue","RU Spellslinger","Spells, Faeries","12","11","17","2.61","Fiery Islet, Drix Interception, Choco-Comet, Oliphaunt, Heartfire Immolator, Noise Marine, Thermo-Alchemist, Picklock Prankster, Faithless Looting, Talrand's Invocation, Monstrous Rage, Lórien Revealed, Mad Ratter, Coruscation Mage, Miscalculation, Samurai's Katana, Mountain, Mountain, Mountain, Mountain, Mountain, Mountain, Mountain, Mountain, Mountain, Sprite Dragon, Preordain, Island, Island, Island, Island, Island, Island, Island, Faerie Seer, Twinshot Sniper, Faerie Vandal, Mana Leak, Counterspell, Khenra Spellspear","Everflowing Chalice, Gingerbrute, Deceptive Landscape, Painter's Studio // Defaced Gallery, Wayfarer's Bauble, Dragon Trainer, Icy Manipulator, The Underworld Cookbook, Rise of the Witch-king, Treasure Keeper, Irreverent Gremlin, Bonder's Ornament, Blossom Prancer, Sourbread Auntie, Mouth of the Storm, Bridgeworks Battle, Eldrazi Skyspawner, The Cave of Two Lovers, Chainweb Aracnir, Sonic Screwdriver, Cogwork Librarian"
"9","2","White","W Weenie","Enchantments, Soldiers, Creatures","16","7","17","2.26","Oketra's Monument, Aerie Auxiliary, Rosie Cotton of South Lane, Glyph Elemental, Journey to Nowhere, Sunhome Stalwart, Prava of the Steel Legion, Essence Reliquary, Touch the Spirit Realm, Tax Collector, Accorder Paladin, Nurturing Pixie, Splitskin Doll, Mana Tithe, Mage's Attendant, Recruitment Officer, Flickerwisp, Plains, Plains, Plains, Plains, Plains, Plains, Plains, Plains, Plains, Plains, Plains, Plains, Plains, Plains, Plains, Plains, Plains, Indebted Spirit, Thraben Inspector, Dalkovan Packbeasts, Path to Exile, Anafenza, Kin-Tree Spirit, Cast Out","Prismatic Vista, Lingering Souls, Grey Knight Paragon, Killmonger, Scourge of Wakanda, Lita, Little Orphan Amphibian, Lord Skitter's Butcher, Atraxi Warden, Cliffhaven Kitesail, The Last Ronin's Technique, Arabella, Abandoned Doll, Shattered Landscape, Underground Mortuary, Trostani's Summoner, Elas il-Kor, Sadistic Pilgrim, Rhox Veteran, Path to the World Tree, Earthrumbler, Shepherd of the Clouds, Loxodon Warhammer, Red Guardian, Super-Soldier, Silent Clearing, Twinmaw Stormbrood"
"9","3","Red/Blue","RU Spellslinger","Spells","11","12","17","2.70","Chart a Course, Dragon's Rage Channeler, Skoa, Embermage, Steam Vents, Multiversal Passage, Justice, Vance Astrovik, Opera Love Song, Rimrock Knight, Rise from the Tides, Prismari Campus, Eddymurk Crab, Lightning Bolt, Reckless Charge, Ahn-Crop Crasher, Goblin Surprise, Firebolt, Rally at the Hornburg, Balmor, Battlemage Captain, Flametongue Yearling, Chain Lightning, Mountain, Mountain, Mountain, Mountain, Mountain, Mountain, Mountain, Mountain, Mountain, Mountain, Mountain, Hordeling Outburst, Island, Island, Island, Electrostatic Infantry, Highway Robbery, Echoing Truth, Hearth Elemental, Third Path Iconoclast","Utopia Sprawl, Circuit Mender, Meteor Sword, The Duke, Rebel Sentry, Razorkin Hordecaller, Bonesplitter, Ash Barrens, Sinister Starfish, Resentful Revelation, Archetype of Courage, Sandstone Oracle, Colossal Skyturtle, Meat Locker // Drowned Diner, High-Speed Hoverbike, Air Nomad Legacy, Dauntless Scrapbot, Elite Interceptor, Lampad of Death's Vigil, Hero of the Dunes"
"9","4","Black/Blue","BU Tempo","Artifacts, Spells","9","14","17","3.09","Talisman of Progress, Hard Evidence, Fabled Passage, A.I.M. Synthoids, Lose Focus, Fetid Pools, Waker of Waves, Talisman of Dominance, Consider, Swamp, Swamp, Swamp, Swamp, Swamp, Swamp, Sicarian Infiltrator, Daze, Shriekmaw, Night's Whisper, Ka-Zar of the Savage Land, Diresight, Dinrova Horror, Island, Island, Island, Island, Island, Island, Island, Island, Plains, Sink into Stupor, Arms of Hadar, Control Magic, Mirrorshell Crab, Remand, Night Nurse, Healer of Heroes, Deep-Cavern Bat, Collector's Vault, Exhume","Prophetic Prism, Talisman of Creativity, Tandem Lookout, Hypnotic Sprite, Elixir of Immortality, Shroudstomper, Spectral Procession, Diligent Webkeepers, Vampire Sovereign, Spyglass Siren, Epochrasite, Whirler Rogue, Marauding Sphinx, Argyr, Tidal Spinner, Foreboding Landscape, Sharae of Numbing Depths, Bramble Wurm, Scout the City, Thopter Squadron, Environmental Scientist"
"9","5","Black/Blue","BU Tempo","Spells","8","15","17","2.70","Fell the Profane, Shefet Archfiend, Undercity Sewers, Dance of the Dead, Fatal Push, Halo Forager, Sheoldred's Edict, Stock Up, Go for the Throat, Duress, Baleful Strix, Inquisition of Kozilek, Swamp, Swamp, Swamp, Swamp, Swamp, Swamp, Swamp, Swamp, Swamp, Swamp, Swamp, Swamp, Swamp, Swamp, Drown in Sorrow, Necromancy, Bone Shards, Wurmcoil Larva, Ravenous Chupacabra, Wreckage Wickerfolk, Hymn to Tourach, Island, Island, Gonti, Lord of Luxury, Faerie Dreamthief, Live or Die, Tortured Existence, Dismember","Umbral Collar Zealot, Golgari Rot Farm, Breeding Pool, Contaminated Landscape, Morbid Opportunist, Bane of Bala Ged, Timeline Culler, Floodpits Drowner, Priest of the Blood Rite, Undead Gladiator, Unearth, Mischievous Mystic, Unnerving Grasp, Faebloom Trick, Raven's Crime, At Knifepoint, Hedge Maze, Spider Spawning, Harrier Strix, Disruptive Stormbrood, Huskburster Swarm"
"9","6","Blue/White","UW Control","Spells, Humans","13","10","17","2.83","Dawnbringer Cleric, Ponder, Witch Enchanter, Phantom Interference, Mulldrifter, Scattered Groves, Unable to Scream, Confounding Riddle, Canyon Crab, Reflector Mage, Kitchen Finks, Okoye, Dora Milaje Leader, Soulherder, Shuri, Vibranium Technologist, Glimmerpoint Stag, Ghostly Flicker, Riftwing Cloudskate, Island, Island, Island, Island, Island, Island, Island, Memory Lapse, Plains, Plains, Plains, Plains, Plains, Plains, Shoreline Looter, Into the Roil, Meticulous Archive, Ominous Cemetery, Sheltered by Ghosts, Emergency Eject, Cloudgoat Ranger, Reprieve, Hallowed Fountain","Requisition Raid, Lively Dirge, Leonardo, Leader in Blue, Vilespawn Spider, Rally the Peasants, Psychic Spiral, Wild Growth, Godless Shrine, Pestermite, Practiced Scrollsmith, Mandibular Kite, Law-Rune Enforcer, Life // Death, Meteor Golem, Skateboard, Kasmina, Enigmatic Mentor, Seeker of the Way, Moment of Truth"
"9","7","Green","G Ramp","Enchantments","14","9","17","3.13","Reclamation Sage, Avacyn's Pilgrim, Summon: Fenrir, Wall of Roots, Arbor Elf, Jewel Thief, Thrashing Brontodon, Trumpeting Herd, Wolfwillow Haven, Harmonize, Sprout Swarm, Temur Sabertooth, Spinewoods Armadillo, Under the Skin, Rancor, Hunter's Talent, Eldrazi Repurposer, Galewind Moose, Forest, Forest, Forest, Forest, Forest, Forest, Forest, Forest, Forest, Forest, Forest, Forest, Forest, Forest, Forest, Forest, Forest, Devoted Druid, Fertile Ground, Malevolent Rumble, Pelakka Wurm, Honored Hydra","Syr Konrad, the Grim, Stomping Ground, Artisan of Kozilek, Veteran Beastrider, Bloodbraid Elf, Imperious Perfect, Ultimo, Civilization's End, Studious First-Year, Curse of Predation, Stampeding Scurryfoot, Dragon Sniper, Propagator Drone, Flopsie, Bumi's Buddy, The Neutrinos, Mind Stone, Lluwen, Exchange Student, Spinewoods Paladin, Agent 13, Sharon Carter, Ghor-Clan Rampager, Scurry Oak, Grizzly Fate, General Marhault Elsdragon"
"9","8","Black/Red","BR Aristocrats","Black/Red","15","8","17","2.30","Kavaron Harrier, Joo Dee, One of Many, Mayhem Devil, Triarch Praetorian, Swamp, Swamp, Swamp, Swamp, Swamp, Swamp, Spiteful Prankster, Blackcleave Cliffs, Gut, True Soul Zealot, Reckless Pyrosurfer, Mogg War Marshal, Eviscerator's Insight, Demonic Tutor, Shock Brigade, Call of the Death-Dweller, Reassembling Skeleton, Fireblast, Geological Appraiser, Carrion Feeder, Pyretic Rebirth, Mountain, Mountain, Mountain, Mountain, Mountain, Mountain, Mountain, Mountain, Mountain, Mountain, Burst Lightning, Rabbit Battery, Voldaren Epicure, Goblin Bombardment, Weaponize the Monsters, Yahenni, Undying Partisan","Brawn, Amadeus Cho, Charging Monstrosaur, Victor Timely, Wily Tycoon, Rift Bolt, Heartfire Hero, Scrapwork Mutt, Reinforced Ronin, Pilgrim's Eye, Sontaran General, Dream Beavers, Liliana's Devotee, Goblin Trenches, Heroic Reinforcements, Insidious Roots, Vitu-Ghazi Guildmage, Shrine of Burning Rage, Spawning Pit, City of Brass, Brazen Collector, Sunbaked Canyon, Pummeler for Hire"
"10","1","White","W Control","Creatures","17","6","17","2.78","Dawnbringer Cleric, Witch Enchanter, Oketra's Monument, Kor Skyfisher, Ephemerate, Grey Knight Paragon, Circuit Mender, Essence Reliquary, Wall of Omens, Momo, Playful Pet, Nurturing Pixie, Soulherder, Glimmerpoint Stag, Getaway Glamer, Ghostly Flicker, Flickerwisp, Island, Plains, Plains, Plains, Plains, Plains, Plains, Plains, Plains, Plains, Plains, Plains, Plains, Plains, Plains, Plains, Plains, Thraben Inspector, Fiend Hunter, Sheltered by Ghosts, Githzerai Monk, Cloudgoat Ranger, Red Guardian, Super-Soldier, Mighty Mutanimals","Dewdrop Cure, Brawn, Amadeus Cho, Horizon Canopy, Glyph Elemental, Veteran Beastrider, Ornithopter of Paradise, Graceful Restoration, Guarded Heir, Surgical Suite // Hospital Room, Shepherd of the Flock, Archetype of Courage, Dragon Sniper, Mana Tithe, Snare Thopter, Rhox Veteran, Elite Scaleguard, Law-Rune Enforcer, Lush Portico, Mask of Memory, Harrier Strix, Scurry Oak, Anafenza, Kin-Tree Spirit"
"10","2","Red/Blue","RU Spellslinger","Spells","7","16","17","2.78","Staggershock, Chart a Course, Faerie Conclave, Phantom Interference, Hypnotic Sprite, Stock Up, Eddymurk Crab, Confounding Riddle, Floodpits Drowner, Lightning Bolt, Behold the Unspeakable, Hieroglyphic Illumination, Lórien Revealed, Daze, Balmor, Battlemage Captain, Miscalculation, Serum Visionary, Mountain, Mountain, Mountain, Mountain, Burst Lightning, Island, Island, Island, Island, Island, Island, Island, Island, Island, Island, Island, Island, Into the Roil, Expressive Iteration, Counterspell, Control Magic, Murmuring Mystic, Third Path Iconoclast","Everflowing Chalice, Frost Trickster, Oliphaunt, Icy Manipulator, Sacred Foundry, Heartfire Hero, Ashnod's Altar, Sicarian Infiltrator, Rally at the Hornburg, Pestermite, Colossal Skyturtle, Hordeling Outburst, Faerie Seer, Mandibular Kite, At Knifepoint, Fallaji Archaeologist, Sharae of Numbing Depths, Archive Dragon, Highway Robbery, Hero of the Dunes, City of Brass"
"10","3","Black","B Midrange","Black","13","10","17","2.61","Syr Konrad, the Grim, Iron-Shield Elf, Sheoldred's Edict, Thought-Stalker Warlock, Order of Midnight, Inquisition of Kozilek, Priest of the Blood Rite, Undead Gladiator, Unearth, Swamp, Swamp, Swamp, Swamp, Swamp, Swamp, Swamp, Swamp, Swamp, Swamp, Swamp, Swamp, Swamp, Swamp, Swamp, Swamp, Ravenous Chupacabra, Demonic Tutor, Underground Mortuary, Wreckage Wickerfolk, Bastion of Remembrance, Forsaken Miner, Gonti, Lord of Luxury, Faerie Dreamthief, Insidious Roots, Accursed Marauder, Spider Spawning, Live or Die, Cult Conscript, Tortured Existence, Dismember","Deceptive Landscape, Summon: Fenrir, Spectral Procession, The Underworld Cookbook, Imperious Perfect, The Aesir Escape Valhalla, Sprout Swarm, Spinewoods Armadillo, Elas il-Kor, Sadistic Pilgrim, Foreboding Landscape, Heroic Reinforcements, Chainweb Aracnir, Descendant of Storms, Lluwen, Exchange Student, Gary Clone, Rise of the Ants, Bramble Wurm, Shi'ar Soldier, Collector's Vault, Surrak, the Hunt Caller, Pummeler for Hire"
"10","4","Green/Red/White","GRW Stompy","Green/Red/White","15","8","17","3.17","Avacyn's Pilgrim, Fabled Passage, Stomping Ground, Charging Monstrosaur, Beanstalk Giant, Eusocial Engineering, Aftermath Analyst, Elvish Mystic, Thrashing Brontodon, Pack Guardian, Bonder's Ornament, Okoye, Dora Milaje Leader, Rampant Growth, Chain Lightning, Shuri, Vibranium Technologist, Seismic Sense, Eldrazi Repurposer, Galewind Moose, Forest, Forest, Forest, Forest, Forest, Forest, Forest, Forest, Forest, Forest, Forest, Treetop Village, Plains, Fertile Ground, Writhing Chrysalis, Spinewoods Paladin, Malevolent Rumble, Sheltered Thicket, Satyr Wayfinder, Grizzly Fate, Brazen Collector, Sunbaked Canyon","Bountiful Landscape, Treasure Keeper, Razorkin Hordecaller, Embereth Shieldbreaker, Sheltering Landscape, Drown in Sorrow, Tolls of War, Primordial Pachyderm, Reckless Pyrosurfer, Basalt Monolith, Overwhelming Encounter, Sontaran General, Unnerving Grasp, Air Nomad Legacy, Raven's Crime, The Neutrinos, Twinshot Sniper"
"10","5","Black/Blue","BU Reanimator","Spells","8","15","17","3.09","Ponder, Shefet Archfiend, Undercity Sewers, Lively Dirge, Dance of the Dead, Fetid Pools, Duress, Baleful Strix, The Eldest Reborn, Talisman of Dominance, Swamp, Swamp, Swamp, Swamp, Swamp, Swamp, Swamp, Swamp, Swamp, Swamp, Sinister Starfish, Intimidation Campaign, Resentful Revelation, Striped Riverwinder, Bitter Triumph, Isolated Chapel, Night's Whisper, Hymn to Tourach, Diresight, Dinrova Horror, Island, Island, Memory Lapse, Animate Dead, Mirrorshell Crab, Unburial Rites, Night Nurse, Healer of Heroes, Deep-Cavern Bat, Hallowed Fountain, Watery Grave","Drix Interception, Agonizing Remorse, Ninja of the Deep Hours, Elixir of Immortality, Eldrazi Ravager, Contaminated Landscape, Nyxborn Hydra, Triarch Praetorian, Eviscerator's Insight, Mouth of the Storm, Sandstone Oracle, Faebloom Trick, Call of the Death-Dweller, Arms of Hadar, Coastline Marauders, Sonic Screwdriver, Loxodon Warhammer"
"10","6","Black/Red","BR Aristocrats","Humans, Creatures","16","7","17","2.22","Dragon's Rage Channeler, Cut Down, Go for the Throat, Blood Artist, Morbid Opportunist, Blood Crypt, Lord Skitter's Butcher, Swamp, Swamp, Swamp, Swamp, Swamp, Swamp, Swamp, Spiteful Prankster, Scrapwork Mutt, Bone Shards, Marionette Apprentice, Skittering Precursor, Mogg War Marshal, Flametongue Yearling, Shock Brigade, Sawblade Skinripper, Ghostfire Slice, Samurai's Katana, Reassembling Skeleton, Geological Appraiser, Mountain, Mountain, Mountain, Mountain, Mountain, Mountain, Mountain, Mountain, Mountain, Goliath, Mass Manipulator, Lampad of Death's Vigil, Power Word Kill, Weaponize the Monsters","Amethyst Dragon, Eternal Student, Painter's Studio // Defaced Gallery, Dragon Trainer, Vampire Sovereign, Night Clubber, Imodane's Recruiter, Iraxxa, Empress of Mars, Kumano Faces Kakkazan, Epochrasite, Ahn-Crop Crasher, Psychic Spiral, Necromancy, Wurmcoil Larva, Mad Ratter, Arabella, Abandoned Doll, Shattered Landscape, Adanto Vanguard, Dream Beavers, Liliana's Devotee, Electrostatic Infantry"
"10","7","Green/Blue","GU Ramp","Elves, Creatures","16","7","17","2.57","Utopia Sprawl, Prismatic Vista, Reclamation Sage, Simic Growth Chamber, Justice, Vance Astrovik, Mulldrifter, Glacier Godmaw, Wall of Roots, Arbor Elf, Llanowar Elves, Trumpeting Herd, Wild Growth, Rishkar, Peema Renegade, Beast Within, Stampeding Scurryfoot, Duskwatch Recruiter, Temur Sabertooth, Under the Skin, Bridgeworks Battle, Joraga Treespeaker, Timeless Witness, Island, Forest, Forest, Forest, Forest, Forest, Forest, Forest, Forest, Forest, Forest, Forest, Forest, Forest, Biomechan Engineer, Mind Stone, Hedge Maze, Fyndhorn Elves, Sakura-Tribe Elder","Lingering Souls, Meteor Sword, Wayfarer's Bauble, Bane of Bala Ged, Vilespawn Spider, Irrigated Farmland, Prava of the Steel Legion, Ash Barrens, Untethered Express, Renata, Called to the Hunt, The Last Ronin's Technique, High-Speed Hoverbike, Thran Dynamo, Codecracker Hound, Peace Strider, Goblin Trenches, Meteor Golem, Thopter Squadron, Perilous Myr"
"10","8","Red/Blue","RU Spellslinger","Spells, Humans","11","12","17","2.74","Fiery Islet, Thirst for Identity, Heartfire Immolator, Curiosity, Thermo-Alchemist, Opera Love Song, Start the TARDIS, Rise from the Tides, Prismari Campus, Fact or Fiction, Reckless Charge, Young Pyromancer, Monstrous Rage, Whirler Rogue, Goblin Surprise, Cynette, Jelly Drover, Iroh's Demonstration, Mountain, Mountain, Mountain, Mountain, Mountain, Mountain, Mountain, Mountain, Sprite Dragon, Island, Island, Island, Island, Island, Island, Island, Shoreline Looter, Slickshot Lockpicker, Moment of Truth, Hearth Elemental, Khenra Spellspear, Arc Trail, Pinnacle Monk","Skoa, Embermage, Tandem Lookout, Bitter Reunion, Journey to Nowhere, Seething Landscape, Leonardo, Leader in Blue, Omen of the Sea, Bonesplitter, Imperial Oath, Gut, True Soul Zealot, Signal Pest, Goblin Banneret, Pyretic Rebirth, Flopsie, Bumi's Buddy, Charging Strifeknight, Eldrazi Skyspawner, Elite Interceptor, Shrine of Burning Rage, Cogwork Librarian, Twinmaw Stormbrood"
"11","1","Green/Blue","GU Ramp","Green/Blue","15","8","17","3.30","Simic Growth Chamber, Splash Lasher, Phantom Interference, A.I.M. Synthoids, Stock Up, Beanstalk Giant, Eternal Witness, Summon: Fenrir, Floodpits Drowner, Arbor Elf, Behold the Unspeakable, Okoye, Dora Milaje Leader, Unnerving Grasp, Colossal Skyturtle, Ka-Zar of the Savage Land, Miscalculation, Shuri, Vibranium Technologist, Hunter's Talent, Riftwing Cloudskate, Galewind Moose, Island, Island, Island, Island, Island, Island, Island, Island, Island, Forest, Forest, Forest, Forest, Forest, Memory Lapse, Plains, Shoreline Looter, Mana Leak, Hedge Maze, Sakura-Tribe Elder","Tandem Lookout, Rubblebelt Maverick, Elves of Deep Shadow, Order of Midnight, Unable to Scream, Vilespawn Spider, Renata, Called to the Hunt, Blossom Prancer, Striped Riverwinder, Mouth of the Storm, Argyr, Tidal Spinner, Faebloom Trick, Propagator Drone, Air Nomad Legacy, Codecracker Hound, Earthrumbler, Fallaji Archaeologist, Rabbit Battery, Lluwen, Exchange Student, Satyr Wayfinder"
"11","2","Red/White","RW Aggro","Humans","15","8","17","2.39","Multiversal Passage, Oliphaunt, Victor Timely, Wily Tycoon, Sunhome Stalwart, Rally the Peasants, Inspiring Vantage, Irreverent Gremlin, Sacred Foundry, Reckless Charge, Prava of the Steel Legion, Imodane's Recruiter, Kumano Faces Kakkazan, Tax Collector, Mogg War Marshal, Arabella, Abandoned Doll, Rally at the Hornburg, Flametongue Yearling, Adanto Vanguard, Mana Tithe, Mountain, Mountain, Mountain, Mountain, Mountain, Mountain, Mountain, Rhox Veteran, Burst Lightning, Flametongue Kavu, Plains, Plains, Plains, Plains, Plains, Plains, Plains, Descendant of Storms, Sheltered by Ghosts, Seeker of the Way, Abrade","Amethyst Dragon, Gingerbrute, Eternal Student, Ninja of the Deep Hours, Charging Monstrosaur, Start the TARDIS, Bloodbraid Elf, Scrapwork Mutt, Wall of Omens, Lórien Revealed, Shepherd of the Flock, Pestermite, Meat Locker // Drowned Diner, Rite of the Raging Storm, Getaway Glamer, Fire Magic, Githzerai Monk, Murmuring Mystic, Perilous Landscape"
"11","3","Green/White","GW Counters","Enchantments, Creatures","17","6","17","3.35","Killmonger, Scourge of Wakanda, Glyph Elemental, Veteran Beastrider, Eusocial Engineering, Glacier Godmaw, Scattered Groves, Kitchen Finks, Thrashing Brontodon, Llanowar Elves, Wild Growth, Wolfwillow Haven, Stormkeld Vanguard, Dragon Sniper, Rancor, Bridgeworks Battle, Joraga Treespeaker, Forest, Forest, Forest, Forest, Forest, Forest, Forest, Forest, Forest, Forest, Forest, Elite Scaleguard, Plains, Plains, Plains, Plains, Plains, Shepherd of the Clouds, Devoted Druid, Pelakka Wurm, Inspiring Overseer, Battle Screech, Surrak, the Hunt Caller, Mighty Mutanimals","Plumecreed Escort, Cactusfolk Sureshot, Stomping Ground, Elixir of Immortality, Leonardo, Leader in Blue, Spectral Procession, Diligent Webkeepers, Accorder Paladin, Cathar Commando, Momo, Playful Pet, Glimmerpoint Stag, Dream Beavers, Indebted Spirit, Meticulous Archive, Archive Dragon, Tranquil Landscape, Gary Clone, Autarch Mammoth, Grizzly Fate, Environmental Scientist, General Marhault Elsdragon"
"11","4","Black/Red","BR Aristocrats","Creatures","17","6","17","2.57","Fell the Profane, Fabled Passage, Umbral Collar Zealot, Kavaron Harrier, Blood Artist, Timeline Culler, Blood Crypt, Priest of the Blood Rite, Joo Dee, One of Many, Night Clubber, Swamp, Swamp, Swamp, Swamp, Swamp, Swamp, Swamp, Swamp, Swamp, Spiteful Prankster, Blackcleave Cliffs, Gut, True Soul Zealot, Wurmcoil Larva, Skittering Precursor, Sawblade Skinripper, Reassembling Skeleton, Pyretic Rebirth, Mountain, Mountain, Mountain, Mountain, Hordeling Outburst, Diresight, Voldaren Epicure, Forsaken Miner, Cult Conscript, Spawning Pit, Goblin Bombardment, Perilous Myr, Sulfurous Springs","Agonizing Remorse, Artisan of Kozilek, Dragon Trainer, The Underworld Cookbook, Bane of Bala Ged, Bonesplitter, Undead Gladiator, Tolls of War, Signal Pest, Sandstone Oracle, Seismic Sense, Flopsie, Bumi's Buddy, Mask of Memory, Meteor Golem, Twisted Landscape, Night Scythe, Cogwork Librarian, Ghor-Clan Rampager"
"11","5","Red","R Burn","Spells, Humans","15","8","17","2.57","Staggershock, Dragon's Rage Channeler, Heartfire Immolator, Thermo-Alchemist, Opera Love Song, Rimrock Knight, Rift Bolt, Iraxxa, Empress of Mars, Mishra's Factory, Ahn-Crop Crasher, Reinforced Ronin, Monstrous Rage, Reckless Pyrosurfer, Firebolt, Eden, Seat of the Sanctum, Coruscation Mage, Iroh's Demonstration, Greasewrench Goblin, Fireblast, Geological Appraiser, Mountain, Mountain, Mountain, Mountain, Mountain, Mountain, Mountain, Mountain, Mountain, Mountain, Mountain, Mountain, Mountain, Mountain, Mountain, Electrostatic Infantry, Brimstone Volley, Monastery Swiftspear, Hearth Elemental, Pinnacle Monk","Fiery Islet, Brawn, Amadeus Cho, Noise Marine, Wayfarer's Bauble, Confounding Riddle, Ash Barrens, Cliffhaven Kitesail, Mad Ratter, Balmor, Battlemage Captain, Under the Skin, High-Speed Hoverbike, Dragoon's Lance, Sprite Dragon, Peace Strider, Eldrazi Skyspawner, Grafted Wargear, Expressive Iteration, Writhing Chrysalis, Sheltered Thicket, Highway Robbery"
"11","6","Black/Blue","BU Reanimator","Spells","6","17","17","2.70","Ponder, Undercity Sewers, Iron-Shield Elf, Halo Forager, Mulldrifter, Duress, Baleful Strix, Irrigated Farmland, The Eldest Reborn, Talisman of Dominance, Swamp, Swamp, Swamp, Swamp, Swamp, Swamp, Swamp, Swamp, Swamp, Swamp, Necromancy, Bone Shards, Resentful Revelation, Night's Whisper, Demonic Tutor, Fell, Dinrova Horror, Island, Island, Island, Island, Sink into Stupor, Animate Dead, Unburial Rites, Remand, Kasmina, Enigmatic Mentor, Obsessive Stitcher, Collector's Vault, Exhume, Watery Grave","Frost Trickster, Hypnotic Sprite, Curiosity, Thought-Stalker Warlock, Rise from the Tides, Prismari Campus, Canyon Crab, Imperial Oath, Spyglass Siren, Intimidation Campaign, Drown in Sorrow, Bonder's Ornament, Guarded Heir, Sontaran General, Cynette, Jelly Drover, Wreckage Wickerfolk, Serum Visionary, Slickshot Lockpicker, Echoing Truth"
"11","7","Green/White","GW Counters","Enchantments","11","12","17","2.65","Dawnbringer Cleric, Prismatic Vista, Witch Enchanter, Requisition Raid, Ephemerate, Grey Knight Paragon, The Duke, Rebel Sentry, Journey to Nowhere, Elvish Mystic, Nyxborn Hydra, Essence Reliquary, Surgical Suite // Hospital Room, Trumpeting Herd, Curse of Predation, The Aesir Escape Valhalla, Temur Sabertooth, Swords to Plowshares, Flickerwisp, Forest, Forest, Forest, Forest, Forest, Forest, Forest, Forest, Forest, Plains, Plains, Plains, Plains, Plains, Plains, Malevolent Rumble, Lush Portico, Emergency Eject, All-Fates Stalker, Paradise Druid, Scurry Oak, Reprieve","Oketra's Monument, Dewdrop Cure, Circuit Mender, Meteor Sword, Deceptive Landscape, Picklock Prankster, Contaminated Landscape, Bountiful Landscape, Eddymurk Crab, Sheltering Landscape, Pack Guardian, Archetype of Courage, Underground Mortuary, Practiced Scrollsmith, Path to the World Tree, Chainweb Aracnir, Elite Interceptor, Spider Spawning, Bannerhide Krushok, Hero of the Dunes"
"11","8","Black","B Midrange","Black","14","9","17","3.00","Lively Dirge, Syr Konrad, the Grim, Golgari Rot Farm, Cut Down, Victimize, Morbid Opportunist, Lord Skitter's Butcher, Vampire Sovereign, Triarch Praetorian, Swamp, Swamp, Swamp, Swamp, Swamp, Swamp, Swamp, Swamp, Swamp, Swamp, Swamp, Swamp, Swamp, Swamp, Swamp, Curse of Disturbance, Shriekmaw, Ravenous Chupacabra, Eviscerator's Insight, Overgrown Tomb, Hymn to Tourach, Carrion Feeder, Arms of Hadar, Bastion of Remembrance, Goliath, Mass Manipulator, Faller's Faithful, Lampad of Death's Vigil, Deep-Cavern Bat, Tortured Existence, Huskburster Swarm, Vampire Nighthawk","Talisman of Creativity, Rise of the Witch-king, Faithless Looting, Honest Rutstein, Ashnod's Altar, Mischievous Mystic, Epochrasite, Primordial Pachyderm, Mishra's Bauble, Marauding Sphinx, Godless Shrine, Beast Within, Stampeding Scurryfoot, Heirloom Blade, Shattered Landscape, Elas il-Kor, Sadistic Pilgrim, Charging Strifeknight, The Cave of Two Lovers, Sonic Screwdriver, Agent 13, Sharon Carter"
"12","1","Red/Blue","RU Spellslinger","Spells","13","10","17","2.65","Fiery Islet, Amethyst Dragon, Talisman of Creativity, Frost Trickster, Multiversal Passage, Hypnotic Sprite, Thermo-Alchemist, Start the TARDIS, Prismari Campus, Eddymurk Crab, Faithless Looting, Talrand's Invocation, Spyglass Siren, Mishra's Factory, Young Pyromancer, Mad Ratter, Firebolt, Rally at the Hornburg, Coruscation Mage, Mountain, Mountain, Mountain, Mountain, Mountain, Mountain, Mountain, Mountain, Burst Lightning, Preordain, Codecracker Hound, Island, Island, Island, Island, Island, Twinshot Sniper, Expressive Iteration, Fire Magic, Hearth Elemental, Khenra Spellspear","Simic Growth Chamber, Everflowing Chalice, Spectral Procession, Razorkin Hordecaller, Scrapwork Mutt, Intimidation Campaign, Gut, True Soul Zealot, Untethered Express, Signal Pest, Meat Locker // Drowned Diner, Bridgeworks Battle, Path to the World Tree, The Neutrinos, Earthrumbler, Coastline Marauders, Hedge Maze, Elite Interceptor, Shrine of Burning Rage"
"12","2","Blue","U Spellslinger","Spells, Rogues","9","14","17","2.78","Chart a Course, Hard Evidence, Faerie Conclave, Brawn, Amadeus Cho, Lose Focus, Breeding Pool, Elixir of Immortality, Picklock Prankster, Mulldrifter, Wayfarer's Bauble, Rise from the Tides, Omen of the Sea, Fact or Fiction, Canyon Crab, Hieroglyphic Illumination, Daze, Pestermite, Island, Island, Island, Island, Island, Island, Island, Island, Island, Island, Island, Island, Island, Island, Island, Faerie Vandal, Sink into Stupor, Shoreline Looter, Counterspell, Control Magic, Archive Dragon, Murmuring Mystic, Echoing Truth","Steam Vents, Seething Landscape, Shroudstomper, Vilespawn Spider, Irrigated Farmland, Bonder's Ornament, Wolfwillow Haven, Heirloom Blade, Stormkeld Vanguard, Mana Tithe, High-Speed Hoverbike, Charging Strifeknight, Elite Scaleguard, Foreboding Landscape, Shepherd of the Clouds, Sonic Screwdriver, Sheltered by Ghosts, Tranquil Landscape, Mask of Memory, Hallowed Fountain"
"12","3","Red/White","RW Aggro","Humans","11","12","17","2.26","Choco-Comet, Dragon's Rage Channeler, Heartfire Immolator, Opera Love Song, Painter's Studio // Defaced Gallery, Rift Bolt, Rally the Peasants, Inspiring Vantage, Sacred Foundry, Bonesplitter, Heartfire Hero, Kumano Faces Kakkazan, Reckless Pyrosurfer, Porcelain Legionnaire, Flametongue Yearling, Chain Lightning, Iroh's Demonstration, Adanto Vanguard, Splitskin Doll, Samurai's Katana, Geological Appraiser, Mountain, Mountain, Mountain, Mountain, Mountain, Mountain, Mountain, Mountain, Mountain, Mountain, Mountain, Mountain, Goblin Trenches, Plains, Plains, Heroic Reinforcements, Monastery Swiftspear, Seeker of the Way, Sunbaked Canyon","Justice, Vance Astrovik, Noise Marine, Charging Monstrosaur, Dragon Trainer, Bloodbraid Elf, Joo Dee, One of Many, Imperial Oath, Sheltering Landscape, Cliffhaven Kitesail, Archetype of Courage, Momo, Playful Pet, Duskwatch Recruiter, Pyretic Rebirth, Rhox Veteran, Flopsie, Bumi's Buddy, Treetop Village, Sheltered Thicket, Skateboard, Pummeler for Hire"
"12","4","Blue/White","UW Control","Humans","12","11","17","2.70","Talisman of Progress, Plumecreed Escort, Kor Skyfisher, Killmonger, Scourge of Wakanda, Stock Up, Horizon Canopy, Journey to Nowhere, Scattered Groves, Confounding Riddle, Essence Reliquary, Touch the Spirit Realm, Reflector Mage, Wall of Omens, Cynette, Jelly Drover, Faebloom Trick, Swords to Plowshares, Island, Island, Island, Island, Island, Island, Island, Faerie Seer, Memory Lapse, Plains, Plains, Plains, Plains, Plains, Plains, Plains, Sharae of Numbing Depths, Thraben Inspector, Githzerai Monk, Lush Portico, Remand, Cloudgoat Ranger, Red Guardian, Super-Soldier, Reprieve","Reclamation Sage, Drix Interception, Aerie Auxiliary, Circuit Mender, Curiosity, Prava of the Steel Legion, Kitchen Finks, Guarded Heir, Surgical Suite // Hospital Room, The Last Ronin's Technique, Stampeding Scurryfoot, Trostani's Summoner, Spinewoods Paladin, Rise of the Ants, Meteor Golem, Emergency Eject, Moment of Truth, Thopter Squadron, Anafenza, Kin-Tree Spirit"
"12","5","Green","G Ramp","Enchantments, Elves, Creatures","17","6","17","2.22","Utopia Sprawl, Elves of Deep Shadow, Beanstalk Giant, Eternal Witness, Summon: Fenrir, Wall of Roots, Elvish Mystic, Arbor Elf, Jewel Thief, Nyxborn Hydra, Thrashing Brontodon, Llanowar Elves, Blossom Prancer, Wild Growth, Harmonize, Rancor, Joraga Treespeaker, Eldrazi Repurposer, Forest, Forest, Forest, Forest, Forest, Forest, Forest, Forest, Forest, Forest, Forest, Forest, Forest, Forest, Forest, Forest, Forest, Devoted Druid, Fertile Ground, Malevolent Rumble, Fyndhorn Elves, Paradise Druid","A.I.M. Synthoids, Stomping Ground, Rosie Cotton of South Lane, Eldrazi Ravager, Imperious Perfect, Honest Rutstein, Primordial Pachyderm, Renata, Called to the Hunt, Dragon Sniper, Air Nomad Legacy, Timeless Witness, Biomechan Engineer, Goliath, Mass Manipulator, Writhing Chrysalis, Spider Spawning, Vitu-Ghazi Guildmage, Honored Hydra, Battle Screech, Satyr Wayfinder, Autarch Mammoth, Shi'ar Soldier, Grizzly Fate"
"12","6","Black/White","BW Aristocrats","Spells, Humans","13","10","17","2.83","Witch Enchanter, Fell the Profane, Lively Dirge, Syr Konrad, the Grim, Duress, Inquisition of Kozilek, Priest of the Blood Rite, Night Clubber, Triarch Praetorian, Swamp, Swamp, Swamp, Swamp, Swamp, Swamp, Swamp, Swamp, Swamp, Swamp, Swamp, Swamp, Graceful Restoration, Bone Shards, Wurmcoil Larva, Godless Shrine, Isolated Chapel, Eviscerator's Insight, Fell, Shuri, Vibranium Technologist, Elas il-Kor, Sadistic Pilgrim, Plains, Plains, Indebted Spirit, Path to Exile, Accursed Marauder, Faller's Faithful, Hero of the Dunes, Silent Clearing, Dismember, Vampire Nighthawk","Dawnbringer Cleric, Oketra's Monument, Skoa, Embermage, Prophetic Prism, The Duke, Rebel Sentry, Veteran Beastrider, Sunhome Stalwart, Drown in Sorrow, Tolls of War, Tax Collector, Overwhelming Encounter, Spinewoods Armadillo, Practiced Scrollsmith, Liliana's Devotee, Mandibular Kite, Fiend Hunter, Loxodon Warhammer, Environmental Scientist, Cast Out"
"12","7","Black/Blue","BU Reanimator","Spells","12","11","17","3.70","Undercity Sewers, Dance of the Dead, Artisan of Kozilek, Halo Forager, Victimize, Fetid Pools, Baleful Strix, Bane of Bala Ged, Waker of Waves, Talisman of Dominance, Consider, Swamp, Swamp, Swamp, Swamp, Swamp, Swamp, Swamp, Swamp, Swamp, Sinister Starfish, Necromancy, Shriekmaw, Striped Riverwinder, Demonic Tutor, Eden, Seat of the Sanctum, Overgrown Tomb, Hymn to Tourach, Dinrova Horror, Island, Island, Island, Island, Fallaji Archaeologist, Mana Leak, Life // Death, Unburial Rites, Live or Die, Deep-Cavern Bat, Obsessive Stitcher","Requisition Raid, Cut Down, Thought-Stalker Warlock, Contaminated Landscape, Order of Midnight, Rise of the Witch-king, Treasure Keeper, Ash Barrens, Psychic Spiral, Mishra's Bauble, Okoye, Dora Milaje Leader, Unnerving Grasp, Ka-Zar of the Savage Land, Wreckage Wickerfolk, Thran Dynamo, Peace Strider, Forsaken Miner, Kasmina, Enigmatic Mentor"
"12","8","Black/Red","BR Aristocrats","Black/Red","13","10","17","2.43","Sheoldred's Edict, Blood Artist, Blood Crypt, Irreverent Gremlin, Mayhem Devil, Unearth, Swamp, Swamp, Swamp, Swamp, Swamp, Swamp, Swamp, Spiteful Prankster, Blackcleave Cliffs, Sourbread Auntie, Bitter Triumph, Skittering Precursor, Shock Brigade, Greasewrench Goblin, Sawblade Skinripper, Call of the Death-Dweller, Rite of the Raging Storm, Carrion Feeder, Mountain, Mountain, Mountain, Mountain, Mountain, Mountain, Mountain, Flametongue Kavu, Judith, the Scourge Diva, Grafted Wargear, Bastion of Remembrance, Cult Conscript, Spawning Pit, Goblin Bombardment, Sulfurous Springs, Weaponize the Monsters","Gingerbrute, Eternal Student, Golgari Rot Farm, Iron-Shield Elf, Lita, Little Orphan Amphibian, Aftermath Analyst, Ashnod's Altar, Resentful Revelation, Sandstone Oracle, Seismic Sense, Goblin Banneret, Snare Thopter, At Knifepoint, The Cave of Two Lovers, Night Scythe, Scout the City, Arc Trail, City of Brass, Huskburster Swarm"
"13","1","Black","B Midrange","Spells","11","12","17","2.61","Lingering Souls, Syr Konrad, the Grim, Dance of the Dead, Iron-Shield Elf, Sheoldred's Edict, Victimize, Duress, Priest of the Blood Rite, The Eldest Reborn, Unearth, Triarch Praetorian, Swamp, Swamp, Swamp, Swamp, Swamp, Swamp, Swamp, Swamp, Swamp, Swamp, Swamp, Swamp, Swamp, Swamp, Swamp, Swamp, Shriekmaw, Bitter Triumph, Isolated Chapel, Eviscerator's Insight, Fell, Call of the Death-Dweller, Reassembling Skeleton, Carrion Feeder, Forsaken Miner, Gonti, Lord of Luxury, Deep-Cavern Bat, Power Word Kill, Vampire Nighthawk","Dewdrop Cure, Meteor Sword, Lita, Little Orphan Amphibian, Horizon Canopy, Shroudstomper, Joo Dee, One of Many, Essence Reliquary, Graceful Restoration, Atraxi Warden, Cathar Commando, Heirloom Blade, Mage's Attendant, Sawblade Skinripper, Liliana's Devotee, Indebted Spirit, Gary Clone, Faller's Faithful, Lampad of Death's Vigil, Hero of the Dunes, Shi'ar Soldier, Cast Out"
"13","2","Red/White","RW Aggro","Soldiers, Creatures","16","7","17","2.57","Oketra's Monument, Journey to Nowhere, Sunhome Stalwart, Spectral Procession, Rally the Peasants, Inspiring Vantage, Prava of the Steel Legion, Imodane's Recruiter, Accorder Paladin, Signal Pest, Archetype of Courage, Arabella, Abandoned Doll, Momo, Playful Pet, Shock Brigade, Adanto Vanguard, Splitskin Doll, Recruitment Officer, Mountain, Rhox Veteran, Goblin Trenches, Plains, Plains, Plains, Plains, Plains, Plains, Plains, Plains, Plains, Plains, Plains, Plains, Plains, Plains, Plains, Thraben Inspector, Dalkovan Packbeasts, Sheltered by Ghosts, Battle Screech, Mighty Mutanimals","Eternal Student, Rosie Cotton of South Lane, Seething Landscape, Start the TARDIS, Faithless Looting, Imperial Oath, Embereth Shieldbreaker, Surgical Suite // Hospital Room, Goblin Surprise, Shattered Landscape, Coruscation Mage, Elas il-Kor, Sadistic Pilgrim, Burst Lightning, Peace Strider, Judith, the Scourge Diva, Spinewoods Paladin, Lush Portico, Hearth Elemental, Abrade, Weaponize the Monsters, Silent Clearing"
"13","3","Blue/White","UW Control","Humans","13","10","17","2.78","Witch Enchanter, Kor Skyfisher, Faerie Conclave, Combat Thresher, Ephemerate, Ninja of the Deep Hours, Unable to Scream, Omen of the Sea, Spyglass Siren, Touch the Spirit Realm, Reflector Mage, Wall of Omens, Eden, Seat of the Sanctum, Miscalculation, Serum Visionary, Getaway Glamer, Ghostly Flicker, Riftwing Cloudskate, Swords to Plowshares, Flickerwisp, Island, Island, Island, Island, Plains, Plains, Plains, Plains, Plains, Plains, Plains, Plains, Fiend Hunter, Meticulous Archive, Ominous Cemetery, Githzerai Monk, Inspiring Overseer, Emergency Eject, Reprieve, Hallowed Fountain","Fiery Islet, Aerie Auxiliary, Splash Lasher, The Duke, Rebel Sentry, Hypnotic Sprite, Rise from the Tides, Kitchen Finks, Epochrasite, Cliffhaven Kitesail, Trostani's Summoner, Air Nomad Legacy, Snare Thopter, Dragoon's Lance, Shepherd of the Clouds, Tranquil Landscape, Seeker of the Way, Moment of Truth"
"13","4","Green/Blue","GU Ramp","Elves","15","8","17","3.83","Utopia Sprawl, Reclamation Sage, Artisan of Kozilek, Breeding Pool, Beanstalk Giant, Bane of Bala Ged, Elvish Mystic, Arbor Elf, Blossom Prancer, Wolfwillow Haven, Colossal Skyturtle, Stormkeld Vanguard, Sprout Swarm, Talisman of Curiosity, Under the Skin, Shuri, Vibranium Technologist, Joraga Treespeaker, Thran Dynamo, Galewind Moose, Island, Forest, Forest, Forest, Forest, Forest, Forest, Forest, Forest, Forest, Forest, Forest, Forest, Forest, Forest, Forest, Devoted Druid, Fertile Ground, Pelakka Wurm, Rise of the Ants, Fyndhorn Elves","Eldrazi Ravager, Victor Timely, Wily Tycoon, Icy Manipulator, Primordial Pachyderm, Curse of Predation, Basalt Monolith, Stampeding Scurryfoot, Propagator Drone, Seismic Sense, Goblin Banneret, Path to the World Tree, Dauntless Scrapbot, Earthrumbler, Meteor Golem, Honored Hydra, Sheltered Thicket, Cloudgoat Ranger, Cogwork Librarian, Grizzly Fate, Environmental Scientist, Collector's Vault"
"13","5","Red/Blue","RU Spellslinger","Spells, Humans","10","13","17","2.39","Staggershock, Chart a Course, Steam Vents, Heartfire Immolator, Stock Up, Picklock Prankster, Mulldrifter, Brainstorm, Prismari Campus, Eddymurk Crab, Confounding Riddle, Talrand's Invocation, Young Pyromancer, Mishra's Bauble, Rally at the Hornburg, Chain Lightning, Mountain, Mountain, Mountain, Mountain, Mountain, Mountain, Mountain, Sprite Dragon, Island, Island, Island, Island, Island, Island, Island, Island, Improbable Alliance, Faerie Vandal, Memory Lapse, Expressive Iteration, Brimstone Volley, Monastery Swiftspear, Khenra Spellspear, Third Path Iconoclast","Plumecreed Escort, Prophetic Prism, Elixir of Immortality, Ornithopter of Paradise, Blood Crypt, Irreverent Gremlin, Reckless Charge, Repulsive Mutation, Whirler Rogue, Striped Riverwinder, Flametongue Yearling, Meat Locker // Drowned Diner, High-Speed Hoverbike, Bridgeworks Battle, Charging Strifeknight, Night Scythe, Highway Robbery, Satyr Wayfinder, Harrier Strix, General Marhault Elsdragon"
"13","6","Black/Green","BG Graveyard","Spells, Humans","12","11","17","2.87","Fell the Profane, Shefet Archfiend, Golgari Rot Farm, Rubblebelt Maverick, Elves of Deep Shadow, Eternal Witness, Aftermath Analyst, Inquisition of Kozilek, Rise of the Witch-king, Honest Rutstein, Swamp, Swamp, Swamp, Swamp, Swamp, Swamp, Sinister Starfish, Llanowar Elves, The Aesir Escape Valhalla, Okoye, Dora Milaje Leader, Underground Mortuary, Overgrown Tomb, Raven's Crime, Diresight, Forest, Forest, Forest, Forest, Forest, Forest, Forest, Plains, Arms of Hadar, Malevolent Rumble, Life // Death, Unburial Rites, Faerie Dreamthief, Spider Spawning, Paradise Druid, Bannerhide Krushok","Deceptive Landscape, Dragon Trainer, Vilespawn Spider, Ashnod's Altar, Night Clubber, Ash Barrens, Sheltering Landscape, Pack Guardian, Argyr, Tidal Spinner, Rampant Growth, Temur Sabertooth, Dragon Sniper, Hunter's Talent, Foreboding Landscape, Coastline Marauders, Hedge Maze, Lluwen, Exchange Student, Writhing Chrysalis, Surrak, the Hunt Caller"
"13","7","Red","R Burn","Artifacts","14","9","17","2.39","Gingerbrute, Charging Monstrosaur, Opera Love Song, Rift Bolt, Razorkin Hordecaller, Heartfire Hero, Iraxxa, Empress of Mars, Spiteful Prankster, Ahn-Crop Crasher, Reinforced Ronin, Gut, True Soul Zealot, Monstrous Rage, Reckless Pyrosurfer, Sontaran General, Firebolt, Iroh's Demonstration, Greasewrench Goblin, Ghostfire Slice, Mountain, Mountain, Mountain, Mountain, Mountain, Mountain, Mountain, Mountain, Mountain, Mountain, Mountain, Mountain, Mountain, Mountain, Mountain, Mountain, Mountain, Grafted Wargear, Rabbit Battery, Voldaren Epicure, Shrine of Burning Rage, Goblin Bombardment","Cactusfolk Sureshot, Stomping Ground, Circuit Mender, Oliphaunt, Bountiful Landscape, Wayfarer's Bauble, Studious First-Year, Blackcleave Cliffs, Bonder's Ornament, Skittering Precursor, Ka-Zar of the Savage Land, Rootbound Crag, Eldrazi Repurposer, Biomechan Engineer, Mandibular Kite, Descendant of Storms, Elite Interceptor, Vitu-Ghazi Guildmage, Pierce Strider, Autarch Mammoth, Perilous Myr, Sulfurous Springs"
"13","8","Black/Blue","BU Tempo","Spells","9","14","17","3.13","Ponder, Thirst for Identity, Phantom Interference, Fatal Push, Multiversal Passage, Cut Down, Lose Focus, Halo Forager, Troll of Khazad-dûm, Waker of Waves, Fact or Fiction, Floodpits Drowner, Behold the Unspeakable, Talisman of Dominance, Mischievous Mystic, Swamp, Swamp, Swamp, Swamp, Ravenous Chupacabra, Faebloom Trick, Dinrova Horror, Island, Island, Island, Island, Island, Island, Island, Island, Island, Island, Island, Mana Leak, Counterspell, Mirrorshell Crab, Remand, Obsessive Stitcher, Watery Grave, Dismember","Drix Interception, Agonizing Remorse, Justice, Vance Astrovik, Contaminated Landscape, Ultimo, Civilization's End, Vampire Sovereign, Undead Gladiator, Drown in Sorrow, Psychic Spiral, Pilgrim's Eye, Marauding Sphinx, Sandstone Oracle, Pyretic Rebirth, Flopsie, Bumi's Buddy, Faerie Seer, Skateboard, Red Guardian, Super-Soldier, Echoing Truth, Pinnacle Monk, Yahenni, Undying Partisan"
"14","1","Green/Blue/White","GUW Ramp","Enchantments, Creatures","16","7","17","3.39","Utopia Sprawl, Ponder, Simic Growth Chamber, Breeding Pool, Elves of Deep Shadow, Stock Up, Beanstalk Giant, Summon: Fenrir, Vilespawn Spider, Arbor Elf, Swamp, Pack Guardian, Bonder's Ornament, Blossom Prancer, Wolfwillow Haven, Stampeding Scurryfoot, Rampant Growth, Colossal Skyturtle, Trostani's Summoner, Serum Visionary, Shuri, Vibranium Technologist, Path to the World Tree, Island, Island, Forest, Forest, Forest, Forest, Forest, Forest, Forest, Forest, Forest, Forest, Plains, Devoted Druid, Spinewoods Paladin, Pelakka Wurm, Lush Portico, Honored Hydra","Talisman of Progress, Grey Knight Paragon, Prophetic Prism, Journey to Nowhere, Omen of the Sea, Reflector Mage, Kitchen Finks, Atraxi Warden, Wall of Omens, Psychic Spiral, Momo, Playful Pet, Glimmerpoint Stag, Getaway Glamer, The Neutrinos, Foreboding Landscape, Sharae of Numbing Depths, Tranquil Landscape, Path to Exile, Satyr Wayfinder"
"14","2","Blue","U Tempo","Spells, Humans","9","14","17","2.96","Chart a Course, Hard Evidence, Undercity Sewers, Lose Focus, Hypnotic Sprite, Halo Forager, Rise from the Tides, Unable to Scream, Fact or Fiction, Consider, Mischievous Mystic, Swamp, Sicarian Infiltrator, Lórien Revealed, Unnerving Grasp, Eden, Seat of the Sanctum, Codecracker Hound, Island, Island, Island, Island, Island, Island, Island, Island, Island, Island, Island, Island, Island, Faerie Vandal, Memory Lapse, Sink into Stupor, Fallaji Archaeologist, Mana Leak, Control Magic, Mirrorshell Crab, Murmuring Mystic, Kasmina, Enigmatic Mentor, Watery Grave","Meteor Sword, Cut Down, Seething Landscape, Bane of Bala Ged, Honest Rutstein, Talisman of Dominance, Repulsive Mutation, Marauding Sphinx, Mouth of the Storm, Meat Locker // Drowned Diner, Talisman of Curiosity, Fell, Overgrown Tomb, Expressive Iteration, Cult Conscript, Obsessive Stitcher, Red Guardian, Super-Soldier, Power Word Kill, Thopter Squadron"
"14","3","White","W Weenie","Soldiers, Creatures","16","7","17","2.91","Witch Enchanter, Oketra's Monument, Kor Skyfisher, Aerie Auxiliary, Glyph Elemental, Sunhome Stalwart, Spectral Procession, Touch the Spirit Realm, Tax Collector, Accorder Paladin, Archetype of Courage, Adanto Vanguard, Dragoon's Lance, Elite Scaleguard, Plains, Plains, Plains, Plains, Plains, Plains, Plains, Plains, Plains, Plains, Plains, Plains, Plains, Plains, Plains, Plains, Plains, Grafted Wargear, Indebted Spirit, Descendant of Storms, Dalkovan Packbeasts, Cloudgoat Ranger, Battle Screech, Reprieve, Anafenza, Kin-Tree Spirit, Mighty Mutanimals","Dawnbringer Cleric, Combat Thresher, Splash Lasher, Lita, Little Orphan Amphibian, Horizon Canopy, Untethered Express, Curse of Predation, The Last Ronin's Technique, Basalt Monolith, Rishkar, Peema Renegade, Arabella, Abandoned Doll, Propagator Drone, Air Nomad Legacy, Rhox Veteran, Mandibular Kite, Heroic Reinforcements, Meticulous Archive, Gary Clone, Loxodon Warhammer, Slickshot Lockpicker, Spawning Pit, Sunbaked Canyon"
"14","4","Black","B Midrange","Spells","11","12","17","2.43","Fell the Profane, Syr Konrad, the Grim, Fatal Push, Iron-Shield Elf, Sheoldred's Edict, Victimize, Thought-Stalker Warlock, The Underworld Cookbook, The Eldest Reborn, Unearth, Swamp, Swamp, Swamp, Swamp, Swamp, Swamp, Swamp, Swamp, Swamp, Swamp, Swamp, Swamp, Swamp, Swamp, Swamp, Sinister Starfish, Bone Shards, Ravenous Chupacabra, Eviscerator's Insight, Underground Mortuary, Reassembling Skeleton, Ominous Cemetery, Life // Death, Gonti, Lord of Luxury, Faerie Dreamthief, Accursed Marauder, Deep-Cavern Bat, Tortured Existence, Exhume, Yahenni, Undying Partisan","Dewdrop Cure, Ephemerate, Blood Artist, Inspiring Vantage, Lord Skitter's Butcher, Drown in Sorrow, Skittering Precursor, Shattered Landscape, Elas il-Kor, Sadistic Pilgrim, Charging Strifeknight, Dinrova Horror, Flickerwisp, Liliana's Devotee, Goblin Trenches, Fiend Hunter, Insidious Roots, Meteor Golem, Pierce Strider, Huskburster Swarm, Silent Clearing"
"14","5","Green/Red","GR Stompy","Green/Red","14","9","17","3.00","Cactusfolk Sureshot, Fabled Passage, Wayfarer's Bauble, Bloodbraid Elf, Iraxxa, Empress of Mars, Mishra's Factory, Wild Growth, Chain Lightning, Ka-Zar of the Savage Land, Stormkeld Vanguard, Dragon Sniper, Rootbound Crag, Rite of the Raging Storm, Ghostfire Slice, Bridgeworks Battle, Geological Appraiser, Mountain, Mountain, Mountain, Mountain, Mountain, Eldrazi Repurposer, Flametongue Kavu, Forest, Forest, Forest, Forest, Forest, Forest, Forest, Forest, The Cave of Two Lovers, Goliath, Mass Manipulator, Brimstone Volley, Malevolent Rumble, Sheltered Thicket, Fyndhorn Elves, Bannerhide Krushok, Sakura-Tribe Elder, Shi'ar Soldier","Everflowing Chalice, Golgari Rot Farm, Bountiful Landscape, Imodane's Recruiter, Ash Barrens, Sheltering Landscape, Reinforced Ronin, Surgical Suite // Hospital Room, Overwhelming Encounter, Goblin Surprise, Snare Thopter, Thran Dynamo, Improbable Alliance, Earthrumbler, Judith, the Scourge Diva, Archive Dragon, Perilous Myr, City of Brass"
"14","6","Black/White","BW Aristocrats","Humans, Creatures","16","7","17","2.57","Circuit Mender, Brawn, Amadeus Cho, Morbid Opportunist, Inquisition of Kozilek, Timeline Culler, Joo Dee, One of Many, Night Clubber, Swamp, Swamp, Swamp, Swamp, Swamp, Swamp, Swamp, Swamp, Swamp, Swamp, Swamp, Swamp, Swamp, Swamp, Curse of Disturbance, Okoye, Dora Milaje Leader, Shriekmaw, Wurmcoil Larva, Godless Shrine, Bitter Triumph, Isolated Chapel, Night's Whisper, Demonic Tutor, Call of the Death-Dweller, Carrion Feeder, Swords to Plowshares, Plains, Thraben Inspector, Forsaken Miner, Faller's Faithful, Lampad of Death's Vigil, Hero of the Dunes, Vampire Nighthawk","Contaminated Landscape, Icy Manipulator, Floodpits Drowner, Irreverent Gremlin, Ashnod's Altar, Undead Gladiator, Tolls of War, Mishra's Bauble, Necromancy, Resentful Revelation, Splitskin Doll, Dream Beavers, Raven's Crime, Diresight, Peace Strider, Law-Rune Enforcer, Spider Spawning, All-Fates Stalker, Weaponize the Monsters, Twinmaw Stormbrood"
"14","7","Red/Blue","RU Spellslinger","Spells","12","11","17","2.13","Fiery Islet, Thermo-Alchemist, Opera Love Song, Rift Bolt, Talrand's Invocation, Lightning Bolt, Heartfire Hero, Kumano Faces Kakkazan, Firebolt, Rally at the Hornburg, Balmor, Battlemage Captain, Flametongue Yearling, Iroh's Demonstration, Greasewrench Goblin, Fireblast, Mountain, Mountain, Mountain, Mountain, Mountain, Mountain, Mountain, Mountain, Mountain, Mountain, Mountain, Mountain, Mountain, Mountain, Sprite Dragon, Island, Island, Electrostatic Infantry, Rabbit Battery, Monastery Swiftspear, Highway Robbery, Khenra Spellspear, Pinnacle Monk, Third Path Iconoclast, Abrade","Gingerbrute, Tandem Lookout, Frost Trickster, Killmonger, Scourge of Wakanda, Elixir of Immortality, Start the TARDIS, Canyon Crab, Spiteful Prankster, Hieroglyphic Illumination, Reckless Pyrosurfer, Mogg War Marshal, High-Speed Hoverbike, Goblin Banneret, Flopsie, Bumi's Buddy, Faerie Seer, At Knifepoint, Shoreline Looter, Voldaren Epicure, Agent 13, Sharon Carter, Harrier Strix, Echoing Truth"
"14","8","Green/Red","GR Stompy","Creatures","17","6","17","2.83","Prismatic Vista, Choco-Comet, Dragon's Rage Channeler, Stomping Ground, Multiversal Passage, Justice, Vance Astrovik, Eternal Witness, Jewel Thief, Scrapwork Mutt, Gut, True Soul Zealot, Monstrous Rage, Llanowar Elves, Trumpeting Herd, Sontaran General, Duskwatch Recruiter, Sprout Swarm, Temur Sabertooth, Under the Skin, Seismic Sense, Mountain, Mountain, Mountain, Mountain, Galewind Moose, Forest, Forest, Forest, Forest, Forest, Forest, Forest, Forest, Forest, Forest, Coastline Marauders, Writhing Chrysalis, Night Nurse, Healer of Heroes, Ghor-Clan Rampager, General Marhault Elsdragon, Brazen Collector","Faerie Conclave, Eldrazi Ravager, Dragon Trainer, Leonardo, Leader in Blue, Faithless Looting, Reckless Charge, Blackcleave Cliffs, Primordial Pachyderm, Cliffhaven Kitesail, Sourbread Auntie, Signal Pest, Cynette, Jelly Drover, Argyr, Tidal Spinner, Practiced Scrollsmith, Biomechan Engineer, Rise of the Ants, Bramble Wurm, Twisted Landscape, Sulfurous Springs"
"15","1","Green/Blue","GU Ramp","Creatures","17","6","17","3.09","Utopia Sprawl, Reclamation Sage, Simic Growth Chamber, Avacyn's Pilgrim, Elves of Deep Shadow, Stock Up, Beanstalk Giant, Summon: Fenrir, Waker of Waves, Wall of Roots, Fact or Fiction, Arbor Elf, Trumpeting Herd, Okoye, Dora Milaje Leader, Wild Growth, Spinewoods Armadillo, Preordain, Galewind Moose, Island, Forest, Forest, Forest, Forest, Forest, Forest, Forest, Forest, Forest, Forest, Forest, Forest, Forest, Biomechan Engineer, Plains, Hedge Maze, Devoted Druid, Honored Hydra, Paradise Druid, Sakura-Tribe Elder, Satyr Wayfinder","Thirst for Identity, Drix Interception, Splash Lasher, Eternal Student, Meteor Sword, Imperious Perfect, Consider, Hieroglyphic Illumination, Bonder's Ornament, Trostani's Summoner, Propagator Drone, Seismic Sense, Foreboding Landscape, Fallaji Archaeologist, Animate Dead, Shoreline Looter, Arms of Hadar, Mirrorshell Crab, Tranquil Landscape, Scurry Oak"
"15","2","Red","R Burn","Artifacts","13","10","17","2.35","Choco-Comet, Amethyst Dragon, Gingerbrute, Charging Monstrosaur, Opera Love Song, Rimrock Knight, Lightning Bolt, Reckless Charge, Mishra's Factory, Ahn-Crop Crasher, Mishra's Bauble, Monstrous Rage, Untethered Express, Signal Pest, Firebolt, Flametongue Yearling, Shock Brigade, Iroh's Demonstration, Mountain, Mountain, Mountain, Mountain, Mountain, Mountain, Mountain, Mountain, Mountain, Mountain, Mountain, Mountain, Mountain, Mountain, Mountain, Mountain, Flametongue Kavu, Grafted Wargear, Voldaren Epicure, Night Nurse, Healer of Heroes, Hearth Elemental, Shi'ar Soldier","Agonizing Remorse, Bountiful Landscape, Icy Manipulator, The Underworld Cookbook, Jewel Thief, Vampire Sovereign, Spyglass Siren, Epochrasite, Blackcleave Cliffs, Drown in Sorrow, Shattered Landscape, Stormkeld Vanguard, Temur Sabertooth, Snare Thopter, Flopsie, Bumi's Buddy, Malevolent Rumble, Elite Interceptor, Goblin Bombardment, City of Brass, Surrak, the Hunt Caller, Mighty Mutanimals"
"15","3","Blue/White","UW Control","Spells, Enchantments, Humans","10","13","17","2.39","Dawnbringer Cleric, Ponder, Plumecreed Escort, Phantom Interference, Ephemerate, Frost Trickster, Multiversal Passage, Omen of the Sea, Floodpits Drowner, Behold the Unspeakable, Touch the Spirit Realm, Reflector Mage, Mischievous Mystic, Wall of Omens, Sicarian Infiltrator, Daze, Getaway Glamer, Codecracker Hound, Island, Island, Island, Island, Island, Island, Island, Island, Island, Plains, Plains, Plains, Plains, Plains, Counterspell, Meticulous Archive, Control Magic, Path to Exile, Murmuring Mystic, Reprieve, Hallowed Fountain, Cast Out","Bitter Reunion, Ninja of the Deep Hours, Halo Forager, Contaminated Landscape, Talrand's Invocation, Ash Barrens, Atraxi Warden, Psychic Spiral, Guarded Heir, Argyr, Tidal Spinner, Nurturing Pixie, Pyretic Rebirth, Rhox Veteran, Fiend Hunter, Sonic Screwdriver, Meteor Golem, Skateboard, Perilous Landscape, Moment of Truth"
"15","4","Red/Blue","RU Spellslinger","Spells, Humans","10","13","17","2.74","Chart a Course, Steam Vents, Lose Focus, Heartfire Immolator, Hypnotic Sprite, Start the TARDIS, Brainstorm, Rise from the Tides, Prismari Campus, Faithless Looting, Confounding Riddle, Lórien Revealed, Whirler Rogue, Mad Ratter, Unnerving Grasp, Balmor, Battlemage Captain, Mountain, Mountain, Mountain, Mountain, Sprite Dragon, Island, Island, Island, Island, Island, Island, Island, Island, Island, Island, Island, Faerie Vandal, Into the Roil, Expressive Iteration, Remand, Kasmina, Enigmatic Mentor, Slickshot Lockpicker, Pinnacle Monk, Third Path Iconoclast","Everflowing Chalice, A.I.M. Synthoids, Golgari Rot Farm, Elixir of Immortality, Curiosity, Unable to Scream, Joo Dee, One of Many, Embereth Shieldbreaker, Studious First-Year, Intimidation Campaign, Shepherd of the Flock, Shriekmaw, Rite of the Raging Storm, Eldrazi Skyspawner, Mask of Memory, All-Fates Stalker, Harrier Strix, Autarch Mammoth, Ghor-Clan Rampager, Scout the City"
"15","5","Black","B Reanimator","Spells","7","16","17","3.09","Shefet Archfiend, Dance of the Dead, Artisan of Kozilek, Sheoldred's Edict, Victimize, Duress, Bane of Bala Ged, Honest Rutstein, The Eldest Reborn, Swamp, Swamp, Swamp, Swamp, Swamp, Swamp, Swamp, Swamp, Swamp, Swamp, Swamp, Swamp, Swamp, Swamp, Sinister Starfish, Bone Shards, Resentful Revelation, Bitter Triumph, Ravenous Chupacabra, Demonic Tutor, Eden, Seat of the Sanctum, Fell, Reanimate, Forest, Forest, Life // Death, Live or Die, Obsessive Stitcher, Collector's Vault, Tortured Existence, Exhume","Hard Evidence, Syr Konrad, the Grim, Horizon Canopy, Glacier Godmaw, Timeline Culler, Rise of the Witch-king, Scattered Groves, Lord Skitter's Butcher, Talisman of Dominance, Night Clubber, Kitchen Finks, Pack Guardian, Basalt Monolith, Eviscerator's Insight, Goliath, Mass Manipulator, Pelakka Wurm, Faerie Dreamthief, Insidious Roots, Bramble Wurm, Grizzly Fate, Huskburster Swarm"
"15","6","Black/White","BW Aristocrats","Black/White","13","10","17","2.22","Dewdrop Cure, Lingering Souls, Fatal Push, Thought-Stalker Warlock, Journey to Nowhere, Go for the Throat, Unearth, Swamp, Swamp, Swamp, Swamp, Swamp, Swamp, Swamp, Swamp, Swamp, Swamp, Swamp, Tolls of War, Marionette Apprentice, Godless Shrine, Isolated Chapel, Night's Whisper, Elas il-Kor, Sadistic Pilgrim, Plains, Plains, Plains, Plains, Bastion of Remembrance, Thraben Inspector, Forsaken Miner, Inspiring Overseer, Accursed Marauder, Lampad of Death's Vigil, Deep-Cavern Bat, Cult Conscript, Battle Screech, Militia Bugler, Yahenni, Undying Partisan, Vampire Nighthawk","Kor Skyfisher, Prophetic Prism, Rally the Peasants, Blood Crypt, Ashnod's Altar, Undead Gladiator, Pilgrim's Eye, Curse of Predation, The Last Ronin's Technique, Cathar Commando, Wreckage Wickerfolk, Sawblade Skinripper, Raven's Crime, Diresight, Dinrova Horror, Goblin Trenches, Rise of the Ants, Cloudgoat Ranger, Spawning Pit, Twinmaw Stormbrood"
"15","7","Green/Red","GR Stompy","Enchantments, Creatures","16","7","17","2.87","Eldrazi Ravager, Eternal Witness, Ornithopter of Paradise, Elvish Mystic, Ultimo, Civilization's End, Nyxborn Hydra, Thrashing Brontodon, Llanowar Elves, Blossom Prancer, The Aesir Escape Valhalla, Overwhelming Encounter, Wolfwillow Haven, Rishkar, Peema Renegade, Stampeding Scurryfoot, Duskwatch Recruiter, Rootbound Crag, Rancor, Bridgeworks Battle, Hunter's Talent, Eldrazi Repurposer, Forest, Forest, Forest, Forest, Forest, Forest, Forest, Forest, Forest, Forest, Forest, Forest, Forest, Forest, Ominous Cemetery, Writhing Chrysalis, Red Guardian, Super-Soldier, General Marhault Elsdragon, Sulfurous Springs, Abrade","Talisman of Progress, Witch Enchanter, Skoa, Embermage, Painter's Studio // Defaced Gallery, Dragon Trainer, Irreverent Gremlin, Canyon Crab, Heartfire Hero, Scrapwork Mutt, Reinforced Ronin, Primordial Pachyderm, Skittering Precursor, Fireblast, Dauntless Scrapbot, Electrostatic Infantry, The Cave of Two Lovers, Monastery Swiftspear, Twisted Landscape, Khenra Spellspear"
"15","8","Red/White","RW Aggro","Artifacts, Humans, Creatures","16","7","17","2.26","Combat Thresher, The Duke, Rebel Sentry, Glyph Elemental, Sunhome Stalwart, Sacred Foundry, Bonesplitter, Prava of the Steel Legion, Gut, True Soul Zealot, Reckless Pyrosurfer, Accorder Paladin, Mogg War Marshal, Heirloom Blade, Rally at the Hornburg, Adanto Vanguard, Splitskin Doll, Samurai's Katana, Mountain, Mountain, Mountain, Mountain, Flickerwisp, Plains, Plains, Plains, Plains, Plains, Plains, Plains, Plains, Plains, Plains, Plains, Mandibular Kite, Law-Rune Enforcer, Rabbit Battery, Sheltered by Ghosts, Loxodon Warhammer, Seeker of the Way, Anafenza, Kin-Tree Spirit, Sunbaked Canyon","Oliphaunt, Veteran Beastrider, Leonardo, Leader in Blue, Spectral Procession, Treasure Keeper, Sheltering Landscape, Surgical Suite // Hospital Room, Cliffhaven Kitesail, Sontaran General, Sandstone Oracle, Coruscation Mage, Mage's Attendant, Air Nomad Legacy, Shepherd of the Clouds, Brimstone Volley, Spinewoods Paladin, Lush Portico, Highway Robbery, Fyndhorn Elves, Shrine of Burning Rage"
"16","1","Black/White","BW Aristocrats","Humans","13","10","17","2.70","Witch Enchanter, Lingering Souls, Umbral Collar Zealot, Rosie Cotton of South Lane, Journey to Nowhere, Go for the Throat, Blood Artist, Spectral Procession, Timeline Culler, Priest of the Blood Rite, Swamp, Swamp, Swamp, Swamp, Swamp, Swamp, Swamp, Swamp, Swamp, Graceful Restoration, Tolls of War, Marionette Apprentice, Isolated Chapel, Splitskin Doll, Reassembling Skeleton, Elas il-Kor, Sadistic Pilgrim, Swords to Plowshares, Plains, Plains, Plains, Plains, Plains, Plains, Grafted Wargear, Bastion of Remembrance, Fiend Hunter, Forsaken Miner, Spawning Pit, Silent Clearing, Yahenni, Undying Partisan","Kor Skyfisher, Dewdrop Cure, Splash Lasher, Eternal Student, Deceptive Landscape, The Duke, Rebel Sentry, Shroudstomper, Razorkin Hordecaller, Ashnod's Altar, Prava of the Steel Legion, Bonder's Ornament, Shepherd of the Flock, Momo, Playful Pet, Thran Dynamo, Liliana's Devotee, Mind Stone, Spinewoods Paladin, Night Scythe, Autarch Mammoth, Environmental Scientist"
"16","2","Black/Green","BG Graveyard","Enchantments, Elves","13","10","17","2.78","Reclamation Sage, Lively Dirge, Brawn, Amadeus Cho, Golgari Rot Farm, Rubblebelt Maverick, Iron-Shield Elf, Horizon Canopy, Rise of the Witch-king, Elvish Mystic, Swamp, Swamp, Swamp, Swamp, Swamp, Llanowar Elves, The Aesir Escape Valhalla, Bone Shards, Bitter Triumph, Overgrown Tomb, Rancor, Timeless Witness, Forest, Forest, Forest, Forest, Forest, Forest, Forest, Forest, Treetop Village, Animate Dead, Malevolent Rumble, Pelakka Wurm, Insidious Roots, Bramble Wurm, Honored Hydra, Agent 13, Sharon Carter, Sakura-Tribe Elder, Disruptive Stormbrood, Tortured Existence","Utopia Sprawl, Nyxborn Hydra, Kitchen Finks, Primordial Pachyderm, Pack Guardian, Trumpeting Herd, Wild Growth, Overwhelming Encounter, Beast Within, Duskwatch Recruiter, Stormkeld Vanguard, Seismic Sense, Dream Beavers, Earthrumbler, Foreboding Landscape, Meteor Golem, Cult Conscript, Goblin Bombardment"
"16","3","Black/Blue","BU Reanimator","Artifacts, Spells","12","11","17","3.30","Fell the Profane, Undercity Sewers, A.I.M. Synthoids, Agonizing Remorse, Dance of the Dead, Fatal Push, Artisan of Kozilek, Victimize, Duress, Brainstorm, The Underworld Cookbook, Waker of Waves, Undead Gladiator, Triarch Praetorian, Swamp, Swamp, Swamp, Swamp, Swamp, Swamp, Swamp, Swamp, Swamp, Swamp, Swamp, Sinister Starfish, Mishra's Factory, Shriekmaw, Eden, Seat of the Sanctum, Wreckage Wickerfolk, Shuri, Vibranium Technologist, Island, Plains, Mirrorshell Crab, Ominous Cemetery, Unburial Rites, Gonti, Lord of Luxury, Live or Die, Faller's Faithful, Exhume","Requisition Raid, Wayfarer's Bauble, Treasure Keeper, Omen of the Sea, Vampire Sovereign, Studious First-Year, Sheltering Landscape, Mishra's Bauble, Pilgrim's Eye, Basalt Monolith, Curse of Disturbance, Skittering Precursor, Sandstone Oracle, Call of the Death-Dweller, Pyretic Rebirth, Chainweb Aracnir, Rise of the Ants, Vampire Nighthawk"
"16","4","Red/Blue","RU Spellslinger","Spells, Humans","11","12","17","2.52","Fiery Islet, Amethyst Dragon, Dragon's Rage Channeler, Steam Vents, Hypnotic Sprite, Thermo-Alchemist, Start the TARDIS, Talrand's Invocation, Young Pyromancer, Daze, Firebolt, Balmor, Battlemage Captain, Flametongue Yearling, Chain Lightning, Faebloom Trick, Ghostfire Slice, Mountain, Mountain, Mountain, Mountain, Mountain, Mountain, Mountain, Mountain, Mountain, Mountain, Flametongue Kavu, Island, Island, Island, Island, Island, Improbable Alliance, Twinshot Sniper, Counterspell, Brimstone Volley, Highway Robbery, Kasmina, Enigmatic Mentor, Khenra Spellspear, Third Path Iconoclast","Tandem Lookout, Meteor Sword, Noise Marine, Bountiful Landscape, Diligent Webkeepers, Behold the Unspeakable, Signal Pest, Rishkar, Peema Renegade, Sontaran General, Mogg War Marshal, Colossal Skyturtle, Serum Visionary, Hunter's Talent, Peace Strider, Archive Dragon, Sheltered Thicket, Ghor-Clan Rampager, Scurry Oak, Collector's Vault, Huskburster Swarm"
"16","5","Black/Blue","BU Tempo","Spells","8","15","17","2.74","Thirst for Identity, Shefet Archfiend, Cut Down, Lose Focus, Halo Forager, Sheoldred's Edict, Troll of Khazad-dûm, Inquisition of Kozilek, Unable to Scream, Fact or Fiction, Talisman of Dominance, Spyglass Siren, Swamp, Swamp, Swamp, Swamp, Swamp, Swamp, Swamp, Swamp, Lórien Revealed, Resentful Revelation, Godless Shrine, Reanimate, Codecracker Hound, Island, Island, Island, Island, Island, Island, Island, Island, Shoreline Looter, Arms of Hadar, Control Magic, Accursed Marauder, Night Nurse, Healer of Heroes, Moment of Truth, Dismember","Gingerbrute, Ninja of the Deep Hours, Elixir of Immortality, Contaminated Landscape, Order of Midnight, Morbid Opportunist, Vilespawn Spider, Arbor Elf, Mayhem Devil, Unearth, Epochrasite, Drown in Sorrow, Psychic Spiral, Cliffhaven Kitesail, Cathar Commando, Pestermite, Faerie Seer, Faerie Dreamthief, Gary Clone, Lampad of Death's Vigil, Surrak, the Hunt Caller"
"16","6","Red","R Aggro","Humans","15","8","17","2.61","Stomping Ground, Oliphaunt, Kavaron Harrier, Rimrock Knight, Painter's Studio // Defaced Gallery, Inspiring Vantage, Sacred Foundry, Imodane's Recruiter, Iraxxa, Empress of Mars, Embereth Shieldbreaker, Kumano Faces Kakkazan, Spiteful Prankster, Gut, True Soul Zealot, Monstrous Rage, Reckless Pyrosurfer, Rally at the Hornburg, Shock Brigade, Ka-Zar of the Savage Land, Greasewrench Goblin, Fireblast, Goblin Banneret, Mountain, Mountain, Mountain, Mountain, Mountain, Mountain, Mountain, Mountain, Mountain, Mountain, Mountain, Mountain, Mountain, Hordeling Outburst, Goblin Trenches, Rabbit Battery, Monastery Swiftspear, Arc Trail, Sunbaked Canyon","Bloodbraid Elf, Ultimo, Civilization's End, Imperial Oath, Accorder Paladin, Archetype of Courage, Heirloom Blade, Rampant Growth, Mana Tithe, Sawblade Skinripper, Snare Thopter, Flopsie, Bumi's Buddy, Charging Strifeknight, Elite Scaleguard, Vitu-Ghazi Guildmage, All-Fates Stalker, Seeker of the Way, Militia Bugler, Shi'ar Soldier"
"16","7","Red/Blue","RU Spellslinger","Spells, Wizards","7","16","17","2.00","Staggershock, Faerie Conclave, Fabled Passage, Phantom Interference, Talisman of Creativity, Curiosity, Stock Up, Faithless Looting, Confounding Riddle, Floodpits Drowner, Lightning Bolt, Reckless Charge, Consider, Mischievous Mystic, Hieroglyphic Illumination, Coruscation Mage, Iroh's Demonstration, Mountain, Mountain, Mountain, Mountain, Mountain, Mountain, Mountain, Sprite Dragon, Preordain, Island, Island, Island, Island, Island, Island, Island, Island, Faerie Vandal, Electrostatic Infantry, Memory Lapse, Into the Roil, Murmuring Mystic, Abrade","Everflowing Chalice, Skoa, Embermage, Charging Monstrosaur, Glacier Godmaw, Imperious Perfect, Reinforced Ronin, Repulsive Mutation, Shattered Landscape, Mouth of the Storm, Argyr, Tidal Spinner, Temur Sabertooth, Eldrazi Skyspawner, The Cave of Two Lovers, Indebted Spirit, Meticulous Archive, Voldaren Epicure, Mask of Memory, Shrine of Burning Rage, Perilous Landscape, Scout the City"
"16","8","Blue/White","UW Blink","Humans","14","9","17","3.39","Talisman of Progress, Prismatic Vista, Combat Thresher, Ephemerate, Circuit Mender, Breeding Pool, Eternal Witness, Scattered Groves, Irrigated Farmland, Touch the Spirit Realm, The Last Ronin's Technique, Okoye, Dora Milaje Leader, Whirler Rogue, Cynette, Jelly Drover, Meat Locker // Drowned Diner, Soulherder, Ghostly Flicker, Riftwing Cloudskate, Flickerwisp, Island, Island, Plains, Plains, Plains, Plains, Plains, Plains, Plains, Plains, Plains, Shepherd of the Clouds, Mana Leak, Hedge Maze, Thraben Inspector, Inspiring Overseer, Path to Exile, Elite Interceptor, Hallowed Fountain, Cast Out, Mighty Mutanimals","Jewel Thief, Thrashing Brontodon, Stampeding Scurryfoot, Sprout Swarm, Dragon Sniper, Bridgeworks Battle, Air Nomad Legacy, Practiced Scrollsmith, Eldrazi Repurposer, The Neutrinos, Law-Rune Enforcer, Devoted Druid, Sonic Screwdriver, Fertile Ground, Skateboard, Paradise Druid"
"17","1","White","W Weenie","Creatures","16","7","17","3.22","Oketra's Monument, Combat Thresher, Ephemerate, Grey Knight Paragon, Multiversal Passage, Journey to Nowhere, Spectral Procession, Ultimo, Civilization's End, Essence Reliquary, Wall of Omens, Shepherd of the Flock, Nurturing Pixie, Mage's Attendant, Glimmerpoint Stag, Recruitment Officer, Flickerwisp, Plains, Plains, Plains, Plains, Plains, Plains, Plains, Plains, Plains, Plains, Plains, Plains, Plains, Plains, Plains, Plains, Shepherd of the Clouds, Fiend Hunter, Inspiring Overseer, Emergency Eject, All-Fates Stalker, Militia Bugler, Reprieve, Anafenza, Kin-Tree Spirit","Talisman of Progress, Dewdrop Cure, Ninja of the Deep Hours, Horizon Canopy, Leonardo, Leader in Blue, Bane of Bala Ged, Jewel Thief, Kitchen Finks, Mouth of the Storm, Pestermite, Trostani's Summoner, Dragon Sniper, Bridgeworks Battle, The Neutrinos, Elite Scaleguard, Foreboding Landscape, Indebted Spirit, Meticulous Archive, Tranquil Landscape, Rise of the Ants, Tortured Existence"
"17","2","Green/Red/White","GRW Burn","Humans","15","8","17","2.39","Choco-Comet, Brawn, Amadeus Cho, Charging Monstrosaur, Faithless Looting, Bloodbraid Elf, Lightning Bolt, Irreverent Gremlin, Imodane's Recruiter, Kumano Faces Kakkazan, Ahn-Crop Crasher, Reinforced Ronin, Reckless Pyrosurfer, Okoye, Dora Milaje Leader, Goblin Surprise, Coruscation Mage, Ghostfire Slice, Mountain, Mountain, Mountain, Mountain, Mountain, Mountain, Mountain, Mountain, Mountain, Mountain, Mountain, Mountain, Mountain, Mountain, Hordeling Outburst, Island, Treetop Village, Plains, Fire Magic, Monastery Swiftspear, Red Guardian, Super-Soldier, Ghor-Clan Rampager, Khenra Spellspear, Brazen Collector","Utopia Sprawl, Avacyn's Pilgrim, Bountiful Landscape, Eusocial Engineering, Blood Artist, The Underworld Cookbook, Nyxborn Hydra, Blossom Prancer, The Last Ronin's Technique, Skittering Precursor, Heirloom Blade, Rampant Growth, Duskwatch Recruiter, Practiced Scrollsmith, Dauntless Scrapbot, Judith, the Scourge Diva, Loxodon Warhammer, Bannerhide Krushok, Cogwork Librarian, Grizzly Fate, Cast Out"
"17","3","Red/Blue","RU Spellslinger","Spells","7","16","17","3.04","Hard Evidence, Talisman of Creativity, Steam Vents, Victor Timely, Wily Tycoon, Rise from the Tides, Prismari Campus, Eddymurk Crab, Unable to Scream, Fact or Fiction, Behold the Unspeakable, Hieroglyphic Illumination, Mishra's Bauble, Unnerving Grasp, Miscalculation, Mountain, Mountain, Mountain, Preordain, Riftwing Cloudskate, Island, Island, Island, Island, Island, Island, Island, Island, Island, Island, Island, Island, Sink into Stupor, Expressive Iteration, Murmuring Mystic, Highway Robbery, Arc Trail, Shi'ar Soldier, Pinnacle Monk, Collector's Vault, Third Path Iconoclast","Stomping Ground, Artisan of Kozilek, Seething Landscape, Fetid Pools, Talisman of Dominance, Sheltering Landscape, Psychic Spiral, Thrashing Brontodon, Guarded Heir, Harmonize, Underground Mortuary, Talisman of Curiosity, Rootbound Crag, Sawblade Skinripper, Path to the World Tree, Charging Strifeknight, Archive Dragon, Vitu-Ghazi Guildmage, Sheltered Thicket, Harrier Strix"
"17","4","Black","B Reanimator","Spells","7","16","17","2.48","Shefet Archfiend, Lively Dirge, Fatal Push, Iron-Shield Elf, Victimize, Thought-Stalker Warlock, Go for the Throat, Inquisition of Kozilek, Triarch Praetorian, Swamp, Swamp, Swamp, Swamp, Swamp, Swamp, Swamp, Swamp, Swamp, Swamp, Swamp, Swamp, Swamp, Swamp, Swamp, Swamp, Swamp, Bone Shards, Bitter Triumph, Ravenous Chupacabra, Demonic Tutor, Fell, Hymn to Tourach, Reanimate, Life // Death, Unburial Rites, Faerie Dreamthief, Accursed Marauder, Live or Die, Power Word Kill, Exhume","Undercity Sewers, Agonizing Remorse, Prophetic Prism, Eternal Student, Morbid Opportunist, Joo Dee, One of Many, Vampire Sovereign, Reflector Mage, Intimidation Campaign, Tolls of War, Shattered Landscape, Wreckage Wickerfolk, Spinewoods Armadillo, Shuri, Vibranium Technologist, Liliana's Devotee, Fallaji Archaeologist, Arms of Hadar, Kasmina, Enigmatic Mentor, Lampad of Death's Vigil, Echoing Truth, Moment of Truth, Watery Grave"
"17","5","Black/Blue","BU Tempo","Spells","10","13","17","2.48","Fell the Profane, Chart a Course, Cut Down, Hypnotic Sprite, Halo Forager, Sheoldred's Edict, Order of Midnight, Duress, Baleful Strix, Floodpits Drowner, The Eldest Reborn, Canyon Crab, Unearth, Swamp, Swamp, Swamp, Swamp, Swamp, Swamp, Swamp, Swamp, Swamp, Drown in Sorrow, Shriekmaw, Resentful Revelation, Faebloom Trick, Island, Island, Island, Island, Island, Island, Island, Island, Memory Lapse, Shoreline Looter, Into the Roil, Gonti, Lord of Luxury, Deep-Cavern Bat, Dismember","Drix Interception, Splash Lasher, Rosie Cotton of South Lane, Elixir of Immortality, Curiosity, Irrigated Farmland, Lord Skitter's Butcher, Sinister Starfish, Repulsive Mutation, Bonder's Ornament, Marionette Apprentice, Meat Locker // Drowned Diner, Stormkeld Vanguard, Raven's Crime, Elas il-Kor, Sadistic Pilgrim, Swords to Plowshares, At Knifepoint, Sonic Screwdriver, Meteor Golem, Faller's Faithful, Pierce Strider, Hallowed Fountain"
"17","6","Red/Blue","RU Spellslinger","Spells, Humans","11","12","17","2.35","Ponder, Phantom Interference, Thermo-Alchemist, Opera Love Song, Rift Bolt, Spyglass Siren, Mischievous Mystic, Daze, Whirler Rogue, Mad Ratter, Firebolt, Rally at the Hornburg, Balmor, Battlemage Captain, Chain Lightning, Iroh's Demonstration, Fireblast, Geological Appraiser, Mountain, Mountain, Mountain, Mountain, Mountain, Mountain, Mountain, Mountain, Mountain, Mountain, Mountain, Sprite Dragon, Burst Lightning, Flametongue Kavu, Island, Island, Island, Island, Island, Island, Electrostatic Infantry, Coastline Marauders, Shrine of Burning Rage","Thirst for Identity, Plumecreed Escort, Everflowing Chalice, Frost Trickster, Bitter Reunion, Ornithopter of Paradise, Diligent Webkeepers, Razorkin Hordecaller, Ashnod's Altar, Scrapwork Mutt, Primordial Pachyderm, Renata, Called to the Hunt, Cliffhaven Kitesail, Marauding Sphinx, Carrion Feeder, Thran Dynamo, The Cave of Two Lovers, Voldaren Epicure, Forsaken Miner, Disruptive Stormbrood, General Marhault Elsdragon, Weaponize the Monsters"
"17","7","Green/Blue","GU Ramp","Enchantments","15","8","17","2.87","Simic Growth Chamber, A.I.M. Synthoids, Killmonger, Scourge of Wakanda, Breeding Pool, Beanstalk Giant, Glacier Godmaw, Eternal Witness, Wall of Roots, Scattered Groves, Elvish Mystic, The Aesir Escape Valhalla, Wild Growth, Wolfwillow Haven, Eden, Seat of the Sanctum, Colossal Skyturtle, Sprout Swarm, Temur Sabertooth, Under the Skin, Joraga Treespeaker, Hunter's Talent, Forest, Forest, Forest, Forest, Forest, Forest, Forest, Forest, Forest, Forest, Forest, Forest, Biomechan Engineer, Hedge Maze, Devoted Druid, Control Magic, Fertile Ground, Fyndhorn Elves, Night Nurse, Healer of Heroes, Sakura-Tribe Elder","Tandem Lookout, Meteor Sword, Veteran Beastrider, Studious First-Year, Pack Guardian, Trumpeting Herd, Sourbread Auntie, Striped Riverwinder, Overwhelming Encounter, Cynette, Jelly Drover, Sandstone Oracle, Serum Visionary, Codecracker Hound, Peace Strider, Faerie Seer, Honored Hydra, Surrak, the Hunt Caller"
"17","8","Red/White","RW Aggro","Artifacts, Humans","14","9","17","1.96","Fabled Passage, Gingerbrute, The Duke, Rebel Sentry, Rally the Peasants, Sacred Foundry, Bonesplitter, Tax Collector, Accorder Paladin, Signal Pest, Archetype of Courage, Arabella, Abandoned Doll, Momo, Playful Pet, Shock Brigade, Greasewrench Goblin, Samurai's Katana, Goblin Banneret, Mountain, Mountain, Mountain, Mountain, Mountain, Dragoon's Lance, Plains, Plains, Plains, Plains, Plains, Plains, Plains, Plains, Plains, Plains, Mandibular Kite, Heroic Reinforcements, Grafted Wargear, Rabbit Battery, Descendant of Storms, Sheltered by Ghosts, Night Scythe, Mighty Mutanimals","Kor Skyfisher, Umbral Collar Zealot, Timeline Culler, Treasure Keeper, Mayhem Devil, Embereth Shieldbreaker, Curse of Predation, Sontaran General, Call of the Death-Dweller, Rite of the Raging Storm, Getaway Glamer, High-Speed Hoverbike, Pyretic Rebirth, Snare Thopter, Galewind Moose, Law-Rune Enforcer, Mind Stone, Bramble Wurm, Spawning Pit, Goblin Bombardment"
"18","1","Black/Blue/White","BUW Control","Black/Blue/White","14","9","17","2.96","Talisman of Progress, Undercity Sewers, Lingering Souls, Fabled Passage, Ephemerate, A.I.M. Synthoids, Grey Knight Paragon, Killmonger, Scourge of Wakanda, Lose Focus, Halo Forager, Contaminated Landscape, Baleful Strix, Irrigated Farmland, Floodpits Drowner, Ultimo, Civilization's End, Swamp, Swamp, Swamp, Swamp, Intimidation Campaign, Fell, Soulherder, Riftwing Cloudskate, Island, Island, Island, Island, Island, Plains, Plains, Sink into Stupor, Fallaji Archaeologist, Mana Leak, Sharae of Numbing Depths, Control Magic, Gonti, Lord of Luxury, Deep-Cavern Bat, Hallowed Fountain, Shi'ar Soldier, Watery Grave","Splash Lasher, Circuit Mender, Glacier Godmaw, Shroudstomper, Priest of the Blood Rite, Drown in Sorrow, Repulsive Mutation, Guarded Heir, Pilgrim's Eye, Duskwatch Recruiter, Glimmerpoint Stag, Bridgeworks Battle, Lluwen, Exchange Student, Archive Dragon, Unburial Rites, Cloudgoat Ranger"
"18","2","Green","G Ramp","Elves","15","8","17","2.35","Utopia Sprawl, Elves of Deep Shadow, Eternal Witness, Wall of Roots, Elvish Mystic, Arbor Elf, Jewel Thief, Nyxborn Hydra, Thrashing Brontodon, Llanowar Elves, Trumpeting Herd, The Aesir Escape Valhalla, Wild Growth, Beast Within, Rampant Growth, Under the Skin, Overgrown Tomb, Joraga Treespeaker, Eldrazi Repurposer, Forest, Forest, Forest, Forest, Forest, Forest, Forest, Forest, Forest, Forest, Forest, Forest, Forest, Forest, Forest, Forest, Malevolent Rumble, Bramble Wurm, Paradise Druid, Sakura-Tribe Elder, Surrak, the Hunt Caller","Cactusfolk Sureshot, Deceptive Landscape, Vilespawn Spider, Honest Rutstein, Pack Guardian, Sontaran General, Ka-Zar of the Savage Land, Dragon Sniper, Seismic Sense, Arms of Hadar, Chainweb Aracnir, Agent 13, Sharon Carter, Bannerhide Krushok, Cult Conscript, Red Guardian, Super-Soldier, Disruptive Stormbrood, City of Brass, General Marhault Elsdragon, Tortured Existence, Huskburster Swarm, Pummeler for Hire"
"18","3","Red/White","RW Aggro","Artifacts","13","10","17","2.39","Witch Enchanter, Oliphaunt, Opera Love Song, Painter's Studio // Defaced Gallery, Leonardo, Leader in Blue, Inspiring Vantage, Sacred Foundry, Reckless Charge, Heartfire Hero, Kumano Faces Kakkazan, Scrapwork Mutt, Mishra's Factory, Goblin Surprise, Mogg War Marshal, Arabella, Abandoned Doll, Nurturing Pixie, Mana Tithe, Greasewrench Goblin, Mountain, Mountain, Mountain, Mountain, Mountain, Mountain, Mountain, Mountain, Mountain, Mountain, Mountain, Mountain, Swords to Plowshares, Flametongue Kavu, Twinshot Sniper, Plains, Plains, Rabbit Battery, Shrine of Burning Rage, Goblin Bombardment, Abrade, Twinmaw Stormbrood","Simic Growth Chamber, Thermo-Alchemist, Summon: Fenrir, Bane of Bala Ged, Treasure Keeper, Canyon Crab, Sheltering Landscape, Untethered Express, Shepherd of the Flock, Heirloom Blade, Propagator Drone, High-Speed Hoverbike, Thran Dynamo, The Neutrinos, Dauntless Scrapbot, Tranquil Landscape, All-Fates Stalker, Perilous Landscape, Hero of the Dunes"
"18","4","Black","B Midrange","Spells, Humans","13","10","17","2.22","Fell the Profane, Lively Dirge, Fatal Push, Cut Down, Victimize, Blood Artist, Morbid Opportunist, Timeline Culler, Joo Dee, One of Many, Mayhem Devil, Night Clubber, Triarch Praetorian, Swamp, Swamp, Swamp, Swamp, Swamp, Swamp, Swamp, Swamp, Swamp, Swamp, Swamp, Swamp, Swamp, Swamp, Swamp, Swamp, Swamp, Marionette Apprentice, Eviscerator's Insight, Call of the Death-Dweller, Reanimate, Carrion Feeder, Liliana's Devotee, Bastion of Remembrance, Forsaken Miner, Faller's Faithful, Lampad of Death's Vigil, Spawning Pit","Faerie Conclave, Prophetic Prism, Eternal Student, The Underworld Cookbook, Imperial Oath, Talisman of Dominance, Ashnod's Altar, Kitchen Finks, Psychic Spiral, Surgical Suite // Hospital Room, Isolated Chapel, Charging Strifeknight, Foreboding Landscape, Indebted Spirit, Writhing Chrysalis, Life // Death, Gary Clone, Twisted Landscape, Loxodon Warhammer, Skateboard, Battle Screech, Ghor-Clan Rampager"
"18","5","Blue","U Spellslinger","Spells","8","15","17","2.26","Ponder, Fiery Islet, Chart a Course, Phantom Interference, Start the TARDIS, Brainstorm, Prismari Campus, Eddymurk Crab, Unable to Scream, Confounding Riddle, Fact or Fiction, Consider, Mischievous Mystic, Daze, Faebloom Trick, Miscalculation, Mountain, Sprite Dragon, Codecracker Hound, Island, Island, Island, Island, Island, Island, Island, Island, Island, Island, Island, Island, Island, Island, Faerie Seer, Faerie Vandal, Memory Lapse, Shoreline Looter, Into the Roil, Counterspell, Murmuring Mystic","Plumecreed Escort, Staggershock, Elixir of Immortality, Horizon Canopy, Rift Bolt, Seething Landscape, Ornithopter of Paradise, Striped Riverwinder, Overwhelming Encounter, Balmor, Battlemage Captain, Pestermite, Colossal Skyturtle, Shuri, Vibranium Technologist, Getaway Glamer, Eldrazi Skyspawner, Sonic Screwdriver, Sheltered Thicket, Power Word Kill, Arc Trail, Environmental Scientist"
"18","6","Black/Red","BR Sneak and Show","Spells","8","15","17","2.83","Shefet Archfiend, Dance of the Dead, Bitter Reunion, Artisan of Kozilek, Sheoldred's Edict, Troll of Khazad-dûm, Thought-Stalker Warlock, Faithless Looting, Blood Crypt, Unearth, Swamp, Swamp, Swamp, Swamp, Swamp, Swamp, Swamp, Swamp, Swamp, Swamp, Swamp, Swamp, Swamp, Sinister Starfish, Blackcleave Cliffs, Necromancy, Bone Shards, Wurmcoil Larva, Bitter Triumph, Night's Whisper, Demonic Tutor, Eden, Seat of the Sanctum, Raven's Crime, Mountain, Voldaren Epicure, Faerie Dreamthief, Live or Die, Collector's Vault, Exhume, Dismember","Agonizing Remorse, Umbral Collar Zealot, Syr Konrad, the Grim, Talisman of Creativity, Stomping Ground, Vampire Sovereign, Ash Barrens, Spiteful Prankster, Primordial Pachyderm, Basalt Monolith, Reassembling Skeleton, Biomechan Engineer, Law-Rune Enforcer, Fire Magic, Insidious Roots, Highway Robbery, Harrier Strix, Moment of Truth, Vampire Nighthawk"
"18","7","White","W Weenie","Humans","15","8","17","2.61","Dawnbringer Cleric, Oketra's Monument, Kor Skyfisher, Requisition Raid, Aerie Auxiliary, Rosie Cotton of South Lane, The Duke, Rebel Sentry, Lita, Little Orphan Amphibian, Scattered Groves, Touch the Spirit Realm, Accorder Paladin, Curse of Predation, Archetype of Courage, Recruitment Officer, Dragoon's Lance, Elite Scaleguard, Plains, Plains, Plains, Plains, Plains, Plains, Plains, Plains, Plains, Plains, Plains, Plains, Plains, Plains, Plains, Plains, Mandibular Kite, Shepherd of the Clouds, Fiend Hunter, Inspiring Overseer, Emergency Eject, Reprieve, Anafenza, Kin-Tree Spirit, Mighty Mutanimals","Dewdrop Cure, Golgari Rot Farm, Iron-Shield Elf, Veteran Beastrider, Victor Timely, Wily Tycoon, Icy Manipulator, Diligent Webkeepers, Rally the Peasants, Bonder's Ornament, Renata, Called to the Hunt, The Last Ronin's Technique, Signal Pest, Rishkar, Peema Renegade, Trostani's Summoner, Snare Thopter, Spinewoods Paladin, Elite Interceptor, Rise of the Ants, Scout the City, Scurry Oak, Thopter Squadron"
"18","8","Red/Blue","RU Spellslinger","Spells, Humans","13","10","17","2.22","Choco-Comet, Steam Vents, Heartfire Immolator, Ninja of the Deep Hours, Hypnotic Sprite, Stock Up, Rimrock Knight, Talrand's Invocation, Irreverent Gremlin, Embereth Shieldbreaker, Young Pyromancer, Whirler Rogue, Unnerving Grasp, Firebolt, Chain Lightning, Ghostfire Slice, Mountain, Mountain, Mountain, Mountain, Mountain, Mountain, Mountain, Mountain, Mountain, Burst Lightning, Island, Island, Island, Island, Island, Electrostatic Infantry, Hedge Maze, Ominous Cemetery, Goliath, Mass Manipulator, Remand, Monastery Swiftspear, Night Nurse, Healer of Heroes, Echoing Truth, Third Path Iconoclast","Tandem Lookout, Eldrazi Ravager, Dragon Trainer, Inquisition of Kozilek, Iraxxa, Empress of Mars, Studious First-Year, Ahn-Crop Crasher, Curse of Disturbance, Mouth of the Storm, Talisman of Curiosity, Sawblade Skinripper, Dream Beavers, Earthrumbler, The Cave of Two Lovers, Coastline Marauders, Mind Stone, Devoted Druid, Meteor Golem, Brazen Collector"
"19","1","Blue/White","UW Control","Humans","12","11","17","2.87","Kor Skyfisher, Chart a Course, Lingering Souls, Ninja of the Deep Hours, Stock Up, Mulldrifter, Journey to Nowhere, Essence Reliquary, Touch the Spirit Realm, Wall of Omens, Tax Collector, Godless Shrine, Ka-Zar of the Savage Land, Nurturing Pixie, Miscalculation, Soulherder, Ghostly Flicker, Codecracker Hound, Swords to Plowshares, Island, Island, Island, Island, Island, Island, Island, Plains, Plains, Plains, Plains, Plains, Plains, Plains, Sharae of Numbing Depths, Fiend Hunter, Counterspell, Meticulous Archive, Murmuring Mystic, Hallowed Fountain, Cast Out","Drix Interception, Aerie Auxiliary, Splash Lasher, Halo Forager, Thought-Stalker Warlock, Vilespawn Spider, Intimidation Campaign, Graceful Restoration, Night's Whisper, Eviscerator's Insight, Colossal Skyturtle, Mana Tithe, Recruitment Officer, Hymn to Tourach, Fallaji Archaeologist, Shoreline Looter, Dalkovan Packbeasts, Archive Dragon, Vampire Nighthawk"
"19","2","Black/Green","BG Graveyard","Black/Green","11","12","17","2.65","Fabled Passage, Dance of the Dead, Elves of Deep Shadow, Troll of Khazad-dûm, Victimize, Eternal Witness, Morbid Opportunist, The Underworld Cookbook, Joo Dee, One of Many, Unearth, Triarch Praetorian, Swamp, Swamp, Swamp, Swamp, Swamp, Swamp, Swamp, Swamp, Swamp, Swamp, Swamp, Swamp, Bone Shards, Shriekmaw, Underground Mortuary, Spinewoods Armadillo, Overgrown Tomb, Call of the Death-Dweller, Forest, Forest, Animate Dead, Life // Death, Gonti, Lord of Luxury, Faerie Dreamthief, Insidious Roots, Sakura-Tribe Elder, Grizzly Fate, Tortured Existence, Exhume","Umbral Collar Zealot, Veteran Beastrider, Eusocial Engineering, Shroudstomper, Diligent Webkeepers, Blood Crypt, Ashnod's Altar, Trumpeting Herd, Blossom Prancer, Rampant Growth, Flopsie, Bumi's Buddy, At Knifepoint, Lluwen, Exchange Student, Tranquil Landscape, Rise of the Ants, Twisted Landscape, Cogwork Librarian, Sulfurous Springs, Anafenza, Kin-Tree Spirit"
"19","3","Red/Blue","RU Spellslinger","Spells, Humans","13","10","17","2.65","Ponder, Fiery Islet, Staggershock, Amethyst Dragon, Heartfire Immolator, Prismari Campus, Heartfire Hero, Kumano Faces Kakkazan, Young Pyromancer, Daze, Mad Ratter, Goblin Surprise, Firebolt, Rally at the Hornburg, Balmor, Battlemage Captain, Coruscation Mage, Fireblast, Geological Appraiser, Mountain, Mountain, Mountain, Mountain, Mountain, Mountain, Mountain, Mountain, Mountain, Mountain, Mountain, Mountain, Mountain, Sprite Dragon, Island, Island, Rabbit Battery, Fire Magic, Highway Robbery, Hearth Elemental, Pinnacle Monk, Third Path Iconoclast","Avacyn's Pilgrim, Grey Knight Paragon, Frost Trickster, Meteor Sword, Curiosity, Glyph Elemental, Sourbread Auntie, Skittering Precursor, Trostani's Summoner, Rite of the Raging Storm, Thran Dynamo, Biomechan Engineer, Hedge Maze, Voldaren Epicure, Githzerai Monk, Elite Interceptor, Skateboard, Seeker of the Way, Pierce Strider, Weaponize the Monsters"
"19","4","Black/Green","BG Graveyard","Spells","14","9","17","2.52","Prismatic Vista, Fell the Profane, Lively Dirge, Cut Down, Rubblebelt Maverick, Blood Artist, Summon: Fenrir, Wall of Roots, Honest Rutstein, Jewel Thief, Swamp, Swamp, Swamp, Swamp, Swamp, Swamp, Swamp, Swamp, Swamp, Swamp, Llanowar Elves, The Aesir Escape Valhalla, Demonic Tutor, Fell, Reassembling Skeleton, Reanimate, Carrion Feeder, Forest, Forest, Forest, Forest, Forest, Treetop Village, Malevolent Rumble, Accursed Marauder, Spider Spawning, Fyndhorn Elves, Satyr Wayfinder, Disruptive Stormbrood, Huskburster Swarm","Agonizing Remorse, Mayhem Devil, Pack Guardian, Curse of Predation, Wild Growth, Overwhelming Encounter, Beast Within, Duskwatch Recruiter, Stormkeld Vanguard, Seismic Sense, Pyretic Rebirth, Elas il-Kor, Sadistic Pilgrim, Path to the World Tree, Foreboding Landscape, Vitu-Ghazi Guildmage, Battle Screech, Autarch Mammoth, Scurry Oak, City of Brass, Environmental Scientist"
"19","5","Black/Blue","BU Tempo","Artifacts, Spells, Humans","7","16","17","2.65","Hard Evidence, Phantom Interference, Circuit Mender, Lose Focus, Go for the Throat, Start the TARDIS, Brainstorm, Rise from the Tides, Eddymurk Crab, Unable to Scream, Confounding Riddle, Talisman of Dominance, Swamp, Mishra's Factory, Bonder's Ornament, Sicarian Infiltrator, Basalt Monolith, Okoye, Dora Milaje Leader, Whirler Rogue, Marionette Apprentice, Preordain, Island, Island, Island, Island, Island, Island, Island, Island, Island, Island, Island, Island, Island, Plains, Mind Stone, Night Scythe, Slickshot Lockpicker, Collector's Vault, Watery Grave","Requisition Raid, Gingerbrute, Tandem Lookout, Deceptive Landscape, Spectral Procession, Treasure Keeper, Priest of the Blood Rite, Studious First-Year, Curse of Disturbance, Marauding Sphinx, Cynette, Jelly Drover, Mouth of the Storm, Sandstone Oracle, Momo, Playful Pet, Peace Strider, Faerie Vandal, All-Fates Stalker, Cloudgoat Ranger, Scout the City, Thopter Squadron"
"19","6","Black/Blue","BU Tempo","Black/Blue","13","10","17","3.17","Shefet Archfiend, Hypnotic Sprite, Sheoldred's Edict, Picklock Prankster, Baleful Strix, Waker of Waves, Irrigated Farmland, Omen of the Sea, Floodpits Drowner, Mischievous Mystic, Swamp, Swamp, Swamp, Swamp, Swamp, Swamp, Swamp, Drown in Sorrow, Necromancy, Resentful Revelation, Striped Riverwinder, Wurmcoil Larva, Bitter Triumph, Serum Visionary, Shuri, Vibranium Technologist, Diresight, Island, Island, Island, Island, Island, Island, Island, Island, Island, Arms of Hadar, Control Magic, Night Nurse, Healer of Heroes, Moment of Truth, Shi'ar Soldier","Seething Landscape, Order of Midnight, Night Clubber, Undead Gladiator, Kitchen Finks, Accorder Paladin, The Last Ronin's Technique, Wolfwillow Haven, Meat Locker // Drowned Diner, Dragon Sniper, Mage's Attendant, Glimmerpoint Stag, High-Speed Hoverbike, Dragoon's Lance, Liliana's Devotee, Eldrazi Skyspawner, Bastion of Remembrance, Mask of Memory, Gary Clone, Faller's Faithful, Hero of the Dunes"
"19","7","Red/White","RW Aggro","Artifacts, Soldiers","13","10","17","2.35","Kavaron Harrier, Inspiring Vantage, Bonesplitter, Prava of the Steel Legion, Imodane's Recruiter, Scrapwork Mutt, Ahn-Crop Crasher, Porcelain Legionnaire, Arabella, Abandoned Doll, Adanto Vanguard, Splitskin Doll, Ghostfire Slice, Samurai's Katana, Mountain, Mountain, Mountain, Mountain, Mountain, Mountain, Rhox Veteran, Burst Lightning, Goblin Trenches, Twinshot Sniper, Plains, Plains, Plains, Plains, Plains, Plains, Plains, Plains, Mandibular Kite, Descendant of Storms, Ominous Cemetery, Brimstone Volley, Inspiring Overseer, Path to Exile, Loxodon Warhammer, Reprieve, Sunbaked Canyon","Skoa, Embermage, Steam Vents, Noise Marine, Charging Monstrosaur, Victor Timely, Wily Tycoon, Bountiful Landscape, Ornithopter of Paradise, Faithless Looting, Talrand's Invocation, Reckless Charge, Imperial Oath, Pilgrim's Eye, Surgical Suite // Hospital Room, Heirloom Blade, Charging Strifeknight, Law-Rune Enforcer, Expressive Iteration, Emergency Eject, Shrine of Burning Rage"
"19","8","Green/Red","GR Stompy","Green/Red","14","9","17","3.00","Choco-Comet, Killmonger, Scourge of Wakanda, Glacier Godmaw, Bloodbraid Elf, Lightning Bolt, Iraxxa, Empress of Mars, Spiteful Prankster, Gut, True Soul Zealot, Monstrous Rage, Rishkar, Peema Renegade, Temur Sabertooth, Iroh's Demonstration, Greasewrench Goblin, Bridgeworks Battle, Mountain, Mountain, Mountain, Mountain, Mountain, Mountain, Mountain, Hunter's Talent, Eldrazi Repurposer, Forest, Forest, Forest, Forest, Forest, Forest, Forest, Forest, Forest, Fertile Ground, Writhing Chrysalis, Sheltered Thicket, Bannerhide Krushok, Ghor-Clan Rampager, Goblin Bombardment, General Marhault Elsdragon, Abrade","Dragon's Rage Channeler, Rosie Cotton of South Lane, Lita, Little Orphan Amphibian, Rimrock Knight, Horizon Canopy, Leonardo, Leader in Blue, Irreverent Gremlin, Sheltering Landscape, Tolls of War, Reinforced Ronin, Signal Pest, Mogg War Marshal, Harmonize, Shock Brigade, Sprout Swarm, Sawblade Skinripper, Goblin Banneret, Hordeling Outburst, Elite Scaleguard, Shepherd of the Clouds, Lush Portico"
"20","1","Green","G Ramp","Enchantments, Elves","13","10","17","2.61","Eusocial Engineering, Glacier Godmaw, Eternal Witness, Summon: Fenrir, Wall of Roots, Elvish Mystic, Arbor Elf, Jewel Thief, Llanowar Elves, Trumpeting Herd, Curse of Predation, Wild Growth, Rishkar, Peema Renegade, Harmonize, Rampant Growth, Duskwatch Recruiter, Sprout Swarm, Bridgeworks Battle, Joraga Treespeaker, Hunter's Talent, Eldrazi Repurposer, Forest, Forest, Forest, Forest, Forest, Forest, Forest, Forest, Forest, Forest, Forest, Forest, Forest, Forest, Forest, Forest, Forest, Devoted Druid, Malevolent Rumble","Witch Enchanter, Stomping Ground, Victor Timely, Wily Tycoon, Icy Manipulator, Bane of Bala Ged, Heartfire Hero, Pack Guardian, Overwhelming Encounter, Beast Within, Stampeding Scurryfoot, Temur Sabertooth, Dragon Sniper, Diresight, Burst Lightning, Biomechan Engineer, Goblin Trenches, Writhing Chrysalis, Loxodon Warhammer, Seeker of the Way, Satyr Wayfinder, Autarch Mammoth, Scout the City"
"20","2","Black/Red","BR Aristocrats","Spells, Enchantments, Humans","9","14","17","2.35","Fatal Push, Noise Marine, Sheoldred's Edict, Rift Bolt, Blood Crypt, Lightning Bolt, Night Clubber, Unearth, Kumano Faces Kakkazan, Swamp, Swamp, Swamp, Swamp, Swamp, Swamp, Swamp, Spiteful Prankster, Blackcleave Cliffs, Curse of Disturbance, Marionette Apprentice, Skittering Precursor, Eviscerator's Insight, Shock Brigade, Sawblade Skinripper, Rite of the Raging Storm, Mountain, Mountain, Mountain, Mountain, Mountain, Mountain, Mountain, Mountain, Hordeling Outburst, Judith, the Scourge Diva, Fire Magic, Voldaren Epicure, Goblin Bombardment, Weaponize the Monsters, Dismember","Amethyst Dragon, Grey Knight Paragon, Seething Landscape, Dragon Trainer, Shroudstomper, Spectral Procession, Inspiring Vantage, Studious First-Year, Intimidation Campaign, The Last Ronin's Technique, Resentful Revelation, Air Nomad Legacy, Electrostatic Infantry, Coastline Marauders, Twisted Landscape, Sheltered Thicket, Shrine of Burning Rage, Bannerhide Krushok, Ghor-Clan Rampager, Twinmaw Stormbrood"
"20","3","Red/Blue","RU Spellslinger","Artifacts","15","8","17","2.52","Staggershock, Talisman of Creativity, Kavaron Harrier, Brawn, Amadeus Cho, Heartfire Immolator, Spyglass Siren, Scrapwork Mutt, Gut, True Soul Zealot, Sicarian Infiltrator, Whirler Rogue, Rally at the Hornburg, Coruscation Mage, Iroh's Demonstration, Greasewrench Goblin, Ghostfire Slice, Samurai's Katana, Mountain, Mountain, Mountain, Mountain, Mountain, Mountain, Mountain, Mountain, Mountain, Mountain, Mountain, Mountain, Mountain, Island, Island, Island, Island, Improbable Alliance, Twinshot Sniper, Rabbit Battery, Expressive Iteration, Hearth Elemental, Khenra Spellspear, Pinnacle Monk","Gingerbrute, Circuit Mender, Mulldrifter, Bountiful Landscape, The Underworld Cookbook, Vilespawn Spider, Graceful Restoration, Untethered Express, Reckless Pyrosurfer, Porcelain Legionnaire, Striped Riverwinder, Cynette, Jelly Drover, Meat Locker // Drowned Diner, High-Speed Hoverbike, Goblin Banneret, Snare Thopter, Eldrazi Skyspawner, Dauntless Scrapbot, Mind Stone, Sulfurous Springs, Sunbaked Canyon, Vampire Nighthawk"
"20","4","Black/White","BW Aristocrats","Spells, Humans","10","13","17","2.61","Lingering Souls, Agonizing Remorse, Umbral Collar Zealot, Victimize, Order of Midnight, Inquisition of Kozilek, Priest of the Blood Rite, Vampire Sovereign, Undead Gladiator, Swamp, Swamp, Swamp, Swamp, Swamp, Swamp, Swamp, Swamp, Swamp, Swamp, Swamp, Swamp, Swamp, Swamp, Bone Shards, Godless Shrine, Isolated Chapel, Night's Whisper, Fell, Call of the Death-Dweller, Hymn to Tourach, Reassembling Skeleton, Carrion Feeder, Plains, Bastion of Remembrance, Forsaken Miner, Unburial Rites, Power Word Kill, Hero of the Dunes, Exhume, Yahenni, Undying Partisan","Eternal Student, Justice, Vance Astrovik, Killmonger, Scourge of Wakanda, Journey to Nowhere, Diligent Webkeepers, Treasure Keeper, Rally the Peasants, Sinister Starfish, Drown in Sorrow, Wall of Omens, Guarded Heir, Sourbread Auntie, Okoye, Dora Milaje Leader, Shepherd of the Flock, Glimmerpoint Stag, Earthrumbler, Lush Portico, Obsessive Stitcher, Thopter Squadron, Perilous Myr"
"20","5","Red/Blue","RU Spellslinger","Spells, Humans","11","12","17","2.70","Fiery Islet, Thirst for Identity, Choco-Comet, Steam Vents, Thermo-Alchemist, Picklock Prankster, Brainstorm, Eddymurk Crab, Talrand's Invocation, Mischievous Mystic, Young Pyromancer, Hieroglyphic Illumination, Mad Ratter, Unnerving Grasp, Balmor, Battlemage Captain, Chain Lightning, Mountain, Mountain, Mountain, Mountain, Mountain, Mountain, Mountain, Sprite Dragon, Island, Island, Island, Island, Island, Island, Island, Island, Faerie Vandal, Into the Roil, Counterspell, Brimstone Volley, Murmuring Mystic, Kasmina, Enigmatic Mentor, Arc Trail, Third Path Iconoclast","Skoa, Embermage, Bitter Reunion, Oliphaunt, Opera Love Song, Contaminated Landscape, Sacred Foundry, Marauding Sphinx, Argyr, Tidal Spinner, Colossal Skyturtle, Rootbound Crag, Flopsie, Bumi's Buddy, Ghostly Flicker, Riftwing Cloudskate, Arms of Hadar, The Cave of Two Lovers, Hedge Maze, Spinewoods Paladin, Elite Interceptor, Harrier Strix, Pummeler for Hire"
"20","6","Black/Green","BG Graveyard","Enchantments","11","12","17","3.52","Lively Dirge, Dance of the Dead, Multiversal Passage, Golgari Rot Farm, Rubblebelt Maverick, Iron-Shield Elf, Troll of Khazad-dûm, Duress, Aftermath Analyst, Rise of the Witch-king, The Eldest Reborn, Triarch Praetorian, Swamp, Swamp, Swamp, Swamp, Swamp, Swamp, Swamp, Swamp, Swamp, Swamp, Necromancy, Shriekmaw, Underground Mortuary, Overgrown Tomb, Forest, Forest, Forest, Animate Dead, Life // Death, Insidious Roots, Accursed Marauder, Spider Spawning, Bramble Wurm, Honored Hydra, Live or Die, Disruptive Stormbrood, Tortured Existence, Huskburster Swarm","Reclamation Sage, Frost Trickster, Meteor Sword, Deceptive Landscape, Morbid Opportunist, Scattered Groves, Lord Skitter's Butcher, Kitchen Finks, Renata, Called to the Hunt, Stormkeld Vanguard, Galewind Moose, Charging Strifeknight, Peace Strider, The Neutrinos, Chainweb Aracnir, Sonic Screwdriver, Meteor Golem, Spawning Pit"
"20","7","White","W Weenie","Soldiers, Creatures","20","3","17","2.35","Oketra's Monument, Kor Skyfisher, Aerie Auxiliary, Glyph Elemental, Sunhome Stalwart, Tax Collector, Accorder Paladin, Surgical Suite // Hospital Room, Cathar Commando, Archetype of Courage, Momo, Playful Pet, Nurturing Pixie, Adanto Vanguard, Mage's Attendant, Recruitment Officer, Dragoon's Lance, Flickerwisp, Plains, Plains, Plains, Plains, Plains, Plains, Plains, Plains, Plains, Plains, Plains, Plains, Plains, Plains, Plains, Plains, Plains, Law-Rune Enforcer, Descendant of Storms, Thraben Inspector, Fiend Hunter, Militia Bugler, Mighty Mutanimals","Dewdrop Cure, Combat Thresher, A.I.M. Synthoids, Rosie Cotton of South Lane, Curiosity, Leonardo, Leader in Blue, Joo Dee, One of Many, Prava of the Steel Legion, Primordial Pachyderm, Thrashing Brontodon, Repulsive Mutation, Signal Pest, Trostani's Summoner, Soulherder, Getaway Glamer, Heroic Reinforcements, Sharae of Numbing Depths, Tranquil Landscape, Emergency Eject, Sakura-Tribe Elder, Red Guardian, Super-Soldier, Environmental Scientist"
"20","8","Black/Blue","BU Tempo","Spells","9","14","17","3.30","Talisman of Progress, Prismatic Vista, Stock Up, Fetid Pools, Baleful Strix, Waker of Waves, Irrigated Farmland, Fact or Fiction, Behold the Unspeakable, Talisman of Dominance, Consider, Psychic Spiral, Eden, Seat of the Sanctum, Miscalculation, Serum Visionary, Shuri, Vibranium Technologist, Reanimate, Dinrova Horror, Island, Island, Island, Island, Island, Island, Island, Island, Island, Island, Island, Island, Memory Lapse, Sink into Stupor, Fallaji Archaeologist, Control Magic, Mirrorshell Crab, Archive Dragon, Remand, Moment of Truth, Shi'ar Soldier, Watery Grave","Plumecreed Escort, Requisition Raid, Everflowing Chalice, Tandem Lookout, Elixir of Immortality, Beanstalk Giant, Ornithopter of Paradise, Essence Reliquary, Bonder's Ornament, Pilgrim's Eye, Basalt Monolith, Wolfwillow Haven, Talisman of Curiosity, Foreboding Landscape, Lluwen, Exchange Student, Pierce Strider, Reprieve"
"21","1","Blue/White","UW Control","Spells, Humans","10","13","17","2.65","Talisman of Progress, Dawnbringer Cleric, Witch Enchanter, Hard Evidence, Combat Thresher, Ephemerate, Journey to Nowhere, Brainstorm, Irrigated Farmland, Consider, Touch the Spirit Realm, Reflector Mage, Wall of Omens, Tax Collector, Unnerving Grasp, Cynette, Jelly Drover, Mana Tithe, Ghostly Flicker, Flickerwisp, Island, Island, Island, Plains, Plains, Plains, Plains, Plains, Plains, Plains, Plains, Plains, Plains, Plains, Sharae of Numbing Depths, Meticulous Archive, Path to Exile, Cloudgoat Ranger, Reprieve, Hallowed Fountain, Cast Out","Cactusfolk Sureshot, Tandem Lookout, Sunhome Stalwart, Canyon Crab, Imperial Oath, Ash Barrens, Spiteful Prankster, Guarded Heir, Archetype of Courage, Heirloom Blade, Shattered Landscape, Meat Locker // Drowned Diner, Talisman of Curiosity, Snare Thopter, Eldrazi Skyspawner, Meteor Golem, Night Scythe, Slickshot Lockpicker, Scout the City"
"21","2","Red/Blue","RU Spellslinger","Spells, Humans","11","12","17","2.35","Fiery Islet, Staggershock, Dragon's Rage Channeler, Fabled Passage, Phantom Interference, Steam Vents, Multiversal Passage, Heartfire Immolator, Thermo-Alchemist, Faithless Looting, Reckless Charge, Spyglass Siren, Mischievous Mystic, Balmor, Battlemage Captain, Samurai's Katana, Mountain, Mountain, Mountain, Mountain, Mountain, Mountain, Mountain, Mountain, Mountain, Mountain, Hordeling Outburst, Sprite Dragon, Burst Lightning, Flametongue Kavu, Island, Island, Island, Improbable Alliance, Electrostatic Infantry, Expressive Iteration, Remand, Kasmina, Enigmatic Mentor, Echoing Truth, Hearth Elemental, Pinnacle Monk","Kor Skyfisher, Meteor Sword, Ninja of the Deep Hours, Charging Monstrosaur, Inspiring Vantage, Embereth Shieldbreaker, Pestermite, Pyretic Rebirth, Rhox Veteran, Galewind Moose, Twinshot Sniper, At Knifepoint, Skateboard, Harrier Strix, Thopter Squadron, Perilous Myr, Brazen Collector, Sunbaked Canyon"
"21","3","Green/Blue","GU Ramp","Enchantments","15","8","17","3.13","Simic Growth Chamber, Avacyn's Pilgrim, Justice, Vance Astrovik, Breeding Pool, Beanstalk Giant, Victor Timely, Wily Tycoon, Summon: Fenrir, Wall of Roots, Scattered Groves, Jewel Thief, Nyxborn Hydra, Repulsive Mutation, Lórien Revealed, Wild Growth, Wolfwillow Haven, Rishkar, Peema Renegade, Beast Within, Sprout Swarm, Temur Sabertooth, Spinewoods Armadillo, Dragon Sniper, Hunter's Talent, Forest, Forest, Forest, Forest, Forest, Forest, Forest, Forest, Forest, Forest, Treetop Village, Hedge Maze, Counterspell, Spinewoods Paladin, Pelakka Wurm, Tranquil Landscape, Lush Portico, Sakura-Tribe Elder","Hypnotic Sprite, Eldrazi Ravager, Omen of the Sea, Floodpits Drowner, Pilgrim's Eye, Daze, Stampeding Scurryfoot, Seismic Sense, Path to the World Tree, Elite Scaleguard, Foreboding Landscape, Into the Roil, Sheltered Thicket, Ghor-Clan Rampager, Environmental Scientist"
"21","4","Black","B Midrange","Spells","7","16","17","2.48","Fell the Profane, Agonizing Remorse, Umbral Collar Zealot, Thought-Stalker Warlock, Go for the Throat, Inquisition of Kozilek, The Eldest Reborn, Swamp, Swamp, Swamp, Swamp, Swamp, Swamp, Swamp, Swamp, Swamp, Swamp, Swamp, Swamp, Swamp, Swamp, Swamp, Swamp, Swamp, Curse of Disturbance, Bone Shards, Resentful Revelation, Marionette Apprentice, Eviscerator's Insight, Demonic Tutor, Call of the Death-Dweller, Hymn to Tourach, Animate Dead, Life // Death, Unburial Rites, Gonti, Lord of Luxury, Faerie Dreamthief, Deep-Cavern Bat, Shi'ar Soldier, Exhume","Prismatic Vista, Eternal Student, Deceptive Landscape, The Duke, Rebel Sentry, Contaminated Landscape, Glyph Elemental, Order of Midnight, Treasure Keeper, Razorkin Hordecaller, Lord Skitter's Butcher, Night Clubber, Studious First-Year, Blackcleave Cliffs, Sandstone Oracle, Reassembling Skeleton, Liliana's Devotee, Githzerai Monk, Vitu-Ghazi Guildmage, Lampad of Death's Vigil, Seeker of the Way, Spawning Pit, Hero of the Dunes"
"21","5","Black/Green","BG Graveyard","Creatures","17","6","17","3.35","Reclamation Sage, Dance of the Dead, Rubblebelt Maverick, Elves of Deep Shadow, Troll of Khazad-dûm, Aftermath Analyst, Rise of the Witch-king, Elvish Mystic, Honest Rutstein, Arbor Elf, Triarch Praetorian, Swamp, Swamp, Swamp, Swamp, Swamp, Swamp, Swamp, Shriekmaw, Under the Skin, Overgrown Tomb, Reanimate, Timeless Witness, Forest, Forest, Forest, Forest, Forest, Forest, Forest, Forest, Forest, Accursed Marauder, Spider Spawning, Honored Hydra, Agent 13, Sharon Carter, Disruptive Stormbrood, Grizzly Fate, Surrak, the Hunt Caller, Huskburster Swarm","Utopia Sprawl, Drix Interception, Everflowing Chalice, Stomping Ground, Bane of Bala Ged, Bloodbraid Elf, Mayhem Devil, Pack Guardian, Overwhelming Encounter, Duskwatch Recruiter, Propagator Drone, Dream Beavers, Flopsie, Bumi's Buddy, Eldrazi Repurposer, Charging Strifeknight, Earthrumbler, Chainweb Aracnir, Mask of Memory, Gary Clone, Faller's Faithful, Scurry Oak"
"21","6","Red","R Burn","Red","14","9","17","1.91","Kavaron Harrier, Rift Bolt, Lightning Bolt, Heartfire Hero, Kumano Faces Kakkazan, Ahn-Crop Crasher, Reinforced Ronin, Gut, True Soul Zealot, Monstrous Rage, Reckless Pyrosurfer, Firebolt, Flametongue Yearling, Shock Brigade, Chain Lightning, Greasewrench Goblin, Ghostfire Slice, Fireblast, Geological Appraiser, Goblin Banneret, Mountain, Mountain, Mountain, Mountain, Mountain, Mountain, Mountain, Mountain, Mountain, Mountain, Mountain, Mountain, Mountain, Mountain, Mountain, Mountain, Mountain, Voldaren Epicure, Monastery Swiftspear, Shrine of Burning Rage, Khenra Spellspear","Oliphaunt, Iron-Shield Elf, Noise Marine, Opera Love Song, Diligent Webkeepers, Rally the Peasants, Sacred Foundry, Iraxxa, Empress of Mars, Epochrasite, Tolls of War, Atraxi Warden, Untethered Express, Renata, Called to the Hunt, The Last Ronin's Technique, Sontaran General, Mad Ratter, Goblin Surprise, Mogg War Marshal, Sawblade Skinripper, High-Speed Hoverbike, Heroic Reinforcements, Sulfurous Springs"
"21","7","White","W Weenie","Artifacts, Soldiers","15","8","17","2.43","Oketra's Monument, Requisition Raid, Lingering Souls, Aerie Auxiliary, Rosie Cotton of South Lane, Spectral Procession, Porcelain Legionnaire, Accorder Paladin, Surgical Suite // Hospital Room, Signal Pest, Godless Shrine, Cathar Commando, Isolated Chapel, Momo, Playful Pet, Nurturing Pixie, Splitskin Doll, Mage's Attendant, Recruitment Officer, Swords to Plowshares, Plains, Plains, Plains, Plains, Plains, Plains, Plains, Plains, Plains, Plains, Plains, Plains, Plains, Plains, Plains, Mandibular Kite, Thraben Inspector, Fiend Hunter, Loxodon Warhammer, Militia Bugler, Anafenza, Kin-Tree Spirit","Gingerbrute, Prophetic Prism, Circuit Mender, Brawn, Amadeus Cho, Painter's Studio // Defaced Gallery, Blood Artist, Leonardo, Leader in Blue, Joo Dee, One of Many, Psychic Spiral, Mishra's Bauble, Shepherd of the Flock, Wurmcoil Larva, Bitter Triumph, Arabella, Abandoned Doll, Getaway Glamer, Elas il-Kor, Sadistic Pilgrim, Bastion of Remembrance, Forsaken Miner, Bannerhide Krushok, Red Guardian, Super-Soldier"
"21","8","Black/Blue","BU Tempo","Spells","8","15","17","2.87","Ponder, Thirst for Identity, Chart a Course, Faerie Conclave, Lose Focus, Halo Forager, Sheoldred's Edict, Waker of Waves, Unable to Scream, Swamp, Swamp, Swamp, Swamp, Intimidation Campaign, Hieroglyphic Illumination, Necromancy, Okoye, Dora Milaje Leader, Striped Riverwinder, Fell, Miscalculation, Codecracker Hound, Island, Island, Island, Island, Island, Island, Island, Island, Island, Island, Memory Lapse, Plains, Fallaji Archaeologist, Shoreline Looter, Mana Leak, Control Magic, Ominous Cemetery, Night Nurse, Healer of Heroes, Dismember","Curiosity, Wayfarer's Bauble, Icy Manipulator, Shroudstomper, Ornithopter of Paradise, Kitchen Finks, Drown in Sorrow, Cliffhaven Kitesail, Sourbread Auntie, Marauding Sphinx, Mouth of the Storm, Argyr, Tidal Spinner, Trostani's Summoner, Wreckage Wickerfolk, Diresight, Shepherd of the Clouds, Lluwen, Exchange Student, Elite Interceptor, Collector's Vault, Weaponize the Monsters"
"22","1","Green/Blue","GU Ramp","Green/Blue","14","9","17","3.61","Utopia Sprawl, Simic Growth Chamber, Fabled Passage, Artisan of Kozilek, Golgari Rot Farm, Killmonger, Scourge of Wakanda, Breeding Pool, Elves of Deep Shadow, Eusocial Engineering, Glacier Godmaw, Eternal Witness, Bane of Bala Ged, Elvish Mystic, Repulsive Mutation, Beast Within, Rampant Growth, Colossal Skyturtle, Talisman of Curiosity, Under the Skin, Shuri, Vibranium Technologist, Overgrown Tomb, Island, Forest, Forest, Forest, Forest, Forest, Forest, Forest, Forest, Forest, Treetop Village, Plains, Sink into Stupor, Fertile Ground, Honored Hydra, Agent 13, Sharon Carter, Fyndhorn Elves, Sakura-Tribe Elder, Autarch Mammoth","Cactusfolk Sureshot, Everflowing Chalice, Phantom Interference, Waker of Waves, Night Clubber, Primordial Pachyderm, Marauding Sphinx, Trostani's Summoner, Practiced Scrollsmith, Dinrova Horror, Eldrazi Skyspawner, The Cave of Two Lovers, Mind Stone, Disruptive Stormbrood, Ghor-Clan Rampager, Collector's Vault"
"22","2","Black/White","BW Aristocrats","Spells","10","13","17","2.43","Lingering Souls, Fatal Push, Sheoldred's Edict, Inquisition of Kozilek, Priest of the Blood Rite, The Eldest Reborn, Vampire Sovereign, Unearth, Triarch Praetorian, Swamp, Swamp, Swamp, Swamp, Swamp, Swamp, Swamp, Swamp, Swamp, Swamp, Swamp, Swamp, Swamp, Graceful Restoration, Demonic Tutor, Call of the Death-Dweller, Reassembling Skeleton, Reanimate, Elas il-Kor, Sadistic Pilgrim, Plains, Plains, Plains, Plains, Bastion of Remembrance, Thraben Inspector, Dalkovan Packbeasts, Path to Exile, Deep-Cavern Bat, Cult Conscript, Reprieve, Yahenni, Undying Partisan","Shefet Archfiend, Undercity Sewers, Prophetic Prism, Dance of the Dead, Shroudstomper, Bloodbraid Elf, Undead Gladiator, Scrapwork Mutt, Drown in Sorrow, Wall of Omens, Shepherd of the Flock, Cathar Commando, Mana Tithe, Ghostfire Slice, Raven's Crime, Peace Strider, Law-Rune Enforcer, Gary Clone, Skateboard, Red Guardian, Super-Soldier, Huskburster Swarm, Watery Grave"
"22","3","Red/Blue","RU Spellslinger","Spells","9","14","17","2.39","Staggershock, Hard Evidence, Faerie Conclave, Frost Trickster, Steam Vents, Picklock Prankster, Rise from the Tides, Confounding Riddle, Young Pyromancer, Daze, Firebolt, Miscalculation, Mountain, Mountain, Mountain, Mountain, Mountain, Mountain, Mountain, Sprite Dragon, Codecracker Hound, Island, Island, Island, Island, Island, Island, Island, Island, Faerie Seer, Improbable Alliance, Memory Lapse, Into the Roil, Mana Leak, Brimstone Volley, Monastery Swiftspear, Slickshot Lockpicker, Moment of Truth, Pinnacle Monk, Abrade","Tandem Lookout, Bitter Reunion, Kavaron Harrier, Brawn, Amadeus Cho, Curiosity, Opera Love Song, Reckless Charge, Studious First-Year, Blackcleave Cliffs, Psychic Spiral, The Last Ronin's Technique, Sourbread Auntie, Flametongue Yearling, Nurturing Pixie, Geological Appraiser, Dream Beavers, Mask of Memory, Elite Interceptor, Sheltered Thicket, Perilous Landscape"
"22","4","Blue/White","UW Control","Blue/White","15","8","17","3.04","Talisman of Progress, Prismatic Vista, Witch Enchanter, Combat Thresher, Ephemerate, A.I.M. Synthoids, Lita, Little Orphan Amphibian, Mulldrifter, Horizon Canopy, Unable to Scream, Omen of the Sea, Essence Reliquary, Touch the Spirit Realm, Kitchen Finks, Cynette, Jelly Drover, Soulherder, Mage's Attendant, Glimmerpoint Stag, Getaway Glamer, Flickerwisp, Island, Island, Island, Island, Island, Plains, Plains, Plains, Plains, Plains, Plains, Plains, Sharae of Numbing Depths, Meticulous Archive, Control Magic, Githzerai Monk, Tranquil Landscape, Harrier Strix, Militia Bugler, Hallowed Fountain","Thirst for Identity, Fetid Pools, Summon: Fenrir, Canyon Crab, Prava of the Steel Legion, Intimidation Campaign, Pilgrim's Eye, Signal Pest, Meat Locker // Drowned Diner, Flopsie, Bumi's Buddy, Charging Strifeknight, The Neutrinos, Elite Scaleguard, Archive Dragon, Seeker of the Way, Echoing Truth, Pummeler for Hire"
"22","5","Green","G Counters","Green","15","8","17","2.96","Reclamation Sage, Avacyn's Pilgrim, Beanstalk Giant, Wall of Roots, Imperious Perfect, Jewel Thief, Thrashing Brontodon, Trumpeting Herd, Curse of Predation, The Aesir Escape Valhalla, Wolfwillow Haven, Harmonize, Duskwatch Recruiter, Sprout Swarm, Temur Sabertooth, Bridgeworks Battle, Joraga Treespeaker, Hunter's Talent, Eldrazi Repurposer, Forest, Forest, Forest, Forest, Forest, Forest, Forest, Forest, Forest, Forest, Forest, Forest, Forest, Forest, Forest, Forest, Lush Portico, Paradise Druid, Bannerhide Krushok, Scurry Oak, Surrak, the Hunt Caller","Dawnbringer Cleric, Gingerbrute, Grey Knight Paragon, Rosie Cotton of South Lane, Deceptive Landscape, Journey to Nowhere, Order of Midnight, Wayfarer's Bauble, Ornithopter of Paradise, Razorkin Hordecaller, Surgical Suite // Hospital Room, Overwhelming Encounter, Goblin Surprise, Chainweb Aracnir, Writhing Chrysalis, Rise of the Ants, Emergency Eject, Vitu-Ghazi Guildmage, Twisted Landscape, Scout the City, Shi'ar Soldier"
"22","6","Red/Blue","RU Spellslinger","Spells","11","12","17","2.65","Ponder, Fiery Islet, Chart a Course, Choco-Comet, Amethyst Dragon, Talisman of Creativity, Justice, Vance Astrovik, Noise Marine, Thermo-Alchemist, Rift Bolt, Prismari Campus, Faithless Looting, Talrand's Invocation, Floodpits Drowner, Behold the Unspeakable, Mishra's Bauble, Okoye, Dora Milaje Leader, Whirler Rogue, Balmor, Battlemage Captain, Coruscation Mage, Mountain, Mountain, Mountain, Mountain, Mountain, Mountain, Mountain, Burst Lightning, Island, Island, Island, Island, Island, Island, Island, Island, Faerie Vandal, Counterspell, Kasmina, Enigmatic Mentor, Khenra Spellspear","Plumecreed Escort, Drix Interception, Skoa, Embermage, Agonizing Remorse, Meteor Sword, Oliphaunt, Halo Forager, Painter's Studio // Defaced Gallery, Seething Landscape, Irreverent Gremlin, Epochrasite, Skittering Precursor, Serum Visionary, Air Nomad Legacy, Goblin Banneret, Fallaji Archaeologist, Loxodon Warhammer, Night Scythe, Shrine of Burning Rage, Grizzly Fate"
"22","7","Red/White","RW Aggro","Artifacts, Humans","13","10","17","2.30","Multiversal Passage, Charging Monstrosaur, Rimrock Knight, Bonesplitter, Heartfire Hero, Imodane's Recruiter, Ahn-Crop Crasher, Reinforced Ronin, Monstrous Rage, Reckless Pyrosurfer, Accorder Paladin, Arabella, Abandoned Doll, Eden, Seat of the Sanctum, Chain Lightning, Iroh's Demonstration, Greasewrench Goblin, Samurai's Katana, Mountain, Mountain, Mountain, Mountain, Mountain, Mountain, Mountain, Mountain, Mountain, Dragoon's Lance, Swords to Plowshares, Goblin Trenches, Twinshot Sniper, Plains, Plains, Plains, Plains, Plains, Heroic Reinforcements, Descendant of Storms, Sheltered by Ghosts, Sunbaked Canyon, Twinmaw Stormbrood","Dewdrop Cure, Requisition Raid, Rubblebelt Maverick, Icy Manipulator, Spectral Procession, Treasure Keeper, Embereth Shieldbreaker, Ash Barrens, Spiteful Prankster, Untethered Express, Archetype of Courage, Stampeding Scurryfoot, Rite of the Raging Storm, Snare Thopter, Rhox Veteran, Inspiring Overseer, All-Fates Stalker, Cogwork Librarian, Goblin Bombardment"
"22","8","Black/Red","BR Aristocrats","Spells","15","8","17","2.65","Fell the Profane, Lively Dirge, Troll of Khazad-dûm, Victimize, Thought-Stalker Warlock, Go for the Throat, Morbid Opportunist, Timeline Culler, Blood Crypt, Lord Skitter's Butcher, Mayhem Devil, Swamp, Swamp, Swamp, Swamp, Swamp, Swamp, Swamp, Swamp, Swamp, Swamp, Swamp, Swamp, Swamp, Swamp, Gut, True Soul Zealot, Bone Shards, Wurmcoil Larva, Ravenous Chupacabra, Shock Brigade, Fell, Hymn to Tourach, Carrion Feeder, Mountain, Judith, the Scourge Diva, Voldaren Epicure, Forsaken Miner, Accursed Marauder, Sulfurous Springs, Dismember","Elixir of Immortality, Eldrazi Ravager, Contaminated Landscape, Rise of the Witch-king, Honest Rutstein, Joo Dee, One of Many, Ashnod's Altar, Night's Whisper, Eviscerator's Insight, Underground Mortuary, Wreckage Wickerfolk, Diresight, Life // Death, Unburial Rites, Live or Die, Faller's Faithful, Lampad of Death's Vigil, Brazen Collector, Weaponize the Monsters, Silent Clearing"
"23","1","Black/Red","BR Aristocrats","Artifacts, Humans, Creatures","19","4","17","2.61","Amethyst Dragon, Heartfire Immolator, Inspiring Vantage, Razorkin Hordecaller, Irreverent Gremlin, Mayhem Devil, Swamp, Swamp, Scrapwork Mutt, Blackcleave Cliffs, Ahn-Crop Crasher, Reinforced Ronin, Gut, True Soul Zealot, Mishra's Bauble, Porcelain Legionnaire, Marionette Apprentice, Rally at the Hornburg, Flametongue Yearling, Shock Brigade, Greasewrench Goblin, Geological Appraiser, Pyretic Rebirth, Mountain, Mountain, Mountain, Mountain, Mountain, Mountain, Mountain, Mountain, Mountain, Mountain, Mountain, Mountain, Flametongue Kavu, Judith, the Scourge Diva, Voldaren Epicure, Shrine of Burning Rage, Red Guardian, Super-Soldier, Sulfurous Springs","The Duke, Rebel Sentry, Dragon Trainer, Icy Manipulator, Ornithopter of Paradise, Treasure Keeper, Rally the Peasants, Joo Dee, One of Many, Primordial Pachyderm, Signal Pest, Archetype of Courage, Liliana's Devotee, Mind Stone, Hedge Maze, All-Fates Stalker, Loxodon Warhammer, Pierce Strider, Hero of the Dunes, City of Brass, Huskburster Swarm"
"23","2","Blue/White","UW Control","Humans, Creatures","18","5","17","3.09","Talisman of Progress, Witch Enchanter, Plumecreed Escort, Simic Growth Chamber, Undercity Sewers, Lingering Souls, Fabled Passage, Tandem Lookout, Multiversal Passage, Brawn, Amadeus Cho, Lose Focus, Hypnotic Sprite, Breeding Pool, Mulldrifter, Scattered Groves, Irrigated Farmland, Ultimo, Civilization's End, Essence Reliquary, Atraxi Warden, Wall of Omens, Sicarian Infiltrator, Tax Collector, Shepherd of the Flock, Whirler Rogue, Isolated Chapel, Faebloom Trick, Mage's Attendant, Island, Island, Island, Island, Plains, Plains, Plains, Shepherd of the Clouds, Fiend Hunter, Meticulous Archive, Slickshot Lockpicker, Harrier Strix, Silent Clearing","Dewdrop Cure, Prophetic Prism, Order of Midnight, Lord Skitter's Butcher, Studious First-Year, Guarded Heir, The Last Ronin's Technique, Practiced Scrollsmith, Peace Strider, Dinrova Horror, Dauntless Scrapbot, Thopter Squadron"
"23","3","Green/Red","GR Stompy","Enchantments","13","10","17","3.13","Choco-Comet, Noise Marine, Charging Monstrosaur, Glacier Godmaw, Summon: Fenrir, Wall of Roots, Bloodbraid Elf, Lightning Bolt, Jewel Thief, Thrashing Brontodon, Trumpeting Herd, Wild Growth, Sontaran General, Rampant Growth, Rootbound Crag, Rancor, Bridgeworks Battle, Mountain, Mountain, Mountain, Mountain, Mountain, Hunter's Talent, Burst Lightning, Forest, Forest, Forest, Forest, Forest, Forest, Forest, Forest, Forest, Forest, Fertile Ground, Writhing Chrysalis, Sheltered Thicket, Ghor-Clan Rampager, General Marhault Elsdragon, Surrak, the Hunt Caller","A.I.M. Synthoids, Circuit Mender, Rosie Cotton of South Lane, Bountiful Landscape, Vilespawn Spider, Curse of Predation, Overwhelming Encounter, Wolfwillow Haven, Beast Within, Mouth of the Storm, Temur Sabertooth, Spinewoods Armadillo, Dragon Sniper, Propagator Drone, Rite of the Raging Storm, Twinshot Sniper, Earthrumbler, Law-Rune Enforcer, At Knifepoint, Scout the City"
"23","4","Black/Blue","BU Reanimator","Spells","6","17","17","2.74","Fell the Profane, Chart a Course, Shefet Archfiend, Lively Dirge, Halo Forager, Sheoldred's Edict, Fetid Pools, Duress, Swamp, Swamp, Swamp, Swamp, Swamp, Swamp, Swamp, Swamp, Swamp, Swamp, Swamp, Swamp, Swamp, Sinister Starfish, Lórien Revealed, Necromancy, Bone Shards, Striped Riverwinder, Bitter Triumph, Demonic Tutor, Fell, Hymn to Tourach, Diresight, Preordain, Island, Island, Island, Animate Dead, Remand, Deep-Cavern Bat, Obsessive Stitcher, Dismember","Utopia Sprawl, Thirst for Identity, Syr Konrad, the Grim, Justice, Vance Astrovik, Seething Landscape, Blood Artist, Timeline Culler, Priest of the Blood Rite, Night Clubber, Intimidation Campaign, Graceful Restoration, Sheltering Landscape, Drown in Sorrow, Curse of Disturbance, Mad Ratter, Trostani's Summoner, Raven's Crime, Sonic Screwdriver, Skateboard, Collector's Vault, Anafenza, Kin-Tree Spirit"
"23","5","Blue/White","UW Control","Enchantments","14","9","17","3.13","Combat Thresher, Aerie Auxiliary, Ephemerate, Glyph Elemental, Victor Timely, Wily Tycoon, Journey to Nowhere, Floodpits Drowner, Touch the Spirit Realm, Surgical Suite // Hospital Room, Momo, Playful Pet, Soulherder, Splitskin Doll, Glimmerpoint Stag, Getaway Glamer, Dragoon's Lance, Flickerwisp, Island, Island, Island, Faerie Seer, Memory Lapse, Plains, Plains, Plains, Plains, Plains, Plains, Plains, Plains, Plains, Plains, Plains, Plains, Plains, Plains, Control Magic, Githzerai Monk, Cloudgoat Ranger, Battle Screech, Militia Bugler","Gingerbrute, Deceptive Landscape, Sunhome Stalwart, Leonardo, Leader in Blue, Imperial Oath, Ash Barrens, Godless Shrine, Argyr, Tidal Spinner, Adanto Vanguard, Mana Tithe, Call of the Death-Dweller, High-Speed Hoverbike, Air Nomad Legacy, Elas il-Kor, Sadistic Pilgrim, Mandibular Kite, Descendant of Storms, Dalkovan Packbeasts, Spinewoods Paladin, Tranquil Landscape, Mask of Memory, Elite Interceptor, Gary Clone"
"23","6","Red/Blue","RU Spellslinger","Spells, Humans","10","13","17","2.57","Prismatic Vista, Staggershock, Phantom Interference, Talisman of Creativity, Thermo-Alchemist, Rimrock Knight, Start the TARDIS, Brainstorm, Prismari Campus, Eddymurk Crab, Fact or Fiction, Reckless Charge, Young Pyromancer, Okoye, Dora Milaje Leader, Daze, Firebolt, Balmor, Battlemage Captain, Chain Lightning, Mountain, Mountain, Mountain, Mountain, Mountain, Mountain, Mountain, Mountain, Mountain, Sprite Dragon, Codecracker Hound, Island, Island, Island, Island, Island, Island, Expressive Iteration, Brimstone Volley, Murmuring Mystic, Hearth Elemental, Arc Trail","Agonizing Remorse, Lita, Little Orphan Amphibian, Inquisition of Kozilek, Blood Crypt, Imodane's Recruiter, Embereth Shieldbreaker, Kumano Faces Kakkazan, Blossom Prancer, Cynette, Jelly Drover, Pestermite, Hordeling Outburst, Flopsie, Bumi's Buddy, The Neutrinos, Heroic Reinforcements, Indebted Spirit, Forsaken Miner, Environmental Scientist, Brazen Collector, Twinmaw Stormbrood, Pummeler for Hire"
"23","7","Blue","U Artifacts","Artifacts, Spells","10","13","17","3.09","Ponder, Hard Evidence, Everflowing Chalice, Killmonger, Scourge of Wakanda, Elixir of Immortality, Rise from the Tides, Canyon Crab, Hieroglyphic Illumination, Bonder's Ornament, Basalt Monolith, Marauding Sphinx, Unnerving Grasp, Miscalculation, Island, Island, Island, Island, Island, Island, Island, Island, Island, Island, Island, Island, Island, Island, Island, Island, Eldrazi Skyspawner, Shoreline Looter, Into the Roil, Mana Leak, Counterspell, Mirrorshell Crab, Archive Dragon, Lush Portico, Meteor Golem, Agent 13, Sharon Carter, Perilous Myr","Eternal Student, Veteran Beastrider, Shroudstomper, Bane of Bala Ged, Diligent Webkeepers, Unearth, Psychic Spiral, Untethered Express, Renata, Called to the Hunt, Heirloom Blade, Arabella, Abandoned Doll, Meat Locker // Drowned Diner, Carrion Feeder, Dream Beavers, Biomechan Engineer, Faerie Vandal, Foreboding Landscape, Grafted Wargear, Rise of the Ants, Night Scythe, Autarch Mammoth"
"23","8","Black/Green","BG Graveyard","Spells, Elves","11","12","17","3.09","Fatal Push, Golgari Rot Farm, Rubblebelt Maverick, Elves of Deep Shadow, Beanstalk Giant, Victimize, Eternal Witness, Rise of the Witch-king, Honest Rutstein, Swamp, Swamp, Swamp, Swamp, Swamp, The Aesir Escape Valhalla, Overgrown Tomb, Joraga Treespeaker, Reanimate, Forest, Forest, Forest, Forest, Forest, Forest, Forest, Forest, Forest, Treetop Village, Malevolent Rumble, Life // Death, Unburial Rites, Spider Spawning, Honored Hydra, Live or Die, Fyndhorn Elves, Paradise Druid, Satyr Wayfinder, Disruptive Stormbrood, Grizzly Fate, Exhume","Imperious Perfect, Undead Gladiator, Pack Guardian, Wurmcoil Larva, Rishkar, Peema Renegade, Harmonize, Duskwatch Recruiter, Sprout Swarm, Recruitment Officer, Galewind Moose, Chainweb Aracnir, Lluwen, Exchange Student, Devoted Druid, Emergency Eject, Vitu-Ghazi Guildmage, Bannerhide Krushok, Sunbaked Canyon, Yahenni, Undying Partisan, Vampire Nighthawk"
"24","1","Black/Blue","BU Reanimator","Spells","13","10","17","3.22","Fabled Passage, A.I.M. Synthoids, Syr Konrad, the Grim, Iron-Shield Elf, Troll of Khazad-dûm, Go for the Throat, Duress, Inquisition of Kozilek, Timeline Culler, Confounding Riddle, Priest of the Blood Rite, Night Clubber, Swamp, Swamp, Swamp, Swamp, Swamp, Swamp, Swamp, Swamp, Swamp, Swamp, Swamp, Swamp, Swamp, Swamp, Striped Riverwinder, Wurmcoil Larva, Island, Arms of Hadar, Mirrorshell Crab, Forsaken Miner, Life // Death, Unburial Rites, Accursed Marauder, Deep-Cavern Bat, Tortured Existence, Exhume, Watery Grave, Dismember","Circuit Mender, Eldrazi Ravager, Shroudstomper, Faithless Looting, Floodpits Drowner, Behold the Unspeakable, Reflector Mage, Mischievous Mystic, Hieroglyphic Illumination, The Last Ronin's Technique, Shepherd of the Flock, Marauding Sphinx, Beast Within, Stormkeld Vanguard, Air Nomad Legacy, Thran Dynamo, Foreboding Landscape, Lluwen, Exchange Student, Slickshot Lockpicker, Environmental Scientist"
"24","2","Green","G Ramp","Enchantments, Elves, Creatures","16","7","17","2.91","Utopia Sprawl, Elves of Deep Shadow, Beanstalk Giant, Eusocial Engineering, Glacier Godmaw, Summon: Fenrir, Aftermath Analyst, Wall of Roots, Elvish Mystic, Arbor Elf, Nyxborn Hydra, Wild Growth, Wolfwillow Haven, Under the Skin, Overgrown Tomb, Joraga Treespeaker, Timeless Witness, Hunter's Talent, Forest, Forest, Forest, Forest, Forest, Forest, Forest, Forest, Forest, Forest, Forest, Forest, Forest, Forest, Forest, Treetop Village, Mind Stone, Devoted Druid, Bramble Wurm, Honored Hydra, Sakura-Tribe Elder, Surrak, the Hunt Caller","Shefet Archfiend, Everflowing Chalice, Deceptive Landscape, Artisan of Kozilek, The Duke, Rebel Sentry, Breeding Pool, Veteran Beastrider, Canyon Crab, Ash Barrens, Tolls of War, Bonder's Ornament, Trumpeting Herd, Dragon Sniper, Propagator Drone, Seismic Sense, Practiced Scrollsmith, Insidious Roots, Bannerhide Krushok, Harrier Strix, Perilous Myr"
"24","3","White","W Weenie","Enchantments, Soldiers, Creatures","16","7","17","2.65","Oketra's Monument, Kor Skyfisher, Requisition Raid, Combat Thresher, Aerie Auxiliary, Rosie Cotton of South Lane, Glyph Elemental, Journey to Nowhere, Prava of the Steel Legion, Touch the Spirit Realm, Tax Collector, Archetype of Courage, Momo, Playful Pet, Nurturing Pixie, Mana Tithe, Recruitment Officer, Swords to Plowshares, Flickerwisp, Plains, Plains, Plains, Plains, Plains, Plains, Plains, Plains, Plains, Plains, Plains, Plains, Plains, Plains, Plains, Plains, Plains, Thraben Inspector, Fiend Hunter, Githzerai Monk, Cloudgoat Ranger, Cast Out","Talisman of Progress, Dewdrop Cure, Talisman of Creativity, Frost Trickster, Lita, Little Orphan Amphibian, Basalt Monolith, Heirloom Blade, High-Speed Hoverbike, Snare Thopter, Elas il-Kor, Sadistic Pilgrim, Rhox Veteran, Path to the World Tree, Elite Scaleguard, Indebted Spirit, Sonic Screwdriver, Dalkovan Packbeasts, Elite Interceptor, Emergency Eject, Vitu-Ghazi Guildmage, Hallowed Fountain, Collector's Vault, Pummeler for Hire"
"24","4","Black/Blue/White","BUW Control","Spells","11","12","17","3.48","Fell the Profane, Undercity Sewers, Lingering Souls, Fatal Push, Justice, Vance Astrovik, Halo Forager, Contaminated Landscape, Fetid Pools, Bane of Bala Ged, Waker of Waves, Irrigated Farmland, Omen of the Sea, The Eldest Reborn, Vampire Sovereign, Swamp, Swamp, Swamp, Swamp, Swamp, Swamp, Mishra's Factory, Graceful Restoration, Lórien Revealed, Bone Shards, Godless Shrine, Ravenous Chupacabra, Demonic Tutor, Mouth of the Storm, Wreckage Wickerfolk, Shuri, Vibranium Technologist, Codecracker Hound, Island, Island, Island, Plains, Animate Dead, Into the Roil, Night Nurse, Healer of Heroes, Reprieve, Silent Clearing","Meteor Sword, Joo Dee, One of Many, Undead Gladiator, Ahn-Crop Crasher, Atraxi Warden, Repulsive Mutation, Colossal Skyturtle, Getaway Glamer, Dauntless Scrapbot, Shepherd of the Clouds, Lush Portico, Mask of Memory, All-Fates Stalker, Night Scythe, City of Brass"
"24","5","Black/Green","BG Graveyard","Creatures","16","7","17","2.91","Lively Dirge, Brawn, Amadeus Cho, Golgari Rot Farm, Killmonger, Scourge of Wakanda, Victimize, Horizon Canopy, Order of Midnight, Blood Artist, Scattered Groves, Jewel Thief, Unearth, Swamp, Swamp, Swamp, Swamp, Swamp, Swamp, Swamp, Swamp, Swamp, Swamp, Llanowar Elves, The Aesir Escape Valhalla, Okoye, Dora Milaje Leader, Marionette Apprentice, Spinewoods Armadillo, Fell, Carrion Feeder, Forest, Forest, Forest, Forest, Gonti, Lord of Luxury, Faerie Dreamthief, Spider Spawning, Fyndhorn Elves, Power Word Kill, Disruptive Stormbrood, Scurry Oak, Huskburster Swarm","Gingerbrute, Agonizing Remorse, Wayfarer's Bauble, Imperious Perfect, Ashnod's Altar, Embereth Shieldbreaker, Studious First-Year, Pack Guardian, Mishra's Bauble, Harmonize, Eviscerator's Insight, Sawblade Skinripper, Bridgeworks Battle, Biomechan Engineer, Earthrumbler, Twisted Landscape, Skateboard, Mighty Mutanimals, Yahenni, Undying Partisan"
"24","6","Red/White","RW Aggro","Artifacts, Humans","15","8","17","2.13","Dragon's Rage Channeler, Inspiring Vantage, Lightning Bolt, Irreverent Gremlin, Sacred Foundry, Heartfire Hero, Imodane's Recruiter, Reinforced Ronin, Gut, True Soul Zealot, Monstrous Rage, Reckless Pyrosurfer, Porcelain Legionnaire, Cathar Commando, Firebolt, Arabella, Abandoned Doll, Iroh's Demonstration, Adanto Vanguard, Ghostfire Slice, Mountain, Mountain, Mountain, Mountain, Mountain, Mountain, Mountain, Mountain, Mountain, Mountain, Hordeling Outburst, Dragoon's Lance, Plains, Plains, Plains, Heroic Reinforcements, Rabbit Battery, Descendant of Storms, Ominous Cemetery, Seeker of the Way, Sunbaked Canyon, Twinmaw Stormbrood","Dawnbringer Cleric, Staggershock, Grey Knight Paragon, Start the TARDIS, Leonardo, Leader in Blue, Prismari Campus, Treasure Keeper, Imperial Oath, Untethered Express, Pilgrim's Eye, Surgical Suite // Hospital Room, Unnerving Grasp, Shattered Landscape, Law-Rune Enforcer, Inspiring Overseer, Lampad of Death's Vigil, Red Guardian, Super-Soldier, Autarch Mammoth"
"24","7","Black/Red","BR Aristocrats","Black/Red","15","8","17","2.91","Noise Marine, Rift Bolt, Razorkin Hordecaller, Blood Crypt, Mayhem Devil, Triarch Praetorian, Swamp, Swamp, Swamp, Spiteful Prankster, Blackcleave Cliffs, Sontaran General, Goblin Surprise, Skittering Precursor, Mogg War Marshal, Chain Lightning, Rootbound Crag, Geological Appraiser, Pyretic Rebirth, Mountain, Mountain, Mountain, Mountain, Mountain, Mountain, Mountain, Mountain, Mountain, Mountain, Mountain, Flametongue Kavu, Twinshot Sniper, Judith, the Scourge Diva, Bastion of Remembrance, Goliath, Mass Manipulator, Cult Conscript, Arc Trail, Shi'ar Soldier, Abrade, Weaponize the Monsters","Cactusfolk Sureshot, Amethyst Dragon, Skoa, Embermage, Prophetic Prism, Eternal Student, Oliphaunt, Charging Monstrosaur, Dragon Trainer, Bonesplitter, Reckless Charge, Iraxxa, Empress of Mars, Guarded Heir, Sicarian Infiltrator, Goblin Banneret, The Neutrinos, Shrine of Burning Rage, Pierce Strider, Cogwork Librarian, General Marhault Elsdragon"
"24","8","Red/Blue","RU Spellslinger","Spells","8","15","17","2.78","Ponder, Chart a Course, Hard Evidence, Faerie Conclave, Steam Vents, Lose Focus, Ninja of the Deep Hours, Hypnotic Sprite, Stock Up, Mulldrifter, Rise from the Tides, Eddymurk Crab, Talrand's Invocation, Daze, Faebloom Trick, Miscalculation, Mountain, Sprite Dragon, Preordain, Island, Island, Island, Island, Island, Island, Island, Island, Island, Island, Island, Island, Island, Island, Faerie Seer, Improbable Alliance, Electrostatic Infantry, Memory Lapse, Expressive Iteration, Control Magic, Murmuring Mystic","Thirst for Identity, Plumecreed Escort, Tandem Lookout, Victor Timely, Wily Tycoon, Bloodbraid Elf, Spyglass Siren, Epochrasite, Whirler Rogue, Mad Ratter, Pestermite, Trostani's Summoner, Ghostly Flicker, Riftwing Cloudskate, Charging Strifeknight, Hedge Maze, Archive Dragon, Highway Robbery, Kasmina, Enigmatic Mentor, Echoing Truth, Pinnacle Monk"
"25","1","Black/Red","BR Aristocrats","Creatures","17","6","17","2.43","Fell the Profane, Lively Dirge, Umbral Collar Zealot, Multiversal Passage, Oliphaunt, Cut Down, Iron-Shield Elf, Blood Artist, Blood Crypt, Joo Dee, One of Many, Lord Skitter's Butcher, Mayhem Devil, Triarch Praetorian, Swamp, Swamp, Swamp, Swamp, Swamp, Swamp, Swamp, Swamp, Swamp, Swamp, Swamp, Swamp, Swamp, Swamp, Spiteful Prankster, Blackcleave Cliffs, Resentful Revelation, Marionette Apprentice, Ravenous Chupacabra, Hymn to Tourach, Reassembling Skeleton, Reanimate, Forsaken Miner, Gonti, Lord of Luxury, Faerie Dreamthief, Deep-Cavern Bat, Yahenni, Undying Partisan","Fiery Islet, Fabled Passage, Skoa, Embermage, Charging Monstrosaur, The Underworld Cookbook, Faithless Looting, Treasure Keeper, Tolls of War, Primordial Pachyderm, Rootbound Crag, Goblin Banneret, Flopsie, Bumi's Buddy, Twinshot Sniper, At Knifepoint, Brimstone Volley, Kasmina, Enigmatic Mentor, Spawning Pit, Hearth Elemental, Perilous Myr"
"25","2","Green/Blue","GU Ramp","Elves","15","8","17","3.26","Reclamation Sage, Plumecreed Escort, Splash Lasher, A.I.M. Synthoids, Breeding Pool, Glacier Godmaw, Irrigated Farmland, Arbor Elf, Behold the Unspeakable, Pack Guardian, Lórien Revealed, Llanowar Elves, Curse of Predation, Rishkar, Peema Renegade, Unnerving Grasp, Stormkeld Vanguard, Temur Sabertooth, Bridgeworks Battle, Seismic Sense, Galewind Moose, Island, Island, Island, Forest, Forest, Forest, Forest, Forest, Forest, Forest, Forest, Forest, Forest, Forest, Memory Lapse, Sink into Stupor, Hedge Maze, Devoted Druid, Agent 13, Sharon Carter, Shi'ar Soldier","Thirst for Identity, Chart a Course, Hypnotic Sprite, Elixir of Immortality, Veteran Beastrider, Prismari Campus, Imperious Perfect, Overwhelming Encounter, Faebloom Trick, Raven's Crime, Foreboding Landscape, Shepherd of the Clouds, The Cave of Two Lovers, Lluwen, Exchange Student, Murmuring Mystic, Skateboard, Slickshot Lockpicker, Satyr Wayfinder, Harrier Strix"
"25","3","Red","R Burn","Humans","13","10","17","2.48","Choco-Comet, Thermo-Alchemist, Rimrock Knight, Painter's Studio // Defaced Gallery, Rift Bolt, Reckless Charge, Heartfire Hero, Kumano Faces Kakkazan, Scrapwork Mutt, Monstrous Rage, Reckless Pyrosurfer, Sontaran General, Goblin Surprise, Mogg War Marshal, Flametongue Yearling, Fireblast, Geological Appraiser, Mountain, Mountain, Mountain, Mountain, Mountain, Mountain, Mountain, Mountain, Mountain, Mountain, Mountain, Mountain, Mountain, Mountain, Mountain, Mountain, Mountain, Electrostatic Infantry, Fire Magic, Monastery Swiftspear, Shrine of Burning Rage, Pinnacle Monk, Brazen Collector","Eternal Student, Bitter Reunion, Start the TARDIS, Dragon Trainer, Eddymurk Crab, Mishra's Bauble, Okoye, Dora Milaje Leader, Mad Ratter, Archetype of Courage, Ka-Zar of the Savage Land, High-Speed Hoverbike, Pyretic Rebirth, Sprite Dragon, Charging Strifeknight, Improbable Alliance, Judith, the Scourge Diva, Expressive Iteration, Elite Interceptor, Highway Robbery, Autarch Mammoth, Ghor-Clan Rampager, Sulfurous Springs"
"25","4","Green/Blue","GU Ramp","Enchantments, Humans","13","10","17","2.74","Utopia Sprawl, Simic Growth Chamber, Avacyn's Pilgrim, Hard Evidence, Phantom Interference, Justice, Vance Astrovik, Eusocial Engineering, Summon: Fenrir, Unable to Scream, Bonder's Ornament, Blossom Prancer, Whirler Rogue, Beast Within, Colossal Skyturtle, Talisman of Curiosity, Dragon Sniper, Hunter's Talent, Eldrazi Repurposer, Island, Island, Island, Island, Forest, Forest, Forest, Forest, Forest, Forest, Forest, Forest, Forest, Forest, Biomechan Engineer, Plains, Mana Leak, Meticulous Archive, Bramble Wurm, Paradise Druid, Night Nurse, Healer of Heroes, Sakura-Tribe Elder","Prophetic Prism, Ninja of the Deep Hours, Spectral Procession, Bane of Bala Ged, Omen of the Sea, Floodpits Drowner, Canyon Crab, Studious First-Year, Hieroglyphic Illumination, Godless Shrine, Cathar Commando, Sandstone Oracle, Trostani's Summoner, Duskwatch Recruiter, Thran Dynamo, Dauntless Scrapbot, Faerie Vandal, Chainweb Aracnir, Tranquil Landscape, Echoing Truth"
"25","5","White","W Weenie","Creatures","17","6","17","2.74","Dawnbringer Cleric, Witch Enchanter, Kor Skyfisher, Lingering Souls, Combat Thresher, Ephemerate, Grey Knight Paragon, Rosie Cotton of South Lane, Glyph Elemental, Essence Reliquary, Touch the Spirit Realm, Tax Collector, Shepherd of the Flock, Momo, Playful Pet, Nurturing Pixie, Mana Tithe, Swords to Plowshares, Flickerwisp, Plains, Plains, Plains, Plains, Plains, Plains, Plains, Plains, Plains, Plains, Plains, Plains, Plains, Plains, Plains, Plains, Plains, Descendant of Storms, Githzerai Monk, Cloudgoat Ranger, Anafenza, Kin-Tree Spirit, Mighty Mutanimals","Dewdrop Cure, Everflowing Chalice, Circuit Mender, Meteor Sword, The Duke, Rebel Sentry, Lita, Little Orphan Amphibian, Horizon Canopy, Leonardo, Leader in Blue, Brainstorm, Elvish Mystic, Reflector Mage, Kitchen Finks, Shattered Landscape, Argyr, Tidal Spinner, Serum Visionary, Elas il-Kor, Sadistic Pilgrim, Faerie Seer, Sharae of Numbing Depths, Goliath, Mass Manipulator, Lush Portico, Gary Clone, Thopter Squadron"
"25","6","Red/White","RW Aggro","Artifacts, Humans","11","12","17","2.35","Oketra's Monument, Requisition Raid, Killmonger, Scourge of Wakanda, Journey to Nowhere, Sunhome Stalwart, Rally the Peasants, Lightning Bolt, Sacred Foundry, Bonesplitter, Ahn-Crop Crasher, Reinforced Ronin, Signal Pest, Firebolt, Heirloom Blade, Adanto Vanguard, Splitskin Doll, Samurai's Katana, Mountain, Mountain, Mountain, Dragoon's Lance, Plains, Plains, Plains, Plains, Plains, Plains, Plains, Plains, Plains, Plains, Plains, Rabbit Battery, Dalkovan Packbeasts, Sheltered Thicket, Loxodon Warhammer, Seeker of the Way, Battle Screech, Sunbaked Canyon, Twinmaw Stormbrood","Heartfire Immolator, Noise Marine, Opera Love Song, Bountiful Landscape, Icy Manipulator, Sheltering Landscape, Atraxi Warden, Wall of Omens, Young Pyromancer, Coruscation Mage, Rite of the Raging Storm, Practiced Scrollsmith, The Neutrinos, Law-Rune Enforcer, Fiend Hunter, Spinewoods Paladin, Mask of Memory, Perilous Landscape, City of Brass"
"25","7","Black/Blue","BU Reanimator","Spells","8","15","17","3.00","Ponder, Undercity Sewers, Dance of the Dead, Halo Forager, Victimize, Duress, Consider, Swamp, Swamp, Swamp, Swamp, Swamp, Swamp, Swamp, Swamp, Swamp, Sinister Starfish, Bone Shards, Shriekmaw, Striped Riverwinder, Bitter Triumph, Miscalculation, Diresight, Dinrova Horror, Island, Island, Island, Island, Island, Fallaji Archaeologist, Animate Dead, Counterspell, Mirrorshell Crab, Unburial Rites, Live or Die, Obsessive Stitcher, Collector's Vault, Exhume, Watery Grave, Silent Clearing","Drix Interception, Cactusfolk Sureshot, Agonizing Remorse, Steam Vents, Contaminated Landscape, Seething Landscape, Ultimo, Civilization's End, Iraxxa, Empress of Mars, Intimidation Campaign, Graceful Restoration, Skittering Precursor, Mouth of the Storm, Pestermite, Underground Mortuary, Path to the World Tree, Peace Strider, Sonic Screwdriver, Faller's Faithful, Scout the City"
"25","8","Black/Green","BG Graveyard","Humans","14","9","17","2.96","Syr Konrad, the Grim, Elves of Deep Shadow, Sheoldred's Edict, Eternal Witness, Morbid Opportunist, Aftermath Analyst, Inquisition of Kozilek, Timeline Culler, Jewel Thief, Swamp, Swamp, Swamp, Swamp, Swamp, Swamp, Swamp, Swamp, Swamp, Swamp, The Aesir Escape Valhalla, Curse of Disturbance, Under the Skin, Fell, Shuri, Vibranium Technologist, Overgrown Tomb, Call of the Death-Dweller, Joraga Treespeaker, Forest, Forest, Forest, Forest, Forest, Treetop Village, Arms of Hadar, Spider Spawning, Fyndhorn Elves, Cult Conscript, Disruptive Stormbrood, Surrak, the Hunt Caller, Huskburster Swarm","Deceptive Landscape, Eldrazi Ravager, Bloodbraid Elf, Ashnod's Altar, Ash Barrens, Drown in Sorrow, Psychic Spiral, Untethered Express, Pilgrim's Eye, Wild Growth, Night's Whisper, Rampant Growth, Carrion Feeder, Dream Beavers, Mandibular Kite, Writhing Chrysalis, Pelakka Wurm, Meteor Golem, Cogwork Librarian, General Marhault Elsdragon"
"26","1","White","W Weenie","Enchantments, Soldiers, Creatures","17","6","17","2.65","Witch Enchanter, Oketra's Monument, Kor Skyfisher, Rosie Cotton of South Lane, Lita, Little Orphan Amphibian, Glyph Elemental, Touch the Spirit Realm, Surgical Suite // Hospital Room, Rishkar, Peema Renegade, Cathar Commando, Archetype of Courage, Adanto Vanguard, Splitskin Doll, Mana Tithe, Recruitment Officer, Elite Scaleguard, Plains, Plains, Plains, Plains, Plains, Plains, Plains, Plains, Plains, Plains, Plains, Plains, Plains, Plains, Plains, Plains, Law-Rune Enforcer, Indebted Spirit, Descendant of Storms, Ominous Cemetery, Battle Screech, Anafenza, Kin-Tree Spirit, Cast Out, Mighty Mutanimals","Gingerbrute, Grey Knight Paragon, Curiosity, Veteran Beastrider, Summon: Fenrir, Jewel Thief, Nyxborn Hydra, Guarded Heir, Untethered Express, Trumpeting Herd, Okoye, Dora Milaje Leader, Signal Pest, Ka-Zar of the Savage Land, Rootbound Crag, High-Speed Hoverbike, Bridgeworks Battle, Practiced Scrollsmith, Flopsie, Bumi's Buddy, Galewind Moose, Loxodon Warhammer, Paradise Druid"
"26","2","Black/White","BW Midrange","Humans, Creatures","18","5","17","2.78","Umbral Collar Zealot, Multiversal Passage, Golgari Rot Farm, Killmonger, Scourge of Wakanda, Thought-Stalker Warlock, The Eldest Reborn, Mayhem Devil, Ashnod's Altar, Swamp, Swamp, Swamp, Swamp, Swamp, Swamp, Swamp, Swamp, Swamp, Swamp, Swamp, Swamp, Swamp, Marionette Apprentice, Eviscerator's Insight, Wreckage Wickerfolk, Carrion Feeder, Elas il-Kor, Sadistic Pilgrim, Liliana's Devotee, Plains, Grafted Wargear, Bastion of Remembrance, Gonti, Lord of Luxury, Agent 13, Sharon Carter, Faller's Faithful, Lampad of Death's Vigil, Cult Conscript, Hero of the Dunes, Perilous Myr, Silent Clearing, Yahenni, Undying Partisan, Vampire Nighthawk","Agonizing Remorse, Prophetic Prism, Sunhome Stalwart, Shroudstomper, The Underworld Cookbook, Graceful Restoration, Mishra's Bauble, Renata, Called to the Hunt, Sourbread Auntie, Overwhelming Encounter, Shattered Landscape, Hordeling Outburst, At Knifepoint, Animate Dead, Arms of Hadar, The Cave of Two Lovers, Twisted Landscape, Autarch Mammoth, General Marhault Elsdragon"
"26","3","Blue/White","UW Control","Creatures","16","7","17","2.87","Dawnbringer Cleric, Ephemerate, Frost Trickster, Ninja of the Deep Hours, Mulldrifter, Journey to Nowhere, Irrigated Farmland, Floodpits Drowner, Spyglass Siren, Reflector Mage, Atraxi Warden, Wall of Omens, Lórien Revealed, Nurturing Pixie, Soulherder, Mage's Attendant, Glimmerpoint Stag, Getaway Glamer, Island, Island, Island, Island, Island, Island, Island, Plains, Plains, Plains, Plains, Plains, Plains, Plains, Plains, Sharae of Numbing Depths, Counterspell, Meticulous Archive, Sheltered by Ghosts, Inspiring Overseer, Emergency Eject, All-Fates Stalker","Drix Interception, Requisition Raid, Tandem Lookout, Contaminated Landscape, Icy Manipulator, Spectral Procession, Diligent Webkeepers, Kitchen Finks, Repulsive Mutation, Cliffhaven Kitesail, Propagator Drone, Snare Thopter, Thran Dynamo, Charging Strifeknight, Sonic Screwdriver, Tranquil Landscape, Elite Interceptor, Perilous Landscape, Slickshot Lockpicker, Harrier Strix"
"26","4","Black/Red","BR Aristocrats","Black/Red","14","9","17","2.39","Dragon's Rage Channeler, Fabled Passage, Stomping Ground, Oliphaunt, Sheoldred's Edict, Duress, Faithless Looting, Blood Crypt, Undead Gladiator, Swamp, Swamp, Swamp, Swamp, Swamp, Swamp, Swamp, Swamp, Scrapwork Mutt, Necromancy, Shriekmaw, Resentful Revelation, Wurmcoil Larva, Flametongue Yearling, Shock Brigade, Iroh's Demonstration, Fell, Shuri, Vibranium Technologist, Reassembling Skeleton, Reanimate, Mountain, Mountain, Mountain, Mountain, Twinshot Sniper, Goliath, Mass Manipulator, Forsaken Miner, Faerie Dreamthief, Sheltered Thicket, Goblin Bombardment, Sulfurous Springs","Skoa, Embermage, Talisman of Creativity, Charging Monstrosaur, Eldrazi Ravager, Elvish Mystic, Priest of the Blood Rite, Iraxxa, Empress of Mars, Embereth Shieldbreaker, Thrashing Brontodon, Pack Guardian, Skittering Precursor, Rite of the Raging Storm, Hunter's Talent, Shrine of Burning Rage, Pierce Strider, Satyr Wayfinder, Hearth Elemental"
"26","5","Black/Green","BG Graveyard","Black/Green","15","8","17","4.17","Fell the Profane, Shefet Archfiend, Cut Down, Troll of Khazad-dûm, Beanstalk Giant, Eternal Witness, Inquisition of Kozilek, Wall of Roots, Rise of the Witch-king, Vilespawn Spider, Honest Rutstein, Arbor Elf, Swamp, Swamp, Swamp, Swamp, Swamp, Swamp, Swamp, Underground Mortuary, Colossal Skyturtle, Joraga Treespeaker, Forest, Forest, Forest, Forest, Forest, Forest, Forest, Foreboding Landscape, Hedge Maze, Pelakka Wurm, Insidious Roots, Spider Spawning, Bramble Wurm, Honored Hydra, Disruptive Stormbrood, Grizzly Fate, Huskburster Swarm, Exhume","Reclamation Sage, Meteor Sword, Artisan of Kozilek, Bane of Bala Ged, Marauding Sphinx, Beast Within, Night's Whisper, Rampant Growth, Duskwatch Recruiter, Stormkeld Vanguard, Dragon Sniper, Raven's Crime, Biomechan Engineer, Chainweb Aracnir, Devoted Druid, Rise of the Ants, City of Brass, Collector's Vault, Surrak, the Hunt Caller"
"26","6","Red/White","RW Aggro","Spells, Humans","11","12","17","2.22","Choco-Comet, Rimrock Knight, Rift Bolt, Rally the Peasants, Inspiring Vantage, Sacred Foundry, Bonesplitter, Imodane's Recruiter, Ahn-Crop Crasher, Reinforced Ronin, Gut, True Soul Zealot, Monstrous Rage, Reckless Pyrosurfer, Accorder Paladin, Firebolt, Rally at the Hornburg, Greasewrench Goblin, Ghostfire Slice, Mountain, Mountain, Mountain, Mountain, Mountain, Mountain, Mountain, Mountain, Mountain, Mountain, Swords to Plowshares, Plains, Plains, Plains, Plains, Heroic Reinforcements, Dalkovan Packbeasts, Path to Exile, Monastery Swiftspear, Reprieve, Sunbaked Canyon, Twinmaw Stormbrood","Combat Thresher, Elixir of Immortality, Scattered Groves, Razorkin Hordecaller, Reckless Charge, Imperial Oath, Primordial Pachyderm, Hieroglyphic Illumination, Heirloom Blade, Spinewoods Armadillo, Under the Skin, Rhox Veteran, Mandibular Kite, Shoreline Looter, Fire Magic, Coastline Marauders, Gary Clone, Seeker of the Way, Spawning Pit"
"26","7","Red/Blue","RU Spellslinger","Spells, Humans","10","13","17","2.26","Staggershock, Chart a Course, Hard Evidence, Phantom Interference, Steam Vents, Heartfire Immolator, Thermo-Alchemist, Start the TARDIS, Eddymurk Crab, Consider, Mischievous Mystic, Young Pyromancer, Mad Ratter, Faebloom Trick, Mountain, Mountain, Mountain, Mountain, Preordain, Island, Island, Island, Island, Island, Island, Island, Island, Island, Island, Island, Island, Faerie Vandal, Electrostatic Infantry, Sink into Stupor, Mana Leak, Expressive Iteration, Echoing Truth, Moment of Truth, Khenra Spellspear, Third Path Iconoclast","Splash Lasher, Justice, Vance Astrovik, Opera Love Song, Order of Midnight, Bountiful Landscape, Waker of Waves, Unable to Scream, Imperious Perfect, Irreverent Gremlin, Sheltering Landscape, Harmonize, Meat Locker // Drowned Diner, Serum Visionary, Seismic Sense, Fireblast, Eldrazi Skyspawner, Skateboard, Highway Robbery, Night Nurse, Healer of Heroes, Red Guardian, Super-Soldier, Pummeler for Hire"
"26","8","Black/Blue","BU Tempo","Spells","9","14","17","2.74","Prismatic Vista, Undercity Sewers, Fatal Push, Halo Forager, Stock Up, Picklock Prankster, Baleful Strix, Confounding Riddle, Omen of the Sea, Behold the Unspeakable, Canyon Crab, Talisman of Dominance, Swamp, Swamp, Swamp, Swamp, Swamp, Swamp, Psychic Spiral, Ravenous Chupacabra, Miscalculation, Hymn to Tourach, Codecracker Hound, Dinrova Horror, Island, Island, Island, Island, Island, Island, Island, Island, Memory Lapse, Fallaji Archaeologist, Into the Roil, Control Magic, Remand, Deep-Cavern Bat, Power Word Kill, Watery Grave","Fiery Islet, Dewdrop Cure, Circuit Mender, Wayfarer's Bauble, Vampire Sovereign, Triarch Praetorian, Epochrasite, Drown in Sorrow, Bonder's Ornament, Godless Shrine, Isolated Chapel, Argyr, Tidal Spinner, Sandstone Oracle, Talisman of Curiosity, Diresight, Path to the World Tree, Ghostly Flicker, The Neutrinos, Spinewoods Paladin"
"27","1","Red/Blue","RU Spellslinger","Spells","9","14","17","2.57","Staggershock, Dragon's Rage Channeler, Faerie Conclave, Start the TARDIS, Rise from the Tides, Prismari Campus, Eddymurk Crab, Fact or Fiction, Mishra's Factory, Hieroglyphic Illumination, Mad Ratter, Unnerving Grasp, Firebolt, Balmor, Battlemage Captain, Coruscation Mage, Miscalculation, Mountain, Mountain, Mountain, Mountain, Mountain, Mountain, Mountain, Mountain, Sprite Dragon, Preordain, Island, Island, Island, Island, Island, Island, Improbable Alliance, Faerie Vandal, Electrostatic Infantry, Memory Lapse, Fire Magic, Echoing Truth, Moment of Truth, Third Path Iconoclast","Amethyst Dragon, Frost Trickster, Halo Forager, Curiosity, Seething Landscape, Atraxi Warden, Psychic Spiral, Mishra's Bauble, Thran Dynamo, Ghostly Flicker, Faerie Seer, Earthrumbler, Indebted Spirit, Sharae of Numbing Depths, Archive Dragon, Tranquil Landscape, All-Fates Stalker, Harrier Strix, Sunbaked Canyon"
"27","2","Black/Red","BR Aristocrats","Humans","15","8","17","2.52","Umbral Collar Zealot, Oliphaunt, Kavaron Harrier, Cut Down, Iron-Shield Elf, Heartfire Immolator, Go for the Throat, Duress, Razorkin Hordecaller, Blood Crypt, Priest of the Blood Rite, The Eldest Reborn, Swamp, Swamp, Swamp, Swamp, Swamp, Swamp, Swamp, Blackcleave Cliffs, Gut, True Soul Zealot, Bone Shards, Marionette Apprentice, Geological Appraiser, Carrion Feeder, Mountain, Mountain, Mountain, Mountain, Mountain, Mountain, Mountain, Burst Lightning, Flametongue Kavu, Voldaren Epicure, Brimstone Volley, Accursed Marauder, Goblin Bombardment, Shi'ar Soldier, Sulfurous Springs","Dewdrop Cure, Eternal Student, Charging Monstrosaur, Ashnod's Altar, Iraxxa, Empress of Mars, Studious First-Year, Graceful Restoration, Stormkeld Vanguard, Mana Tithe, Rancor, Dream Beavers, Rhox Veteran, The Neutrinos, Goblin Trenches, Rise of the Ants, Highway Robbery, Spawning Pit, Hero of the Dunes, Anafenza, Kin-Tree Spirit"
"27","3","Green/Blue","GU Ramp","Creatures","19","4","17","2.70","Reclamation Sage, Simic Growth Chamber, Fabled Passage, Splash Lasher, Beanstalk Giant, Glacier Godmaw, Summon: Fenrir, Wall of Roots, Ornithopter of Paradise, Vilespawn Spider, Arbor Elf, Nyxborn Hydra, Wild Growth, Stampeding Scurryfoot, Talisman of Curiosity, Dragon Sniper, Propagator Drone, Bridgeworks Battle, Timeless Witness, Galewind Moose, Forest, Forest, Forest, Forest, Forest, Forest, Forest, Forest, Forest, Forest, Forest, Forest, Forest, Forest, Sink into Stupor, Hedge Maze, Devoted Druid, Fyndhorn Elves, Paradise Druid, Environmental Scientist","Plumecreed Escort, Everflowing Chalice, Golgari Rot Farm, Horizon Canopy, Wayfarer's Bauble, Icy Manipulator, Kitchen Finks, Archetype of Courage, Heirloom Blade, Mouth of the Storm, Underground Mortuary, Meat Locker // Drowned Diner, Nurturing Pixie, Snare Thopter, Flopsie, Bumi's Buddy, Path to the World Tree, Meteor Golem, Scout the City, General Marhault Elsdragon"
"27","4","Green/White","GW Counters","Creatures","17","6","17","2.91","Brawn, Amadeus Cho, Lita, Little Orphan Amphibian, Veteran Beastrider, Victor Timely, Wily Tycoon, Journey to Nowhere, Sunhome Stalwart, Scattered Groves, Ultimo, Civilization's End, Renata, Called to the Hunt, Llanowar Elves, Trumpeting Herd, Curse of Predation, Rishkar, Peema Renegade, Sprout Swarm, Joraga Treespeaker, Hunter's Talent, Eldrazi Repurposer, Island, Forest, Forest, Forest, Forest, Forest, Forest, Forest, Elite Scaleguard, Plains, Plains, Plains, Plains, Plains, Plains, Ominous Cemetery, Lush Portico, Inspiring Overseer, Vitu-Ghazi Guildmage, Cloudgoat Ranger, Night Nurse, Healer of Heroes, Scurry Oak, Reprieve","Oketra's Monument, Meteor Sword, Deceptive Landscape, Rubblebelt Maverick, Elves of Deep Shadow, Primordial Pachyderm, Thrashing Brontodon, Repulsive Mutation, Bonder's Ornament, Spinewoods Armadillo, Mage's Attendant, Practiced Scrollsmith, Peace Strider, Flickerwisp, Spinewoods Paladin, Pelakka Wurm, Autarch Mammoth, Ghor-Clan Rampager, Pummeler for Hire"
"27","5","Blue/White","UW Control","Spells","11","12","17","2.87","Talisman of Progress, Ponder, Phantom Interference, Grey Knight Paragon, Lose Focus, Hypnotic Sprite, Stock Up, Picklock Prankster, Mulldrifter, Irrigated Farmland, Omen of the Sea, Behold the Unspeakable, Consider, Reflector Mage, Daze, Argyr, Tidal Spinner, Riftwing Cloudskate, Codecracker Hound, Island, Island, Island, Island, Island, Island, Island, Island, Island, Island, Island, Island, Island, Island, Island, Fallaji Archaeologist, Shoreline Looter, Into the Roil, Meticulous Archive, Mirrorshell Crab, Remand, Cast Out","Drix Interception, Tandem Lookout, Rosie Cotton of South Lane, Steam Vents, Thermo-Alchemist, Contaminated Landscape, Faithless Looting, Inspiring Vantage, Surgical Suite // Hospital Room, Air Nomad Legacy, Dinrova Horror, Shepherd of the Clouds, Mind Stone, Sonic Screwdriver, Mask of Memory, Elite Interceptor, Shrine of Burning Rage, Perilous Landscape, Cogwork Librarian, Abrade"
"27","6","Black/Blue","BU Reanimator","Spells","10","13","17","3.52","Shefet Archfiend, Undercity Sewers, A.I.M. Synthoids, Dance of the Dead, Fatal Push, Multiversal Passage, Artisan of Kozilek, Troll of Khazad-dûm, Baleful Strix, Bane of Bala Ged, Talisman of Dominance, Swamp, Swamp, Swamp, Swamp, Swamp, Swamp, Swamp, Swamp, Swamp, Swamp, Swamp, Swamp, Swamp, Swamp, Lórien Revealed, Striped Riverwinder, Wurmcoil Larva, Bitter Triumph, Ravenous Chupacabra, Night's Whisper, Demonic Tutor, Hymn to Tourach, Reanimate, Island, Animate Dead, Unburial Rites, Faerie Dreamthief, Exhume, Dismember","Combat Thresher, Ephemerate, Shroudstomper, The Underworld Cookbook, Rise of the Witch-king, Floodpits Drowner, Imperial Oath, Ash Barrens, Scrapwork Mutt, Guarded Heir, Whirler Rogue, Marauding Sphinx, Sandstone Oracle, At Knifepoint, Gonti, Lord of Luxury, Disruptive Stormbrood, Militia Bugler, City of Brass, Huskburster Swarm, Vampire Nighthawk"
"27","7","Black/Red","BR Aristocrats","Humans, Creatures","16","7","17","2.39","Fell the Profane, Stomping Ground, Killmonger, Scourge of Wakanda, Thought-Stalker Warlock, Blood Artist, Morbid Opportunist, Timeline Culler, Lightning Bolt, Joo Dee, One of Many, Night Clubber, Swamp, Swamp, Swamp, Swamp, Swamp, Swamp, Swamp, Swamp, Swamp, Swamp, Swamp, Swamp, Sourbread Auntie, Curse of Disturbance, Skittering Precursor, Mogg War Marshal, Chain Lightning, Fell, Shuri, Vibranium Technologist, Reassembling Skeleton, Mountain, Mountain, Mountain, Liliana's Devotee, Judith, the Scourge Diva, Forsaken Miner, Sheltered Thicket, Cult Conscript, Power Word Kill, Weaponize the Monsters","Skoa, Embermage, Painter's Studio // Defaced Gallery, Rift Bolt, Order of Midnight, Leonardo, Leader in Blue, Honest Rutstein, Bonesplitter, Undead Gladiator, Prava of the Steel Legion, Ahn-Crop Crasher, Drown in Sorrow, Signal Pest, Cynette, Jelly Drover, Rite of the Raging Storm, High-Speed Hoverbike, Fireblast, Elas il-Kor, Sadistic Pilgrim, Lluwen, Exchange Student, Githzerai Monk, Satyr Wayfinder"
"27","8","Red/White","RW Aggro","Artifacts, Humans","15","8","17","2.04","Prismatic Vista, Choco-Comet, Rimrock Knight, Rally the Peasants, Sacred Foundry, Heartfire Hero, Imodane's Recruiter, Kumano Faces Kakkazan, Reinforced Ronin, Monstrous Rage, Reckless Pyrosurfer, Porcelain Legionnaire, Cathar Commando, Goblin Surprise, Arabella, Abandoned Doll, Flametongue Yearling, Splitskin Doll, Greasewrench Goblin, Recruitment Officer, Mountain, Mountain, Mountain, Mountain, Mountain, Mountain, Mountain, Mountain, Mountain, Dragoon's Lance, Twinshot Sniper, Plains, Plains, Plains, Plains, Plains, Plains, Grafted Wargear, Thraben Inspector, Dalkovan Packbeasts, Sheltered by Ghosts","Dawnbringer Cleric, Requisition Raid, Lingering Souls, Aerie Auxiliary, The Duke, Rebel Sentry, Spectral Procession, Reckless Charge, Young Pyromancer, Okoye, Dora Milaje Leader, Shepherd of the Flock, Sontaran General, Glimmerpoint Stag, Fiend Hunter, Gary Clone, Loxodon Warhammer, Faller's Faithful, Seeker of the Way, Khenra Spellspear, Arc Trail, Brazen Collector"
"28","1","Blue/White","UW Control","Artifacts, Creatures","17","6","17","3.13","Talisman of Progress, Dawnbringer Cleric, Combat Thresher, Aerie Auxiliary, A.I.M. Synthoids, Grey Knight Paragon, Rosie Cotton of South Lane, Multiversal Passage, Journey to Nowhere, Essence Reliquary, Wall of Omens, Sicarian Infiltrator, Okoye, Dora Milaje Leader, Soulherder, Glimmerpoint Stag, Getaway Glamer, Riftwing Cloudskate, Swords to Plowshares, Flickerwisp, Island, Plains, Plains, Plains, Plains, Plains, Plains, Plains, Plains, Plains, Plains, Plains, Plains, Plains, Thraben Inspector, Fiend Hunter, Meticulous Archive, Ominous Cemetery, Githzerai Monk, Inspiring Overseer, Cast Out","Eternal Student, The Duke, Rebel Sentry, Diligent Webkeepers, Scattered Groves, Talisman of Dominance, Epochrasite, Pilgrim's Eye, Shepherd of the Flock, Mad Ratter, Recruitment Officer, Air Nomad Legacy, Rhox Veteran, Law-Rune Enforcer, Spinewoods Paladin, Tranquil Landscape, Mask of Memory, Gary Clone, Seeker of the Way, Harrier Strix"
"28","2","Black/Green","BG Graveyard","Elves","14","9","17","2.65","Simic Growth Chamber, Dance of the Dead, Justice, Vance Astrovik, Golgari Rot Farm, Elves of Deep Shadow, Go for the Throat, Glacier Godmaw, Aftermath Analyst, Honest Rutstein, Arbor Elf, Unearth, Triarch Praetorian, Swamp, Swamp, Swamp, Swamp, Swamp, Llanowar Elves, The Aesir Escape Valhalla, Rishkar, Peema Renegade, Bitter Triumph, Duskwatch Recruiter, Under the Skin, Bridgeworks Battle, Timeless Witness, Forest, Forest, Forest, Forest, Forest, Forest, Forest, Forest, Forest, Forest, Goliath, Mass Manipulator, Insidious Roots, Rise of the Ants, Fyndhorn Elves, Disruptive Stormbrood","Lita, Little Orphan Amphibian, Eusocial Engineering, Icy Manipulator, Blood Crypt, Lord Skitter's Butcher, Ashnod's Altar, Pack Guardian, Trumpeting Herd, Beast Within, Isolated Chapel, Harmonize, Dragon Sniper, Propagator Drone, Call of the Death-Dweller, Practiced Scrollsmith, Eldrazi Repurposer, Elite Scaleguard, Elite Interceptor, Hero of the Dunes, Ghor-Clan Rampager"
"28","3","Black/White","BW Aristocrats","Humans, Creatures","16","7","17","2.35","Prismatic Vista, Oketra's Monument, Umbral Collar Zealot, Killmonger, Scourge of Wakanda, Thought-Stalker Warlock, Mayhem Devil, Swamp, Swamp, Swamp, Swamp, Swamp, Swamp, Swamp, Swamp, Swamp, Swamp, Swamp, Shriekmaw, Eviscerator's Insight, Reassembling Skeleton, Reanimate, Carrion Feeder, Mountain, Elas il-Kor, Sadistic Pilgrim, Plains, Plains, Plains, Judith, the Scourge Diva, Indebted Spirit, Bastion of Remembrance, Descendant of Storms, Dalkovan Packbeasts, Forsaken Miner, Path to Exile, Accursed Marauder, Cult Conscript, Battle Screech, Militia Bugler, Silent Clearing, Dismember","Dewdrop Cure, Requisition Raid, Order of Midnight, Leonardo, Leader in Blue, Prava of the Steel Legion, Scrapwork Mutt, Graceful Restoration, Untethered Express, Shattered Landscape, Rite of the Raging Storm, Dragoon's Lance, Diresight, Flopsie, Bumi's Buddy, Goblin Trenches, Lluwen, Exchange Student, Pelakka Wurm, Gonti, Lord of Luxury, Night Scythe, Anafenza, Kin-Tree Spirit, Huskburster Swarm"
"28","4","Green/Red","GR Stompy","Creatures","19","4","17","3.87","Utopia Sprawl, Cactusfolk Sureshot, Stomping Ground, Oliphaunt, Noise Marine, Breeding Pool, Beanstalk Giant, Victor Timely, Wily Tycoon, Eternal Witness, Summon: Fenrir, Bloodbraid Elf, Blossom Prancer, Wolfwillow Haven, Rampant Growth, Ka-Zar of the Savage Land, Stormkeld Vanguard, Spinewoods Armadillo, Rootbound Crag, Mountain, Mountain, Mountain, Burst Lightning, Galewind Moose, Forest, Forest, Forest, Forest, Forest, Forest, Forest, Forest, Forest, Forest, Writhing Chrysalis, Sheltered Thicket, Paradise Druid, Shi'ar Soldier, General Marhault Elsdragon, Brazen Collector, Surrak, the Hunt Caller","Thermo-Alchemist, Wayfarer's Bauble, Iraxxa, Empress of Mars, Ahn-Crop Crasher, Sheltering Landscape, Bonder's Ornament, Renata, Called to the Hunt, Accorder Paladin, Firebolt, Adanto Vanguard, Seismic Sense, Hordeling Outburst, Skateboard, Bannerhide Krushok, Autarch Mammoth, Goblin Bombardment, Perilous Myr, Pummeler for Hire"
"28","5","Black/Blue","BU Tempo","Spells","8","15","17","2.91","Chart a Course, Fabled Passage, Syr Konrad, the Grim, Troll of Khazad-dûm, Victimize, Brainstorm, Timeline Culler, Consider, Undead Gladiator, Swamp, Swamp, Swamp, Swamp, Swamp, Swamp, Swamp, Swamp, Swamp, Swamp, Swamp, Swamp, Sinister Starfish, Intimidation Campaign, Drown in Sorrow, Lórien Revealed, Necromancy, Night's Whisper, Wreckage Wickerfolk, Fell, Raven's Crime, Island, Island, Island, Control Magic, Unburial Rites, Live or Die, Obsessive Stitcher, Tortured Existence, Watery Grave, Vampire Nighthawk","Prophetic Prism, Horizon Canopy, Contaminated Landscape, Ornithopter of Paradise, Eddymurk Crab, Rally the Peasants, Priest of the Blood Rite, Spyglass Siren, Surgical Suite // Hospital Room, Curse of Disturbance, Heirloom Blade, Sawblade Skinripper, Thran Dynamo, Charging Strifeknight, Liliana's Devotee, Faller's Faithful, Shrine of Burning Rage, Pierce Strider, Mighty Mutanimals, Twinmaw Stormbrood"
"28","6","Black/Blue","BU Tempo","Spells","12","11","17","2.83","Faerie Conclave, Fatal Push, Ninja of the Deep Hours, Hypnotic Sprite, Halo Forager, Start the TARDIS, Fetid Pools, Baleful Strix, Inquisition of Kozilek, Confounding Riddle, Canyon Crab, Vampire Sovereign, Swamp, Swamp, Swamp, Swamp, Swamp, Swamp, Hieroglyphic Illumination, Demonic Tutor, Mouth of the Storm, Eden, Seat of the Sanctum, Codecracker Hound, Dinrova Horror, Island, Island, Island, Island, Island, Island, Island, Island, Memory Lapse, Fallaji Archaeologist, Arms of Hadar, Into the Roil, Remand, Night Nurse, Healer of Heroes, Deep-Cavern Bat, Moment of Truth","Lively Dirge, Lingering Souls, Agonizing Remorse, Tandem Lookout, Frost Trickster, Artisan of Kozilek, Curiosity, Imperial Oath, Ash Barrens, Studious First-Year, Overwhelming Encounter, Sprout Swarm, High-Speed Hoverbike, Dream Beavers, Peace Strider, The Cave of Two Lovers, Archive Dragon, Life // Death, Pinnacle Monk"
"28","7","Red","R Burn","Artifacts, Spells, Soldiers","13","10","17","2.17","Choco-Comet, Dragon's Rage Channeler, Gingerbrute, Kavaron Harrier, Heartfire Immolator, Rimrock Knight, Gut, True Soul Zealot, Monstrous Rage, Porcelain Legionnaire, Goblin Surprise, Rally at the Hornburg, Flametongue Yearling, Shock Brigade, Chain Lightning, Ghostfire Slice, Samurai's Katana, Geological Appraiser, Goblin Banneret, Mountain, Mountain, Mountain, Mountain, Mountain, Mountain, Mountain, Mountain, Mountain, Mountain, Mountain, Mountain, Mountain, Mountain, Mountain, Mountain, Twinshot Sniper, Grafted Wargear, Rabbit Battery, Brimstone Volley, Arc Trail, Sunbaked Canyon","Staggershock, Brawn, Amadeus Cho, Painter's Studio // Defaced Gallery, Joo Dee, One of Many, Spiteful Prankster, Young Pyromancer, Mishra's Bauble, Tax Collector, Cliffhaven Kitesail, Sourbread Auntie, Signal Pest, Archetype of Courage, Arabella, Abandoned Doll, Mana Tithe, Pyretic Rebirth, Snare Thopter, Fire Magic, Coastline Marauders, Mind Stone, Loxodon Warhammer, Hearth Elemental"
"28","8","Red/Blue","RU Spellslinger","Spells","9","14","17","2.04","Hard Evidence, Steam Vents, Lose Focus, Stock Up, Picklock Prankster, Prismari Campus, Faithless Looting, Fact or Fiction, Mischievous Mystic, Unnerving Grasp, Balmor, Battlemage Captain, Faebloom Trick, Miscalculation, Mountain, Mountain, Mountain, Mountain, Sprite Dragon, Preordain, Island, Island, Island, Island, Island, Island, Island, Island, Island, Island, Island, Improbable Alliance, Faerie Vandal, Electrostatic Infantry, Mana Leak, Expressive Iteration, Monastery Swiftspear, Echoing Truth, Khenra Spellspear, Third Path Iconoclast, Abrade","Drix Interception, Skoa, Embermage, Talisman of Creativity, Veteran Beastrider, Dragon Trainer, Spectral Procession, Razorkin Hordecaller, Floodpits Drowner, Ultimo, Civilization's End, Reckless Charge, Touch the Spirit Realm, Reinforced Ronin, The Last Ronin's Technique, Pestermite, Eldrazi Skyspawner, Dauntless Scrapbot, Shoreline Looter, Sonic Screwdriver, Highway Robbery, Scout the City"
"29","1","Red/Blue","RU Spellslinger","Spells","12","11","17","2.43","Fiery Islet, Thirst for Identity, Hard Evidence, Multiversal Passage, Lose Focus, Ninja of the Deep Hours, Hypnotic Sprite, Floodpits Drowner, Consider, Spyglass Siren, Mishra's Factory, Unnerving Grasp, Balmor, Battlemage Captain, Argyr, Tidal Spinner, Meat Locker // Drowned Diner, Ghostfire Slice, Mountain, Sprite Dragon, Island, Island, Island, Island, Island, Island, Island, Island, Island, Island, Island, Island, Island, Faerie Seer, Memory Lapse, Shoreline Looter, Expressive Iteration, Goliath, Mass Manipulator, Murmuring Mystic, Highway Robbery, Echoing Truth, Shi'ar Soldier","Undercity Sewers, Gingerbrute, Eternal Student, Contaminated Landscape, Painter's Studio // Defaced Gallery, Baleful Strix, Ornithopter of Paradise, Vilespawn Spider, Unearth, Primordial Pachyderm, Atraxi Warden, Eviscerator's Insight, High-Speed Hoverbike, Snare Thopter, Sonic Screwdriver, Tranquil Landscape, Perilous Myr, Anafenza, Kin-Tree Spirit, Pummeler for Hire"
"29","2","Green/White","GW Counters","Humans, Creatures","17","6","17","2.30","Requisition Raid, The Duke, Rebel Sentry, Veteran Beastrider, Sunhome Stalwart, Summon: Fenrir, Elvish Mystic, Porcelain Legionnaire, Renata, Called to the Hunt, Trumpeting Herd, Rishkar, Peema Renegade, Duskwatch Recruiter, Sprout Swarm, Propagator Drone, Rancor, Swords to Plowshares, Forest, Forest, Forest, Forest, Forest, Forest, Forest, Plains, Plains, Plains, Plains, Plains, Plains, Plains, Plains, Plains, Descendant of Storms, Devoted Druid, Dalkovan Packbeasts, Lush Portico, Fyndhorn Elves, Battle Screech, Red Guardian, Super-Soldier, Militia Bugler, Scurry Oak","Deceptive Landscape, Rubblebelt Maverick, Eusocial Engineering, Leonardo, Leader in Blue, Imodane's Recruiter, Sheltering Landscape, Guarded Heir, Reckless Pyrosurfer, Recruitment Officer, Seismic Sense, Elas il-Kor, Sadistic Pilgrim, Dragoon's Lance, Rhox Veteran, Flopsie, Bumi's Buddy, Eldrazi Repurposer, Indebted Spirit, Monastery Swiftspear, Honored Hydra, Bannerhide Krushok, Reprieve, Sunbaked Canyon"
"29","3","Black/Green","BG Graveyard","Spells","9","14","17","3.04","Prismatic Vista, Reclamation Sage, Shefet Archfiend, Fabled Passage, Dance of the Dead, Fatal Push, Cut Down, Iron-Shield Elf, Sheoldred's Edict, Victimize, Wall of Roots, Rise of the Witch-king, Priest of the Blood Rite, Joo Dee, One of Many, Triarch Praetorian, Swamp, Swamp, Swamp, Swamp, Swamp, Swamp, Swamp, Swamp, Swamp, Swamp, Drown in Sorrow, Resentful Revelation, Bitter Triumph, Forest, Forest, Forest, Ominous Cemetery, Malevolent Rumble, Life // Death, Unburial Rites, Faerie Dreamthief, Spider Spawning, Huskburster Swarm, Silent Clearing, Dismember","Heartfire Immolator, Wayfarer's Bauble, Shroudstomper, Imperious Perfect, Kitchen Finks, Mishra's Bauble, Overwhelming Encounter, Shattered Landscape, Mouth of the Storm, Dragon Sniper, Thran Dynamo, Mandibular Kite, Archive Dragon, Mask of Memory, Elite Interceptor, Rise of the Ants, Spawning Pit, Hero of the Dunes"
"29","4","Red","R Burn","Humans","15","8","17","2.70","Amethyst Dragon, Dragon's Rage Channeler, Oliphaunt, Noise Marine, Thermo-Alchemist, Opera Love Song, Rift Bolt, Scrapwork Mutt, Sontaran General, Flametongue Yearling, Chain Lightning, Greasewrench Goblin, Samurai's Katana, Geological Appraiser, Mountain, Mountain, Mountain, Mountain, Mountain, Mountain, Mountain, Mountain, Mountain, Mountain, Mountain, Mountain, Mountain, Mountain, Mountain, Mountain, Burst Lightning, Electrostatic Infantry, Judith, the Scourge Diva, Rabbit Battery, Coastline Marauders, Brimstone Volley, Arc Trail, Sulfurous Springs, Brazen Collector, Abrade","Skoa, Embermage, Agonizing Remorse, Thought-Stalker Warlock, Blood Artist, Spectral Procession, Prismari Campus, Rally the Peasants, Inspiring Vantage, Razorkin Hordecaller, Basalt Monolith, Shriekmaw, Ravenous Chupacabra, Heirloom Blade, Night's Whisper, Sawblade Skinripper, Practiced Scrollsmith, Raven's Crime, Animate Dead, Accursed Marauder, Thopter Squadron, Vampire Nighthawk"
"29","5","Black/Blue","BU Tempo","Spells","8","15","17","3.52","Drix Interception, Chart a Course, Brainstorm, Rise from the Tides, Inquisition of Kozilek, Waker of Waves, Eddymurk Crab, Confounding Riddle, Swamp, Swamp, Swamp, Swamp, Psychic Spiral, Hieroglyphic Illumination, Lórien Revealed, Wreckage Wickerfolk, Serum Visionary, Reanimate, Codecracker Hound, Island, Island, Island, Island, Island, Island, Island, Island, Island, Island, Island, Island, Fallaji Archaeologist, Arms of Hadar, Mirrorshell Crab, Live or Die, Kasmina, Enigmatic Mentor, Deep-Cavern Bat, Collector's Vault, Exhume, Watery Grave","Everflowing Chalice, Circuit Mender, Kavaron Harrier, Elixir of Immortality, Charging Monstrosaur, Eldrazi Ravager, Seething Landscape, Bountiful Landscape, Blood Crypt, Night Clubber, Repulsive Mutation, Arabella, Abandoned Doll, Pestermite, Sandstone Oracle, Momo, Playful Pet, The Cave of Two Lovers, Sharae of Numbing Depths, Lluwen, Exchange Student, Perilous Landscape, Pierce Strider, Hearth Elemental"
"29","6","Blue/White","UW Control","Humans, Creatures","16","7","17","3.13","Talisman of Progress, Plumecreed Escort, Aerie Auxiliary, Phantom Interference, Grey Knight Paragon, Stock Up, Mulldrifter, Irrigated Farmland, Essence Reliquary, Wall of Omens, Daze, Whirler Rogue, Cynette, Jelly Drover, Soulherder, Shuri, Vibranium Technologist, Flickerwisp, Island, Island, Island, Island, Island, Eldrazi Skyspawner, Plains, Plains, Plains, Plains, Plains, Plains, Plains, Plains, Plains, Plains, Thraben Inspector, Fiend Hunter, Githzerai Monk, Inspiring Overseer, Emergency Eject, All-Fates Stalker, Hallowed Fountain, Cast Out","Oketra's Monument, Splash Lasher, Talisman of Creativity, Lita, Little Orphan Amphibian, Prava of the Steel Legion, Iraxxa, Empress of Mars, Studious First-Year, Graceful Restoration, Tolls of War, Surgical Suite // Hospital Room, The Last Ronin's Technique, Godless Shrine, Trostani's Summoner, Air Nomad Legacy, Charging Strifeknight, At Knifepoint, Meteor Golem, Slickshot Lockpicker, Ghor-Clan Rampager, City of Brass"
"29","7","Black/Red","BR Aristocrats","Enchantments","14","9","17","2.52","A.I.M. Synthoids, Steam Vents, Brawn, Amadeus Cho, Killmonger, Scourge of Wakanda, Morbid Opportunist, Lightning Bolt, Lord Skitter's Butcher, Mayhem Devil, Swamp, Swamp, Swamp, Swamp, Swamp, Swamp, Swamp, Swamp, Swamp, Sourbread Auntie, Curse of Disturbance, Marionette Apprentice, Rally at the Hornburg, Iroh's Demonstration, Fell, Reassembling Skeleton, Mountain, Mountain, Mountain, Mountain, Mountain, Mountain, Flametongue Kavu, Forest, Twinshot Sniper, Grafted Wargear, Bastion of Remembrance, Voldaren Epicure, Lampad of Death's Vigil, Goblin Bombardment, Weaponize the Monsters, Yahenni, Undying Partisan","Dewdrop Cure, Choco-Comet, Rimrock Knight, Treasure Keeper, Irreverent Gremlin, Heartfire Hero, Ashnod's Altar, Kumano Faces Kakkazan, Ash Barrens, Young Pyromancer, Monstrous Rage, Mage's Attendant, Rite of the Raging Storm, Goblin Banneret, Goblin Trenches, Heroic Reinforcements, Fire Magic, Mind Stone, Faller's Faithful, Shrine of Burning Rage, Pinnacle Monk"
"29","8","Green/Blue","GU Ramp","Enchantments, Elves","15","8","17","3.57","Utopia Sprawl, Breeding Pool, Elves of Deep Shadow, Beanstalk Giant, Glacier Godmaw, Aftermath Analyst, Llanowar Elves, Blossom Prancer, The Aesir Escape Valhalla, Wild Growth, Eden, Seat of the Sanctum, Colossal Skyturtle, Stormkeld Vanguard, Talisman of Curiosity, Spinewoods Armadillo, Under the Skin, Bridgeworks Battle, Joraga Treespeaker, Galewind Moose, Forest, Forest, Forest, Forest, Forest, Forest, Forest, Forest, Forest, Forest, Forest, Forest, Forest, Forest, Forest, Biomechan Engineer, Fertile Ground, Bramble Wurm, Paradise Druid, Sakura-Tribe Elder, Grizzly Fate","Stomping Ground, Meteor Sword, Artisan of Kozilek, Unable to Scream, Bloodbraid Elf, Honest Rutstein, Pilgrim's Eye, Accorder Paladin, Wurmcoil Larva, Stampeding Scurryfoot, Isolated Chapel, Peace Strider, Earthrumbler, Sink into Stupor, Foreboding Landscape, Into the Roil, Remand, Sheltered Thicket, Third Path Iconoclast, Surrak, the Hunt Caller"
"30","1","Black","B Midrange","Humans, Creatures","19","4","17","2.43","Umbral Collar Zealot, Order of Midnight, Blood Artist, Morbid Opportunist, Timeline Culler, Priest of the Blood Rite, Joo Dee, One of Many, Mayhem Devil, Night Clubber, Triarch Praetorian, Swamp, Swamp, Swamp, Swamp, Swamp, Swamp, Swamp, Swamp, Swamp, Swamp, Swamp, Swamp, Swamp, Swamp, Mishra's Factory, Curse of Disturbance, Shriekmaw, Marionette Apprentice, Eviscerator's Insight, Eden, Seat of the Sanctum, Hymn to Tourach, Reassembling Skeleton, Reanimate, Carrion Feeder, Mountain, Judith, the Scourge Diva, Accursed Marauder, Lampad of Death's Vigil, Deep-Cavern Bat, Vampire Nighthawk","Gingerbrute, Fetid Pools, Rise of the Witch-king, Treasure Keeper, Vampire Sovereign, Ashnod's Altar, Epochrasite, Sinister Starfish, Sourbread Auntie, Heirloom Blade, Ka-Zar of the Savage Land, Meat Locker // Drowned Diner, Talisman of Curiosity, Rite of the Raging Storm, Diresight, At Knifepoint, Fire Magic, Red Guardian, Super-Soldier, Disruptive Stormbrood, Pummeler for Hire"
"30","2","White","W Counters","Artifacts, Soldiers","13","10","17","2.65","Kor Skyfisher, Dewdrop Cure, Requisition Raid, Aerie Auxiliary, A.I.M. Synthoids, Rosie Cotton of South Lane, Killmonger, Scourge of Wakanda, Lita, Little Orphan Amphibian, Horizon Canopy, Sunhome Stalwart, Scattered Groves, Bonesplitter, Essence Reliquary, Porcelain Legionnaire, Surgical Suite // Hospital Room, Swords to Plowshares, Elite Scaleguard, Plains, Plains, Plains, Plains, Plains, Plains, Plains, Plains, Plains, Plains, Plains, Plains, Plains, Grafted Wargear, Indebted Spirit, Descendant of Storms, Thraben Inspector, Ominous Cemetery, Sheltered by Ghosts, Githzerai Monk, Lush Portico, Emergency Eject, Loxodon Warhammer","Cactusfolk Sureshot, Eusocial Engineering, Imperious Perfect, Razorkin Hordecaller, Sheltering Landscape, Cliffhaven Kitesail, Trumpeting Herd, Stampeding Scurryfoot, Air Nomad Legacy, Peace Strider, The Cave of Two Lovers, Tranquil Landscape, Mask of Memory, Night Scythe, Seeker of the Way, Cogwork Librarian, Scurry Oak, Environmental Scientist"
"30","3","Black/Blue","BU Tempo","Spells","9","14","17","2.74","Ponder, Undercity Sewers, Fatal Push, Halo Forager, Sheoldred's Edict, Baleful Strix, Waker of Waves, Floodpits Drowner, Behold the Unspeakable, Canyon Crab, Talisman of Dominance, Swamp, Swamp, Swamp, Swamp, Swamp, Intimidation Campaign, Sicarian Infiltrator, Striped Riverwinder, Unnerving Grasp, Demonic Tutor, Miscalculation, Preordain, Island, Island, Island, Island, Island, Island, Island, Island, Island, Island, Sink into Stupor, Shoreline Looter, Remand, Obsessive Stitcher, Moment of Truth, Watery Grave, Dismember","Dawnbringer Cleric, Everflowing Chalice, Syr Konrad, the Grim, Talisman of Creativity, Tandem Lookout, Frost Trickster, Iron-Shield Elf, Vilespawn Spider, Reflector Mage, Marauding Sphinx, Cynette, Jelly Drover, Mouth of the Storm, Argyr, Tidal Spinner, Sprout Swarm, Faerie Seer, Eldrazi Skyspawner, Sonic Screwdriver, Perilous Landscape, Cult Conscript, Weaponize the Monsters"
"30","4","Red","R Burn","Red","14","9","17","2.35","Fiery Islet, Dragon's Rage Channeler, Heartfire Immolator, Noise Marine, Rift Bolt, Irreverent Gremlin, Reckless Charge, Heartfire Hero, Embereth Shieldbreaker, Spiteful Prankster, Monstrous Rage, Sontaran General, Firebolt, Mogg War Marshal, Rally at the Hornburg, Flametongue Yearling, Chain Lightning, Samurai's Katana, Fireblast, Goblin Banneret, Mountain, Mountain, Mountain, Mountain, Mountain, Mountain, Mountain, Mountain, Mountain, Mountain, Mountain, Mountain, Mountain, Mountain, Mountain, Island, Voldaren Epicure, Shrine of Burning Rage, Khenra Spellspear, Pinnacle Monk","Skoa, Embermage, Agonizing Remorse, Bitter Reunion, Charging Monstrosaur, Opera Love Song, Dragon Trainer, Bloodbraid Elf, Inspiring Vantage, Nyxborn Hydra, Mishra's Bauble, Getaway Glamer, Sharae of Numbing Depths, Coastline Marauders, Meticulous Archive, Writhing Chrysalis, Elite Interceptor, Twisted Landscape, Agent 13, Sharon Carter, General Marhault Elsdragon, Sulfurous Springs, Twinmaw Stormbrood"
"30","5","Black/Green","BG Graveyard","Elves","15","8","17","3.00","Utopia Sprawl, Victor Timely, Wily Tycoon, Eternal Witness, Summon: Fenrir, Aftermath Analyst, Elvish Mystic, Honest Rutstein, Llanowar Elves, Blossom Prancer, Bitter Triumph, Underground Mortuary, Rampant Growth, Under the Skin, Overgrown Tomb, Bridgeworks Battle, Joraga Treespeaker, Timeless Witness, Hunter's Talent, Forest, Forest, Forest, Forest, Forest, Forest, Forest, Forest, Forest, Forest, Forest, Forest, Forest, Forest, Forest, Devoted Druid, Malevolent Rumble, Spider Spawning, Bramble Wurm, Honored Hydra, Bannerhide Krushok, Sakura-Tribe Elder","Drix Interception, Circuit Mender, Deceptive Landscape, Glacier Godmaw, Unearth, Pack Guardian, Bonder's Ornament, Stormkeld Vanguard, Temur Sabertooth, Rootbound Crag, Sawblade Skinripper, Call of the Death-Dweller, Snare Thopter, Flopsie, Bumi's Buddy, Eldrazi Repurposer, Dauntless Scrapbot, Rise of the Ants, Sheltered Thicket, Power Word Kill, Hero of the Dunes"
"30","6","Blue","U Spellslinger","Spells, Humans","12","11","17","2.87","Thirst for Identity, Plumecreed Escort, Chart a Course, Faerie Conclave, Ninja of the Deep Hours, Hypnotic Sprite, Picklock Prankster, Confounding Riddle, Talrand's Invocation, Spyglass Siren, Mischievous Mystic, Hieroglyphic Illumination, Whirler Rogue, Faebloom Trick, Riftwing Cloudskate, Island, Island, Island, Island, Island, Island, Island, Island, Island, Island, Island, Island, Island, Island, Island, Island, Faerie Vandal, Memory Lapse, Fallaji Archaeologist, Counterspell, Control Magic, Murmuring Mystic, Kasmina, Enigmatic Mentor, Slickshot Lockpicker, Echoing Truth","Prismatic Vista, Staggershock, Stomping Ground, Meteor Sword, Breeding Pool, Wayfarer's Bauble, Prismari Campus, Irrigated Farmland, Undead Gladiator, Ash Barrens, Okoye, Dora Milaje Leader, Beast Within, Mad Ratter, Balmor, Battlemage Captain, Geological Appraiser, Ghostly Flicker, Improbable Alliance, Electrostatic Infantry, Lluwen, Exchange Student, Skateboard, Thopter Squadron"
"30","7","Black","B Reanimator","Spells","9","14","17","3.61","Fell the Profane, Lively Dirge, Dance of the Dead, Artisan of Kozilek, Brawn, Amadeus Cho, Victimize, Thought-Stalker Warlock, Duress, Bane of Bala Ged, Ultimo, Civilization's End, The Eldest Reborn, Swamp, Swamp, Swamp, Swamp, Swamp, Swamp, Swamp, Swamp, Swamp, Swamp, Swamp, Swamp, Swamp, Swamp, Isolated Chapel, Night's Whisper, Fell, Animate Dead, Hedge Maze, Life // Death, Unburial Rites, Gonti, Lord of Luxury, Faerie Dreamthief, Live or Die, Faller's Faithful, Hallowed Fountain, Collector's Vault, Huskburster Swarm, Exhume","Lingering Souls, Ephemerate, Prophetic Prism, Shroudstomper, Diligent Webkeepers, Blood Crypt, Lord Skitter's Butcher, Wall of Omens, Sandstone Oracle, Dragon Sniper, Pyretic Rebirth, Elas il-Kor, Sadistic Pilgrim, Codecracker Hound, Dinrova Horror, Biomechan Engineer, Archive Dragon, Spinewoods Paladin, Meteor Golem, Yahenni, Undying Partisan"
"30","8","Red/White","RW Aggro","Humans","14","9","17","2.57","Witch Enchanter, Oketra's Monument, Imodane's Recruiter, Iraxxa, Empress of Mars, Ahn-Crop Crasher, Reckless Pyrosurfer, Cathar Commando, Arabella, Abandoned Doll, Momo, Playful Pet, Adanto Vanguard, Recruitment Officer, Mountain, Mountain, Mountain, Mountain, Mountain, Mountain, Mountain, Mountain, Hordeling Outburst, Goblin Trenches, Twinshot Sniper, Plains, Plains, Plains, Plains, Plains, Plains, Plains, Plains, Mandibular Kite, Heroic Reinforcements, Inspiring Overseer, Path to Exile, Militia Bugler, Reprieve, Arc Trail, Sunbaked Canyon, Abrade, Mighty Mutanimals","Choco-Comet, Amethyst Dragon, Grey Knight Paragon, Rubblebelt Maverick, Curiosity, Eldrazi Ravager, Bountiful Landscape, Kitchen Finks, Blackcleave Cliffs, Atraxi Warden, Young Pyromancer, The Last Ronin's Technique, Shepherd of the Flock, Mage's Attendant, Glimmerpoint Stag, High-Speed Hoverbike, Rancor, Gary Clone, City of Brass, Brazen Collector, Silent Clearing"
"31","1","Black","B Reanimator","Spells","10","13","17","2.83","Lively Dirge, Iron-Shield Elf, Victimize, Go for the Throat, Fetid Pools, Duress, Bane of Bala Ged, Inquisition of Kozilek, The Eldest Reborn, Swamp, Swamp, Swamp, Swamp, Swamp, Swamp, Swamp, Swamp, Swamp, Swamp, Swamp, Swamp, Swamp, Swamp, Swamp, Swamp, Sinister Starfish, Bone Shards, Shriekmaw, Striped Riverwinder, Wurmcoil Larva, Bitter Triumph, Ravenous Chupacabra, Demonic Tutor, Fell, Reanimate, Animate Dead, Life // Death, Faerie Dreamthief, Accursed Marauder, Obsessive Stitcher","Umbral Collar Zealot, Order of Midnight, Blood Artist, Morbid Opportunist, Leonardo, Leader in Blue, Timeline Culler, Lord Skitter's Butcher, Undead Gladiator, Graceful Restoration, Tolls of War, Marionette Apprentice, Colossal Skyturtle, Wreckage Wickerfolk, Call of the Death-Dweller, Flopsie, Bumi's Buddy, Indebted Spirit, Sonic Screwdriver, Insidious Roots, Meteor Golem, Faller's Faithful, Spawning Pit"
"31","2","Red/Blue","RU Spellslinger","Spells","10","13","17","2.70","Frost Trickster, Curiosity, Mulldrifter, Rimrock Knight, Reckless Charge, Consider, Embereth Shieldbreaker, Spiteful Prankster, Mishra's Factory, Young Pyromancer, Hieroglyphic Illumination, Balmor, Battlemage Captain, Chain Lightning, Faebloom Trick, Fireblast, Mountain, Mountain, Mountain, Mountain, Mountain, Mountain, Mountain, Mountain, Mountain, Sprite Dragon, Island, Island, Island, Island, Island, Island, Island, Fire Magic, Control Magic, Brimstone Volley, Highway Robbery, Kasmina, Enigmatic Mentor, Slickshot Lockpicker, Moment of Truth, Pinnacle Monk","Eternal Student, Bitter Reunion, Shroudstomper, Razorkin Hordecaller, Joo Dee, One of Many, Imperial Oath, The Last Ronin's Technique, Cynette, Jelly Drover, Mouth of the Storm, Pestermite, Meat Locker // Drowned Diner, High-Speed Hoverbike, Archive Dragon, Voldaren Epicure, Emergency Eject, Twisted Landscape, Pierce Strider, Bannerhide Krushok, Cogwork Librarian, Scout the City, Perilous Myr"
"31","3","Black/White","BW Aristocrats","Humans","14","9","17","3.00","Witch Enchanter, Lingering Souls, Syr Konrad, the Grim, Fatal Push, Cut Down, Journey to Nowhere, Spectral Procession, Prava of the Steel Legion, Touch the Spirit Realm, Swamp, Swamp, Okoye, Dora Milaje Leader, Godless Shrine, Cathar Commando, Isolated Chapel, Nurturing Pixie, Adanto Vanguard, Splitskin Doll, Elas il-Kor, Sadistic Pilgrim, Plains, Plains, Plains, Plains, Plains, Plains, Plains, Plains, Plains, Plains, Plains, Plains, Fiend Hunter, Sheltered by Ghosts, Cloudgoat Ranger, Battle Screech, Hero of the Dunes, Militia Bugler, Reprieve, Mighty Mutanimals, Silent Clearing","Fabled Passage, Prophetic Prism, The Duke, Rebel Sentry, Thought-Stalker Warlock, Unable to Scream, Treasure Keeper, Rally the Peasants, Essence Reliquary, Untethered Express, Tax Collector, Accorder Paladin, Shepherd of the Flock, Archetype of Courage, Eviscerator's Insight, Glimmerpoint Stag, Mandibular Kite, Spider Spawning, All-Fates Stalker, Watery Grave"
"31","4","Red/Blue","RU Spellslinger","Spells","12","11","17","2.22","Fiery Islet, Hard Evidence, Amethyst Dragon, Tandem Lookout, Multiversal Passage, Kavaron Harrier, Hypnotic Sprite, Stock Up, Picklock Prankster, Prismari Campus, Inspiring Vantage, Talrand's Invocation, Mishra's Bauble, Flametongue Yearling, Argyr, Tidal Spinner, Coruscation Mage, Mountain, Mountain, Mountain, Burst Lightning, Preordain, Codecracker Hound, Island, Island, Island, Island, Island, Island, Island, Island, Island, Shoreline Looter, Into the Roil, Expressive Iteration, Ominous Cemetery, Night Scythe, Shrine of Burning Rage, Red Guardian, Super-Soldier, Harrier Strix, Echoing Truth","Everflowing Chalice, Gingerbrute, Circuit Mender, Rosie Cotton of South Lane, Kitchen Finks, Epochrasite, Sawblade Skinripper, Pyretic Rebirth, Diresight, Path to the World Tree, The Cave of Two Lovers, Mask of Memory, Elite Interceptor, Gary Clone, Skateboard, Goblin Bombardment, City of Brass"
"31","5","Green/Red","GR Stompy","Green/Red","15","8","17","3.22","Utopia Sprawl, Cactusfolk Sureshot, Avacyn's Pilgrim, Choco-Comet, Stomping Ground, Noise Marine, Bloodbraid Elf, Iraxxa, Empress of Mars, Trumpeting Herd, Wild Growth, Sontaran General, Rootbound Crag, Samurai's Katana, Bridgeworks Battle, Seismic Sense, Mountain, Mountain, Mountain, Mountain, Mountain, Galewind Moose, Flametongue Kavu, Forest, Forest, Forest, Forest, Forest, Forest, Forest, Treetop Village, Plains, Goliath, Mass Manipulator, Writhing Chrysalis, Malevolent Rumble, Sheltered Thicket, Night Nurse, Healer of Heroes, Autarch Mammoth, Ghor-Clan Rampager, General Marhault Elsdragon, Brazen Collector","Rise of the Witch-king, Imodane's Recruiter, Kumano Faces Kakkazan, Ahn-Crop Crasher, Sheltering Landscape, Primordial Pachyderm, Monstrous Rage, Reckless Pyrosurfer, Renata, Called to the Hunt, Temur Sabertooth, Propagator Drone, Earthrumbler, Law-Rune Enforcer, Rabbit Battery, Coastline Marauders, Scurry Oak, Sulfurous Springs, Yahenni, Undying Partisan"
"31","6","Green","G Ramp","Elves","15","8","17","3.39","Prismatic Vista, Reclamation Sage, Simic Growth Chamber, A.I.M. Synthoids, Breeding Pool, Beanstalk Giant, Eusocial Engineering, Aftermath Analyst, Wall of Roots, Jewel Thief, Beast Within, Rampant Growth, Ka-Zar of the Savage Land, Talisman of Curiosity, Under the Skin, Shuri, Vibranium Technologist, Eldrazi Repurposer, Forest, Forest, Forest, Forest, Forest, Forest, Forest, Forest, Forest, Forest, Forest, Forest, Forest, Hedge Maze, Devoted Druid, Fertile Ground, Rise of the Ants, Bramble Wurm, Honored Hydra, Fyndhorn Elves, Paradise Druid, Sakura-Tribe Elder, Grizzly Fate","Combat Thresher, Deceptive Landscape, Artisan of Kozilek, Elixir of Immortality, Eldrazi Ravager, Wayfarer's Bauble, Vilespawn Spider, Imperious Perfect, Curse of Predation, Stampeding Scurryfoot, Overgrown Tomb, Carrion Feeder, Goblin Trenches, Chainweb Aracnir, Spinewoods Paladin, Disruptive Stormbrood, Weaponize the Monsters, Surrak, the Hunt Caller"
"31","7","Blue/White","UW Control","Blue/White","15","8","17","3.13","Dawnbringer Cleric, Ponder, Chart a Course, Aerie Auxiliary, Splash Lasher, Irrigated Farmland, Ultimo, Civilization's End, Mischievous Mystic, Swamp, Sicarian Infiltrator, Porcelain Legionnaire, Daze, Soulherder, Serum Visionary, Mage's Attendant, Ghostly Flicker, Riftwing Cloudskate, Island, Island, Island, Island, Island, Island, Plains, Plains, Plains, Plains, Plains, Plains, Plains, Plains, Shepherd of the Clouds, Grafted Wargear, Sharae of Numbing Depths, Thraben Inspector, Githzerai Monk, Path to Exile, Hallowed Fountain, Cast Out, Dismember","Requisition Raid, Elves of Deep Shadow, Horizon Canopy, Baleful Strix, Ornithopter of Paradise, Vampire Sovereign, Guarded Heir, Basalt Monolith, Marauding Sphinx, Arabella, Abandoned Doll, Mana Tithe, Reassembling Skeleton, Raven's Crime, Snare Thopter, Rhox Veteran, Charging Strifeknight, Mind Stone, Mirrorshell Crab, Tranquil Landscape, Gonti, Lord of Luxury"
"31","8","Red/Blue","RU Spellslinger","Spells, Humans","12","11","17","2.91","Thirst for Identity, Undercity Sewers, Dragon's Rage Channeler, Steam Vents, Oliphaunt, Killmonger, Scourge of Wakanda, Lose Focus, Ninja of the Deep Hours, Rift Bolt, Start the TARDIS, Brainstorm, Eddymurk Crab, Irreverent Gremlin, Sacred Foundry, Canyon Crab, Blackcleave Cliffs, Goblin Surprise, Unnerving Grasp, Mountain, Mountain, Mountain, Mountain, Mountain, Hordeling Outburst, Island, Island, Island, Island, Island, Island, Island, Island, Twinshot Sniper, Faerie Vandal, Memory Lapse, Remand, Murmuring Mystic, Agent 13, Sharon Carter, Khenra Spellspear, Arc Trail","Veteran Beastrider, Dragon Trainer, Unearth, Psychic Spiral, Pilgrim's Eye, Sourbread Auntie, Heirloom Blade, Shattered Landscape, Night's Whisper, Stormkeld Vanguard, Dragon Sniper, Goblin Banneret, Eldrazi Skyspawner, At Knifepoint, Judith, the Scourge Diva, Heroic Reinforcements, Perilous Landscape, Cult Conscript"
"32","1","Black/Green","BG Graveyard","Spells, Elves","11","12","17","3.13","Lively Dirge, Golgari Rot Farm, Iron-Shield Elf, Elves of Deep Shadow, Troll of Khazad-dûm, Victimize, Victor Timely, Wily Tycoon, Duress, Aftermath Analyst, Honest Rutstein, Swamp, Swamp, Swamp, Swamp, Swamp, Swamp, Swamp, Swamp, Swamp, Necromancy, Bitter Triumph, Underground Mortuary, Overgrown Tomb, Timeless Witness, Forest, Forest, Forest, Forest, Forest, Animate Dead, Life // Death, Insidious Roots, Spider Spawning, Bramble Wurm, Honored Hydra, Live or Die, Agent 13, Sharon Carter, Fyndhorn Elves, Tortured Existence, Dismember","Agonizing Remorse, Prophetic Prism, Elixir of Immortality, Ashnod's Altar, Night Clubber, Drown in Sorrow, Tolls of War, Primordial Pachyderm, Pack Guardian, The Last Ronin's Technique, Wreckage Wickerfolk, Reassembling Skeleton, Carrion Feeder, At Knifepoint, Bastion of Remembrance, Sonic Screwdriver, Gonti, Lord of Luxury, Cult Conscript, Environmental Scientist"
"32","2","Red/White","RW Aggro","Artifacts, Creatures","16","7","17","2.26","Oketra's Monument, Requisition Raid, Aerie Auxiliary, Multiversal Passage, Glyph Elemental, Bonesplitter, Gut, True Soul Zealot, Signal Pest, Cathar Commando, Chain Lightning, Iroh's Demonstration, Adanto Vanguard, Splitskin Doll, Greasewrench Goblin, Mountain, Mountain, Mountain, Mountain, Mountain, Mountain, Mountain, Flickerwisp, Twinshot Sniper, Plains, Plains, Plains, Plains, Plains, Plains, Plains, Plains, Law-Rune Enforcer, Rabbit Battery, Dalkovan Packbeasts, Voldaren Epicure, Loxodon Warhammer, Night Scythe, Seeker of the Way, Sunbaked Canyon, Twinmaw Stormbrood","Dewdrop Cure, Amethyst Dragon, A.I.M. Synthoids, Justice, Vance Astrovik, Killmonger, Scourge of Wakanda, Noise Marine, Blood Artist, Graceful Restoration, Blackcleave Cliffs, Marauding Sphinx, Godless Shrine, Shattered Landscape, Sandstone Oracle, Shepherd of the Clouds, Indebted Spirit, Coastline Marauders, Lluwen, Exchange Student, Faller's Faithful, Pinnacle Monk, Silent Clearing"
"32","3","Red/Blue","RU Spellslinger","Spells, Humans","13","10","17","2.61","Staggershock, Faerie Conclave, Fabled Passage, Phantom Interference, Steam Vents, Heartfire Immolator, Thermo-Alchemist, Rift Bolt, Prismari Campus, Eddymurk Crab, Confounding Riddle, Mischievous Mystic, Young Pyromancer, Hieroglyphic Illumination, Firebolt, Coruscation Mage, Mountain, Mountain, Mountain, Mountain, Mountain, Mountain, Mountain, Sprite Dragon, Preordain, Island, Island, Island, Island, Island, Improbable Alliance, Faerie Vandal, Electrostatic Infantry, Fire Magic, Ominous Cemetery, Brimstone Volley, Murmuring Mystic, Slickshot Lockpicker, Hearth Elemental, Khenra Spellspear","Eternal Student, Frost Trickster, Charging Monstrosaur, Wayfarer's Bauble, Imperious Perfect, Floodpits Drowner, Behold the Unspeakable, Canyon Crab, Embereth Shieldbreaker, Untethered Express, Basalt Monolith, Eviscerator's Insight, Rite of the Raging Storm, Fireblast, Geological Appraiser, Foreboding Landscape, Perilous Myr"
"32","4","Green/White","GW Counters","Enchantments, Humans","14","9","17","3.30","Witch Enchanter, Simic Growth Chamber, Rosie Cotton of South Lane, Lita, Little Orphan Amphibian, Horizon Canopy, Journey to Nowhere, Wall of Roots, Ultimo, Civilization's End, Touch the Spirit Realm, Kitchen Finks, Renata, Called to the Hunt, Surgical Suite // Hospital Room, Blossom Prancer, The Aesir Escape Valhalla, Wild Growth, Beast Within, Trostani's Summoner, Shuri, Vibranium Technologist, Swords to Plowshares, Forest, Forest, Forest, Forest, Elite Scaleguard, Plains, Plains, Plains, Plains, Plains, Plains, Plains, Plains, Plains, Hedge Maze, Goliath, Mass Manipulator, Sheltered by Ghosts, Lush Portico, Vitu-Ghazi Guildmage, Red Guardian, Super-Soldier, Cast Out","Dawnbringer Cleric, Kor Skyfisher, Opera Love Song, Diligent Webkeepers, Imperial Oath, Sheltering Landscape, Wall of Omens, Repulsive Mutation, Guarded Heir, Shepherd of the Flock, Mana Tithe, Seismic Sense, Archive Dragon, Githzerai Monk, Tranquil Landscape, Bannerhide Krushok, Hero of the Dunes, Collector's Vault"
"32","5","Red","R Burn","Red","13","10","17","2.26","Choco-Comet, Gingerbrute, Painter's Studio // Defaced Gallery, Lightning Bolt, Irreverent Gremlin, Sacred Foundry, Reckless Charge, Heartfire Hero, Imodane's Recruiter, Iraxxa, Empress of Mars, Spiteful Prankster, Ahn-Crop Crasher, Reinforced Ronin, Monstrous Rage, Sontaran General, Mogg War Marshal, Arabella, Abandoned Doll, Samurai's Katana, Goblin Banneret, Mountain, Mountain, Mountain, Mountain, Mountain, Mountain, Mountain, Mountain, Mountain, Mountain, Mountain, Mountain, Mountain, Mountain, Mountain, Mountain, Hordeling Outburst, Burst Lightning, Flametongue Kavu, Abrade, Weaponize the Monsters","Everflowing Chalice, The Duke, Rebel Sentry, Bane of Bala Ged, Rally the Peasants, Blood Crypt, Tax Collector, Accorder Paladin, Archetype of Courage, Momo, Playful Pet, Sawblade Skinripper, Practiced Scrollsmith, Goblin Trenches, Earthrumbler, Judith, the Scourge Diva, Path to Exile, Elite Interceptor, Ghor-Clan Rampager, Shi'ar Soldier, Grizzly Fate, Sulfurous Springs, Mighty Mutanimals"
"32","6","Green/Red","GR Stompy","Elves, Creatures","18","5","17","3.39","Utopia Sprawl, Prismatic Vista, Reclamation Sage, Cactusfolk Sureshot, Avacyn's Pilgrim, Stomping Ground, Brawn, Amadeus Cho, Beanstalk Giant, Eusocial Engineering, Bloodbraid Elf, Arbor Elf, Thrashing Brontodon, Trumpeting Herd, Wolfwillow Haven, Stormkeld Vanguard, Spinewoods Armadillo, Eldrazi Repurposer, Forest, Forest, Forest, Forest, Forest, Forest, Forest, Forest, Forest, Forest, Forest, Forest, Forest, Treetop Village, Devoted Druid, Fertile Ground, Writhing Chrysalis, Sheltered Thicket, Paradise Druid, Sakura-Tribe Elder, Autarch Mammoth, General Marhault Elsdragon, Surrak, the Hunt Caller","Circuit Mender, Bitter Reunion, Artisan of Kozilek, Rubblebelt Maverick, Eldrazi Ravager, Bountiful Landscape, Razorkin Hordecaller, Omen of the Sea, Cliffhaven Kitesail, Curse of Predation, Stampeding Scurryfoot, Sprout Swarm, Propagator Drone, The Neutrinos, Chainweb Aracnir, Mind Stone, Meteor Golem, Brazen Collector"
"32","7","Blue/White","UW Control","Blue/White","15","8","17","2.96","Talisman of Progress, Combat Thresher, Grey Knight Paragon, Lose Focus, Unable to Scream, Irrigated Farmland, Spyglass Siren, Essence Reliquary, Reflector Mage, Sicarian Infiltrator, Daze, Whirler Rogue, Soulherder, Serum Visionary, Ghostly Flicker, Riftwing Cloudskate, Island, Island, Island, Island, Island, Island, Island, Island, Island, Island, Faerie Seer, Eldrazi Skyspawner, Plains, Plains, Plains, Plains, Fiend Hunter, Counterspell, Meticulous Archive, Control Magic, Inspiring Overseer, All-Fates Stalker, Harrier Strix, Hallowed Fountain","Chart a Course, Tandem Lookout, Hypnotic Sprite, Breeding Pool, Scattered Groves, Vilespawn Spider, Atraxi Warden, Mishra's Bauble, Pilgrim's Eye, Mad Ratter, Mouth of the Storm, Pestermite, Talisman of Curiosity, Mage's Attendant, Biomechan Engineer, Pelakka Wurm, Pierce Strider, Militia Bugler, Pummeler for Hire"
"32","8","Black/Blue","BU Tempo","Spells, Rogues","11","12","17","2.65","Ponder, Fatal Push, Cut Down, Ninja of the Deep Hours, Halo Forager, Picklock Prankster, Go for the Throat, Morbid Opportunist, Fetid Pools, Inquisition of Kozilek, Waker of Waves, Fact or Fiction, Swamp, Swamp, Swamp, Swamp, Swamp, Swamp, Swamp, Swamp, Swamp, Intimidation Campaign, Lórien Revealed, Resentful Revelation, Ravenous Chupacabra, Night's Whisper, Faebloom Trick, Codecracker Hound, Island, Island, Island, Island, Island, Island, Island, Fallaji Archaeologist, Shoreline Looter, Faerie Dreamthief, Power Word Kill, Vampire Nighthawk","Plumecreed Escort, Hard Evidence, Syr Konrad, the Grim, Curiosity, Priest of the Blood Rite, Lord Skitter's Butcher, Vampire Sovereign, Sinister Starfish, Curse of Disturbance, Bone Shards, Wurmcoil Larva, Overwhelming Encounter, Isolated Chapel, Argyr, Tidal Spinner, Meat Locker // Drowned Diner, Call of the Death-Dweller, Elas il-Kor, Sadistic Pilgrim, Sharae of Numbing Depths, Forsaken Miner, Disruptive Stormbrood, Huskburster Swarm"
"33","1","Red/Blue","RU Spellslinger","Spells","11","12","17","2.74","Staggershock, Ninja of the Deep Hours, Stock Up, Picklock Prankster, Brainstorm, Eddymurk Crab, Confounding Riddle, Talrand's Invocation, Fact or Fiction, Floodpits Drowner, Lightning Bolt, Mischievous Mystic, Daze, Mad Ratter, Chain Lightning, Coruscation Mage, Faebloom Trick, Mountain, Mountain, Mountain, Mountain, Mountain, Mountain, Island, Island, Island, Island, Island, Island, Island, Island, Island, Island, Island, Twinshot Sniper, Rabbit Battery, Expressive Iteration, Remand, Murmuring Mystic, Khenra Spellspear","Thirst for Identity, Plumecreed Escort, Splash Lasher, Tandem Lookout, Frost Trickster, Rimrock Knight, Eldrazi Ravager, Vilespawn Spider, Triarch Praetorian, Epochrasite, Ahn-Crop Crasher, Curse of Disturbance, Sontaran General, Rally at the Hornburg, Getaway Glamer, Codecracker Hound, Peace Strider, Faerie Seer, Biomechan Engineer, Fire Magic, Red Guardian, Super-Soldier, Environmental Scientist"
"33","2","Black/Red","BR Aristocrats","Humans, Creatures","16","7","17","2.43","Syr Konrad, the Grim, Multiversal Passage, Victimize, Blood Artist, Morbid Opportunist, Blood Crypt, Joo Dee, One of Many, Lord Skitter's Butcher, Mayhem Devil, Unearth, Swamp, Swamp, Swamp, Swamp, Swamp, Swamp, Swamp, Swamp, Swamp, Swamp, Swamp, Spiteful Prankster, Gut, True Soul Zealot, Mogg War Marshal, Fell, Sawblade Skinripper, Call of the Death-Dweller, Carrion Feeder, Pyretic Rebirth, Mountain, Mountain, Mountain, Judith, the Scourge Diva, Bastion of Remembrance, Voldaren Epicure, Accursed Marauder, Lampad of Death's Vigil, Cult Conscript, Sulfurous Springs, Weaponize the Monsters","Agonizing Remorse, Order of Midnight, Leonardo, Leader in Blue, Rally the Peasants, Inspiring Vantage, Ashnod's Altar, Night Clubber, Imodane's Recruiter, Sourbread Auntie, Skittering Precursor, Isolated Chapel, Wreckage Wickerfolk, Rite of the Raging Storm, Goblin Banneret, Burst Lightning, The Neutrinos, Sharae of Numbing Depths, Gonti, Lord of Luxury, Twinmaw Stormbrood"
"33","3","White","W Weenie","Humans, Creatures","19","4","17","2.65","Kor Skyfisher, The Duke, Rebel Sentry, Lita, Little Orphan Amphibian, Glyph Elemental, Sunhome Stalwart, Spectral Procession, Porcelain Legionnaire, Tax Collector, Accorder Paladin, Signal Pest, Eden, Seat of the Sanctum, Splitskin Doll, Recruitment Officer, Swords to Plowshares, Elite Scaleguard, Plains, Plains, Plains, Plains, Plains, Plains, Plains, Plains, Plains, Plains, Plains, Plains, Plains, Plains, Plains, Shepherd of the Clouds, Grafted Wargear, Descendant of Storms, Fiend Hunter, Ominous Cemetery, Githzerai Monk, Inspiring Overseer, All-Fates Stalker, Militia Bugler, Reprieve","Contaminated Landscape, Wayfarer's Bauble, Icy Manipulator, Treasure Keeper, Sacred Foundry, Imperial Oath, Sinister Starfish, Scrapwork Mutt, Atraxi Warden, Mishra's Bauble, Untethered Express, Cliffhaven Kitesail, Basalt Monolith, Arabella, Abandoned Doll, Mind Stone, Sonic Screwdriver, Hero of the Dunes, Perilous Myr, Pinnacle Monk, Sunbaked Canyon"
"33","4","Red/Blue","RU Spellslinger","Spells, Humans","9","14","17","2.48","Chart a Course, Faerie Conclave, Phantom Interference, A.I.M. Synthoids, Heartfire Immolator, Thermo-Alchemist, Prismari Campus, Unable to Scream, Behold the Unspeakable, Young Pyromancer, Lórien Revealed, Whirler Rogue, Unnerving Grasp, Cynette, Jelly Drover, Miscalculation, Mountain, Mountain, Mountain, Mountain, Sprite Dragon, Preordain, Flametongue Kavu, Island, Island, Island, Island, Island, Island, Island, Island, Island, Island, Island, Improbable Alliance, Sink into Stupor, Into the Roil, Echoing Truth, Moment of Truth, Arc Trail, Third Path Iconoclast","Eternal Student, Seething Landscape, Omen of the Sea, Reckless Charge, Canyon Crab, Heartfire Hero, Reflector Mage, Intimidation Campaign, Psychic Spiral, Marauding Sphinx, Argyr, Tidal Spinner, Meat Locker // Drowned Diner, Fireblast, Eldrazi Skyspawner, Dauntless Scrapbot, Vitu-Ghazi Guildmage, Perilous Landscape, Sakura-Tribe Elder, Autarch Mammoth, Brazen Collector"
"33","5","Green/Red","GR Stompy","Creatures","19","4","17","3.52","Cactusfolk Sureshot, Amethyst Dragon, Stomping Ground, Charging Monstrosaur, Victor Timely, Wily Tycoon, Bloodbraid Elf, Nyxborn Hydra, Iraxxa, Empress of Mars, Trumpeting Herd, Okoye, Dora Milaje Leader, Rishkar, Peema Renegade, Stampeding Scurryfoot, Flametongue Yearling, Rampant Growth, Duskwatch Recruiter, Spinewoods Armadillo, Iroh's Demonstration, Dragon Sniper, Rootbound Crag, Bridgeworks Battle, Mountain, Mountain, Mountain, Mountain, Galewind Moose, Forest, Forest, Forest, Forest, Forest, Forest, Forest, Forest, Forest, Writhing Chrysalis, Lush Portico, Sheltered Thicket, Bannerhide Krushok, Ghor-Clan Rampager, General Marhault Elsdragon","Gingerbrute, Imperious Perfect, Kumano Faces Kakkazan, Bonder's Ornament, Reckless Pyrosurfer, Beast Within, Shock Brigade, Practiced Scrollsmith, Raven's Crime, Flopsie, Bumi's Buddy, At Knifepoint, The Cave of Two Lovers, Coastline Marauders, Insidious Roots, Bramble Wurm, Highway Robbery, City of Brass, Grizzly Fate"
"33","6","Black/Blue","BU Reanimator","Spells","7","16","17","2.78","Ponder, Shefet Archfiend, Undercity Sewers, Lively Dirge, Dance of the Dead, Fatal Push, Halo Forager, Fetid Pools, Inquisition of Kozilek, Consider, Swamp, Swamp, Swamp, Swamp, Swamp, Swamp, Swamp, Swamp, Swamp, Swamp, Swamp, Necromancy, Shriekmaw, Resentful Revelation, Bitter Triumph, Ravenous Chupacabra, Demonic Tutor, Overgrown Tomb, Reanimate, Diresight, Dinrova Horror, Island, Island, Island, Animate Dead, Counterspell, Mirrorshell Crab, Life // Death, Obsessive Stitcher, Tortured Existence","Prophetic Prism, Rubblebelt Maverick, Lose Focus, Hypnotic Sprite, Thought-Stalker Warlock, Honest Rutstein, Priest of the Blood Rite, Undead Gladiator, Repulsive Mutation, Serum Visionary, Foreboding Landscape, Arms of Hadar, Faerie Dreamthief, Elite Interceptor, Kasmina, Enigmatic Mentor, Night Nurse, Healer of Heroes, Disruptive Stormbrood, Hallowed Fountain, Yahenni, Undying Partisan"
"33","7","White","W Weenie","Humans, Creatures","16","7","17","3.09","Witch Enchanter, Oketra's Monument, Combat Thresher, Fabled Passage, Circuit Mender, Rosie Cotton of South Lane, Journey to Nowhere, Essence Reliquary, Touch the Spirit Realm, Wall of Omens, Shepherd of the Flock, Cathar Commando, Momo, Playful Pet, Ka-Zar of the Savage Land, Soulherder, Glimmerpoint Stag, Flickerwisp, Forest, Plains, Plains, Plains, Plains, Plains, Plains, Plains, Plains, Plains, Plains, Plains, Plains, Plains, Plains, Plains, Thraben Inspector, Goliath, Mass Manipulator, Sheltered by Ghosts, Emergency Eject, Cloudgoat Ranger, Battle Screech, Mighty Mutanimals","Drix Interception, Dewdrop Cure, Deceptive Landscape, Elixir of Immortality, Go for the Throat, Prava of the Steel Legion, Spyglass Siren, Ash Barrens, Studious First-Year, Primordial Pachyderm, Goblin Surprise, Mouth of the Storm, Rhox Veteran, Goblin Trenches, Earthrumbler, Dalkovan Packbeasts, Meteor Golem, Spawning Pit, Anafenza, Kin-Tree Spirit, Silent Clearing, Dismember"
"33","8","Green","G Ramp","Enchantments, Elves","15","8","17","3.00","Utopia Sprawl, Reclamation Sage, Simic Growth Chamber, Avacyn's Pilgrim, Breeding Pool, Eusocial Engineering, Glacier Godmaw, Eternal Witness, Summon: Fenrir, Wall of Roots, Scattered Groves, Elvish Mystic, Thrashing Brontodon, Llanowar Elves, Blossom Prancer, The Aesir Escape Valhalla, Wild Growth, Harmonize, Temur Sabertooth, Talisman of Curiosity, Under the Skin, Timeless Witness, Hunter's Talent, Forest, Forest, Forest, Forest, Forest, Forest, Forest, Forest, Forest, Forest, Forest, Forest, Forest, Forest, Devoted Druid, Pelakka Wurm, Paradise Druid","Everflowing Chalice, Golgari Rot Farm, Killmonger, Scourge of Wakanda, Bountiful Landscape, Start the TARDIS, Ornithopter of Paradise, Diligent Webkeepers, Trostani's Summoner, Propagator Drone, Seismic Sense, Hordeling Outburst, Thran Dynamo, Riftwing Cloudskate, Control Magic, Tranquil Landscape, Twisted Landscape, Agent 13, Sharon Carter, Shrine of Burning Rage, Scout the City"
"34","1","Green","G Midrange Combo","Elves, Creatures","18","5","17","2.35","Utopia Sprawl, Reclamation Sage, Multiversal Passage, Golgari Rot Farm, Elves of Deep Shadow, Glacier Godmaw, Eternal Witness, Summon: Fenrir, Wall of Roots, Elvish Mystic, Arbor Elf, Nyxborn Hydra, Thrashing Brontodon, Llanowar Elves, Underground Mortuary, Rampant Growth, Spinewoods Armadillo, Bridgeworks Battle, Joraga Treespeaker, Forest, Forest, Forest, Forest, Forest, Forest, Forest, Forest, Forest, Forest, Forest, Forest, Forest, Treetop Village, Devoted Druid, Fertile Ground, Malevolent Rumble, Fyndhorn Elves, Paradise Druid, Sakura-Tribe Elder, Surrak, the Hunt Caller","A.I.M. Synthoids, Prophetic Prism, Stomping Ground, Killmonger, Scourge of Wakanda, Jewel Thief, Pack Guardian, The Aesir Escape Valhalla, Striped Riverwinder, Beast Within, Colossal Skyturtle, Duskwatch Recruiter, Rancor, Electrostatic Infantry, Hedge Maze, Skateboard, Autarch Mammoth, Scurry Oak, Collector's Vault"
"34","2","Red","R Burn","Artifacts, Spells, Humans","13","10","17","1.91","Choco-Comet, Kavaron Harrier, Irreverent Gremlin, Heartfire Hero, Spiteful Prankster, Reinforced Ronin, Gut, True Soul Zealot, Monstrous Rage, Reckless Pyrosurfer, Flametongue Yearling, Chain Lightning, Iroh's Demonstration, Ghostfire Slice, Samurai's Katana, Geological Appraiser, Goblin Banneret, Mountain, Mountain, Mountain, Mountain, Mountain, Mountain, Mountain, Mountain, Mountain, Mountain, Mountain, Mountain, Mountain, Mountain, Mountain, Mountain, Mountain, Burst Lightning, Rabbit Battery, Brimstone Volley, Monastery Swiftspear, Shrine of Burning Rage, Arc Trail, Brazen Collector","Cactusfolk Sureshot, Rubblebelt Maverick, Noise Marine, Dragon Trainer, Leonardo, Leader in Blue, Inspiring Vantage, Blood Crypt, Iraxxa, Empress of Mars, Young Pyromancer, Accorder Paladin, Wurmcoil Larva, Seismic Sense, Hordeling Outburst, Eldrazi Repurposer, Earthrumbler, Bastion of Remembrance, Coastline Marauders, Highway Robbery, Shi'ar Soldier, General Marhault Elsdragon, Sunbaked Canyon, Weaponize the Monsters"
"34","3","Black/Green","BG Graveyard","Spells","11","12","17","3.96","Shefet Archfiend, Lively Dirge, Dance of the Dead, Troll of Khazad-dûm, Victimize, Bane of Bala Ged, Waker of Waves, Rise of the Witch-king, Honest Rutstein, The Eldest Reborn, Swamp, Swamp, Swamp, Swamp, Swamp, Swamp, Swamp, Swamp, Swamp, Swamp, Swamp, Swamp, Swamp, Sinister Starfish, Shriekmaw, Demonic Tutor, Overgrown Tomb, Reanimate, Diresight, Island, Forest, Forest, Animate Dead, Pelakka Wurm, Unburial Rites, Bramble Wurm, Obsessive Stitcher, Disruptive Stormbrood, Tortured Existence, Exhume","Deceptive Landscape, Start the TARDIS, Aftermath Analyst, Ornithopter of Paradise, Faithless Looting, Vilespawn Spider, Harmonize, Sprout Swarm, Dream Beavers, Timeless Witness, Charging Strifeknight, Elite Scaleguard, Accursed Marauder, Twisted Landscape, Agent 13, Sharon Carter, Red Guardian, Super-Soldier, Thopter Squadron, Grizzly Fate, Environmental Scientist, Mighty Mutanimals, Dismember"
"34","4","Blue/White","UW Artifacts","Artifacts, Humans","11","12","17","2.96","Talisman of Progress, Faerie Conclave, Gingerbrute, Circuit Mender, Steam Vents, Elixir of Immortality, The Underworld Cookbook, Ultimo, Civilization's End, Sacred Foundry, Swamp, Bonder's Ornament, Mishra's Bauble, Sicarian Infiltrator, Porcelain Legionnaire, Basalt Monolith, Cynette, Jelly Drover, Sandstone Oracle, Ka-Zar of the Savage Land, Shuri, Vibranium Technologist, Snare Thopter, Thran Dynamo, Island, Island, Island, Island, Island, Island, Island, Island, Island, Forest, Twinshot Sniper, Plains, Plains, Plains, Mana Leak, Mind Stone, Counterspell, Remand, Night Scythe","Bitter Reunion, Meteor Sword, Picklock Prankster, Spectral Procession, Eddymurk Crab, Bonesplitter, Ash Barrens, Atraxi Warden, Guarded Heir, Arabella, Abandoned Doll, Splitskin Doll, Elas il-Kor, Sadistic Pilgrim, Peace Strider, Goblin Trenches, Sharae of Numbing Depths, Archive Dragon, Kasmina, Enigmatic Mentor, Pierce Strider, Spawning Pit"
"34","5","Black/Blue","BU Tempo","Spells, Humans","12","11","17","3.04","Ponder, Undercity Sewers, Lingering Souls, Fatal Push, Cut Down, Lose Focus, Ninja of the Deep Hours, Hypnotic Sprite, Thought-Stalker Warlock, Contaminated Landscape, Victor Timely, Wily Tycoon, Go for the Throat, Fetid Pools, Baleful Strix, Rise from the Tides, Confounding Riddle, Swamp, Swamp, Swamp, Swamp, Swamp, Intimidation Campaign, Psychic Spiral, Okoye, Dora Milaje Leader, Daze, Ravenous Chupacabra, Argyr, Tidal Spinner, Codecracker Hound, Dinrova Horror, Island, Island, Island, Island, Island, Island, Island, Island, Faerie Dreamthief, Murmuring Mystic, Hallowed Fountain","Opera Love Song, Rally the Peasants, Undead Gladiator, Drown in Sorrow, Primordial Pachyderm, Overwhelming Encounter, Cathar Commando, Meat Locker // Drowned Diner, Dragoon's Lance, The Neutrinos, Liliana's Devotee, Eldrazi Skyspawner, Dauntless Scrapbot, Grafted Wargear, Mask of Memory, Militia Bugler, Perilous Myr, Cast Out"
"34","6","Red/Blue","RU Spellslinger","Spells","13","10","17","3.13","Fiery Islet, Staggershock, Fabled Passage, Brawn, Amadeus Cho, Charging Monstrosaur, Stock Up, Thermo-Alchemist, Rimrock Knight, Prismari Campus, Omen of the Sea, Talrand's Invocation, Fact or Fiction, Scrapwork Mutt, Whirler Rogue, Marauding Sphinx, Unnerving Grasp, Pestermite, Coruscation Mage, Faebloom Trick, Mountain, Mountain, Mountain, Mountain, Mountain, Mountain, Mountain, Flametongue Kavu, Island, Island, Island, Island, Island, Island, Island, Improbable Alliance, Sink into Stupor, Fire Magic, Hearth Elemental, Pinnacle Monk, Third Path Iconoclast","Talisman of Dominance, Epochrasite, Studious First-Year, Cliffhaven Kitesail, Sourbread Auntie, Wolfwillow Haven, Mogg War Marshal, Isolated Chapel, Talisman of Curiosity, Path to the World Tree, At Knifepoint, Heroic Reinforcements, Chainweb Aracnir, Writhing Chrysalis, Tranquil Landscape, Vitu-Ghazi Guildmage, Goblin Bombardment, City of Brass, Twinmaw Stormbrood"
"34","7","Black","B Midrange","Humans, Creatures","17","6","17","2.52","Syr Konrad, the Grim, Blood Artist, Morbid Opportunist, Timeline Culler, Lord Skitter's Butcher, Ashnod's Altar, Night Clubber, Triarch Praetorian, Swamp, Swamp, Swamp, Swamp, Swamp, Swamp, Swamp, Swamp, Swamp, Swamp, Swamp, Swamp, Swamp, Swamp, Curse of Disturbance, Marionette Apprentice, Godless Shrine, Eviscerator's Insight, Wreckage Wickerfolk, Sawblade Skinripper, Call of the Death-Dweller, Hymn to Tourach, Reassembling Skeleton, Carrion Feeder, Mountain, Judith, the Scourge Diva, Faller's Faithful, Night Nurse, Healer of Heroes, Deep-Cavern Bat, Power Word Kill, Silent Clearing, Yahenni, Undying Partisan","Painter's Studio // Defaced Gallery, Journey to Nowhere, Seething Landscape, Shroudstomper, Razorkin Hordecaller, Imperial Oath, Graceful Restoration, The Last Ronin's Technique, Sontaran General, Shattered Landscape, Pyretic Rebirth, The Cave of Two Lovers, Thraben Inspector, Fiend Hunter, Dalkovan Packbeasts, Path to Exile, Live or Die, Cloudgoat Ranger, Seeker of the Way, Huskburster Swarm"
"34","8","Blue/White","UW Control","Creatures","17","6","17","2.96","Witch Enchanter, Plumecreed Escort, Combat Thresher, Ephemerate, Grey Knight Paragon, Frost Trickster, Unable to Scream, Irrigated Farmland, Floodpits Drowner, Reflector Mage, Mischievous Mystic, Tax Collector, Nurturing Pixie, Miscalculation, Soulherder, Serum Visionary, Glimmerpoint Stag, Getaway Glamer, Island, Island, Island, Island, Island, Island, Island, Island, Faerie Seer, Plains, Plains, Plains, Plains, Plains, Plains, Plains, Shepherd of the Clouds, Meticulous Archive, Control Magic, Githzerai Monk, Emergency Eject, All-Fates Stalker","Oketra's Monument, Chart a Course, Requisition Raid, The Duke, Rebel Sentry, Breeding Pool, Lita, Little Orphan Amphibian, Curiosity, Horizon Canopy, Imodane's Recruiter, Sheltering Landscape, Surgical Suite // Hospital Room, Trumpeting Herd, Curse of Predation, Adanto Vanguard, Mana Tithe, Air Nomad Legacy, Descendant of Storms, Elite Interceptor, Scout the City, Pummeler for Hire"
"35","1","Black/White","BW Aristocrats","Spells","11","12","17","3.13","Lingering Souls, Agonizing Remorse, Multiversal Passage, Iron-Shield Elf, Troll of Khazad-dûm, Thought-Stalker Warlock, Go for the Throat, Duress, Shroudstomper, The Eldest Reborn, Triarch Praetorian, Swamp, Swamp, Swamp, Swamp, Swamp, Swamp, Swamp, Swamp, Swamp, Swamp, Swamp, Swamp, Swamp, Graceful Restoration, Curse of Disturbance, Resentful Revelation, Overgrown Tomb, Hymn to Tourach, Plains, Life // Death, Gonti, Lord of Luxury, Faerie Dreamthief, Accursed Marauder, Live or Die, Faller's Faithful, Deep-Cavern Bat, Power Word Kill, Hero of the Dunes, Silent Clearing","Drix Interception, Dewdrop Cure, Circuit Mender, Elixir of Immortality, Glyph Elemental, Veteran Beastrider, Kitchen Finks, Ash Barrens, Sinister Starfish, Shattered Landscape, Meat Locker // Drowned Diner, Mana Tithe, Practiced Scrollsmith, Diresight, Peace Strider, Meteor Golem, Emergency Eject, Skateboard, City of Brass"
"35","2","Red/White","RW Aggro","Humans","13","10","17","2.17","Dragon's Rage Channeler, Kavaron Harrier, Heartfire Immolator, Rimrock Knight, Painter's Studio // Defaced Gallery, Rift Bolt, Inspiring Vantage, Lightning Bolt, Bonesplitter, Reckless Charge, Heartfire Hero, Ahn-Crop Crasher, Monstrous Rage, Accorder Paladin, Arabella, Abandoned Doll, Shock Brigade, Adanto Vanguard, Samurai's Katana, Mountain, Mountain, Mountain, Mountain, Mountain, Mountain, Mountain, Mountain, Mountain, Mountain, Mountain, Mountain, Mountain, Hordeling Outburst, Swords to Plowshares, Plains, Plains, Heroic Reinforcements, Monastery Swiftspear, Brazen Collector, Sunbaked Canyon, Twinmaw Stormbrood","Avacyn's Pilgrim, Amethyst Dragon, Stomping Ground, Justice, Vance Astrovik, Halo Forager, Opera Love Song, Sunhome Stalwart, Diligent Webkeepers, Jewel Thief, Sheltering Landscape, Renata, Called to the Hunt, Coruscation Mage, The Neutrinos, Goblin Trenches, Fire Magic, Mask of Memory, Vitu-Ghazi Guildmage, Seeker of the Way, General Marhault Elsdragon, Anafenza, Kin-Tree Spirit"
"35","3","Red/Blue","RU Spellslinger","Spells, Wizards","12","11","17","2.65","Ponder, Steam Vents, Hypnotic Sprite, Stock Up, Picklock Prankster, Mulldrifter, Brainstorm, Rise from the Tides, Prismari Campus, Mischievous Mystic, Hieroglyphic Illumination, Mad Ratter, Unnerving Grasp, Balmor, Battlemage Captain, Mountain, Mountain, Sprite Dragon, Preordain, Riftwing Cloudskate, Island, Island, Island, Island, Island, Island, Island, Island, Island, Island, Island, Island, Island, Electrostatic Infantry, Memory Lapse, Shoreline Looter, Into the Roil, Expressive Iteration, Murmuring Mystic, Echoing Truth, Third Path Iconoclast","Talisman of Progress, Eternal Student, Frost Trickster, Curiosity, Dragon Trainer, Fetid Pools, Behold the Unspeakable, Iraxxa, Empress of Mars, Scrapwork Mutt, Intimidation Campaign, Psychic Spiral, Sicarian Infiltrator, Pestermite, Bridgeworks Battle, Faerie Seer, Sonic Screwdriver, Highway Robbery, Obsessive Stitcher, Spawning Pit, Perilous Myr"
"35","4","Black/Blue","BU Tempo","Spells","11","12","17","3.87","Fell the Profane, Shefet Archfiend, Undercity Sewers, Sheoldred's Edict, Victimize, Start the TARDIS, Baleful Strix, Waker of Waves, Eddymurk Crab, Confounding Riddle, Canyon Crab, Swamp, Swamp, Swamp, Swamp, Swamp, Swamp, Swamp, Lórien Revealed, Necromancy, Striped Riverwinder, Godless Shrine, Ravenous Chupacabra, Demonic Tutor, Mouth of the Storm, Fell, Shuri, Vibranium Technologist, Codecracker Hound, Dinrova Horror, Island, Island, Island, Island, Island, Island, Island, Animate Dead, Arms of Hadar, Ominous Cemetery, Exhume","Dawnbringer Cleric, Splash Lasher, Meteor Sword, Contaminated Landscape, Seething Landscape, Morbid Opportunist, Icy Manipulator, The Underworld Cookbook, Ornithopter of Paradise, Timeline Culler, Vampire Sovereign, Tolls of War, Bonder's Ornament, Basalt Monolith, Whirler Rogue, Seismic Sense, Mind Stone, Cult Conscript, Thopter Squadron"
"35","5","Green/Red","GR Stompy","Creatures","18","5","17","3.57","Choco-Comet, Fabled Passage, Charging Monstrosaur, Glacier Godmaw, Summon: Fenrir, Bloodbraid Elf, Llanowar Elves, Trumpeting Herd, Curse of Predation, Sontaran General, Flametongue Yearling, Duskwatch Recruiter, Spinewoods Armadillo, Under the Skin, Dragon Sniper, Rootbound Crag, Rancor, Mountain, Mountain, Mountain, Eldrazi Repurposer, Galewind Moose, Forest, Forest, Forest, Forest, Forest, Forest, Forest, Forest, Forest, Forest, Forest, Treetop Village, Twinshot Sniper, Agent 13, Sharon Carter, Autarch Mammoth, Ghor-Clan Rampager, Scurry Oak, Surrak, the Hunt Caller","Oketra's Monument, Rubblebelt Maverick, Eldrazi Ravager, Bountiful Landscape, Ashnod's Altar, Embereth Shieldbreaker, Studious First-Year, Overwhelming Encounter, Firebolt, Skittering Precursor, Dream Beavers, Timeless Witness, Flopsie, Bumi's Buddy, Biomechan Engineer, Chainweb Aracnir, Rise of the Ants, Spider Spawning, Scout the City, Pummeler for Hire"
"35","6","Green","G Ramp","Elves, Creatures","16","7","17","2.87","Utopia Sprawl, Reclamation Sage, Simic Growth Chamber, Breeding Pool, Elves of Deep Shadow, Beanstalk Giant, Aftermath Analyst, Wall of Roots, Elvish Mystic, Arbor Elf, Nyxborn Hydra, Repulsive Mutation, Blossom Prancer, Wild Growth, Beast Within, Harmonize, Underground Mortuary, Joraga Treespeaker, Forest, Forest, Forest, Forest, Forest, Forest, Forest, Forest, Forest, Forest, Forest, Forest, Forest, Devoted Druid, Fertile Ground, Malevolent Rumble, Pelakka Wurm, Lush Portico, Bramble Wurm, Honored Hydra, Sakura-Tribe Elder, Red Guardian, Super-Soldier","Brawn, Amadeus Cho, Killmonger, Scourge of Wakanda, Ninja of the Deep Hours, Victor Timely, Wily Tycoon, Spectral Procession, Vilespawn Spider, Fact or Fiction, Lord Skitter's Butcher, Cliffhaven Kitesail, Heirloom Blade, Argyr, Tidal Spinner, Air Nomad Legacy, Ghostly Flicker, Sink into Stupor, Mirrorshell Crab, Goliath, Mass Manipulator, Night Nurse, Healer of Heroes, Grizzly Fate"
"35","7","Black/Red","BR Aristocrats","Spells, Humans","13","10","17","2.30","Umbral Collar Zealot, Cut Down, Priest of the Blood Rite, Mayhem Devil, Night Clubber, Unearth, Swamp, Swamp, Swamp, Swamp, Swamp, Swamp, Swamp, Swamp, Swamp, Swamp, Swamp, Blackcleave Cliffs, Marionette Apprentice, Bitter Triumph, Mogg War Marshal, Rally at the Hornburg, Carrion Feeder, Mountain, Mountain, Mountain, Mountain, Mountain, Burst Lightning, Flametongue Kavu, Liliana's Devotee, Judith, the Scourge Diva, Bastion of Remembrance, Brimstone Volley, Forsaken Miner, Lampad of Death's Vigil, Abrade, Weaponize the Monsters, Dismember, Yahenni, Undying Partisan","Staggershock, Rosie Cotton of South Lane, Bitter Reunion, Oliphaunt, Order of Midnight, Leonardo, Leader in Blue, Faithless Looting, Honest Rutstein, Young Pyromancer, Untethered Express, Sandstone Oracle, Stormkeld Vanguard, Iroh's Demonstration, High-Speed Hoverbike, Raven's Crime, Snare Thopter, Faerie Vandal, At Knifepoint, Rabbit Battery, Battle Screech, Vampire Nighthawk"
"35","8","Blue/White","UW Control","Blue/White","15","8","17","3.00","Witch Enchanter, Faerie Conclave, Combat Thresher, Phantom Interference, Grey Knight Paragon, Journey to Nowhere, Irrigated Farmland, Omen of the Sea, Touch the Spirit Realm, Reflector Mage, Wall of Omens, Tax Collector, Nurturing Pixie, Mage's Attendant, Glimmerpoint Stag, Getaway Glamer, Plains, Plains, Plains, Plains, Plains, Plains, Plains, Plains, Plains, Plains, Plains, Plains, Plains, Sharae of Numbing Depths, Thraben Inspector, Meticulous Archive, Control Magic, Githzerai Monk, Inspiring Overseer, Path to Exile, All-Fates Stalker, Cloudgoat Ranger, Reprieve, Hallowed Fountain","Requisition Raid, Aerie Auxiliary, Lita, Little Orphan Amphibian, Rally the Peasants, Imperial Oath, Guarded Heir, Surgical Suite // Hospital Room, Sourbread Auntie, Shepherd of the Flock, Momo, Playful Pet, Recruitment Officer, Earthrumbler, Law-Rune Enforcer, Fallaji Archaeologist, Gary Clone, Night Scythe, Pierce Strider, Militia Bugler"
"36","1","Black/Blue","BU Tempo","Spells","10","13","17","3.04","Simic Growth Chamber, Splash Lasher, Phantom Interference, Brawn, Amadeus Cho, Breeding Pool, Fetid Pools, Brainstorm, Confounding Riddle, Behold the Unspeakable, Talisman of Dominance, Swamp, Psychic Spiral, Sicarian Infiltrator, Lórien Revealed, Shriekmaw, Underground Mortuary, Ghostly Flicker, Dinrova Horror, Island, Island, Island, Island, Island, Island, Island, Island, Island, Island, Island, Memory Lapse, Sink into Stupor, Mana Leak, Mind Stone, Archive Dragon, Faerie Dreamthief, Moment of Truth, Shi'ar Soldier, Environmental Scientist, Watery Grave, Vampire Nighthawk","Reclamation Sage, Combat Thresher, Talisman of Creativity, Tandem Lookout, Circuit Mender, Eldrazi Ravager, Dragon Trainer, Jewel Thief, Ash Barrens, Studious First-Year, Signal Pest, Wolfwillow Haven, Talisman of Curiosity, Practiced Scrollsmith, Flopsie, Bumi's Buddy, Rise of the Ants, Hero of the Dunes"
"36","2","Red/Blue","RU Spellslinger","Spells, Humans","11","12","17","2.74","Fiery Islet, Staggershock, Chart a Course, Choco-Comet, Dragon's Rage Channeler, Steam Vents, Heartfire Immolator, Stock Up, Rift Bolt, Prismari Campus, Talrand's Invocation, Fact or Fiction, Young Pyromancer, Mad Ratter, Firebolt, Coruscation Mage, Mountain, Mountain, Mountain, Mountain, Mountain, Mountain, Mountain, Mountain, Mountain, Mountain, Island, Island, Island, Island, Improbable Alliance, Electrostatic Infantry, Counterspell, Murmuring Mystic, Slickshot Lockpicker, Hearth Elemental, Arc Trail, Pinnacle Monk, Third Path Iconoclast, Abrade","Plumecreed Escort, Drix Interception, Amethyst Dragon, Meteor Sword, Picklock Prankster, Opera Love Song, Start the TARDIS, Reckless Charge, Heartfire Hero, Kumano Faces Kakkazan, Ahn-Crop Crasher, Atraxi Warden, Mishra's Bauble, Flametongue Yearling, Samurai's Katana, Diresight, Shoreline Looter, Coastline Marauders, Echoing Truth"
"36","3","Black/Green","BG Graveyard","Spells","7","16","17","2.87","Lively Dirge, Syr Konrad, the Grim, Artisan of Kozilek, Cut Down, Sheoldred's Edict, Inquisition of Kozilek, Rise of the Witch-king, Honest Rutstein, Swamp, Swamp, Swamp, Swamp, Swamp, Swamp, Swamp, Swamp, Swamp, Swamp, Swamp, Swamp, Swamp, Swamp, Swamp, Necromancy, Wurmcoil Larva, Bitter Triumph, Hymn to Tourach, Reanimate, Raven's Crime, Forest, Forest, Unburial Rites, Gonti, Lord of Luxury, Insidious Roots, Live or Die, Deep-Cavern Bat, Power Word Kill, Satyr Wayfinder, Tortured Existence, Exhume","Oliphaunt, Thought-Stalker Warlock, Night Clubber, Untethered Express, The Last Ronin's Technique, Overwhelming Encounter, Rishkar, Peema Renegade, Rampant Growth, Wreckage Wickerfolk, Call of the Death-Dweller, Liliana's Devotee, Dauntless Scrapbot, Earthrumbler, Bramble Wurm, Honored Hydra, Loxodon Warhammer, Pierce Strider, Bannerhide Krushok, Sakura-Tribe Elder, Cult Conscript, Obsessive Stitcher, Perilous Myr"
"36","4","Black/Red","BR Aristocrats","Black/Red","15","8","17","2.22","Fatal Push, Kavaron Harrier, Blood Artist, Irreverent Gremlin, Joo Dee, One of Many, Lord Skitter's Butcher, Triarch Praetorian, Swamp, Swamp, Swamp, Swamp, Swamp, Swamp, Swamp, Swamp, Swamp, Swamp, Spiteful Prankster, Blackcleave Cliffs, Bone Shards, Skittering Precursor, Mogg War Marshal, Eviscerator's Insight, Demonic Tutor, Shock Brigade, Sawblade Skinripper, Ghostfire Slice, Pyretic Rebirth, Mountain, Mountain, Mountain, Mountain, Mountain, Mountain, Judith, the Scourge Diva, Bastion of Remembrance, Forsaken Miner, Lampad of Death's Vigil, Weaponize the Monsters, Yahenni, Undying Partisan","Bitter Reunion, Noise Marine, Painter's Studio // Defaced Gallery, Duress, The Eldest Reborn, Undead Gladiator, Monstrous Rage, Okoye, Dora Milaje Leader, Goblin Surprise, Arabella, Abandoned Doll, Isolated Chapel, Iroh's Demonstration, Geological Appraiser, Goblin Banneret, Brimstone Volley, Elite Interceptor, Agent 13, Sharon Carter, Highway Robbery, Spawning Pit, General Marhault Elsdragon, Huskburster Swarm"
"36","5","Green/Red/White","GRW Stompy","Enchantments, Elves","15","8","17","2.87","Fabled Passage, Rosie Cotton of South Lane, The Duke, Rebel Sentry, Glyph Elemental, Journey to Nowhere, Eusocial Engineering, Scattered Groves, Bloodbraid Elf, Inspiring Vantage, Elvish Mystic, Sacred Foundry, Touch the Spirit Realm, Sheltering Landscape, The Aesir Escape Valhalla, Harmonize, Eden, Seat of the Sanctum, Trostani's Summoner, Dragon Sniper, Rootbound Crag, Flametongue Kavu, Forest, Forest, Forest, Forest, Forest, Forest, Forest, Plains, Plains, Plains, Heroic Reinforcements, Fire Magic, Goliath, Mass Manipulator, Malevolent Rumble, Inspiring Overseer, Fyndhorn Elves, Paradise Druid, Cloudgoat Ranger, Brazen Collector, Surrak, the Hunt Caller","Ephemerate, Eternal Student, Rubblebelt Maverick, Leonardo, Leader in Blue, Vampire Sovereign, Accorder Paladin, Rally at the Hornburg, Meat Locker // Drowned Diner, Hordeling Outburst, Rabbit Battery, Gary Clone, Twisted Landscape, Night Scythe, Perilous Landscape, Scout the City"
"36","6","Blue/White","UW Control","Humans","15","8","17","2.74","Talisman of Progress, Ponder, Hard Evidence, Grey Knight Paragon, Mulldrifter, Unable to Scream, Omen of the Sea, Floodpits Drowner, Reflector Mage, Mishra's Factory, Wall of Omens, Daze, Cynette, Jelly Drover, Shuri, Vibranium Technologist, Glimmerpoint Stag, Getaway Glamer, Codecracker Hound, Flickerwisp, Island, Island, Island, Island, Island, Island, Island, Island, Eldrazi Skyspawner, Plains, Plains, Plains, Plains, Plains, Plains, Sharae of Numbing Depths, Thraben Inspector, Fiend Hunter, Control Magic, Ominous Cemetery, All-Fates Stalker, Hallowed Fountain","Lingering Souls, Hypnotic Sprite, Baleful Strix, Rise from the Tides, Diligent Webkeepers, Canyon Crab, Shepherd of the Flock, Marauding Sphinx, Godless Shrine, Mouth of the Storm, Pestermite, Elas il-Kor, Sadistic Pilgrim, Peace Strider, At Knifepoint, Fallaji Archaeologist, Shepherd of the Clouds, Mask of Memory, Kasmina, Enigmatic Mentor, Sunbaked Canyon"
"36","7","White","W Weenie","Humans","15","8","17","2.35","Dawnbringer Cleric, Dewdrop Cure, Requisition Raid, Aerie Auxiliary, Lita, Little Orphan Amphibian, Porcelain Legionnaire, Tax Collector, Archetype of Courage, Nurturing Pixie, Mana Tithe, Mage's Attendant, Recruitment Officer, Swords to Plowshares, Elite Scaleguard, Plains, Plains, Plains, Plains, Plains, Plains, Plains, Plains, Plains, Plains, Plains, Plains, Plains, Plains, Plains, Plains, Plains, Mandibular Kite, Grafted Wargear, Indebted Spirit, Dalkovan Packbeasts, Emergency Eject, Seeker of the Way, Battle Screech, Militia Bugler, Anafenza, Kin-Tree Spirit","Prismatic Vista, Gingerbrute, Iron-Shield Elf, Victor Timely, Wily Tycoon, Shroudstomper, Treasure Keeper, Priest of the Blood Rite, Imodane's Recruiter, Epochrasite, Graceful Restoration, Tolls of War, Reinforced Ronin, Cliffhaven Kitesail, Heirloom Blade, Shattered Landscape, Fell, Greasewrench Goblin, Dream Beavers, Goblin Trenches, Accursed Marauder, Skateboard, Pummeler for Hire"
"36","8","Green","G Ramp","Enchantments, Creatures","16","7","17","3.57","Beanstalk Giant, Glacier Godmaw, Summon: Fenrir, Nyxborn Hydra, Thrashing Brontodon, Llanowar Elves, Blossom Prancer, Wild Growth, Sprout Swarm, Spinewoods Armadillo, Under the Skin, Propagator Drone, Joraga Treespeaker, Timeless Witness, Thran Dynamo, Hunter's Talent, Galewind Moose, Forest, Forest, Forest, Forest, Forest, Forest, Forest, Forest, Forest, Forest, Forest, Forest, Forest, Forest, Forest, Forest, Biomechan Engineer, Hedge Maze, Devoted Druid, Fertile Ground, Pelakka Wurm, Autarch Mammoth, Grizzly Fate","Everflowing Chalice, Agonizing Remorse, Deceptive Landscape, Justice, Vance Astrovik, Golgari Rot Farm, Bountiful Landscape, Wayfarer's Bauble, The Underworld Cookbook, Drown in Sorrow, Primordial Pachyderm, Reckless Pyrosurfer, Pilgrim's Eye, Basalt Monolith, Striped Riverwinder, Argyr, Tidal Spinner, Sandstone Oracle, Adanto Vanguard, Snare Thopter, Riftwing Cloudskate, Chainweb Aracnir, Sonic Screwdriver"
"37","1","Blue/White","UW Control","Humans","15","8","17","3.22","Talisman of Progress, Dawnbringer Cleric, Witch Enchanter, Kor Skyfisher, Ephemerate, Grey Knight Paragon, Reflector Mage, Atraxi Warden, Wall of Omens, Lórien Revealed, Cynette, Jelly Drover, Nurturing Pixie, Ghostly Flicker, Riftwing Cloudskate, Island, Island, Island, Island, Island, Faerie Seer, Plains, Plains, Plains, Plains, Plains, Plains, Plains, Plains, Plains, Plains, Plains, Plains, Thraben Inspector, Fiend Hunter, Control Magic, Emergency Eject, Cloudgoat Ranger, Battle Screech, Cast Out, Mighty Mutanimals","Oketra's Monument, Drix Interception, Aerie Auxiliary, Gingerbrute, Tandem Lookout, Kavaron Harrier, Golgari Rot Farm, Veteran Beastrider, Ornithopter of Paradise, Bonesplitter, Pestermite, Ka-Zar of the Savage Land, Meat Locker // Drowned Diner, Sawblade Skinripper, Dragoon's Lance, Peace Strider, Improbable Alliance, Sonic Screwdriver, Gary Clone, Kasmina, Enigmatic Mentor, Harrier Strix, Hearth Elemental"
"37","2","Red/White","RW Aggro","Spells, Soldiers","11","12","17","2.48","Rosie Cotton of South Lane, Journey to Nowhere, Sunhome Stalwart, Spectral Procession, Rally the Peasants, Inspiring Vantage, Prava of the Steel Legion, Touch the Spirit Realm, Kumano Faces Kakkazan, Porcelain Legionnaire, Accorder Paladin, The Last Ronin's Technique, Signal Pest, Chain Lightning, Adanto Vanguard, Mana Tithe, Mage's Attendant, Geological Appraiser, Mountain, Mountain, Hordeling Outburst, Flickerwisp, Plains, Plains, Plains, Plains, Plains, Plains, Plains, Plains, Plains, Plains, Plains, Plains, Plains, Plains, Mandibular Kite, Dalkovan Packbeasts, Path to Exile, Arc Trail","Thirst for Identity, Hard Evidence, Dewdrop Cure, Killmonger, Scourge of Wakanda, Repulsive Mutation, Mishra's Bauble, Untethered Express, Pilgrim's Eye, Marauding Sphinx, Balmor, Battlemage Captain, Isolated Chapel, Fire Magic, Coastline Marauders, Goliath, Mass Manipulator, Mask of Memory, Perilous Landscape, Cogwork Librarian, Moment of Truth, Perilous Myr, City of Brass, Silent Clearing"
"37","3","Black/Blue","BU Tempo","Spells, Rogues","7","16","17","2.35","Ponder, Chart a Course, Lose Focus, Halo Forager, Picklock Prankster, Fetid Pools, Baleful Strix, Inquisition of Kozilek, Consider, Swamp, Swamp, Swamp, Swamp, Hieroglyphic Illumination, Necromancy, Resentful Revelation, Bitter Triumph, Unnerving Grasp, Demonic Tutor, Faebloom Trick, Island, Island, Island, Island, Island, Island, Island, Island, Island, Island, Island, Memory Lapse, Shoreline Looter, Mana Leak, Gonti, Lord of Luxury, Slickshot Lockpicker, Obsessive Stitcher, Power Word Kill, Watery Grave, Dismember","Fiery Islet, Frost Trickster, Deceptive Landscape, Hypnotic Sprite, Contaminated Landscape, Seething Landscape, Start the TARDIS, Timeline Culler, Behold the Unspeakable, Graceful Restoration, Psychic Spiral, Sicarian Infiltrator, Wurmcoil Larva, Firebolt, Sandstone Oracle, Diresight, Sprite Dragon, Codecracker Hound, Liliana's Devotee, Sharae of Numbing Depths"
"37","4","Black","B Aristocrats","Black","14","9","17","2.39","Fell the Profane, Umbral Collar Zealot, Cut Down, Blood Artist, Morbid Opportunist, Blood Crypt, Lord Skitter's Butcher, Mayhem Devil, Ashnod's Altar, Swamp, Swamp, Swamp, Swamp, Swamp, Swamp, Swamp, Swamp, Swamp, Swamp, Swamp, Swamp, Swamp, Swamp, Swamp, Swamp, Curse of Disturbance, Bone Shards, Ravenous Chupacabra, Call of the Death-Dweller, Reassembling Skeleton, Carrion Feeder, Elas il-Kor, Sadistic Pilgrim, Grafted Wargear, Bastion of Remembrance, Forsaken Miner, Faller's Faithful, Lampad of Death's Vigil, Cult Conscript, Spawning Pit, Yahenni, Undying Partisan","Lingering Souls, Circuit Mender, Leonardo, Leader in Blue, The Underworld Cookbook, Epochrasite, Intimidation Campaign, Guarded Heir, Goblin Surprise, Skittering Precursor, Shattered Landscape, Duskwatch Recruiter, Stormkeld Vanguard, Hymn to Tourach, Fireblast, The Neutrinos, Law-Rune Enforcer, Shepherd of the Clouds, Tranquil Landscape, Elite Interceptor, Meteor Golem, Night Scythe"
"37","5","Green/Blue","GU Ramp","Enchantments","15","8","17","2.83","Utopia Sprawl, Splash Lasher, Mulldrifter, Victor Timely, Wily Tycoon, Glacier Godmaw, Summon: Fenrir, Thrashing Brontodon, Llanowar Elves, Wild Growth, Stampeding Scurryfoot, Rampant Growth, Colossal Skyturtle, Sprout Swarm, Temur Sabertooth, Rancor, Hunter's Talent, Island, Island, Island, Island, Forest, Forest, Forest, Forest, Forest, Forest, Forest, Forest, Forest, Forest, Forest, Forest, Biomechan Engineer, Sink into Stupor, Into the Roil, Hedge Maze, Fyndhorn Elves, Paradise Druid, Sakura-Tribe Elder, Surrak, the Hunt Caller","Artisan of Kozilek, Ninja of the Deep Hours, Elixir of Immortality, Lita, Little Orphan Amphibian, Curiosity, Confounding Riddle, Imperious Perfect, Imperial Oath, Kitchen Finks, Studious First-Year, Renata, Called to the Hunt, Basalt Monolith, Daze, Overwhelming Encounter, Coruscation Mage, Serum Visionary, Air Nomad Legacy, Eldrazi Skyspawner, Faerie Vandal, Expressive Iteration, Loxodon Warhammer"
"37","6","Green/Red","GR Stompy","Creatures","19","4","17","3.57","Prismatic Vista, Reclamation Sage, Amethyst Dragon, Stomping Ground, Oliphaunt, Beanstalk Giant, Eusocial Engineering, Elvish Mystic, Jewel Thief, Nyxborn Hydra, Iraxxa, Empress of Mars, Pack Guardian, Curse of Predation, Okoye, Dora Milaje Leader, Spinewoods Armadillo, Propagator Drone, Ghostfire Slice, Joraga Treespeaker, Mountain, Mountain, Mountain, Forest, Forest, Forest, Forest, Forest, Forest, Forest, Forest, Forest, Forest, Devoted Druid, Fertile Ground, Spinewoods Paladin, Lush Portico, Sheltered Thicket, Agent 13, Sharon Carter, Ghor-Clan Rampager, Scurry Oak, General Marhault Elsdragon","Staggershock, Opera Love Song, Diligent Webkeepers, Omen of the Sea, Scrapwork Mutt, Sheltering Landscape, Bonder's Ornament, Dream Beavers, Raven's Crime, Charging Strifeknight, Twinshot Sniper, The Cave of Two Lovers, Mind Stone, Vitu-Ghazi Guildmage, Bramble Wurm, Twisted Landscape, Khenra Spellspear, Grizzly Fate"
"37","7","Red","R Burn","Humans, Creatures","16","7","17","2.26","Heartfire Immolator, Noise Marine, Thermo-Alchemist, Rimrock Knight, Razorkin Hordecaller, Sacred Foundry, Imodane's Recruiter, Ahn-Crop Crasher, Reinforced Ronin, Gut, True Soul Zealot, Monstrous Rage, Rally at the Hornburg, Flametongue Yearling, Shock Brigade, Greasewrench Goblin, Rite of the Raging Storm, Samurai's Katana, Goblin Banneret, Mountain, Mountain, Mountain, Mountain, Mountain, Mountain, Mountain, Mountain, Mountain, Mountain, Mountain, Mountain, Mountain, Mountain, Mountain, Mountain, Burst Lightning, Rabbit Battery, Monastery Swiftspear, Highway Robbery, Goblin Bombardment, Brazen Collector","Talisman of Creativity, The Duke, Rebel Sentry, Horizon Canopy, Glyph Elemental, Dragon Trainer, Shepherd of the Flock, Mad Ratter, Glimmerpoint Stag, Recruitment Officer, Getaway Glamer, Swords to Plowshares, Goblin Trenches, Elite Scaleguard, Descendant of Storms, Sheltered by Ghosts, Murmuring Mystic, Skateboard, Red Guardian, Super-Soldier, Scout the City, Weaponize the Monsters, Pummeler for Hire"
"37","8","Black/Green","BG Graveyard","Spells","12","11","17","3.48","Dance of the Dead, Rubblebelt Maverick, Iron-Shield Elf, Troll of Khazad-dûm, Victimize, Rise of the Witch-king, Vilespawn Spider, Honest Rutstein, Swamp, Swamp, Swamp, Swamp, Swamp, Swamp, Swamp, Swamp, Swamp, Swamp, Sinister Starfish, Shriekmaw, Underground Mortuary, Eden, Seat of the Sanctum, Fell, Overgrown Tomb, Forest, Forest, Forest, Forest, Animate Dead, Arms of Hadar, Pelakka Wurm, Life // Death, Unburial Rites, Accursed Marauder, Spider Spawning, Honored Hydra, Environmental Scientist, Collector's Vault, Huskburster Swarm, Exhume","Plumecreed Escort, Agonizing Remorse, Meteor Sword, Eldrazi Ravager, Rift Bolt, Order of Midnight, Shroudstomper, Eddymurk Crab, Night Clubber, Drown in Sorrow, Beast Within, Harmonize, Practiced Scrollsmith, Thran Dynamo, Foreboding Landscape, Chainweb Aracnir, Lluwen, Exchange Student, Bannerhide Krushok, Thopter Squadron"
"38","1","Black/White","BW Aristocrats","Humans, Creatures","16","7","17","3.00","Witch Enchanter, Dewdrop Cure, Lingering Souls, Aerie Auxiliary, Rosie Cotton of South Lane, Thought-Stalker Warlock, Glyph Elemental, Priest of the Blood Rite, Essence Reliquary, Swamp, Swamp, Swamp, Surgical Suite // Hospital Room, Godless Shrine, Isolated Chapel, Momo, Playful Pet, Mage's Attendant, Flickerwisp, Plains, Plains, Plains, Plains, Plains, Plains, Plains, Plains, Plains, Plains, Plains, Plains, Grafted Wargear, Indebted Spirit, Thraben Inspector, Fiend Hunter, Dalkovan Packbeasts, Accursed Marauder, Deep-Cavern Bat, Battle Screech, Power Word Kill, Hero of the Dunes","Splash Lasher, Eternal Student, Sunhome Stalwart, Timeline Culler, Razorkin Hordecaller, Sacred Foundry, Cliffhaven Kitesail, The Last Ronin's Technique, Beast Within, Heirloom Blade, Mana Tithe, Path to the World Tree, Mind Stone, Elite Interceptor, Emergency Eject, Highway Robbery, Shrine of Burning Rage, Spawning Pit, Cast Out, Abrade"
"38","2","Red","R Burn","Goblins","15","8","17","2.00","Dragon's Rage Channeler, Heartfire Hero, Kumano Faces Kakkazan, Spiteful Prankster, Ahn-Crop Crasher, Reinforced Ronin, Young Pyromancer, Gut, True Soul Zealot, Monstrous Rage, Reckless Pyrosurfer, Mogg War Marshal, Shock Brigade, Chain Lightning, Iroh's Demonstration, Greasewrench Goblin, Ghostfire Slice, Fireblast, Goblin Banneret, Mountain, Mountain, Mountain, Mountain, Mountain, Mountain, Mountain, Mountain, Mountain, Mountain, Mountain, Mountain, Mountain, Mountain, Mountain, Mountain, Mountain, Voldaren Epicure, Brimstone Volley, Khenra Spellspear, Arc Trail, Brazen Collector","Cactusfolk Sureshot, Amethyst Dragon, Requisition Raid, Bitter Reunion, Curiosity, Painter's Studio // Defaced Gallery, Leonardo, Leader in Blue, Mayhem Devil, Imodane's Recruiter, Studious First-Year, Untethered Express, Porcelain Legionnaire, Sontaran General, Arabella, Abandoned Doll, Meat Locker // Drowned Diner, Rootbound Crag, Rite of the Raging Storm, Peace Strider, Twinshot Sniper, Mandibular Kite, Perilous Myr, Sulfurous Springs"
"38","3","Red/Blue","RU Spellslinger","Spells, Humans","7","16","17","2.52","Fiery Islet, Hard Evidence, Faerie Conclave, Talisman of Creativity, Steam Vents, Thermo-Alchemist, Start the TARDIS, Prismari Campus, Confounding Riddle, Talrand's Invocation, Consider, Hieroglyphic Illumination, Lórien Revealed, Daze, Unnerving Grasp, Mountain, Preordain, Island, Island, Island, Island, Island, Island, Island, Island, Island, Island, Island, Island, Improbable Alliance, Electrostatic Infantry, Memory Lapse, Shoreline Looter, Into the Roil, Expressive Iteration, Counterspell, Murmuring Mystic, Slickshot Lockpicker, Pinnacle Monk, Third Path Iconoclast","Thirst for Identity, Skoa, Embermage, Frost Trickster, Oliphaunt, Heartfire Immolator, Fetid Pools, Irreverent Gremlin, Canyon Crab, Pilgrim's Eye, Striped Riverwinder, Goblin Surprise, Hordeling Outburst, Flametongue Kavu, Mirrorshell Crab, Skateboard, Perilous Landscape, Red Guardian, Super-Soldier, Moment of Truth"
"38","4","Black/Green","BG Graveyard","Elves, Creatures","17","6","17","2.70","Reclamation Sage, Golgari Rot Farm, Elves of Deep Shadow, Victimize, Summon: Fenrir, Aftermath Analyst, Elvish Mystic, Ultimo, Civilization's End, Undead Gladiator, Swamp, Swamp, Swamp, Swamp, Swamp, Swamp, Mishra's Factory, Llanowar Elves, Wild Growth, Resentful Revelation, Wurmcoil Larva, Ravenous Chupacabra, Shuri, Vibranium Technologist, Overgrown Tomb, Bridgeworks Battle, Island, Forest, Forest, Forest, Forest, Forest, Forest, Forest, Devoted Druid, Life // Death, Faerie Dreamthief, Bannerhide Krushok, Satyr Wayfinder, Disruptive Stormbrood, Shi'ar Soldier, Exhume","Drix Interception, Charging Monstrosaur, Veteran Beastrider, The Underworld Cookbook, Vilespawn Spider, Ashnod's Altar, Pack Guardian, Curse of Disturbance, Harmonize, Coruscation Mage, Seismic Sense, Carrion Feeder, Eldrazi Repurposer, Earthrumbler, At Knifepoint, Forsaken Miner, Vitu-Ghazi Guildmage, City of Brass, Vampire Nighthawk"
"38","5","Blue/White","UW Control","Spells","12","11","17","2.57","Talisman of Progress, Ponder, Prismatic Vista, Kor Skyfisher, Phantom Interference, Ephemerate, Grey Knight Paragon, Mulldrifter, Journey to Nowhere, Irrigated Farmland, Touch the Spirit Realm, Reflector Mage, Wall of Omens, Sicarian Infiltrator, Whirler Rogue, Eden, Seat of the Sanctum, Nurturing Pixie, Miscalculation, Serum Visionary, Getaway Glamer, Ghostly Flicker, Riftwing Cloudskate, Swords to Plowshares, Island, Island, Island, Island, Island, Island, Island, Plains, Plains, Plains, Plains, Plains, Plains, Plains, Mana Leak, Sharae of Numbing Depths, Inspiring Overseer","Chart a Course, Gingerbrute, Elixir of Immortality, Picklock Prankster, Dragon Trainer, Rally the Peasants, Tax Collector, Mad Ratter, Pestermite, Argyr, Tidal Spinner, Elas il-Kor, Sadistic Pilgrim, Codecracker Hound, The Neutrinos, Dinrova Horror, Faerie Vandal, Law-Rune Enforcer, Shepherd of the Clouds, Militia Bugler, General Marhault Elsdragon"
"38","6","Black","B Midrange","Spells","11","12","17","2.91","Shefet Archfiend, Agonizing Remorse, Syr Konrad, the Grim, Dance of the Dead, Sheoldred's Edict, Go for the Throat, Night Clubber, Unearth, Triarch Praetorian, Swamp, Swamp, Swamp, Swamp, Swamp, Swamp, Swamp, Swamp, Swamp, Swamp, Swamp, Swamp, Swamp, Swamp, Swamp, Swamp, Swamp, Bone Shards, Shriekmaw, Bitter Triumph, Wreckage Wickerfolk, Call of the Death-Dweller, Reassembling Skeleton, Raven's Crime, Bastion of Remembrance, Unburial Rites, Gonti, Lord of Luxury, Cult Conscript, Tortured Existence, Huskburster Swarm, Yahenni, Undying Partisan","Circuit Mender, Artisan of Kozilek, Seething Landscape, Order of Midnight, Glacier Godmaw, Honest Rutstein, Ash Barrens, Intimidation Campaign, Drown in Sorrow, Primordial Pachyderm, Skittering Precursor, Sandstone Oracle, Trostani's Summoner, Pyretic Rebirth, Diresight, Goblin Trenches, Dauntless Scrapbot, Elite Scaleguard, Pelakka Wurm, Insidious Roots, Loxodon Warhammer, Lampad of Death's Vigil"
"38","7","Black/Green/Blue","BGU Value","Black/Green/Blue","14","9","17","3.57","Simic Growth Chamber, Undercity Sewers, Multiversal Passage, Brawn, Amadeus Cho, Lose Focus, Breeding Pool, Halo Forager, Eternal Witness, Brainstorm, Waker of Waves, Ornithopter of Paradise, Behold the Unspeakable, Swamp, Swamp, Sinister Starfish, Necromancy, Mouth of the Storm, Underground Mortuary, Rampant Growth, Colossal Skyturtle, Spinewoods Armadillo, Fell, Timeless Witness, Island, Island, Forest, Forest, Forest, Forest, Forest, Biomechan Engineer, Sink into Stupor, Foreboding Landscape, Hedge Maze, Archive Dragon, Spinewoods Paladin, Faller's Faithful, Collector's Vault, Watery Grave, Dismember","Deceptive Landscape, Contaminated Landscape, Icy Manipulator, Rise from the Tides, Scattered Groves, Blood Crypt, Kitchen Finks, Guarded Heir, Eviscerator's Insight, Soulherder, Rhox Veteran, Githzerai Monk, Tranquil Landscape, Scout the City"
"38","8","Green/Red","GR Stompy","Enchantments, Elves","15","8","17","2.61","Utopia Sprawl, A.I.M. Synthoids, Stomping Ground, Horizon Canopy, Bloodbraid Elf, Lightning Bolt, Nyxborn Hydra, Curse of Predation, The Aesir Escape Valhalla, Wolfwillow Haven, Rishkar, Peema Renegade, Ka-Zar of the Savage Land, Temur Sabertooth, Dragon Sniper, Rancor, Joraga Treespeaker, Mountain, Burst Lightning, Galewind Moose, Forest, Forest, Forest, Forest, Forest, Forest, Forest, Forest, Forest, Forest, Forest, Forest, Fertile Ground, Ominous Cemetery, Sheltered Thicket, Fyndhorn Elves, Paradise Druid, Night Nurse, Healer of Heroes, Autarch Mammoth, Ghor-Clan Rampager, Surrak, the Hunt Caller","Meteor Sword, Bountiful Landscape, Treasure Keeper, Iraxxa, Empress of Mars, Scrapwork Mutt, Accorder Paladin, Overwhelming Encounter, Stampeding Scurryfoot, Sprout Swarm, Samurai's Katana, Flopsie, Bumi's Buddy, Fallaji Archaeologist, Mask of Memory, Harrier Strix, Scurry Oak, Environmental Scientist, Twinmaw Stormbrood, Pummeler for Hire"
"39","1","Black/Red/Blue","BRU Tempo","Spells","7","16","17","2.74","Thirst for Identity, Shefet Archfiend, Hard Evidence, Undercity Sewers, Dance of the Dead, Fatal Push, Steam Vents, Oliphaunt, Sheoldred's Edict, Seething Landscape, Duress, Baleful Strix, Inquisition of Kozilek, Faithless Looting, Blood Crypt, Ultimo, Civilization's End, Lightning Bolt, Swamp, Swamp, Swamp, Swamp, Swamp, Swamp, Swamp, Swamp, Swamp, Swamp, Blackcleave Cliffs, Necromancy, Striped Riverwinder, Bitter Triumph, Fell, Raven's Crime, Preordain, Island, Arms of Hadar, Obsessive Stitcher, Red Guardian, Super-Soldier, Watery Grave, Dismember","Bountiful Landscape, Aftermath Analyst, Rise of the Witch-king, Vampire Sovereign, Unearth, Firebolt, Underground Mortuary, Sawblade Skinripper, Call of the Death-Dweller, Rite of the Raging Storm, Thran Dynamo, Eldrazi Skyspawner, Twinshot Sniper, Faerie Dreamthief, Spider Spawning, Pinnacle Monk"
"39","2","Green/Blue","GU Ramp","Elves, Creatures","20","3","17","3.30","Simic Growth Chamber, Avacyn's Pilgrim, Beanstalk Giant, Mulldrifter, Horizon Canopy, Glacier Godmaw, Eternal Witness, Summon: Fenrir, Arbor Elf, Llanowar Elves, Blossom Prancer, Rishkar, Peema Renegade, Colossal Skyturtle, Sprout Swarm, Under the Skin, Joraga Treespeaker, Timeless Witness, Eldrazi Repurposer, Forest, Forest, Forest, Forest, Forest, Forest, Forest, Forest, Forest, Forest, Forest, Forest, Forest, Biomechan Engineer, Hedge Maze, Devoted Druid, Ominous Cemetery, Malevolent Rumble, Pelakka Wurm, Fyndhorn Elves, Paradise Druid, Surrak, the Hunt Caller","The Duke, Rebel Sentry, Vilespawn Spider, Honest Rutstein, Thrashing Brontodon, Overwhelming Encounter, Harmonize, Ka-Zar of the Savage Land, Temur Sabertooth, Shuri, Vibranium Technologist, Rootbound Crag, Seismic Sense, Practiced Scrollsmith, At Knifepoint, Archive Dragon, Writhing Chrysalis, Sheltered Thicket, Skateboard, Autarch Mammoth"
"39","3","White","W Weenie","Humans, Creatures","20","3","17","3.52","Aerie Auxiliary, Brawn, Amadeus Cho, Glyph Elemental, Spectral Procession, Prava of the Steel Legion, Kitchen Finks, Atraxi Warden, Guarded Heir, Tax Collector, Shepherd of the Flock, Soulherder, Glimmerpoint Stag, Flickerwisp, Forest, Forest, Elite Scaleguard, Plains, Plains, Plains, Plains, Plains, Plains, Plains, Plains, Plains, Plains, Plains, Plains, Plains, Plains, Law-Rune Enforcer, Grafted Wargear, Descendant of Storms, Meticulous Archive, Githzerai Monk, Inspiring Overseer, All-Fates Stalker, Cloudgoat Ranger, Cast Out, Mighty Mutanimals","Drix Interception, Lingering Souls, Splash Lasher, Gingerbrute, Deceptive Landscape, Leonardo, Leader in Blue, Ashnod's Altar, Tolls of War, Trumpeting Herd, Beast Within, Propagator Drone, Overgrown Tomb, Rancor, Flopsie, Bumi's Buddy, Mind Stone, Elite Interceptor, Seeker of the Way, Pierce Strider, Cogwork Librarian, Thopter Squadron, Shi'ar Soldier"
"39","4","Red/White","RW Aggro","Artifacts","14","9","17","2.57","Witch Enchanter, Dragon's Rage Channeler, Lita, Little Orphan Amphibian, Charging Monstrosaur, Painter's Studio // Defaced Gallery, Journey to Nowhere, Rally the Peasants, Bonesplitter, Heartfire Hero, Imodane's Recruiter, Iraxxa, Empress of Mars, Accorder Paladin, Signal Pest, Shock Brigade, Nurturing Pixie, Splitskin Doll, Mountain, Mountain, Mountain, Mountain, Mountain, Mountain, Mountain, Mountain, Goblin Trenches, Plains, Plains, Plains, Plains, Plains, Plains, Plains, Plains, Plains, Mandibular Kite, Heroic Reinforcements, Rabbit Battery, Loxodon Warhammer, Abrade, Twinmaw Stormbrood","Amethyst Dragon, Combat Thresher, Ephemerate, Tandem Lookout, Opera Love Song, Eusocial Engineering, Ornithopter of Paradise, Imperial Oath, Touch the Spirit Realm, Ash Barrens, Wall of Omens, Pack Guardian, Bonder's Ornament, Renata, Called to the Hunt, The Last Ronin's Technique, Stampeding Scurryfoot, Talisman of Curiosity, Bridgeworks Battle, Coastline Marauders, Mask of Memory, Perilous Landscape, City of Brass"
"39","5","Blue","U Spellslinger","Humans","15","8","17","2.91","Plumecreed Escort, Faerie Conclave, Frost Trickster, Circuit Mender, Ninja of the Deep Hours, Hypnotic Sprite, Curiosity, Start the TARDIS, Omen of the Sea, Floodpits Drowner, Behold the Unspeakable, Mischievous Mystic, Sicarian Infiltrator, Daze, Unnerving Grasp, Pestermite, Eden, Seat of the Sanctum, Serum Visionary, Riftwing Cloudskate, Island, Island, Island, Island, Island, Island, Island, Island, Island, Island, Island, Island, Island, Island, Island, Faerie Seer, Sink into Stupor, Fallaji Archaeologist, Control Magic, Mirrorshell Crab, Slickshot Lockpicker","Everflowing Chalice, Golgari Rot Farm, Rubblebelt Maverick, Victor Timely, Wily Tycoon, Icy Manipulator, The Underworld Cookbook, Diligent Webkeepers, Ravenous Chupacabra, Eviscerator's Insight, Sandstone Oracle, Meat Locker // Drowned Diner, Dauntless Scrapbot, Earthrumbler, The Cave of Two Lovers, Sonic Screwdriver, Spinewoods Paladin, Agent 13, Sharon Carter, Shrine of Burning Rage, Night Nurse, Healer of Heroes, Environmental Scientist"
"39","6","Black/White","BW Aristocrats","Humans","14","9","17","2.65","Oketra's Monument, Dewdrop Cure, Multiversal Passage, Cut Down, Killmonger, Scourge of Wakanda, Go for the Throat, Blood Artist, Priest of the Blood Rite, Lord Skitter's Butcher, Triarch Praetorian, Swamp, Swamp, Swamp, Swamp, Swamp, Swamp, Swamp, Swamp, Swamp, Swamp, Swamp, Swamp, Graceful Restoration, Okoye, Dora Milaje Leader, Marionette Apprentice, Godless Shrine, Reassembling Skeleton, Carrion Feeder, Elas il-Kor, Sadistic Pilgrim, Plains, Plains, Bastion of Remembrance, Gonti, Lord of Luxury, Accursed Marauder, Faller's Faithful, Deep-Cavern Bat, Spawning Pit, Power Word Kill, Reprieve, Silent Clearing","Dawnbringer Cleric, Agonizing Remorse, Contaminated Landscape, Treasure Keeper, Irrigated Farmland, Undead Gladiator, Sinister Starfish, Studious First-Year, Archetype of Courage, Mana Tithe, Air Nomad Legacy, Dream Beavers, Dragoon's Lance, Diresight, Charging Strifeknight, Twisted Landscape, Militia Bugler, Grizzly Fate, Exhume"
"39","7","Red","R Burn","Spells","12","11","17","2.48","Choco-Comet, Noise Marine, Rift Bolt, Irreverent Gremlin, Reckless Charge, Kumano Faces Kakkazan, Spiteful Prankster, Ahn-Crop Crasher, Gut, True Soul Zealot, Monstrous Rage, Sontaran General, Goblin Surprise, Samurai's Katana, Fireblast, Goblin Banneret, Mountain, Mountain, Mountain, Mountain, Mountain, Mountain, Mountain, Mountain, Mountain, Mountain, Mountain, Mountain, Mountain, Mountain, Mountain, Mountain, Mountain, Burst Lightning, Flametongue Kavu, Electrostatic Infantry, Voldaren Epicure, Brimstone Volley, Monastery Swiftspear, Khenra Spellspear, Weaponize the Monsters","Talisman of Progress, Skoa, Embermage, Stomping Ground, Bitter Reunion, Victimize, Dragon Trainer, Razorkin Hordecaller, Mayhem Devil, Untethered Express, Pilgrim's Eye, Cliffhaven Kitesail, Skittering Precursor, Shattered Landscape, High-Speed Hoverbike, Pyretic Rebirth, Path to the World Tree, Highway Robbery, Ghor-Clan Rampager, Scurry Oak, Hearth Elemental, General Marhault Elsdragon, Pummeler for Hire"
"39","8","Red/Blue","RU Spellslinger","Spells","8","15","17","2.65","Ponder, Fiery Islet, Prismatic Vista, Staggershock, Fabled Passage, Phantom Interference, Talisman of Creativity, Lose Focus, Stock Up, Thermo-Alchemist, Rise from the Tides, Prismari Campus, Eddymurk Crab, Confounding Riddle, Fact or Fiction, Young Pyromancer, Mad Ratter, Balmor, Battlemage Captain, Coruscation Mage, Miscalculation, Mountain, Mountain, Mountain, Mountain, Codecracker Hound, Island, Island, Island, Island, Island, Island, Island, Island, Island, Improbable Alliance, Into the Roil, Expressive Iteration, Remand, Moment of Truth, Third Path Iconoclast","Reclamation Sage, Justice, Vance Astrovik, Elixir of Immortality, Eldrazi Ravager, Veteran Beastrider, Intimidation Campaign, Mishra's Bauble, Cynette, Jelly Drover, Wreckage Wickerfolk, Dragon Sniper, Hunter's Talent, Ghostly Flicker, The Neutrinos, Lluwen, Exchange Student, Honored Hydra, Scout the City, Hallowed Fountain, Brazen Collector"
"40","1","Red/Blue","RU Tempo","Spells","8","15","17","2.74","Ponder, Fiery Islet, Choco-Comet, Undercity Sewers, Steam Vents, Thermo-Alchemist, Picklock Prankster, Rift Bolt, Seething Landscape, Baleful Strix, Prismari Campus, Faithless Looting, Omen of the Sea, Blood Crypt, Behold the Unspeakable, Blackcleave Cliffs, Hieroglyphic Illumination, Marauding Sphinx, Firebolt, Miscalculation, Mountain, Mountain, Preordain, Island, Island, Island, Island, Island, Island, Island, Island, Mana Leak, Expressive Iteration, Mirrorshell Crab, Murmuring Mystic, Kasmina, Enigmatic Mentor, Moment of Truth, Pinnacle Monk, Third Path Iconoclast, Abrade","Agonizing Remorse, Rimrock Knight, Timeline Culler, Vampire Sovereign, Undead Gladiator, Intimidation Campaign, Cliffhaven Kitesail, Sourbread Auntie, Glimmerpoint Stag, Dinrova Horror, Archive Dragon, Elite Interceptor, Live or Die, Deep-Cavern Bat, Obsessive Stitcher"
"40","2","Red","R Burn","Spells, Humans","13","10","17","2.04","Dragon's Rage Channeler, Heartfire Immolator, Lightning Bolt, Irreverent Gremlin, Reckless Charge, Heartfire Hero, Spiteful Prankster, Reinforced Ronin, Monstrous Rage, Reckless Pyrosurfer, Goblin Surprise, Mogg War Marshal, Rally at the Hornburg, Shock Brigade, Iroh's Demonstration, Samurai's Katana, Fireblast, Goblin Banneret, Mountain, Mountain, Mountain, Mountain, Mountain, Mountain, Mountain, Mountain, Mountain, Mountain, Mountain, Mountain, Mountain, Mountain, Mountain, Mountain, Mountain, Flametongue Kavu, Voldaren Epicure, Shrine of Burning Rage, Khenra Spellspear, Arc Trail","Gingerbrute, Brawn, Amadeus Cho, Noise Marine, Thought-Stalker Warlock, Painter's Studio // Defaced Gallery, Morbid Opportunist, Wall of Omens, Skittering Precursor, Heirloom Blade, Arabella, Abandoned Doll, Ka-Zar of the Savage Land, Sawblade Skinripper, Practiced Scrollsmith, Hordeling Outburst, Sprite Dragon, Twinshot Sniper, Mandibular Kite, Highway Robbery, Slickshot Lockpicker, Sulfurous Springs, Twinmaw Stormbrood, Pummeler for Hire"
"40","3","Green/Red","GR Stompy","Creatures","17","6","17","2.87","Utopia Sprawl, Reclamation Sage, Cactusfolk Sureshot, Stomping Ground, Wall of Roots, Ultimo, Civilization's End, Arbor Elf, Nyxborn Hydra, Pack Guardian, Curse of Predation, Chain Lightning, Temur Sabertooth, Rootbound Crag, Rancor, Bridgeworks Battle, Mountain, Mountain, Burst Lightning, Eldrazi Repurposer, Galewind Moose, Forest, Forest, Forest, Forest, Forest, Forest, Forest, Forest, Forest, Forest, Forest, Forest, Forest, Devoted Druid, Writhing Chrysalis, Pelakka Wurm, Fyndhorn Elves, Paradise Druid, Ghor-Clan Rampager, Shi'ar Soldier","Skoa, Embermage, Bitter Reunion, Cut Down, Rubblebelt Maverick, Eldrazi Ravager, Duress, Unable to Scream, Sacred Foundry, Imodane's Recruiter, Scrapwork Mutt, Repulsive Mutation, The Aesir Escape Valhalla, Sontaran General, Charging Strifeknight, Heroic Reinforcements, Chainweb Aracnir, Fire Magic, Twisted Landscape, Bannerhide Krushok, Grizzly Fate"
"40","4","Black/Green","BG Graveyard","Enchantments","14","9","17","3.48","Shefet Archfiend, Elves of Deep Shadow, Aftermath Analyst, Vilespawn Spider, Swamp, Swamp, Swamp, Swamp, Necromancy, Blossom Prancer, Harmonize, Underground Mortuary, Eden, Seat of the Sanctum, Rampant Growth, Colossal Skyturtle, Spinewoods Armadillo, Under the Skin, Overgrown Tomb, Joraga Treespeaker, Timeless Witness, Island, Forest, Forest, Forest, Forest, Forest, Forest, Forest, Forest, Treetop Village, Earthrumbler, Fertile Ground, Life // Death, Faerie Dreamthief, Insidious Roots, Bramble Wurm, Sakura-Tribe Elder, Satyr Wayfinder, Tortured Existence, Huskburster Swarm","Everflowing Chalice, Elixir of Immortality, Eusocial Engineering, Scattered Groves, Imperious Perfect, Lord Skitter's Butcher, Ash Barrens, Studious First-Year, Pilgrim's Eye, Sprout Swarm, Flopsie, Bumi's Buddy, Path to the World Tree, Dauntless Scrapbot, Foreboding Landscape, Spinewoods Paladin, Skateboard, Autarch Mammoth, Scout the City"
"40","5","Black","B Midrange","Spells, Humans","10","13","17","2.65","Syr Konrad, the Grim, Circuit Mender, Iron-Shield Elf, Sheoldred's Edict, Blood Artist, Inquisition of Kozilek, Priest of the Blood Rite, The Eldest Reborn, Night Clubber, Unearth, Swamp, Swamp, Swamp, Swamp, Swamp, Swamp, Swamp, Swamp, Swamp, Swamp, Swamp, Swamp, Swamp, Swamp, Swamp, Swamp, Bone Shards, Resentful Revelation, Marionette Apprentice, Wurmcoil Larva, Night's Whisper, Eviscerator's Insight, Demonic Tutor, Fell, Animate Dead, Mind Stone, Ominous Cemetery, Gonti, Lord of Luxury, Night Scythe, Vampire Nighthawk","Amethyst Dragon, Combat Thresher, Killmonger, Scourge of Wakanda, Icy Manipulator, Shroudstomper, The Underworld Cookbook, Bane of Bala Ged, Treasure Keeper, Sinister Starfish, The Last Ronin's Technique, Basalt Monolith, Argyr, Tidal Spinner, Sandstone Oracle, Stormkeld Vanguard, Shuri, Vibranium Technologist, Dream Beavers, Lluwen, Exchange Student, Spider Spawning, Spawning Pit, Thopter Squadron, Perilous Myr"
"40","6","Black/White","BW Aristocrats","Spells","11","12","17","2.39","Oketra's Monument, Lingering Souls, Fatal Push, Go for the Throat, Swamp, Swamp, Swamp, Swamp, Swamp, Swamp, Swamp, Swamp, Swamp, Graceful Restoration, Curse of Disturbance, Godless Shrine, Call of the Death-Dweller, Carrion Feeder, Elas il-Kor, Sadistic Pilgrim, Flickerwisp, Plains, Plains, Plains, Plains, Plains, Plains, Indebted Spirit, Bastion of Remembrance, Thraben Inspector, Fiend Hunter, Dalkovan Packbeasts, Forsaken Miner, Path to Exile, Accursed Marauder, Battle Screech, Power Word Kill, Anafenza, Kin-Tree Spirit, Silent Clearing, Dismember, Yahenni, Undying Partisan","Kor Skyfisher, Aerie Auxiliary, Grey Knight Paragon, Eternal Student, Meteor Sword, Wayfarer's Bauble, Leonardo, Leader in Blue, Prava of the Steel Legion, Mishra's Bauble, Guarded Heir, Accorder Paladin, Overwhelming Encounter, Cathar Commando, Nurturing Pixie, Rhox Veteran, Judith, the Scourge Diva, Sonic Screwdriver, Emergency Eject, Cast Out, Brazen Collector"
"40","7","Blue","U Spellslinger","Spells, Wizards","13","10","17","2.39","Plumecreed Escort, Chart a Course, Phantom Interference, Frost Trickster, Justice, Vance Astrovik, Ninja of the Deep Hours, Curiosity, Start the TARDIS, Brainstorm, Confounding Riddle, Inspiring Vantage, Talrand's Invocation, Floodpits Drowner, Spyglass Siren, Mischievous Mystic, Lórien Revealed, Cynette, Jelly Drover, Coruscation Mage, Serum Visionary, Island, Island, Island, Island, Island, Island, Island, Island, Island, Island, Island, Island, Island, Island, Island, Faerie Seer, Faerie Vandal, Into the Roil, Agent 13, Sharon Carter, Echoing Truth, Hallowed Fountain","Splash Lasher, Lita, Little Orphan Amphibian, Ornithopter of Paradise, Razorkin Hordecaller, Talisman of Dominance, Iraxxa, Empress of Mars, Epochrasite, Primordial Pachyderm, Balmor, Battlemage Captain, Pestermite, Soulherder, Propagator Drone, Ghostly Flicker, Eldrazi Skyspawner, Electrostatic Infantry, At Knifepoint, The Cave of Two Lovers, Mask of Memory, Loxodon Warhammer, Hearth Elemental"
"40","8","White","W Weenie","Humans","15","8","17","2.65","Witch Enchanter, Dewdrop Cure, A.I.M. Synthoids, Rosie Cotton of South Lane, Multiversal Passage, Glyph Elemental, Journey to Nowhere, Sunhome Stalwart, Spectral Procession, Bonesplitter, Mishra's Factory, Porcelain Legionnaire, Tax Collector, Surgical Suite // Hospital Room, Mana Tithe, Recruitment Officer, Swords to Plowshares, Elite Scaleguard, Plains, Plains, Plains, Plains, Plains, Plains, Plains, Plains, Plains, Plains, Plains, Plains, Plains, Plains, Plains, Law-Rune Enforcer, Shepherd of the Clouds, Descendant of Storms, Inspiring Overseer, Night Nurse, Healer of Heroes, Militia Bugler, Reprieve","Tandem Lookout, Veteran Beastrider, Glacier Godmaw, Dragon Trainer, Irrigated Farmland, Honest Rutstein, Jewel Thief, Embereth Shieldbreaker, Sheltering Landscape, Atraxi Warden, Trostani's Summoner, Diresight, Hunter's Talent, Arms of Hadar, Meticulous Archive, Lush Portico, Vitu-Ghazi Guildmage, Scurry Oak, Environmental Scientist, Sunbaked Canyon"
"41","1","Green","G Midrange Combo","Enchantments, Elves","14","9","17","2.96","Prismatic Vista, Reclamation Sage, Simic Growth Chamber, Glacier Godmaw, Summon: Fenrir, Wall of Roots, Arbor Elf, Jewel Thief, Nyxborn Hydra, Repulsive Mutation, Llanowar Elves, Wolfwillow Haven, Harmonize, Eden, Seat of the Sanctum, Rampant Growth, Sprout Swarm, Under the Skin, Joraga Treespeaker, Hunter's Talent, Eldrazi Repurposer, Forest, Forest, Forest, Forest, Forest, Forest, Forest, Forest, Forest, Forest, Forest, Forest, Treetop Village, Hedge Maze, Devoted Druid, Fertile Ground, Malevolent Rumble, Pelakka Wurm, Bramble Wurm, Honored Hydra","Deceptive Landscape, Elixir of Immortality, Mulldrifter, Bane of Bala Ged, Ornithopter of Paradise, Vilespawn Spider, Omen of the Sea, Honest Rutstein, Bonder's Ornament, Basalt Monolith, Talisman of Curiosity, Overgrown Tomb, Goblin Trenches, Dauntless Scrapbot, Tranquil Landscape, Bannerhide Krushok, Pummeler for Hire"
"41","2","Black/Blue","BU Reanimator","Spells","5","18","17","3.00","Ponder, Shefet Archfiend, Undercity Sewers, Cut Down, Victimize, Go for the Throat, Fetid Pools, Brainstorm, Waker of Waves, Fact or Fiction, The Eldest Reborn, Talisman of Dominance, Swamp, Swamp, Swamp, Swamp, Swamp, Swamp, Swamp, Swamp, Swamp, Swamp, Swamp, Wurmcoil Larva, Fell, Reanimate, Raven's Crime, Diresight, Island, Island, Island, Island, Animate Dead, Shoreline Looter, Mind Stone, Life // Death, Unburial Rites, Gonti, Lord of Luxury, Remand, Kasmina, Enigmatic Mentor","Skoa, Embermage, Syr Konrad, the Grim, Steam Vents, Bitter Reunion, Timeline Culler, Blood Crypt, Priest of the Blood Rite, Ashnod's Altar, Blackcleave Cliffs, Curse of Disturbance, Mouth of the Storm, Reassembling Skeleton, Pyretic Rebirth, Thran Dynamo, At Knifepoint, Perilous Landscape, Slickshot Lockpicker, Environmental Scientist, Huskburster Swarm, Yahenni, Undying Partisan"
"41","3","Blue/White","UW Control","Humans, Creatures","16","7","17","3.00","Chart a Course, Faerie Conclave, Tandem Lookout, Frost Trickster, Ninja of the Deep Hours, Hypnotic Sprite, Victor Timely, Wily Tycoon, Icy Manipulator, Sicarian Infiltrator, Lórien Revealed, Okoye, Dora Milaje Leader, Daze, Whirler Rogue, Faebloom Trick, Serum Visionary, Island, Island, Island, Island, Island, Island, Island, Island, Island, Island, Island, Island, Island, Island, Eldrazi Skyspawner, Faerie Vandal, Plains, Plains, Sink into Stupor, Fallaji Archaeologist, Grafted Wargear, Sharae of Numbing Depths, Night Nurse, Healer of Heroes, Harrier Strix, Shi'ar Soldier","Splash Lasher, Bonesplitter, Night Clubber, Ash Barrens, Studious First-Year, Scrapwork Mutt, Psychic Spiral, Hieroglyphic Illumination, Guarded Heir, Pilgrim's Eye, Shepherd of the Flock, Heirloom Blade, High-Speed Hoverbike, Path to the World Tree, Peace Strider, Elite Scaleguard, Mirrorshell Crab, Gary Clone, Skateboard, Pierce Strider, Disruptive Stormbrood"
"41","4","Red/Blue","RU Spellslinger","Spells, Wizards","9","14","17","2.48","Fiery Islet, Dragon's Rage Channeler, Killmonger, Scourge of Wakanda, Opera Love Song, Start the TARDIS, Rise from the Tides, Prismari Campus, Consider, Mishra's Bauble, Mad Ratter, Rally at the Hornburg, Balmor, Battlemage Captain, Coruscation Mage, Mountain, Mountain, Mountain, Mountain, Mountain, Mountain, Mountain, Mountain, Mountain, Mountain, Hordeling Outburst, Island, Island, Island, Island, Island, Improbable Alliance, Electrostatic Infantry, Memory Lapse, Expressive Iteration, Fire Magic, Brimstone Volley, Murmuring Mystic, Highway Robbery, Hearth Elemental, Khenra Spellspear, Abrade","Talisman of Progress, Dewdrop Cure, Grey Knight Paragon, Meteor Sword, Oliphaunt, Curiosity, Journey to Nowhere, Behold the Unspeakable, Canyon Crab, The Last Ronin's Technique, Overwhelming Encounter, Skittering Precursor, Pestermite, Sandstone Oracle, Meat Locker // Drowned Diner, Greasewrench Goblin, Dream Beavers, Judith, the Scourge Diva, Scout the City, General Marhault Elsdragon"
"41","5","Black/Blue","BU Midrange","Spells","9","14","17","2.52","Lively Dirge, Fabled Passage, Agonizing Remorse, Umbral Collar Zealot, Dance of the Dead, Stock Up, Duress, Undead Gladiator, Triarch Praetorian, Swamp, Swamp, Swamp, Swamp, Swamp, Swamp, Swamp, Swamp, Swamp, Swamp, Swamp, Swamp, Swamp, Swamp, Necromancy, Shriekmaw, Resentful Revelation, Marionette Apprentice, Night's Whisper, Call of the Death-Dweller, Island, Arms of Hadar, Bastion of Remembrance, Counterspell, Live or Die, Deep-Cavern Bat, Cult Conscript, Obsessive Stitcher, Tortured Existence, Watery Grave, Vampire Nighthawk","Everflowing Chalice, Circuit Mender, Rubblebelt Maverick, Lose Focus, Leonardo, Leader in Blue, Rise of the Witch-king, Unable to Scream, Spyglass Siren, Tolls of War, Atraxi Warden, Striped Riverwinder, Duskwatch Recruiter, Riftwing Cloudskate, The Neutrinos, Foreboding Landscape, Law-Rune Enforcer, Lluwen, Exchange Student, Control Magic, Thopter Squadron, Perilous Myr"
"41","6","Red/White","RW Aggro","Humans","15","8","17","2.65","Witch Enchanter, Rift Bolt, Spectral Procession, Rally the Peasants, Inspiring Vantage, Irreverent Gremlin, Heartfire Hero, Imodane's Recruiter, Mishra's Factory, Reinforced Ronin, Reckless Pyrosurfer, Cathar Commando, Arabella, Abandoned Doll, Shock Brigade, Chain Lightning, Adanto Vanguard, Recruitment Officer, Samurai's Katana, Geological Appraiser, Mountain, Mountain, Mountain, Mountain, Mountain, Mountain, Mountain, Dragoon's Lance, Plains, Plains, Plains, Plains, Plains, Plains, Plains, Heroic Reinforcements, Inspiring Overseer, Path to Exile, Militia Bugler, Sunbaked Canyon, Twinmaw Stormbrood","Oketra's Monument, Staggershock, The Underworld Cookbook, Diligent Webkeepers, Prava of the Steel Legion, Touch the Spirit Realm, Signal Pest, Archetype of Courage, Isolated Chapel, Iroh's Demonstration, Miscalculation, Rite of the Raging Storm, Charging Strifeknight, Liliana's Devotee, Mandibular Kite, Voldaren Epicure, Mask of Memory, Seeker of the Way, Weaponize the Monsters"
"41","7","Black/Blue/White","BUW Control","Spells","10","13","17","2.09","Dawnbringer Cleric, Lingering Souls, Phantom Interference, Ephemerate, Sheoldred's Edict, Thought-Stalker Warlock, Contaminated Landscape, Baleful Strix, Inquisition of Kozilek, Unearth, Essence Reliquary, Swamp, Swamp, Swamp, Swamp, Tax Collector, Godless Shrine, Bitter Triumph, Cynette, Jelly Drover, Nurturing Pixie, Soulherder, Splitskin Doll, Mage's Attendant, Preordain, Swords to Plowshares, Flickerwisp, Island, Island, Island, Plains, Plains, Plains, Plains, Plains, Plains, Plains, Mana Leak, Sheltered by Ghosts, Hallowed Fountain, Dismember","Requisition Raid, Aerie Auxiliary, Glyph Elemental, Sunhome Stalwart, Shroudstomper, Joo Dee, One of Many, Lord Skitter's Butcher, Graceful Restoration, Sheltering Landscape, Accorder Paladin, Surgical Suite // Hospital Room, Argyr, Tidal Spinner, Mana Tithe, Elas il-Kor, Sadistic Pilgrim, Shepherd of the Clouds, The Cave of Two Lovers, Writhing Chrysalis, Faerie Dreamthief, Grizzly Fate"
"41","8","Green/Red","GR Stompy","Green/Red","15","8","17","2.96","Utopia Sprawl, Cactusfolk Sureshot, Choco-Comet, Stomping Ground, Multiversal Passage, Charging Monstrosaur, Eusocial Engineering, Bloodbraid Elf, Elvish Mystic, Ultimo, Civilization's End, Ahn-Crop Crasher, Thrashing Brontodon, Monstrous Rage, Rishkar, Peema Renegade, Sontaran General, Stampeding Scurryfoot, Flametongue Yearling, Temur Sabertooth, Propagator Drone, Ghostfire Slice, Rancor, Bridgeworks Battle, Mountain, Mountain, Mountain, Mountain, Mountain, Mountain, Burst Lightning, Flametongue Kavu, Forest, Forest, Forest, Forest, Forest, Forest, Forest, Forest, Twinshot Sniper, Sheltered Thicket","Gingerbrute, Kavaron Harrier, Lita, Little Orphan Amphibian, Rimrock Knight, Horizon Canopy, Bountiful Landscape, Blood Artist, Wayfarer's Bauble, Aftermath Analyst, Mogg War Marshal, Shattered Landscape, Practiced Scrollsmith, Snare Thopter, Loxodon Warhammer, Night Scythe, Shrine of Burning Rage, Spawning Pit, Goblin Bombardment, Anafenza, Kin-Tree Spirit"
"42","1","Black/Blue","BU Reanimator","Spells","10","13","17","2.74","Dance of the Dead, Fatal Push, Cut Down, Killmonger, Scourge of Wakanda, Iron-Shield Elf, Sheoldred's Edict, Bane of Bala Ged, Undead Gladiator, Triarch Praetorian, Swamp, Swamp, Swamp, Swamp, Swamp, Swamp, Swamp, Swamp, Swamp, Swamp, Swamp, Swamp, Swamp, Sinister Starfish, Drown in Sorrow, Necromancy, Godless Shrine, Wreckage Wickerfolk, Hymn to Tourach, Diresight, Dinrova Horror, Forest, Forest, Counterspell, Meticulous Archive, Life // Death, Unburial Rites, Accursed Marauder, Obsessive Stitcher, Tortured Existence, Exhume","Drix Interception, Gingerbrute, Eternal Student, Talisman of Creativity, Stomping Ground, Contaminated Landscape, Icy Manipulator, Diligent Webkeepers, Bloodbraid Elf, Cathar Commando, Colossal Skyturtle, Pyretic Rebirth, Dragoon's Lance, Codecracker Hound, The Neutrinos, Foreboding Landscape, Mask of Memory, Loxodon Warhammer, Cogwork Librarian, Pummeler for Hire"
"42","2","Blue/White","UW Control","Humans","14","9","17","2.52","Dawnbringer Cleric, Frost Trickster, Ninja of the Deep Hours, Unable to Scream, Irrigated Farmland, Spyglass Siren, Touch the Spirit Realm, Wall of Omens, Shepherd of the Flock, Daze, Unnerving Grasp, Cynette, Jelly Drover, Soulherder, Splitskin Doll, Getaway Glamer, Ghostly Flicker, Flickerwisp, Island, Island, Island, Island, Island, Island, Plains, Plains, Plains, Plains, Plains, Plains, Plains, Plains, Plains, Plains, Mana Leak, Sharae of Numbing Depths, Thraben Inspector, Fiend Hunter, Sheltered by Ghosts, Inspiring Overseer, Battle Screech","Requisition Raid, Curiosity, Spectral Procession, Nyxborn Hydra, Cliffhaven Kitesail, Curse of Predation, Signal Pest, Rishkar, Peema Renegade, Heirloom Blade, Pestermite, Recruitment Officer, Raven's Crime, Rhox Veteran, Mandibular Kite, Shoreline Looter, Meteor Golem, Emergency Eject, Murmuring Mystic, Perilous Landscape, Thopter Squadron, Brazen Collector"
"42","3","Red","R Aristocrats","Artifacts, Humans","13","10","17","2.65","Choco-Comet, Dragon's Rage Channeler, Kavaron Harrier, Noise Marine, Razorkin Hordecaller, Scrapwork Mutt, Blackcleave Cliffs, Gut, True Soul Zealot, Reckless Pyrosurfer, Marionette Apprentice, Sontaran General, Firebolt, Mogg War Marshal, Flametongue Yearling, Chain Lightning, Ghostfire Slice, Samurai's Katana, Fireblast, Mountain, Mountain, Mountain, Mountain, Mountain, Mountain, Mountain, Mountain, Mountain, Mountain, Mountain, Mountain, Mountain, Mountain, Mountain, Hordeling Outburst, Twinshot Sniper, Rabbit Battery, Brimstone Volley, Shrine of Burning Rage, Goblin Bombardment, Sulfurous Springs","Skoa, Embermage, Agonizing Remorse, Bitter Reunion, Victor Timely, Wily Tycoon, Morbid Opportunist, Vampire Sovereign, Untethered Express, Curse of Disturbance, Bitter Triumph, Skittering Precursor, Reanimate, Snare Thopter, Peace Strider, Liliana's Devotee, At Knifepoint, Devoted Druid, Night Scythe, Weaponize the Monsters, Silent Clearing, Dismember"
"42","4","Red/White","RW Aggro","Humans, Creatures","16","7","17","2.04","Rimrock Knight, Glyph Elemental, Leonardo, Leader in Blue, Inspiring Vantage, Reckless Charge, Heartfire Hero, Imodane's Recruiter, Kumano Faces Kakkazan, Ahn-Crop Crasher, Monstrous Rage, Porcelain Legionnaire, Tax Collector, Accorder Paladin, Archetype of Courage, Arabella, Abandoned Doll, Momo, Playful Pet, Adanto Vanguard, Mana Tithe, Mountain, Mountain, Mountain, Mountain, Mountain, Goblin Trenches, Plains, Plains, Plains, Plains, Plains, Plains, Plains, Plains, Plains, Plains, Heroic Reinforcements, Dalkovan Packbeasts, Monastery Swiftspear, Militia Bugler, Sunbaked Canyon, Abrade","Splash Lasher, Ephemerate, Rosie Cotton of South Lane, Oliphaunt, Imperial Oath, Essence Reliquary, Studious First-Year, Atraxi Warden, Trumpeting Herd, Argyr, Tidal Spinner, High-Speed Hoverbike, Rancor, Elite Scaleguard, Electrostatic Infantry, Law-Rune Enforcer, Gary Clone, Pierce Strider, Hallowed Fountain, City of Brass, Surrak, the Hunt Caller"
"42","5","Green/Blue/White","GUW Ramp","Artifacts, Humans","14","9","17","2.74","Talisman of Progress, Ponder, Simic Growth Chamber, Everflowing Chalice, Faerie Conclave, Circuit Mender, Breeding Pool, Wall of Roots, Elvish Mystic, Swamp, Sicarian Infiltrator, Pilgrim's Eye, Basalt Monolith, Serum Visionary, Propagator Drone, Shuri, Vibranium Technologist, Thran Dynamo, Swords to Plowshares, Island, Island, Forest, Forest, Forest, Forest, Treetop Village, Plains, Plains, Plains, Plains, Plains, Mind Stone, Hedge Maze, Lluwen, Exchange Student, Sonic Screwdriver, Mirrorshell Crab, Agent 13, Sharon Carter, Red Guardian, Super-Soldier, Autarch Mammoth, Environmental Scientist, Collector's Vault","Plumecreed Escort, Meteor Sword, Eldrazi Ravager, Imperious Perfect, Consider, Iraxxa, Empress of Mars, Epochrasite, Overwhelming Encounter, Harmonize, Trostani's Summoner, Rootbound Crag, Seismic Sense, Path to the World Tree, Earthrumbler, Fallaji Archaeologist, Tranquil Landscape, Echoing Truth"
"42","6","Black/Green","BG Graveyard","Elves, Creatures","18","5","17","2.78","Fabled Passage, Rubblebelt Maverick, Elves of Deep Shadow, Beanstalk Giant, Summon: Fenrir, Aftermath Analyst, Rise of the Witch-king, Honest Rutstein, Arbor Elf, Jewel Thief, Swamp, Swamp, Swamp, Llanowar Elves, Shriekmaw, Ravenous Chupacabra, Underground Mortuary, Duskwatch Recruiter, Spinewoods Armadillo, Under the Skin, Fell, Overgrown Tomb, Joraga Treespeaker, Forest, Forest, Forest, Forest, Forest, Forest, Forest, Forest, Forest, Forest, Forest, Goliath, Mass Manipulator, Malevolent Rumble, Insidious Roots, Paradise Druid, Satyr Wayfinder, Disruptive Stormbrood","Thirst for Identity, Deceptive Landscape, Bountiful Landscape, Eusocial Engineering, Priest of the Blood Rite, Ash Barrens, Mad Ratter, Bridgeworks Battle, Dream Beavers, Galewind Moose, Charging Strifeknight, Chainweb Aracnir, Grafted Wargear, Faerie Dreamthief, Vitu-Ghazi Guildmage, Twisted Landscape, Bannerhide Krushok, Scout the City, General Marhault Elsdragon"
"42","7","Black/Blue","BU Tempo","Spells","6","17","17","3.39","Fiery Islet, Undercity Sewers, Phantom Interference, Halo Forager, Stock Up, Mulldrifter, Go for the Throat, Brainstorm, Baleful Strix, Rise from the Tides, Confounding Riddle, Omen of the Sea, Talrand's Invocation, Fact or Fiction, The Eldest Reborn, Swamp, Lórien Revealed, Striped Riverwinder, Faebloom Trick, Preordain, Riftwing Cloudskate, Island, Island, Island, Island, Island, Island, Island, Island, Island, Island, Island, Island, Island, Sink into Stupor, Expressive Iteration, Control Magic, Kasmina, Enigmatic Mentor, Slickshot Lockpicker, Watery Grave","Tandem Lookout, Artisan of Kozilek, Thermo-Alchemist, Order of Midnight, Glacier Godmaw, Faithless Looting, Canyon Crab, Mishra's Bauble, Blossom Prancer, Wurmcoil Larva, Goblin Surprise, Balmor, Battlemage Captain, Sprite Dragon, Flametongue Kavu, Eldrazi Skyspawner, Faerie Vandal, Coastline Marauders, Archive Dragon, Highway Robbery"
"42","8","Black/White","BW Aristocrats","Spells","12","11","17","2.70","Umbral Collar Zealot, Syr Konrad, the Grim, Troll of Khazad-dûm, Blood Artist, Inquisition of Kozilek, Lord Skitter's Butcher, Ashnod's Altar, Unearth, Swamp, Swamp, Swamp, Swamp, Swamp, Swamp, Swamp, Swamp, Swamp, Swamp, Swamp, Swamp, Swamp, Swamp, Swamp, Graceful Restoration, Bone Shards, Night's Whisper, Demonic Tutor, Call of the Death-Dweller, Reassembling Skeleton, Elas il-Kor, Sadistic Pilgrim, Plains, Plains, Bastion of Remembrance, Gonti, Lord of Luxury, Path to Exile, Lampad of Death's Vigil, Spawning Pit, Hero of the Dunes, Shi'ar Soldier, Yahenni, Undying Partisan","Oketra's Monument, Avacyn's Pilgrim, Horizon Canopy, Duress, Sunhome Stalwart, The Underworld Cookbook, Waker of Waves, Prava of the Steel Legion, Kitchen Finks, Sheltering Landscape, Reinforced Ronin, Primordial Pachyderm, Guarded Heir, Mage's Attendant, Sawblade Skinripper, The Cave of Two Lovers, Indebted Spirit, Githzerai Monk, Skateboard, Seeker of the Way, Perilous Myr, Grizzly Fate"
"43","1","Green/Blue","GU Ramp","Green/Blue","15","8","17","2.91","Simic Growth Chamber, Splash Lasher, Justice, Vance Astrovik, Killmonger, Scourge of Wakanda, Breeding Pool, Stock Up, Elvish Mystic, Floodpits Drowner, Ultimo, Civilization's End, Arbor Elf, Behold the Unspeakable, Swamp, Repulsive Mutation, Llanowar Elves, Whirler Rogue, Wolfwillow Haven, Rishkar, Peema Renegade, Colossal Skyturtle, Talisman of Curiosity, Serum Visionary, Timeless Witness, Hunter's Talent, Island, Island, Island, Island, Island, Island, Island, Forest, Forest, Forest, Forest, Forest, Forest, Forest, Biomechan Engineer, Counterspell, Malevolent Rumble, Shi'ar Soldier","Talisman of Progress, Plumecreed Escort, Icy Manipulator, Aftermath Analyst, Canyon Crab, Untethered Express, Striped Riverwinder, Overwhelming Encounter, Unnerving Grasp, Mouth of the Storm, Wreckage Wickerfolk, Thran Dynamo, Riftwing Cloudskate, Lluwen, Exchange Student, Mirrorshell Crab, Rise of the Ants, Night Scythe, Autarch Mammoth, Collector's Vault, General Marhault Elsdragon"
"43","2","Black/Green","BG Graveyard","Humans, Creatures","16","7","17","2.96","Utopia Sprawl, Lively Dirge, Golgari Rot Farm, Rubblebelt Maverick, Elves of Deep Shadow, Beanstalk Giant, Horizon Canopy, Eternal Witness, Summon: Fenrir, Wall of Roots, Rise of the Witch-king, Honest Rutstein, Triarch Praetorian, Swamp, Swamp, Swamp, Swamp, Swamp, Shriekmaw, Rampant Growth, Duskwatch Recruiter, Spinewoods Armadillo, Overgrown Tomb, Reanimate, Forest, Forest, Forest, Forest, Forest, Forest, Forest, Forest, Forest, Devoted Druid, Insidious Roots, Spider Spawning, Bannerhide Krushok, Night Nurse, Healer of Heroes, Disruptive Stormbrood, Scurry Oak","Eldrazi Ravager, Eusocial Engineering, Imperious Perfect, Nyxborn Hydra, Kitchen Finks, Studious First-Year, Renata, Called to the Hunt, Trumpeting Herd, Blossom Prancer, Wurmcoil Larva, Harmonize, Temur Sabertooth, Rancor, Seismic Sense, Flopsie, Bumi's Buddy, Eldrazi Repurposer, Earthrumbler, Fiend Hunter, Gary Clone"
"43","3","Red/Blue","RU Spellslinger","Spells, Humans","12","11","17","2.70","Fiery Islet, Drix Interception, Chart a Course, Phantom Interference, Talisman of Creativity, Steam Vents, Heartfire Immolator, Curiosity, Brainstorm, Eddymurk Crab, Mischievous Mystic, Cynette, Jelly Drover, Pestermite, Ka-Zar of the Savage Land, Faebloom Trick, Ghostfire Slice, Mountain, Mountain, Mountain, Mountain, Island, Island, Island, Island, Island, Island, Island, Island, Island, Island, Island, Faerie Vandal, Shoreline Looter, Mana Leak, Monastery Swiftspear, Murmuring Mystic, Echoing Truth, Hearth Elemental, Khenra Spellspear, Arc Trail","Ornithopter of Paradise, Bloodbraid Elf, Razorkin Hordecaller, Irreverent Gremlin, Iraxxa, Empress of Mars, Embereth Shieldbreaker, Ash Barrens, Pack Guardian, Reckless Pyrosurfer, Pilgrim's Eye, Curse of Predation, Sontaran General, Goblin Surprise, Goblin Banneret, Diresight, Eldrazi Skyspawner, Coastline Marauders, Emergency Eject, Cogwork Librarian, Pummeler for Hire"
"43","4","Black/Red","BR Aristocrats","Humans, Creatures","18","5","17","2.26","Fell the Profane, Kavaron Harrier, Thought-Stalker Warlock, Timeline Culler, Blood Crypt, Joo Dee, One of Many, Mayhem Devil, Night Clubber, Swamp, Swamp, Swamp, Swamp, Swamp, Swamp, Swamp, Swamp, Swamp, Swamp, Swamp, Spiteful Prankster, Blackcleave Cliffs, Gut, True Soul Zealot, Marionette Apprentice, Mogg War Marshal, Rally at the Hornburg, Eviscerator's Insight, Sawblade Skinripper, Carrion Feeder, Mountain, Mountain, Mountain, Liliana's Devotee, Judith, the Scourge Diva, Forsaken Miner, Lampad of Death's Vigil, Cult Conscript, Spawning Pit, Sulfurous Springs, Tortured Existence, Yahenni, Undying Partisan","Requisition Raid, Agonizing Remorse, Grey Knight Paragon, Wayfarer's Bauble, Leonardo, Leader in Blue, Treasure Keeper, Ashnod's Altar, Undead Gladiator, Kumano Faces Kakkazan, Ahn-Crop Crasher, Sheltering Landscape, Drown in Sorrow, Primordial Pachyderm, Stampeding Scurryfoot, Isolated Chapel, At Knifepoint, Animate Dead, Ghor-Clan Rampager, Perilous Myr"
"43","5","Blue/White","UW Control","Spells, Humans","13","10","17","3.09","Witch Enchanter, Lingering Souls, Fabled Passage, Ephemerate, Hypnotic Sprite, Lita, Little Orphan Amphibian, Prismari Campus, Scattered Groves, Unable to Scream, Confounding Riddle, Inspiring Vantage, Irrigated Farmland, Talrand's Invocation, Sacred Foundry, Lórien Revealed, Miscalculation, Soulherder, Dragoon's Lance, Ghostly Flicker, Swords to Plowshares, Island, Island, Island, Plains, Plains, Plains, Plains, Plains, Plains, Sharae of Numbing Depths, Meticulous Archive, Goliath, Mass Manipulator, Githzerai Monk, Inspiring Overseer, Agent 13, Sharon Carter, Cloudgoat Ranger, Seeker of the Way, Perilous Landscape, Pinnacle Monk, Twinmaw Stormbrood","Dewdrop Cure, Elixir of Immortality, Painter's Studio // Defaced Gallery, Rally the Peasants, Archetype of Courage, Shattered Landscape, Propagator Drone, Air Nomad Legacy, Dream Beavers, Pyretic Rebirth, Galewind Moose, Tranquil Landscape, Environmental Scientist, Third Path Iconoclast"
"43","6","Black/Blue","BU Reanimator","Spells","7","16","17","2.96","Faerie Conclave, Dance of the Dead, Fatal Push, Halo Forager, Sheoldred's Edict, Fetid Pools, Duress, Baleful Strix, Bane of Bala Ged, The Eldest Reborn, Swamp, Swamp, Swamp, Swamp, Swamp, Swamp, Swamp, Swamp, Swamp, Swamp, Swamp, Swamp, Sinister Starfish, Necromancy, Resentful Revelation, Godless Shrine, Night's Whisper, Demonic Tutor, Hymn to Tourach, Dinrova Horror, Memory Lapse, Sink into Stupor, Life // Death, Unburial Rites, Lush Portico, Gonti, Lord of Luxury, Accursed Marauder, Live or Die, Exhume, Watery Grave","Everflowing Chalice, Picklock Prankster, Contaminated Landscape, Shroudstomper, The Underworld Cookbook, Intimidation Campaign, Curse of Disturbance, Marauding Sphinx, Sandstone Oracle, Trostani's Summoner, Stormkeld Vanguard, Rite of the Raging Storm, Samurai's Katana, Faerie Dreamthief, Meteor Golem, Kasmina, Enigmatic Mentor, Cast Out"
"43","7","Red/Blue","RU Spellslinger","Spells","8","15","17","2.00","Ponder, Amethyst Dragon, Noise Marine, Opera Love Song, Rimrock Knight, Reckless Charge, Consider, Mishra's Factory, Monstrous Rage, Firebolt, Balmor, Battlemage Captain, Flametongue Yearling, Chain Lightning, Coruscation Mage, Iroh's Demonstration, Greasewrench Goblin, Mountain, Mountain, Mountain, Mountain, Mountain, Mountain, Mountain, Mountain, Mountain, Mountain, Mountain, Mountain, Mountain, Burst Lightning, Flametongue Kavu, Island, Island, Island, Improbable Alliance, Expressive Iteration, Fire Magic, Brimstone Volley, Shrine of Burning Rage, Weaponize the Monsters","Cactusfolk Sureshot, Skoa, Embermage, A.I.M. Synthoids, Eternal Student, Tandem Lookout, Stomping Ground, Frost Trickster, Circuit Mender, Meteor Sword, Artisan of Kozilek, Veteran Beastrider, Seething Landscape, Priest of the Blood Rite, Atraxi Warden, Mad Ratter, Argyr, Tidal Spinner, Snare Thopter, Into the Roil, The Cave of Two Lovers, Mind Stone, Vitu-Ghazi Guildmage"
"43","8","White","W Weenie","Artifacts, Soldiers, Creatures","16","7","17","2.43","Oketra's Monument, Kor Skyfisher, Glyph Elemental, Sunhome Stalwart, Spectral Procession, Bonesplitter, Porcelain Legionnaire, Surgical Suite // Hospital Room, Cathar Commando, Momo, Playful Pet, Nurturing Pixie, Adanto Vanguard, Splitskin Doll, Mana Tithe, Mage's Attendant, Recruitment Officer, Rhox Veteran, Flickerwisp, Plains, Plains, Plains, Plains, Plains, Plains, Plains, Plains, Plains, Plains, Plains, Plains, Plains, Plains, Plains, Plains, Mandibular Kite, Descendant of Storms, Dalkovan Packbeasts, Ominous Cemetery, Sheltered by Ghosts, All-Fates Stalker","Staggershock, Gingerbrute, Order of Midnight, Dragon Trainer, Imperial Oath, Prava of the Steel Legion, Scrapwork Mutt, Tolls of War, Bonder's Ornament, Guarded Heir, Basalt Monolith, Arabella, Abandoned Doll, Shuri, Vibranium Technologist, Glimmerpoint Stag, Getaway Glamer, High-Speed Hoverbike, Heroic Reinforcements, Skateboard, Hero of the Dunes, Sunbaked Canyon, Abrade"
"44","1","Green/Blue/White","GUW Blink","Artifacts","9","14","17","2.74","Talisman of Progress, Prismatic Vista, Simic Growth Chamber, Hard Evidence, Everflowing Chalice, Circuit Mender, Justice, Vance Astrovik, Brawn, Amadeus Cho, Mulldrifter, Icy Manipulator, Brainstorm, Ornithopter of Paradise, Reflector Mage, Trostani's Summoner, Sprout Swarm, Thran Dynamo, Path to the World Tree, Ghostly Flicker, Swords to Plowshares, Island, Island, Island, Island, Island, Island, Island, Forest, Forest, Forest, Plains, Plains, Plains, Plains, Fertile Ground, Malevolent Rumble, Lush Portico, Loxodon Warhammer, Thopter Squadron, Collector's Vault, Mighty Mutanimals","Plumecreed Escort, Kor Skyfisher, Imperious Perfect, Arbor Elf, Intimidation Campaign, Curse of Predation, The Last Ronin's Technique, Marauding Sphinx, Overwhelming Encounter, Wolfwillow Haven, Archetype of Courage, Harmonize, Memory Lapse, Mirrorshell Crab, Gary Clone, Vitu-Ghazi Guildmage, Pierce Strider, Bannerhide Krushok, Satyr Wayfinder"
"44","2","Black","B Midrange","Spells","8","15","17","3.26","Shefet Archfiend, Lively Dirge, Agonizing Remorse, Dance of the Dead, Cut Down, Sheoldred's Edict, Troll of Khazad-dûm, Victimize, Go for the Throat, Bane of Bala Ged, The Eldest Reborn, Swamp, Swamp, Swamp, Swamp, Swamp, Swamp, Swamp, Swamp, Swamp, Swamp, Swamp, Swamp, Swamp, Swamp, Swamp, Swamp, Sinister Starfish, Drown in Sorrow, Ravenous Chupacabra, Ka-Zar of the Savage Land, Hymn to Tourach, Reanimate, Forest, Life // Death, Unburial Rites, Gonti, Lord of Luxury, Faerie Dreamthief, Live or Die, Tortured Existence","Undercity Sewers, Umbral Collar Zealot, Contaminated Landscape, Wayfarer's Bauble, Fetid Pools, The Underworld Cookbook, Rise of the Witch-king, Night Clubber, Graceful Restoration, Cliffhaven Kitesail, Basalt Monolith, Air Nomad Legacy, Elas il-Kor, Sadistic Pilgrim, Peace Strider, Shoreline Looter, Bastion of Remembrance, Mind Stone, Spawning Pit, Hero of the Dunes, Perilous Myr, Environmental Scientist, Huskburster Swarm"
"44","3","Red/Blue","RU Spellslinger","Spells, Humans","11","12","17","2.65","Ponder, Fiery Islet, Staggershock, Chart a Course, Faerie Conclave, Phantom Interference, Heartfire Immolator, Picklock Prankster, Rise from the Tides, Prismari Campus, Eddymurk Crab, Mischievous Mystic, Mishra's Factory, Hieroglyphic Illumination, Monstrous Rage, Daze, Unnerving Grasp, Balmor, Battlemage Captain, Mountain, Mountain, Mountain, Mountain, Mountain, Sprite Dragon, Burst Lightning, Island, Island, Island, Island, Island, Island, Island, Island, Faerie Vandal, Expressive Iteration, Remand, Murmuring Mystic, Hearth Elemental, Khenra Spellspear, Third Path Iconoclast","Tandem Lookout, Hypnotic Sprite, Opera Love Song, Inspiring Vantage, Spyglass Siren, Repulsive Mutation, Sourbread Auntie, Cynette, Jelly Drover, Meat Locker // Drowned Diner, The Neutrinos, Faerie Seer, Eldrazi Skyspawner, Mandibular Kite, Meticulous Archive, Elite Interceptor, Agent 13, Sharon Carter, Night Scythe, Echoing Truth"
"44","4","Red/White","RW Aggro","Artifacts, Soldiers","15","8","17","2.04","Journey to Nowhere, Rally the Peasants, Irreverent Gremlin, Sacred Foundry, Bonesplitter, Gut, True Soul Zealot, Porcelain Legionnaire, Accorder Paladin, Cathar Commando, Arabella, Abandoned Doll, Rally at the Hornburg, Nurturing Pixie, Adanto Vanguard, Splitskin Doll, Recruitment Officer, Mountain, Mountain, Dragoon's Lance, Rhox Veteran, Plains, Plains, Plains, Plains, Plains, Plains, Plains, Plains, Plains, Plains, Plains, Plains, Plains, Rabbit Battery, Thraben Inspector, Dalkovan Packbeasts, Sheltered by Ghosts, Path to Exile, Militia Bugler, Reprieve, Sunbaked Canyon","Dawnbringer Cleric, Dewdrop Cure, Lingering Souls, Aerie Auxiliary, Ephemerate, Painter's Studio // Defaced Gallery, Treasure Keeper, Omen of the Sea, Floodpits Drowner, Guarded Heir, Momo, Playful Pet, Mage's Attendant, Glimmerpoint Stag, Goblin Banneret, Shepherd of the Clouds, Sharae of Numbing Depths, Fire Magic, Night Nurse, Healer of Heroes, Shi'ar Soldier, Pummeler for Hire"
"44","5","Green/White","GW Counters","Enchantments, Humans","15","8","17","3.52","Witch Enchanter, Oketra's Monument, Combat Thresher, Grey Knight Paragon, Rosie Cotton of South Lane, Lita, Little Orphan Amphibian, Glyph Elemental, Victor Timely, Wily Tycoon, Eusocial Engineering, Summon: Fenrir, Scattered Groves, Essence Reliquary, Kitchen Finks, Surgical Suite // Hospital Room, Rishkar, Peema Renegade, Duskwatch Recruiter, Under the Skin, Mana Tithe, Forest, Forest, Forest, Forest, Elite Scaleguard, Plains, Plains, Plains, Plains, Plains, Plains, Plains, Plains, Plains, Plains, Plains, Plains, Fiend Hunter, Paradise Druid, Battle Screech, Scurry Oak, Cast Out","Prophetic Prism, Elixir of Immortality, Imperial Oath, Unearth, Imodane's Recruiter, Epochrasite, Ash Barrens, Studious First-Year, Wall of Omens, Shattered Landscape, Sandstone Oracle, Soulherder, Dream Beavers, Snare Thopter, Charging Strifeknight, Tranquil Landscape, Rise of the Ants, Skateboard, Seeker of the Way, Cogwork Librarian, City of Brass"
"44","6","Black/Red","BR Aristocrats","Humans","14","9","17","2.26","Syr Konrad, the Grim, Fatal Push, Morbid Opportunist, Swamp, Swamp, Swamp, Swamp, Swamp, Swamp, Swamp, Swamp, Swamp, Swamp, Swamp, Blackcleave Cliffs, Marionette Apprentice, Skittering Precursor, Mogg War Marshal, Night's Whisper, Shock Brigade, Fell, Sawblade Skinripper, Call of the Death-Dweller, Carrion Feeder, Pyretic Rebirth, Mountain, Mountain, Mountain, Mountain, Mountain, Liliana's Devotee, Judith, the Scourge Diva, Grafted Wargear, Voldaren Epicure, Forsaken Miner, Lampad of Death's Vigil, Cult Conscript, Power Word Kill, Goblin Bombardment, Weaponize the Monsters","Eternal Student, Bitter Reunion, Kavaron Harrier, Seething Landscape, Duress, Vampire Sovereign, Undead Gladiator, Scrapwork Mutt, Wurmcoil Larva, Goblin Surprise, Greasewrench Goblin, Riftwing Cloudskate, Flametongue Kavu, At Knifepoint, Coastline Marauders, Highway Robbery, Shrine of Burning Rage, Harrier Strix, Scout the City, Arc Trail, Vampire Nighthawk"
"44","7","Green/Red","GR Stompy","Creatures","17","6","17","3.43","Choco-Comet, Stomping Ground, Noise Marine, Wall of Roots, Bloodbraid Elf, Lightning Bolt, Thrashing Brontodon, Pack Guardian, Blossom Prancer, Flametongue Yearling, Eden, Seat of the Sanctum, Rampant Growth, Stormkeld Vanguard, Samurai's Katana, Rancor, Bridgeworks Battle, Joraga Treespeaker, Geological Appraiser, Mountain, Mountain, Mountain, Mountain, Eldrazi Repurposer, Galewind Moose, Forest, Forest, Forest, Forest, Forest, Forest, Forest, Forest, Forest, Ominous Cemetery, Honored Hydra, Sheltered Thicket, Autarch Mammoth, General Marhault Elsdragon, Brazen Collector, Surrak, the Hunt Caller","Talisman of Creativity, Eldrazi Ravager, Bountiful Landscape, Shroudstomper, Heartfire Hero, Talisman of Dominance, Embereth Shieldbreaker, Spiteful Prankster, Signal Pest, Mad Ratter, Propagator Drone, Fireblast, Practiced Scrollsmith, Hordeling Outburst, Flopsie, Bumi's Buddy, Lluwen, Exchange Student, Archive Dragon, Brimstone Volley"
"44","8","Black/Green/Blue","BGU Value","Creatures","16","7","17","3.26","A.I.M. Synthoids, Golgari Rot Farm, Breeding Pool, Elves of Deep Shadow, Stock Up, Beanstalk Giant, Eternal Witness, Aftermath Analyst, Baleful Strix, Vilespawn Spider, Fact or Fiction, Honest Rutstein, Swamp, Swamp, Underground Mortuary, Spinewoods Armadillo, Overgrown Tomb, Island, Island, Island, Island, Forest, Forest, Forest, Forest, Forest, Biomechan Engineer, Foreboding Landscape, Fallaji Archaeologist, Arms of Hadar, Hedge Maze, Counterspell, Control Magic, Bramble Wurm, Fyndhorn Elves, Sakura-Tribe Elder, Obsessive Stitcher, Disruptive Stormbrood, Grizzly Fate, Dismember","Frost Trickster, Meteor Sword, Rubblebelt Maverick, Lose Focus, Halo Forager, Curiosity, Order of Midnight, Canyon Crab, Mouth of the Storm, Rite of the Raging Storm, Raven's Crime, Codecracker Hound, Earthrumbler, Chainweb Aracnir, Kasmina, Enigmatic Mentor, Moment of Truth"
"45","1","Red/Blue","RU Spellslinger","Spells, Humans","11","12","17","2.30","Faerie Conclave, Steam Vents, Stock Up, Thermo-Alchemist, Opera Love Song, Rimrock Knight, Victor Timely, Wily Tycoon, Start the TARDIS, Prismari Campus, Faithless Looting, Reckless Charge, Iraxxa, Empress of Mars, Kumano Faces Kakkazan, Unnerving Grasp, Firebolt, Balmor, Battlemage Captain, Chain Lightning, Ghostfire Slice, Mountain, Mountain, Mountain, Mountain, Mountain, Mountain, Mountain, Mountain, Mountain, Mountain, Mountain, Island, Island, Island, Improbable Alliance, Electrostatic Infantry, Monastery Swiftspear, Shrine of Burning Rage, Slickshot Lockpicker, Hearth Elemental, Khenra Spellspear, Third Path Iconoclast","Avacyn's Pilgrim, Gingerbrute, Bitter Reunion, The Underworld Cookbook, Rally the Peasants, Inspiring Vantage, Behold the Unspeakable, Imodane's Recruiter, Sontaran General, Argyr, Tidal Spinner, Dragon Sniper, Rancor, Air Nomad Legacy, Practiced Scrollsmith, Charging Strifeknight, Emergency Eject, Seeker of the Way, Ghor-Clan Rampager, General Marhault Elsdragon"
"45","2","Black/Green","BG Graveyard","Black/Green","14","9","17","3.48","Brawn, Amadeus Cho, Cut Down, Beanstalk Giant, Rise of the Witch-king, Elvish Mystic, Honest Rutstein, Swamp, Swamp, Swamp, Swamp, Swamp, Bitter Triumph, Underground Mortuary, Spinewoods Armadillo, Under the Skin, Overgrown Tomb, Joraga Treespeaker, Timeless Witness, Forest, Forest, Forest, Forest, Forest, Forest, Forest, Forest, Forest, Forest, Animate Dead, Devoted Druid, Pelakka Wurm, Life // Death, Unburial Rites, Insidious Roots, Bramble Wurm, Live or Die, Fyndhorn Elves, Sakura-Tribe Elder, Satyr Wayfinder, Huskburster Swarm","Utopia Sprawl, Stomping Ground, Glacier Godmaw, Spectral Procession, Diligent Webkeepers, Undead Gladiator, Touch the Spirit Realm, Pack Guardian, Renata, Called to the Hunt, Blossom Prancer, Curse of Predation, Shepherd of the Flock, Wolfwillow Haven, Rampant Growth, Trostani's Summoner, Rootbound Crag, Seismic Sense, Galewind Moose, Earthrumbler, Autarch Mammoth"
"45","3","Black/White","BW Aristocrats","Black/White","14","9","17","2.43","Dewdrop Cure, Lively Dirge, Lingering Souls, Blood Artist, Morbid Opportunist, Swamp, Swamp, Swamp, Swamp, Swamp, Swamp, Swamp, Swamp, Swamp, Tolls of War, Bone Shards, Godless Shrine, Cathar Commando, Arabella, Abandoned Doll, Eviscerator's Insight, Reassembling Skeleton, Plains, Plains, Plains, Plains, Plains, Plains, Plains, Bastion of Remembrance, Descendant of Storms, Dalkovan Packbeasts, Inspiring Overseer, Accursed Marauder, Cloudgoat Ranger, Night Nurse, Healer of Heroes, Deep-Cavern Bat, Spawning Pit, Power Word Kill, Mighty Mutanimals, Yahenni, Undying Partisan","Skoa, Embermage, Glyph Elemental, Sunhome Stalwart, Leonardo, Leader in Blue, Reinforced Ronin, Cliffhaven Kitesail, Signal Pest, Shattered Landscape, Adanto Vanguard, Hordeling Outburst, Shepherd of the Clouds, Fertile Ground, Elite Interceptor, Gary Clone, Vitu-Ghazi Guildmage, Faller's Faithful, Thopter Squadron, Perilous Myr, Abrade, Twinmaw Stormbrood, Pummeler for Hire"
"45","4","White","W Weenie","White","15","8","17","2.30","Dawnbringer Cleric, Kor Skyfisher, Requisition Raid, Aerie Auxiliary, Rosie Cotton of South Lane, The Duke, Rebel Sentry, Wall of Omens, Accorder Paladin, The Last Ronin's Technique, Nurturing Pixie, Splitskin Doll, Mana Tithe, Mage's Attendant, Swords to Plowshares, Flickerwisp, Plains, Plains, Plains, Plains, Plains, Plains, Plains, Plains, Plains, Plains, Plains, Plains, Plains, Plains, Plains, Plains, Plains, Law-Rune Enforcer, Sheltered by Ghosts, Githzerai Monk, Path to Exile, All-Fates Stalker, Reprieve, Anafenza, Kin-Tree Spirit, Cast Out","Umbral Collar Zealot, Deceptive Landscape, Eldrazi Ravager, Horizon Canopy, Contaminated Landscape, Wayfarer's Bauble, Duress, Scattered Groves, Ash Barrens, Studious First-Year, Graceful Restoration, Psychic Spiral, Night's Whisper, Elas il-Kor, Sadistic Pilgrim, Peace Strider, Arms of Hadar, Mind Stone, Lluwen, Exchange Student, Gonti, Lord of Luxury, Red Guardian, Super-Soldier, Tortured Existence, Exhume"
"45","5","Black/Blue","BU Tempo","Humans","15","8","17","3.52","Thirst for Identity, Simic Growth Chamber, Shefet Archfiend, Undercity Sewers, Agonizing Remorse, Circuit Mender, Killmonger, Scourge of Wakanda, Iron-Shield Elf, Breeding Pool, Troll of Khazad-dûm, Picklock Prankster, Victimize, Fetid Pools, Bane of Bala Ged, Ornithopter of Paradise, The Eldest Reborn, Talisman of Dominance, Night Clubber, Swamp, Swamp, Swamp, Swamp, Swamp, Swamp, Swamp, Swamp, Swamp, Lórien Revealed, Striped Riverwinder, Shuri, Vibranium Technologist, Island, Island, Island, Island, Dauntless Scrapbot, Sink into Stupor, Fallaji Archaeologist, Counterspell, Goliath, Mass Manipulator, Vampire Nighthawk","Curiosity, Vilespawn Spider, Epochrasite, The Aesir Escape Valhalla, Rishkar, Peema Renegade, Harmonize, Soulherder, Getaway Glamer, Bridgeworks Battle, Goblin Banneret, Dragoon's Lance, Biomechan Engineer, Foreboding Landscape, Writhing Chrysalis, Bannerhide Krushok, Cogwork Librarian, Echoing Truth, City of Brass"
"45","6","Black/Blue","BU Tempo","Spells","10","13","17","3.22","Fatal Push, Lose Focus, Halo Forager, Thought-Stalker Warlock, Baleful Strix, Inquisition of Kozilek, Waker of Waves, Eddymurk Crab, Confounding Riddle, Irrigated Farmland, Consider, Reflector Mage, Swamp, Swamp, Swamp, Swamp, Swamp, Swamp, Intimidation Campaign, Mishra's Factory, Marauding Sphinx, Demonic Tutor, Eden, Seat of the Sanctum, Faebloom Trick, Hymn to Tourach, Dinrova Horror, Island, Island, Island, Island, Island, Island, Memory Lapse, Plains, Into the Roil, Mana Leak, Mirrorshell Crab, Kasmina, Enigmatic Mentor, Obsessive Stitcher, Hallowed Fountain","Splash Lasher, Ephemerate, Tandem Lookout, Lita, Little Orphan Amphibian, Seething Landscape, Essence Reliquary, Drown in Sorrow, Guarded Heir, Wild Growth, Momo, Playful Pet, Iroh's Demonstration, Glimmerpoint Stag, Faerie Vandal, Sharae of Numbing Depths, Spinewoods Paladin, Tranquil Landscape, Lush Portico, Scout the City"
"45","7","Red","R Burn","Humans, Creatures","16","7","17","2.48","Dragon's Rage Channeler, Heartfire Immolator, Noise Marine, Charging Monstrosaur, Painter's Studio // Defaced Gallery, Razorkin Hordecaller, Blood Crypt, Irreverent Gremlin, Heartfire Hero, Scrapwork Mutt, Young Pyromancer, Reckless Pyrosurfer, Sourbread Auntie, Rally at the Hornburg, Shock Brigade, Mountain, Mountain, Mountain, Mountain, Mountain, Mountain, Mountain, Mountain, Mountain, Mountain, Mountain, Mountain, Mountain, Mountain, Mountain, Mountain, Grafted Wargear, Rabbit Battery, Coastline Marauders, Voldaren Epicure, Brimstone Volley, Cult Conscript, Goblin Bombardment, Arc Trail, Weaponize the Monsters","Syr Konrad, the Grim, Justice, Vance Astrovik, Dragon Trainer, Timeline Culler, Bloodbraid Elf, Unearth, Repulsive Mutation, Untethered Express, Necromancy, Archetype of Courage, Mouth of the Storm, Wreckage Wickerfolk, Temur Sabertooth, Propagator Drone, Sawblade Skinripper, Call of the Death-Dweller, Recruitment Officer, Rhox Veteran, Hunter's Talent, At Knifepoint, Pierce Strider"
"45","8","Blue","U Spellslinger","Artifacts, Humans","13","10","17","2.87","Talisman of Progress, Drix Interception, Hard Evidence, Everflowing Chalice, Phantom Interference, Mulldrifter, Fact or Fiction, Ultimo, Civilization's End, Canyon Crab, Mischievous Mystic, Sicarian Infiltrator, Okoye, Dora Milaje Leader, Whirler Rogue, Pestermite, Meat Locker // Drowned Diner, Miscalculation, Serum Visionary, Mountain, Island, Island, Island, Island, Island, Island, Island, Island, Island, Island, Island, Island, Island, Island, Shoreline Looter, Expressive Iteration, Ominous Cemetery, Murmuring Mystic, Harrier Strix, Shi'ar Soldier, Collector's Vault, Sunbaked Canyon","Staggershock, Prophetic Prism, Oliphaunt, Artisan of Kozilek, Elixir of Immortality, Veteran Beastrider, Imperious Perfect, Bonder's Ornament, Pilgrim's Eye, Stormkeld Vanguard, Talisman of Curiosity, Path to the World Tree, The Cave of Two Lovers, Twisted Landscape, Sheltered Thicket, Night Scythe, Skateboard, Perilous Landscape, Battle Screech, Pinnacle Monk"
"46","1","Black/Red","BR Aristocrats","Humans, Creatures","17","6","17","2.30","Umbral Collar Zealot, Fatal Push, Order of Midnight, Mayhem Devil, Night Clubber, Swamp, Swamp, Swamp, Swamp, Swamp, Swamp, Swamp, Swamp, Swamp, Swamp, Swamp, Swamp, Swamp, Gut, True Soul Zealot, Sourbread Auntie, Marionette Apprentice, Skittering Precursor, Shuri, Vibranium Technologist, Call of the Death-Dweller, Reassembling Skeleton, Reanimate, Carrion Feeder, Mountain, Mountain, Mountain, Mountain, Liliana's Devotee, Judith, the Scourge Diva, Faerie Dreamthief, Accursed Marauder, Cult Conscript, Spawning Pit, Goblin Bombardment, Dismember, Yahenni, Undying Partisan","Agonizing Remorse, Oliphaunt, Charging Monstrosaur, Painter's Studio // Defaced Gallery, Dragon Trainer, Duress, Shroudstomper, Bonesplitter, Embereth Shieldbreaker, Ahn-Crop Crasher, Repulsive Mutation, Mishra's Bauble, Night's Whisper, Wreckage Wickerfolk, Geological Appraiser, Raven's Crime, Diresight, Earthrumbler, Lluwen, Exchange Student, Elite Interceptor, Pierce Strider, Khenra Spellspear"
"46","2","Red/Blue","RU Spellslinger","Spells, Humans","10","13","17","2.52","Fiery Islet, Staggershock, Dragon's Rage Channeler, Phantom Interference, Stock Up, Thermo-Alchemist, Picklock Prankster, Rift Bolt, Rise from the Tides, Prismari Campus, Faithless Looting, Talrand's Invocation, Fact or Fiction, Consider, Young Pyromancer, Balmor, Battlemage Captain, Mountain, Mountain, Mountain, Mountain, Mountain, Mountain, Mountain, Mountain, Sprite Dragon, Preordain, Island, Island, Island, Island, Island, Island, Island, Improbable Alliance, Electrostatic Infantry, Brimstone Volley, Murmuring Mystic, Pinnacle Monk, Third Path Iconoclast, Abrade","Drix Interception, Talisman of Creativity, Start the TARDIS, The Underworld Cookbook, Iraxxa, Empress of Mars, Pack Guardian, Signal Pest, Pestermite, Argyr, Tidal Spinner, Meat Locker // Drowned Diner, Fireblast, Dream Beavers, Hordeling Outburst, Flopsie, Bumi's Buddy, Faerie Vandal, Mask of Memory, Gary Clone, Skateboard, Red Guardian, Super-Soldier, Harrier Strix"
"46","3","Green/White","GW Counters","Elves, Creatures","16","7","17","3.04","Utopia Sprawl, Prismatic Vista, Reclamation Sage, Avacyn's Pilgrim, Fabled Passage, Multiversal Passage, Horizon Canopy, Veteran Beastrider, Eusocial Engineering, Wayfarer's Bauble, Diligent Webkeepers, Scattered Groves, Arbor Elf, Jewel Thief, Llanowar Elves, Stampeding Scurryfoot, Harmonize, Trostani's Summoner, Sprout Swarm, Hunter's Talent, Galewind Moose, Forest, Forest, Forest, Forest, Forest, Forest, Forest, Forest, Forest, Forest, Forest, Chainweb Aracnir, Spinewoods Paladin, Lush Portico, Bramble Wurm, Paradise Druid, Night Nurse, Healer of Heroes, Sakura-Tribe Elder, Grizzly Fate","Talisman of Progress, Everflowing Chalice, Splash Lasher, The Duke, Rebel Sentry, Opera Love Song, Joo Dee, One of Many, Tolls of War, Primordial Pachyderm, The Last Ronin's Technique, Striped Riverwinder, Foreboding Landscape, Shepherd of the Clouds, Sonic Screwdriver, Tranquil Landscape, Thopter Squadron, Pummeler for Hire"
"46","4","Blue","U Tempo","Humans","12","11","17","3.13","Plumecreed Escort, Tandem Lookout, Frost Trickster, Ninja of the Deep Hours, Hypnotic Sprite, Icy Manipulator, Eddymurk Crab, Confounding Riddle, Omen of the Sea, Behold the Unspeakable, Mischievous Mystic, Sicarian Infiltrator, Lórien Revealed, Unnerving Grasp, Serum Visionary, Riftwing Cloudskate, Island, Island, Island, Island, Island, Island, Island, Island, Island, Island, Island, Island, Island, Island, Island, Island, Fallaji Archaeologist, Shoreline Looter, Mana Leak, Ominous Cemetery, Remand, Kasmina, Enigmatic Mentor, Echoing Truth, Moment of Truth","Fell the Profane, Eternal Student, Meteor Sword, Artisan of Kozilek, Elixir of Immortality, Talisman of Dominance, Bonder's Ornament, Marauding Sphinx, Resentful Revelation, Demonic Tutor, Temur Sabertooth, Glimmerpoint Stag, Thran Dynamo, Arms of Hadar, Grafted Wargear, Expressive Iteration, Hedge Maze, Archive Dragon, Emergency Eject, Highway Robbery, Perilous Myr"
"46","5","Blue/White","UW Control","Creatures","18","5","17","3.26","Combat Thresher, Breeding Pool, Mulldrifter, Irrigated Farmland, Ultimo, Civilization's End, Spyglass Siren, Essence Reliquary, Wall of Omens, Daze, Cynette, Jelly Drover, Eden, Seat of the Sanctum, Momo, Playful Pet, Ka-Zar of the Savage Land, Miscalculation, Soulherder, Getaway Glamer, Codecracker Hound, Flickerwisp, Island, Island, Island, Island, Eldrazi Skyspawner, Plains, Plains, Plains, Plains, Plains, Plains, Plains, Plains, Plains, Plains, Sharae of Numbing Depths, Goliath, Mass Manipulator, Githzerai Monk, Inspiring Overseer, Path to Exile, All-Fates Stalker, Cloudgoat Ranger","Requisition Raid, Circuit Mender, Rosie Cotton of South Lane, Contaminated Landscape, Epochrasite, Porcelain Legionnaire, Surgical Suite // Hospital Room, Shepherd of the Flock, Shattered Landscape, Splitskin Doll, Air Nomad Legacy, Goblin Banneret, Dragoon's Lance, Mandibular Kite, Coastline Marauders, Agent 13, Sharon Carter, Perilous Landscape, Militia Bugler, Anafenza, Kin-Tree Spirit"
"46","6","Green/Red","GR Stompy","Creatures","19","4","17","3.43","Cactusfolk Sureshot, Glacier Godmaw, Summon: Fenrir, Wall of Roots, Bloodbraid Elf, Nyxborn Hydra, Trumpeting Herd, Blossom Prancer, Curse of Predation, Rishkar, Peema Renegade, Sontaran General, Duskwatch Recruiter, Stormkeld Vanguard, Rootbound Crag, Rancor, Joraga Treespeaker, Mountain, Forest, Forest, Forest, Forest, Forest, Forest, Forest, Forest, Forest, Forest, Forest, Forest, Forest, Treetop Village, Writhing Chrysalis, Malevolent Rumble, Sheltered Thicket, Fyndhorn Elves, Autarch Mammoth, Ghor-Clan Rampager, Scurry Oak, General Marhault Elsdragon, Surrak, the Hunt Caller","Bane of Bala Ged, Vilespawn Spider, Reckless Charge, Scrapwork Mutt, Sheltering Landscape, Talisman of Curiosity, Greasewrench Goblin, Rite of the Raging Storm, Path to the World Tree, Peace Strider, Twinshot Sniper, Elite Scaleguard, The Cave of Two Lovers, Voldaren Epicure, Meteor Golem, Twisted Landscape, Arc Trail, City of Brass, Silent Clearing"
"46","7","Red/White","RW Aggro","Humans, Creatures","16","7","17","2.57","Witch Enchanter, Oketra's Monument, Lingering Souls, Justice, Vance Astrovik, Journey to Nowhere, Sunhome Stalwart, Rally the Peasants, Inspiring Vantage, Razorkin Hordecaller, Irreverent Gremlin, Sacred Foundry, Imodane's Recruiter, Accorder Paladin, Okoye, Dora Milaje Leader, Godless Shrine, Cathar Commando, Rally at the Hornburg, Isolated Chapel, Shock Brigade, Iroh's Demonstration, Mountain, Mountain, Mountain, Mountain, Rhox Veteran, Swords to Plowshares, Flametongue Kavu, Plains, Plains, Plains, Plains, Plains, Plains, Plains, Plains, Descendant of Storms, Thraben Inspector, Fiend Hunter, Monastery Swiftspear, Sunbaked Canyon","Dawnbringer Cleric, Ephemerate, Bitter Reunion, Deceptive Landscape, Heartfire Immolator, Leonardo, Leader in Blue, Spectral Procession, Imperial Oath, Atraxi Warden, Guarded Heir, Archetype of Courage, Practiced Scrollsmith, Forsaken Miner, Scout the City, Collector's Vault, Exhume, Vampire Nighthawk"
"46","8","Black/Green","BG Graveyard","Spells","11","12","17","3.22","Shefet Archfiend, Lively Dirge, Golgari Rot Farm, Rubblebelt Maverick, Elves of Deep Shadow, Sheoldred's Edict, Troll of Khazad-dûm, Victimize, Eternal Witness, Rise of the Witch-king, Elvish Mystic, Honest Rutstein, Swamp, Swamp, Swamp, Swamp, Swamp, Swamp, Swamp, Swamp, Swamp, Swamp, Swamp, Necromancy, Ravenous Chupacabra, Underground Mortuary, Under the Skin, Fell, Forest, Forest, Forest, Forest, Pelakka Wurm, Unburial Rites, Insidious Roots, Spider Spawning, Live or Die, Deep-Cavern Bat, Satyr Wayfinder, Tortured Existence","Undercity Sewers, Prophetic Prism, Rimrock Knight, Fetid Pools, Baleful Strix, Imperious Perfect, Lord Skitter's Butcher, Undead Gladiator, Unearth, Ash Barrens, Sinister Starfish, Drown in Sorrow, The Aesir Escape Valhalla, Mad Ratter, Hymn to Tourach, Snare Thopter, The Neutrinos, Dauntless Scrapbot, Bannerhide Krushok, Hero of the Dunes"
"47","1","Black/Green","BG Graveyard","Humans","13","10","17","3.22","Shefet Archfiend, Fabled Passage, Brawn, Amadeus Cho, Victimize, Rise of the Witch-king, Honest Rutstein, Jewel Thief, Swamp, Swamp, Swamp, Swamp, Swamp, Swamp, Llanowar Elves, Curse of Predation, The Aesir Escape Valhalla, Marionette Apprentice, Wurmcoil Larva, Bitter Triumph, Demonic Tutor, Duskwatch Recruiter, Under the Skin, Hymn to Tourach, Timeless Witness, Forest, Forest, Forest, Forest, Forest, Forest, Forest, Forest, Forest, Treetop Village, Insidious Roots, Bramble Wurm, Bannerhide Krushok, Deep-Cavern Bat, Scurry Oak, Grizzly Fate","Agonizing Remorse, Order of Midnight, Leonardo, Leader in Blue, Vilespawn Spider, Ashnod's Altar, Kitchen Finks, Sinister Starfish, Primordial Pachyderm, Pilgrim's Eye, Renata, Called to the Hunt, Overwhelming Encounter, Sprout Swarm, Carrion Feeder, Path to the World Tree, Elite Scaleguard, Chainweb Aracnir, Fertile Ground, Cast Out, Silent Clearing, Pummeler for Hire"
"47","2","Black/Blue","BU Tempo","Spells, Rogues","7","16","17","2.87","Prismatic Vista, Thirst for Identity, Lose Focus, Halo Forager, Stock Up, Picklock Prankster, Icy Manipulator, Baleful Strix, Unable to Scream, Fact or Fiction, Behold the Unspeakable, Hieroglyphic Illumination, Sicarian Infiltrator, Daze, Marauding Sphinx, Faebloom Trick, Miscalculation, Preordain, Island, Island, Island, Island, Island, Island, Island, Island, Island, Island, Island, Island, Island, Island, Island, Fallaji Archaeologist, Shoreline Looter, Counterspell, Control Magic, Kasmina, Enigmatic Mentor, Watery Grave, Dismember","Prophetic Prism, Talisman of Creativity, Meteor Sword, Curiosity, Contaminated Landscape, Bonesplitter, Drown in Sorrow, Repulsive Mutation, Bonder's Ornament, Isolated Chapel, Shattered Landscape, Mouth of the Storm, Rootbound Crag, High-Speed Hoverbike, Dream Beavers, Goblin Trenches, Sonic Screwdriver, Archive Dragon, Live or Die, Shrine of Burning Rage"
"47","3","Black/Blue","BU Reanimator","Spells","6","17","17","2.74","Ponder, Fell the Profane, Hard Evidence, Dance of the Dead, Oliphaunt, Artisan of Kozilek, Fetid Pools, Duress, The Underworld Cookbook, Inquisition of Kozilek, The Eldest Reborn, Consider, Swamp, Swamp, Swamp, Swamp, Swamp, Swamp, Swamp, Swamp, Scrapwork Mutt, Blackcleave Cliffs, Bone Shards, Night's Whisper, Mountain, Dinrova Horror, Island, Island, Island, Island, Island, Memory Lapse, Animate Dead, Mana Leak, Mirrorshell Crab, Faerie Dreamthief, Power Word Kill, Collector's Vault, Sulfurous Springs, Exhume","Painter's Studio // Defaced Gallery, Start the TARDIS, Dragon Trainer, Eddymurk Crab, Razorkin Hordecaller, Lightning Bolt, Intimidation Campaign, Psychic Spiral, Skittering Precursor, Raven's Crime, Peace Strider, Improbable Alliance, Coastline Marauders, Meteor Golem, Vitu-Ghazi Guildmage, Highway Robbery, Ghor-Clan Rampager, Third Path Iconoclast, Sunbaked Canyon"
"47","4","White","W Weenie","Humans, Creatures","16","7","17","2.39","Requisition Raid, Aerie Auxiliary, Rosie Cotton of South Lane, The Duke, Rebel Sentry, Lita, Little Orphan Amphibian, Sunhome Stalwart, Accorder Paladin, Surgical Suite // Hospital Room, Archetype of Courage, Splitskin Doll, Mage's Attendant, Dragoon's Lance, Plains, Plains, Plains, Plains, Plains, Plains, Plains, Plains, Plains, Plains, Plains, Plains, Plains, Plains, Plains, Plains, Plains, Law-Rune Enforcer, Grafted Wargear, Descendant of Storms, Thraben Inspector, Path to Exile, Gary Clone, Battle Screech, Militia Bugler, Reprieve, Anafenza, Kin-Tree Spirit, Mighty Mutanimals","Dewdrop Cure, Gingerbrute, Imperious Perfect, Sacred Foundry, Imperial Oath, Imodane's Recruiter, Essence Reliquary, Reckless Pyrosurfer, Okoye, Dora Milaje Leader, Signal Pest, Godless Shrine, Talisman of Curiosity, Air Nomad Legacy, Shepherd of the Clouds, Hedge Maze, Emergency Eject, Skateboard, Seeker of the Way, Night Nurse, Healer of Heroes, Cogwork Librarian, Shi'ar Soldier, Environmental Scientist"
"47","5","Green","G Stompy","Enchantments, Elves","15","8","17","3.04","Utopia Sprawl, Cactusfolk Sureshot, Stomping Ground, Beanstalk Giant, Victor Timely, Wily Tycoon, Glacier Godmaw, Aftermath Analyst, Nyxborn Hydra, Trumpeting Herd, Blossom Prancer, Wild Growth, Wolfwillow Haven, Rishkar, Peema Renegade, Harmonize, Rampant Growth, Stormkeld Vanguard, Shuri, Vibranium Technologist, Joraga Treespeaker, Hunter's Talent, Eldrazi Repurposer, Island, Forest, Forest, Forest, Forest, Forest, Forest, Forest, Forest, Forest, Forest, Forest, Forest, Forest, Devoted Druid, Ominous Cemetery, Malevolent Rumble, Sheltered Thicket, Fyndhorn Elves, Paradise Druid","Amethyst Dragon, Bountiful Landscape, Diligent Webkeepers, Ultimo, Civilization's End, Sheltering Landscape, Monstrous Rage, Basalt Monolith, Sontaran General, Arabella, Abandoned Doll, Underground Mortuary, Dragon Sniper, Samurai's Katana, Thran Dynamo, Flopsie, Bumi's Buddy, The Neutrinos, Earthrumbler, Honored Hydra, Spawning Pit, General Marhault Elsdragon"
"47","6","Blue/White","UW Control","Creatures","16","7","17","3.09","Talisman of Progress, Dawnbringer Cleric, Plumecreed Escort, Ephemerate, Grey Knight Paragon, Frost Trickster, Ninja of the Deep Hours, Mulldrifter, Irrigated Farmland, Omen of the Sea, Touch the Spirit Realm, Wall of Omens, Lórien Revealed, Whirler Rogue, Cynette, Jelly Drover, Soulherder, Glimmerpoint Stag, Riftwing Cloudskate, Flickerwisp, Island, Island, Island, Island, Island, Island, Island, Island, Island, Faerie Seer, Plains, Plains, Plains, Plains, Plains, Plains, Meticulous Archive, Sheltered by Ghosts, Inspiring Overseer, Remand, All-Fates Stalker","Lingering Souls, Splash Lasher, Circuit Mender, Eusocial Engineering, Wayfarer's Bauble, Talrand's Invocation, Atraxi Warden, Guarded Heir, Cathar Commando, Trostani's Summoner, Goblin Banneret, Eldrazi Skyspawner, Faerie Vandal, Mind Stone, Tranquil Landscape, Rise of the Ants, Perilous Landscape, Pierce Strider, Red Guardian, Super-Soldier, Pinnacle Monk"
"47","7","Black/Red","BR Aristocrats","Creatures","17","6","17","2.35","Multiversal Passage, Kavaron Harrier, Sheoldred's Edict, Blood Artist, Blood Crypt, Joo Dee, One of Many, Mayhem Devil, Triarch Praetorian, Swamp, Swamp, Swamp, Swamp, Swamp, Swamp, Swamp, Swamp, Swamp, Swamp, Sourbread Auntie, Mogg War Marshal, Call of the Death-Dweller, Reassembling Skeleton, Pyretic Rebirth, Mountain, Mountain, Mountain, Mountain, Hordeling Outburst, Forest, Liliana's Devotee, Judith, the Scourge Diva, Goliath, Mass Manipulator, Accursed Marauder, Faller's Faithful, Lampad of Death's Vigil, Cult Conscript, Goblin Bombardment, Perilous Myr, Weaponize the Monsters, Yahenni, Undying Partisan","Kor Skyfisher, Lively Dirge, Deceptive Landscape, Iron-Shield Elf, Ornithopter of Paradise, Night Clubber, Undead Gladiator, Embereth Shieldbreaker, Tolls of War, Tax Collector, Goblin Surprise, Seismic Sense, Snare Thopter, Charging Strifeknight, Twinshot Sniper, Dauntless Scrapbot, Lush Portico, Hearth Elemental, Brazen Collector, Vampire Nighthawk"
"47","8","Red/Blue","RU Spellslinger","Spells, Humans","12","11","17","2.30","Staggershock, Choco-Comet, Dragon's Rage Channeler, Faerie Conclave, Thermo-Alchemist, Opera Love Song, Rift Bolt, Prismari Campus, Faithless Looting, Reckless Charge, Mischievous Mystic, Young Pyromancer, Balmor, Battlemage Captain, Flametongue Yearling, Chain Lightning, Ghostfire Slice, Geological Appraiser, Mountain, Mountain, Mountain, Mountain, Mountain, Mountain, Mountain, Mountain, Mountain, Mountain, Mountain, Mountain, Sprite Dragon, Flametongue Kavu, Island, Island, Island, Expressive Iteration, Brimstone Volley, Murmuring Mystic, Slickshot Lockpicker, Moment of Truth, Khenra Spellspear","Skoa, Embermage, Justice, Vance Astrovik, Charging Monstrosaur, Spectral Procession, Irreverent Gremlin, Canyon Crab, Heartfire Hero, Iraxxa, Empress of Mars, Reinforced Ronin, Heirloom Blade, Sandstone Oracle, Meat Locker // Drowned Diner, Mana Tithe, Greasewrench Goblin, Rite of the Raging Storm, Arms of Hadar, Elite Interceptor, Hero of the Dunes, Scout the City, City of Brass"
"48","1","Black","B Midrange","Humans","15","8","17","2.26","Umbral Collar Zealot, Morbid Opportunist, Duress, Joo Dee, One of Many, Night Clubber, Unearth, Swamp, Swamp, Swamp, Swamp, Swamp, Swamp, Swamp, Swamp, Swamp, Swamp, Swamp, Swamp, Swamp, Swamp, Swamp, Swamp, Swamp, Curse of Disturbance, Marionette Apprentice, Wurmcoil Larva, Ravenous Chupacabra, Eviscerator's Insight, Fell, Hymn to Tourach, Reanimate, Carrion Feeder, Liliana's Devotee, Forsaken Miner, Lampad of Death's Vigil, Deep-Cavern Bat, Power Word Kill, Perilous Myr, Yahenni, Undying Partisan, Vampire Nighthawk","Witch Enchanter, Everflowing Chalice, Circuit Mender, Shroudstomper, Bane of Bala Ged, Ashnod's Altar, Graceful Restoration, Mishra's Bauble, Pilgrim's Eye, Godless Shrine, Heirloom Blade, Getaway Glamer, Thran Dynamo, Indebted Spirit, Rabbit Battery, Life // Death, All-Fates Stalker, Live or Die, Skateboard, Cogwork Librarian, Sulfurous Springs, Huskburster Swarm"
"48","2","Red","R Burn","Humans, Creatures","17","6","17","2.30","Rift Bolt, Irreverent Gremlin, Heartfire Hero, Embereth Shieldbreaker, Kumano Faces Kakkazan, Ahn-Crop Crasher, Reinforced Ronin, Young Pyromancer, Monstrous Rage, Reckless Pyrosurfer, Sontaran General, Mogg War Marshal, Flametongue Yearling, Shock Brigade, Greasewrench Goblin, Ghostfire Slice, Geological Appraiser, Goblin Banneret, Mountain, Mountain, Mountain, Mountain, Mountain, Mountain, Mountain, Mountain, Mountain, Mountain, Mountain, Mountain, Mountain, Mountain, Mountain, Mountain, Flametongue Kavu, Twinshot Sniper, Coastline Marauders, Ominous Cemetery, Goblin Bombardment, Arc Trail","Aerie Auxiliary, Agonizing Remorse, Cut Down, Thought-Stalker Warlock, Start the TARDIS, Dragon Trainer, Diligent Webkeepers, Jewel Thief, Ash Barrens, Studious First-Year, Blackcleave Cliffs, Sourbread Auntie, Basalt Monolith, Coruscation Mage, Sawblade Skinripper, Rite of the Raging Storm, Reassembling Skeleton, Pyretic Rebirth, Hunter's Talent, Elite Scaleguard, Judith, the Scourge Diva"
"48","3","Red/Blue","RU Spellslinger","Red/Blue","15","8","17","2.70","Prismatic Vista, Talisman of Creativity, Steam Vents, Thermo-Alchemist, Victor Timely, Wily Tycoon, Eddymurk Crab, Faithless Looting, Lightning Bolt, Reckless Charge, Spyglass Siren, Mad Ratter, Fireblast, Mountain, Mountain, Mountain, Mountain, Mountain, Mountain, Mountain, Mountain, Mountain, Mountain, Sprite Dragon, Island, Island, Island, Island, Island, Electrostatic Infantry, Shoreline Looter, Expressive Iteration, Voldaren Epicure, Brimstone Volley, Monastery Swiftspear, Highway Robbery, Hearth Elemental, Khenra Spellspear, Shi'ar Soldier, Pinnacle Monk, Third Path Iconoclast","Thirst for Identity, Cactusfolk Sureshot, Combat Thresher, Skoa, Embermage, Frost Trickster, Charging Monstrosaur, Veteran Beastrider, The Underworld Cookbook, Ornithopter of Paradise, Sacred Foundry, Wall of Omens, Psychic Spiral, Dream Beavers, Sharae of Numbing Depths, Perilous Landscape, Harrier Strix, Hallowed Fountain, Weaponize the Monsters, Mighty Mutanimals, Pummeler for Hire"
"48","4","Red/White","RW Aggro","Spells, Humans","12","11","17","2.43","The Duke, Rebel Sentry, Rimrock Knight, Journey to Nowhere, Sunhome Stalwart, Rally the Peasants, Inspiring Vantage, Prava of the Steel Legion, Imodane's Recruiter, Accorder Paladin, Rally at the Hornburg, Chain Lightning, Splitskin Doll, Samurai's Katana, Mountain, Mountain, Mountain, Mountain, Swords to Plowshares, Flickerwisp, Plains, Plains, Plains, Plains, Plains, Plains, Plains, Plains, Plains, Plains, Plains, Heroic Reinforcements, Descendant of Storms, Fiend Hunter, Sheltered by Ghosts, Cloudgoat Ranger, Battle Screech, Militia Bugler, Reprieve, Sunbaked Canyon, Abrade","Kor Skyfisher, Avacyn's Pilgrim, A.I.M. Synthoids, Gingerbrute, Wayfarer's Bauble, Leonardo, Leader in Blue, Razorkin Hordecaller, Sinister Starfish, Atraxi Warden, Surgical Suite // Hospital Room, Signal Pest, Archetype of Courage, Shattered Landscape, Momo, Playful Pet, Ka-Zar of the Savage Land, Iroh's Demonstration, Mage's Attendant, Mandibular Kite, Shepherd of the Clouds, Cast Out"
"48","5","Blue","U Spellslinger","Spells, Humans","12","11","17","2.30","Fiery Islet, Plumecreed Escort, Chart a Course, Hard Evidence, Tandem Lookout, Lose Focus, Hypnotic Sprite, Curiosity, Stock Up, Picklock Prankster, Brainstorm, Confounding Riddle, Floodpits Drowner, Consider, Mischievous Mystic, Whirler Rogue, Faebloom Trick, Serum Visionary, Island, Island, Island, Island, Island, Island, Island, Island, Island, Island, Island, Island, Island, Island, Island, Island, Improbable Alliance, Faerie Vandal, Sink into Stupor, Fallaji Archaeologist, Murmuring Mystic, Slickshot Lockpicker","Splash Lasher, Killmonger, Scourge of Wakanda, Contaminated Landscape, Irrigated Farmland, Iraxxa, Empress of Mars, Reflector Mage, Bonder's Ornament, Renata, Called to the Hunt, Meat Locker // Drowned Diner, Shuri, Vibranium Technologist, High-Speed Hoverbike, Snare Thopter, Elas il-Kor, Sadistic Pilgrim, Diresight, Ghostly Flicker, Peace Strider, Dauntless Scrapbot, Chainweb Aracnir, Githzerai Monk, Vitu-Ghazi Guildmage, Collector's Vault"
"48","6","Green","G Stompy","Creatures","17","6","17","3.52","Fabled Passage, Beanstalk Giant, Glacier Godmaw, Eternal Witness, Summon: Fenrir, Aftermath Analyst, Wall of Roots, Bloodbraid Elf, Elvish Mystic, Trumpeting Herd, Blossom Prancer, Wild Growth, Rishkar, Peema Renegade, Harmonize, Duskwatch Recruiter, Stormkeld Vanguard, Bridgeworks Battle, Eldrazi Repurposer, Forest, Forest, Forest, Forest, Forest, Forest, Forest, Forest, Forest, Forest, Forest, Forest, Forest, Forest, Forest, Devoted Druid, Fertile Ground, Writhing Chrysalis, Malevolent Rumble, Pelakka Wurm, Sheltered Thicket, Surrak, the Hunt Caller","Artisan of Kozilek, Horizon Canopy, Rise of the Witch-king, Scattered Groves, Touch the Spirit Realm, Epochrasite, Thrashing Brontodon, The Aesir Escape Valhalla, Stampeding Scurryfoot, Trostani's Summoner, Sprout Swarm, Propagator Drone, Seismic Sense, Flopsie, Bumi's Buddy, Path to the World Tree, Lluwen, Exchange Student, Spinewoods Paladin, Tranquil Landscape, Bramble Wurm, Brazen Collector"
"48","7","Black/Green","BG Graveyard","Black/Green","14","9","17","2.78","Fell the Profane, Shefet Archfiend, Lively Dirge, Syr Konrad, the Grim, Golgari Rot Farm, Rubblebelt Maverick, Elves of Deep Shadow, Timeline Culler, Vilespawn Spider, Honest Rutstein, Arbor Elf, Swamp, Swamp, Swamp, Swamp, Swamp, Swamp, Swamp, Swamp, Swamp, Bone Shards, Resentful Revelation, Underground Mortuary, Colossal Skyturtle, Forest, Forest, Forest, Forest, Forest, Animate Dead, Hedge Maze, Insidious Roots, Spider Spawning, Honored Hydra, Paradise Druid, Sakura-Tribe Elder, Satyr Wayfinder, Environmental Scientist, Tortured Existence, Exhume","Bitter Reunion, Order of Midnight, Eusocial Engineering, Treasure Keeper, Imperious Perfect, Kitchen Finks, Pack Guardian, Cliffhaven Kitesail, Curse of Predation, Rampant Growth, Talisman of Curiosity, Dragon Sniper, Foreboding Landscape, Twisted Landscape, Faller's Faithful, Scout the City, Scurry Oak, Thopter Squadron, General Marhault Elsdragon"
"48","8","Black/Blue","BU Tempo","Spells","9","14","17","3.17","Undercity Sewers, Dance of the Dead, Multiversal Passage, Brawn, Amadeus Cho, Iron-Shield Elf, Halo Forager, Sheoldred's Edict, Troll of Khazad-dûm, Victimize, Go for the Throat, Fetid Pools, Behold the Unspeakable, Talisman of Dominance, Swamp, Swamp, Swamp, Swamp, Swamp, Swamp, Swamp, Swamp, Intimidation Campaign, Drown in Sorrow, Lórien Revealed, Okoye, Dora Milaje Leader, Daze, Night's Whisper, Eden, Seat of the Sanctum, Wreckage Wickerfolk, Miscalculation, Preordain, Riftwing Cloudskate, Dinrova Horror, Island, Island, Island, Island, Mind Stone, Mirrorshell Crab, Watery Grave","Talisman of Progress, Prophetic Prism, Deceptive Landscape, Seething Landscape, Icy Manipulator, Rise from the Tides, Shepherd of the Flock, Marauding Sphinx, Rancor, Air Nomad Legacy, Practiced Scrollsmith, Raven's Crime, The Neutrinos, Law-Rune Enforcer, Archive Dragon, Pierce Strider, City of Brass"
"49","1","Green","G Stompy","Creatures","19","4","17","2.91","Reclamation Sage, A.I.M. Synthoids, Multiversal Passage, Brawn, Amadeus Cho, Bane of Bala Ged, Wall of Roots, Arbor Elf, Wolfwillow Haven, Beast Within, Stampeding Scurryfoot, Harmonize, Duskwatch Recruiter, Stormkeld Vanguard, Temur Sabertooth, Spinewoods Armadillo, Propagator Drone, Rootbound Crag, Joraga Treespeaker, Eldrazi Repurposer, Forest, Forest, Forest, Forest, Forest, Forest, Forest, Forest, Forest, Forest, Forest, Forest, Forest, Mind Stone, Devoted Druid, Ominous Cemetery, Writhing Chrysalis, Lush Portico, Fyndhorn Elves, Red Guardian, Super-Soldier, Surrak, the Hunt Caller","Drix Interception, Prophetic Prism, Circuit Mender, Rubblebelt Maverick, Embereth Shieldbreaker, Sheltering Landscape, Untethered Express, The Last Ronin's Technique, Sandstone Oracle, Mana Tithe, Dream Beavers, Dauntless Scrapbot, Grafted Wargear, Path to Exile, Skateboard, Cogwork Librarian, Reprieve, Thopter Squadron"
"49","2","Red/Blue","RU Spellslinger","Spells, Wizards","8","15","17","2.30","Ponder, Staggershock, Chart a Course, Steam Vents, Thermo-Alchemist, Brainstorm, Rise from the Tides, Prismari Campus, Faithless Looting, Talrand's Invocation, Young Pyromancer, Firebolt, Balmor, Battlemage Captain, Chain Lightning, Coruscation Mage, Ghostfire Slice, Mountain, Mountain, Mountain, Mountain, Mountain, Mountain, Mountain, Mountain, Mountain, Mountain, Burst Lightning, Island, Island, Island, Island, Island, Improbable Alliance, Electrostatic Infantry, Memory Lapse, Expressive Iteration, Murmuring Mystic, Khenra Spellspear, Arc Trail, Pinnacle Monk","Hard Evidence, Skoa, Embermage, Talisman of Creativity, Rimrock Knight, Seething Landscape, Start the TARDIS, Dragon Trainer, Fetid Pools, Confounding Riddle, Imodane's Recruiter, Kumano Faces Kakkazan, Blackcleave Cliffs, Reckless Pyrosurfer, Mad Ratter, Fireblast, Snare Thopter, Twinshot Sniper, Highway Robbery, Kasmina, Enigmatic Mentor, Sunbaked Canyon"
"49","3","Black/Red","BR Aristocrats","Black/Red","15","8","17","2.22","Kavaron Harrier, Sheoldred's Edict, Victimize, Blood Crypt, Unearth, Swamp, Swamp, Swamp, Swamp, Swamp, Swamp, Swamp, Swamp, Spiteful Prankster, Sourbread Auntie, Curse of Disturbance, Shriekmaw, Marionette Apprentice, Mogg War Marshal, Demonic Tutor, Eden, Seat of the Sanctum, Greasewrench Goblin, Hymn to Tourach, Carrion Feeder, Mountain, Mountain, Mountain, Mountain, Mountain, Mountain, Liliana's Devotee, Judith, the Scourge Diva, Voldaren Epicure, Forsaken Miner, Agent 13, Sharon Carter, Lampad of Death's Vigil, Sulfurous Springs, Abrade, Weaponize the Monsters, Yahenni, Undying Partisan","Cactusfolk Sureshot, Choco-Comet, Gingerbrute, Agonizing Remorse, Eternal Student, Stomping Ground, Heartfire Immolator, Noise Marine, Leonardo, Leader in Blue, Razorkin Hordecaller, Ashnod's Altar, Scrapwork Mutt, Reinforced Ronin, Resentful Revelation, Goblin Surprise, Raven's Crime, Thran Dynamo, Night Scythe, Autarch Mammoth"
"49","4","Blue/White","UW Control","Blue/White","14","9","17","2.96","Combat Thresher, Splash Lasher, Phantom Interference, Grey Knight Paragon, Ninja of the Deep Hours, Journey to Nowhere, Floodpits Drowner, Essence Reliquary, Reflector Mage, Mishra's Factory, Unnerving Grasp, Miscalculation, Mage's Attendant, Preordain, Ghostly Flicker, Swords to Plowshares, Island, Island, Island, Island, Island, Island, Island, Island, Island, Faerie Seer, Plains, Plains, Plains, Plains, Plains, Plains, Plains, Shoreline Looter, Mana Leak, Sharae of Numbing Depths, All-Fates Stalker, Cloudgoat Ranger, Shi'ar Soldier, Mighty Mutanimals","Dewdrop Cure, Everflowing Chalice, Meteor Sword, Curiosity, Sunhome Stalwart, Fact or Fiction, Behold the Unspeakable, Jewel Thief, Imperial Oath, Graceful Restoration, Repulsive Mutation, Guarded Heir, Signal Pest, Rampant Growth, Talisman of Curiosity, Practiced Scrollsmith, Geological Appraiser, Faerie Vandal, Fallaji Archaeologist, Lluwen, Exchange Student, Slickshot Lockpicker"
"49","5","Black/White","BW Aristocrats","Humans","14","9","17","2.52","Cut Down, Killmonger, Scourge of Wakanda, Horizon Canopy, Go for the Throat, Blood Artist, Morbid Opportunist, Shroudstomper, Joo Dee, One of Many, Lord Skitter's Butcher, Swamp, Swamp, Swamp, Swamp, Swamp, Swamp, Swamp, Swamp, Swamp, Swamp, Swamp, Swamp, Swamp, Tolls of War, Bone Shards, Isolated Chapel, Recruitment Officer, Reassembling Skeleton, Plains, Arms of Hadar, Indebted Spirit, Bastion of Remembrance, Accursed Marauder, Deep-Cavern Bat, Cult Conscript, Battle Screech, Power Word Kill, Hero of the Dunes, Tortured Existence, Silent Clearing, Vampire Nighthawk","Elixir of Immortality, Charging Monstrosaur, Veteran Beastrider, Sinister Starfish, Archetype of Courage, Skittering Precursor, Samurai's Katana, Pyretic Rebirth, Rhox Veteran, Diresight, Foreboding Landscape, At Knifepoint, Heroic Reinforcements, Spinewoods Paladin, Elite Interceptor, Gary Clone, Scurry Oak, Perilous Myr, General Marhault Elsdragon"
"49","6","Black/Green","BG Graveyard","Enchantments","14","9","17","3.74","Utopia Sprawl, Prismatic Vista, Simic Growth Chamber, Lively Dirge, Fabled Passage, Dance of the Dead, Artisan of Kozilek, Beanstalk Giant, Summon: Fenrir, Aftermath Analyst, Waker of Waves, Honest Rutstein, Triarch Praetorian, Swamp, Swamp, Swamp, Swamp, Swamp, Swamp, Swamp, Swamp, Necromancy, Ravenous Chupacabra, Night's Whisper, Underground Mortuary, Colossal Skyturtle, Ka-Zar of the Savage Land, Wreckage Wickerfolk, Fell, Reanimate, Forest, Forest, Forest, Forest, Forest, Bramble Wurm, Satyr Wayfinder, Disruptive Stormbrood, Grizzly Fate, Dismember","Thirst for Identity, Picklock Prankster, Glacier Godmaw, Baleful Strix, Ornithopter of Paradise, Diligent Webkeepers, Talisman of Dominance, Ash Barrens, Primordial Pachyderm, Thrashing Brontodon, Sicarian Infiltrator, Rancor, Air Nomad Legacy, The Cave of Two Lovers, Sonic Screwdriver, Mirrorshell Crab, Shrine of Burning Rage, Scout the City"
"49","7","Green/White","GW Counters","Humans, Creatures","17","6","17","2.48","Witch Enchanter, Requisition Raid, Rosie Cotton of South Lane, Elves of Deep Shadow, Lita, Little Orphan Amphibian, Victor Timely, Wily Tycoon, Scattered Groves, Kitchen Finks, Llanowar Elves, Godless Shrine, Rishkar, Peema Renegade, Sprout Swarm, Shuri, Vibranium Technologist, Dragoon's Lance, Flickerwisp, Island, Forest, Forest, Forest, Forest, Plains, Plains, Plains, Plains, Plains, Plains, Plains, Plains, Plains, Plains, Fiend Hunter, Dalkovan Packbeasts, Goliath, Mass Manipulator, Sheltered by Ghosts, Malevolent Rumble, Emergency Eject, Vitu-Ghazi Guildmage, Paradise Druid, Militia Bugler, Anafenza, Kin-Tree Spirit","Lingering Souls, Umbral Collar Zealot, Oliphaunt, Rally the Peasants, Imperious Perfect, Sacred Foundry, Prava of the Steel Legion, Epochrasite, Studious First-Year, Ahn-Crop Crasher, Drown in Sorrow, Accorder Paladin, Cathar Commando, Galewind Moose, Mandibular Kite, Fertile Ground, Twisted Landscape, Seeker of the Way, Bannerhide Krushok, Pummeler for Hire"
"49","8","Blue/White","UW Control","Creatures","17","6","17","2.91","Talisman of Progress, Dawnbringer Cleric, Plumecreed Escort, Kor Skyfisher, Ephemerate, Tandem Lookout, Hypnotic Sprite, Mulldrifter, Unable to Scream, Omen of the Sea, Wall of Omens, Tax Collector, Surgical Suite // Hospital Room, Okoye, Dora Milaje Leader, Whirler Rogue, Nurturing Pixie, Soulherder, Riftwing Cloudskate, Codecracker Hound, Island, Island, Island, Island, Island, Island, Island, Island, Eldrazi Skyspawner, Plains, Plains, Plains, Plains, Plains, Plains, Plains, Shepherd of the Clouds, Into the Roil, Meticulous Archive, Githzerai Monk, Hallowed Fountain","Contaminated Landscape, Painter's Studio // Defaced Gallery, Spectral Procession, Bloodbraid Elf, Canyon Crab, Blossom Prancer, Mouth of the Storm, Trostani's Summoner, High-Speed Hoverbike, Hordeling Outburst, Peace Strider, Elite Scaleguard, Earthrumbler, Descendant of Storms, Archive Dragon, Meteor Golem, Echoing Truth, Hearth Elemental, City of Brass, Environmental Scientist"
"50","1","Red/Blue","RU Spellslinger","Spells, Humans","10","13","17","2.35","Ponder, Fiery Islet, Phantom Interference, Talisman of Creativity, Steam Vents, Lose Focus, Thermo-Alchemist, Picklock Prankster, Start the TARDIS, Faithless Looting, Floodpits Drowner, Lightning Bolt, Young Pyromancer, Unnerving Grasp, Firebolt, Balmor, Battlemage Captain, Ghostfire Slice, Mountain, Mountain, Mountain, Mountain, Mountain, Mountain, Mountain, Riftwing Cloudskate, Island, Island, Island, Island, Island, Island, Island, Island, Faerie Vandal, Mana Leak, Counterspell, Murmuring Mystic, Kasmina, Enigmatic Mentor, Hearth Elemental, Third Path Iconoclast","Stomping Ground, Frost Trickster, Deceptive Landscape, Breeding Pool, Seething Landscape, Wayfarer's Bauble, Canyon Crab, Embereth Shieldbreaker, Epochrasite, Cynette, Jelly Drover, Meat Locker // Drowned Diner, Talisman of Curiosity, Samurai's Katana, Pyretic Rebirth, Faerie Seer, Judith, the Scourge Diva, Mirrorshell Crab, Accursed Marauder, Lampad of Death's Vigil, Grizzly Fate"
"50","2","Black/Green","BG Graveyard","Enchantments","15","8","17","2.57","Prismatic Vista, Rubblebelt Maverick, Elves of Deep Shadow, Blood Artist, Elvish Mystic, Imperious Perfect, Ultimo, Civilization's End, Jewel Thief, Nyxborn Hydra, Kitchen Finks, Swamp, Swamp, Swamp, Renata, Called to the Hunt, Trumpeting Herd, The Aesir Escape Valhalla, Okoye, Dora Milaje Leader, Rishkar, Peema Renegade, Demonic Tutor, Underground Mortuary, Rampant Growth, Sprout Swarm, Under the Skin, Overgrown Tomb, Hunter's Talent, Forest, Forest, Forest, Forest, Forest, Forest, Forest, Forest, Forest, Forest, Lush Portico, Insidious Roots, Cult Conscript, Scurry Oak, Yahenni, Undying Partisan","Leonardo, Leader in Blue, Icy Manipulator, Ashnod's Altar, Studious First-Year, Tolls of War, Stampeding Scurryfoot, Mogg War Marshal, Dragon Sniper, Rootbound Crag, Practiced Scrollsmith, Dream Beavers, The Neutrinos, Goblin Trenches, Earthrumbler, Fertile Ground, Cogwork Librarian, City of Brass, Brazen Collector"
"50","3","Black/White","BW Aristocrats","Black/White","10","13","17","2.83","Oketra's Monument, Aerie Auxiliary, Ephemerate, Sheoldred's Edict, Journey to Nowhere, Go for the Throat, Essence Reliquary, Touch the Spirit Realm, Swamp, Graceful Restoration, Surgical Suite // Hospital Room, Shriekmaw, Godless Shrine, Isolated Chapel, Nurturing Pixie, Splitskin Doll, Elas il-Kor, Sadistic Pilgrim, Dragoon's Lance, Flickerwisp, Plains, Plains, Plains, Plains, Plains, Plains, Plains, Plains, Plains, Plains, Plains, Plains, Plains, Plains, Thraben Inspector, Dalkovan Packbeasts, Sheltered by Ghosts, Inspiring Overseer, All-Fates Stalker, Battle Screech, Reprieve","Dewdrop Cure, Requisition Raid, A.I.M. Synthoids, Grey Knight Paragon, Thought-Stalker Warlock, Contaminated Landscape, Glyph Elemental, Eddymurk Crab, Atraxi Warden, Porcelain Legionnaire, Curse of Disturbance, Mana Tithe, Call of the Death-Dweller, Rancor, Faerie Dreamthief, Gary Clone, Emergency Eject, Bannerhide Krushok, Red Guardian, Super-Soldier, Disruptive Stormbrood"
"50","4","Blue","U Spellslinger","Spells, Humans","9","14","17","2.78","Thirst for Identity, Plumecreed Escort, Hard Evidence, Tandem Lookout, Ninja of the Deep Hours, Hypnotic Sprite, Stock Up, Mulldrifter, Unable to Scream, Confounding Riddle, Talrand's Invocation, Behold the Unspeakable, Spyglass Siren, Mischievous Mystic, Mishra's Factory, Lórien Revealed, Daze, Preordain, Ghostly Flicker, Island, Island, Island, Island, Island, Island, Island, Island, Island, Island, Island, Island, Island, Island, Island, Island, Eldrazi Skyspawner, Sink into Stupor, Fallaji Archaeologist, Control Magic, Moment of Truth","Drix Interception, Everflowing Chalice, Elixir of Immortality, Ornithopter of Paradise, Reflector Mage, Psychic Spiral, Untethered Express, Shepherd of the Flock, Marauding Sphinx, Striped Riverwinder, Overwhelming Encounter, Eviscerator's Insight, Mouth of the Storm, Colossal Skyturtle, High-Speed Hoverbike, Air Nomad Legacy, Chainweb Aracnir, Sonic Screwdriver, Tranquil Landscape, Pinnacle Monk, Collector's Vault"
"50","5","Green/Red/Blue","GRU Midrange Combo","Enchantments","14","9","17","3.17","Utopia Sprawl, Simic Growth Chamber, Multiversal Passage, Brawn, Amadeus Cho, Eusocial Engineering, Glacier Godmaw, Aftermath Analyst, Wall of Roots, Bloodbraid Elf, Bonder's Ornament, Blossom Prancer, Wild Growth, Wolfwillow Haven, Beast Within, Path to the World Tree, Forest, Forest, Forest, Forest, Forest, Forest, Forest, Forest, Forest, Forest, Forest, Forest, Forest, Biomechan Engineer, Plains, Mind Stone, Writhing Chrysalis, Spinewoods Paladin, Malevolent Rumble, Pelakka Wurm, Sheltered Thicket, Agent 13, Sharon Carter, Fyndhorn Elves, Sakura-Tribe Elder, Autarch Mammoth","Fell the Profane, Shefet Archfiend, Skoa, Embermage, Kavaron Harrier, Eldrazi Ravager, Undead Gladiator, Iraxxa, Empress of Mars, Ash Barrens, Argyr, Tidal Spinner, Trostani's Summoner, Seismic Sense, Thran Dynamo, Dauntless Scrapbot, Foreboding Landscape, Twisted Landscape, Night Scythe, Ghor-Clan Rampager, Environmental Scientist, Twinmaw Stormbrood"
"50","6","Black/Blue","BU Reanimator","Spells","8","15","17","2.65","Undercity Sewers, Lively Dirge, Dance of the Dead, Iron-Shield Elf, Troll of Khazad-dûm, Duress, Baleful Strix, Inquisition of Kozilek, Waker of Waves, The Eldest Reborn, Swamp, Swamp, Swamp, Swamp, Swamp, Swamp, Swamp, Swamp, Swamp, Swamp, Swamp, Swamp, Swamp, Swamp, Sinister Starfish, Necromancy, Bone Shards, Resentful Revelation, Night's Whisper, Fell, Miscalculation, Reanimate, Dinrova Horror, Island, Animate Dead, Deep-Cavern Bat, Obsessive Stitcher, Exhume, Watery Grave, Dismember","Talisman of Progress, Agonizing Remorse, Bitter Reunion, Order of Midnight, Bountiful Landscape, Bane of Bala Ged, Rise of the Witch-king, Joo Dee, One of Many, Unearth, Intimidation Campaign, Shattered Landscape, Serum Visionary, Meteor Golem, Faller's Faithful, Slickshot Lockpicker, Spawning Pit, Harrier Strix, Sulfurous Springs, Tortured Existence, Vampire Nighthawk"
"50","7","Red/White","RW Burn","Spells","13","10","17","2.43","Opera Love Song, Rimrock Knight, Rift Bolt, Reckless Charge, Heartfire Hero, Imodane's Recruiter, Kumano Faces Kakkazan, Reckless Pyrosurfer, Sontaran General, Arabella, Abandoned Doll, Flametongue Yearling, Eden, Seat of the Sanctum, Chain Lightning, Greasewrench Goblin, Fireblast, Goblin Banneret, Mountain, Mountain, Mountain, Mountain, Mountain, Mountain, Mountain, Mountain, Mountain, Mountain, Mountain, Mountain, Mountain, Flametongue Kavu, Plains, Plains, Plains, Heroic Reinforcements, Coastline Marauders, Voldaren Epicure, Brimstone Volley, Arc Trail, Abrade, Mighty Mutanimals","Fatal Push, The Duke, Rebel Sentry, Shroudstomper, Treasure Keeper, Blood Crypt, Honest Rutstein, Mayhem Devil, Blackcleave Cliffs, The Last Ronin's Technique, Mad Ratter, Archetype of Courage, Heirloom Blade, Sawblade Skinripper, Recruitment Officer, Snare Thopter, Lluwen, Exchange Student, Forsaken Miner, Remand, Perilous Landscape, Hero of the Dunes, Hallowed Fountain"
"50","8","Red","R Aggro","Humans","13","10","17","2.65","Amethyst Dragon, Dragon's Rage Channeler, Justice, Vance Astrovik, Heartfire Immolator, Noise Marine, Rally the Peasants, Inspiring Vantage, Bonesplitter, Scrapwork Mutt, Ahn-Crop Crasher, Monstrous Rage, Skittering Precursor, Rally at the Hornburg, Iroh's Demonstration, Geological Appraiser, Mountain, Mountain, Mountain, Mountain, Mountain, Mountain, Mountain, Mountain, Mountain, Mountain, Mountain, Mountain, Mountain, Hordeling Outburst, Rhox Veteran, Burst Lightning, Island, Twinshot Sniper, Plains, The Cave of Two Lovers, Grafted Wargear, Monastery Swiftspear, Khenra Spellspear, Sunbaked Canyon, Weaponize the Monsters","Witch Enchanter, Combat Thresher, Splash Lasher, Eternal Student, Lita, Little Orphan Amphibian, Sunhome Stalwart, Spectral Procession, Scattered Groves, Guarded Heir, Accorder Paladin, Cathar Commando, Momo, Playful Pet, Reassembling Skeleton, Galewind Moose, Charging Strifeknight, Bastion of Remembrance, Bramble Wurm, Seeker of the Way, Thopter Squadron, Anafenza, Kin-Tree Spirit"