"Draft","Seat","Colors","Archetype","Themes","Creatures","Noncreatures","Lands","Avg MV","Mainboard","Sideboard"
"1","1","Black/White","BW Midrange","Zombies","15","8","17","2.17","Retrofitted Transmogrant, Clawing Torment, Gixian Infiltrator, Putrid Goblin, Go for the Throat, Snuff Out, Cradle of the Accursed, Falkenrath Noble, Vendetta, Okiba Reckoner Raid, Swamp, Swamp, Swamp, Swamp, Swamp, Swamp, Swamp, Swamp, Swamp, Swamp, Swamp, Swamp, Swamp, Swamp, Guildsworn Prowler, Vermin Gorger, Loathsome Curator, Undying Malice, Carrion Feeder, Doomed Traveler, Thorn of the Black Rose, Plains, Nested Shambler, Suture Priest, Wither and Bloom, Snarling Gorehound, Scoured Barrens, Accursed Marauder, First-Sphere Gargantua, Dog Umbra","Heliod's Pilgrim, Guardian of the Guildpact, Faith's Fetters, Journey to Nowhere, Gods Willing, Imperial Oath, Reckless Impulse, Wary Farmer, Suburban Sanctuary, Cathar Commando, Shattered Landscape, Ainok Bond-Kin, Alabaster Host Intercessor, Palace Sentinels, Malevolent Rumble, Pulse of Murasa, Leonin Bola, Gift of Orzhova, Okiba-Gang Shinobi, Fortress Kin-Guard"
"1","2","Red/White","RW Aggro","Humans","14","9","17","1.91","Faerie Guidemother, Conduit Goblin, Dog Walker, Homestead Courage, Tenth District Legionnaire, Blessed Hippogriff, Rally the Peasants, Bonesplitter, Planar Disruption, Porcelain Legionnaire, Focus Fire, Thraben Charm, Greatsword of Tyr, Deftblade Elite, Mountain, Territorial Hammerskull, Tocasia's Dig Site, Ancestral Blade, Stormfront Pegasus, Gideon's Lawkeeper, Plains, Plains, Plains, Plains, Plains, Plains, Plains, Plains, Plains, Plains, Plains, Plains, Plains, Plains, Novice Inspector, Abraded Bluffs, Thraben Inspector, Seeker of the Way, Battle Screech, Miner's Guidewing","Vulshok Morningstar, Raid Bombardment, Azorius Chancery, Savage Mansion, Mardu Skullhunter, Thriving Grubs, Reckless Charge, Ram Through, Night Market, Titan's Grave, Sheltering Landscape, Aether Chaser, Flame Slash, Barbed Batterfist, Jackal Pup, Fireball, Plasma Bolt, Dauntless Unity, Brambleback Brute, Scholar of Combustion"
"1","3","Black/Green","BG Graveyard","Black/Green","14","9","17","2.52","Utopia Sprawl, Champion of Dusan, Owlbear, Colossal Dreadmask, Putrid Leech, Golgari Rot Farm, Contagious Vorrac, Rubblebelt Maverick, Gurmag Angler, Elvish Mystic, Arbor Elf, Jewel Thief, Unearth, Expanding Ooze, Monstrous Emergence, Swamp, Swamp, Swamp, Swamp, Witherbloom Campus, Dreg Mangler, Disfigure, Ainok Wayfarer, Tithing Blade, Sprout Swarm, Candy Grapple, Rancor, Forest, Forest, Forest, Forest, Forest, Forest, Forest, Forest, Forest, Forest, Forest, Voracious Varmint, Bannerhide Krushok","Gingerbrute, Pristine Talisman, Kingpin's Pet, Growth Spiral, Conduit Pylons, Underworld Charger, Wolf Cove Villager, You Hear Something on Watch, Ulamog's Crusher, Vault Skirge, Ominous Asylum, Candy Trail, Death Denied, Wrenn's Resolve, Foreboding Landscape, Mutagenic Growth, Dauthi Slayer, Diregraf Horde, Spellbook Seeker, Petrify"
"1","4","Green","G Counters","Creatures","17","6","17","3.22","Selesnya Sanctuary, Temperamental Oozewagg, Phantom Tiger, Abundant Harvest, Wall of Roots, Nyxborn Hydra, Llanowar Elves, Trumpeting Herd, Wild Growth, Sagu Wildling, Yavimaya Elder, Jade Guardian, Basking Broodscale, Annoyed Altisaur, Forest, Forest, Forest, Forest, Forest, Forest, Forest, Forest, Forest, Forest, Forest, Forest, Forest, Forest, Forest, Generous Ent, Bushwhack, Conclave Naturalists, Fertile Ground, Blastoderm, Kyoshi Village, Captured by Lagacs, Bramble Wurm, Sakura-Tribe Elder, Sarulf's Packmate, Mother Bear","Faithful Watchdog, Branching Bolt, Snakeskin Veil, Riling Dawnbreaker, Teetering Peaks, Winding Way, Coiling Oracle, Hooting Mandrills, Raffine's Informant, Vines of Vastwood, Quandrix Pledgemage, University Campus, Carrier Thrall, You Meet in a Tavern, Urban Daggertooth, Tranquil Landscape, Unbounded Potential, Gnarlid Colony, Borrowed Grace, Goblin Anarchomancer"
"1","5","Blue","U Spellslinger","Spells, Wizards","11","12","17","3.17","Escape Tunnel, Ponder, Starbreach Whale, Peregrine Drake, Phantom Interference, Zephyr Winder, Desert, Mulldrifter, Meeting of Minds, Weakstone's Subjugation, Serum Visions, Deep Analysis, Treasure Cruise, Tranquil Cove, Lórien Revealed, Vizier of Tumbling Sands, Miscalculation, Serum Visionary, Condescend, Archaeomancer, Remove Soul, Island, Island, Island, Island, Island, Island, Island, Island, Island, Island, Island, Island, Island, Island, Faerie Seer, Tolarian Terror, Into the Roil, Elite Interceptor, Shipwreck Dowser","Aerie Auxiliary, Prophetic Prism, Armadillo Cloak, Deceptive Landscape, Liliana's Specter, Troll of Khazad-dûm, Hickory Woodlot, Seething Landscape, Hidden Grotto, Flayer Husk, Savannah Lions, Resentful Revelation, Sinister Hideout, Cavern Harpy, Prismatic Strands, Momentary Blink, Dinrova Horror, Silver Drake, Warship Scout"
"1","6","Red","R Burn","Spells, Goblins","14","9","17","1.96","Gnawing Crescendo, Fireslinger, Improvised Club, Burning-Tree Emissary, Witty Roastmaster, Clockwork Percussionist, Bogardan Dragonheart, Frenzied Goblin, Wrangle, Goblin Surprise, Firebolt, Mogg War Marshal, Hissing Iguanar, Shock Brigade, Basilisk Gate, Grim Initiate, Underworld Rage-Hound, Mountain, Mountain, Mountain, Mountain, Mountain, Mountain, Mountain, Mountain, Mountain, Mountain, Mountain, Mountain, Mountain, Mountain, Mountain, Mountain, Hordeling Outburst, Searing Spear, Burst Lightning, Sparksmith, Fanatical Firebrand, Goblin Motivator, Abrade","Crypt Rats, Contaminated Landscape, Bone Picker, Forum of Amity, Unwilling Ingredient, Doom Blade, Serrated Arrows, Boiling Rock Prison, Furnace Strider, Glimmerlight, Rolling Thunder, Rhox Veteran, Orzhov Basilica, Pinnacle Kill-Ship, Filigree Familiar, Body Dropper, Guttersnipe, Twisted Landscape, Vampire Lacerator, Serpent's Pass, Tragic Slip"
"1","7","Red/Blue","RU Spellslinger","Spells, Humans","8","15","17","2.09","Mocking Sprite, Hard Evidence, Cloudkin Seer, Izzet Boilerworks, Lose Focus, Ardent Elementalist, Brainstorm, Lightning Bolt, Consider, Opt, Chain Lightning, Bloodwater Entity, Izzet Charm, Mountain, Mountain, Mountain, Mountain, Preordain, Snap, Repeal, Island, Island, Island, Island, Island, Island, Island, Island, Island, Island, Island, Jhessian Thief, Skewer the Critics, Looter il-Kor, Brimstone Volley, Monastery Swiftspear, Murmuring Mystic, Galvanic Discharge, Quicksand, Sulfurous Blast","Simic Growth Chamber, Ephemerate, Oliphaunt, Lyev Skyknight, Settle Beyond Reality, Tuskeri Firewalker, Sunlance, Deluge Virtuoso, Wildfire Elemental, Pestermite, Search Party Captain, Goblin Bushwhacker, Syndic of Tithes, Bristling Backwoods, Ghostly Flicker, Preening Champion, Perilous Landscape, Eagles of the North, Militia Bugler, Mayhem Patrol"
"1","8","Black/Blue","BU Tempo","Spells","9","14","17","3.39","Cryogen Relic, Mist Raven, Gravedigger, Gitaxian Probe, Ninja of the Deep Hours, Displace, Dimir Aqueduct, Soul Manipulation, Faceless Butcher, Scurrilous Sentry, Swamp, Swamp, Swamp, Swamp, Striped Riverwinder, Capsize, Night's Whisper, Witness Protection, Stab Wound, Island, Island, Island, Island, Island, Island, Island, Island, Island, Island, Island, Island, Eldrazi Skyspawner, Arms of Hadar, Mana Leak, Counterspell, Mirrorshell Crab, Cast Down, Sword Coast Serpent, Pestilence, Impulse","Dauthi Horror, Quandrix Campus, Judge's Familiar, Ecstatic Awakener, Firebrand Archer, Spectacle Summit, Gray Merchant of Asphodel, Cindering Cutthroat, Salt Road Packbeast, Tempest Angler, Bonder's Ornament, Blood Aspirant, Shardless Outlander, Krosan Tusker, Guardian Idol, Eroded Canyon, Werebear, Nest Invader, Blood Fountain, Seize Opportunity, Perilous Myr"
"2","1","Blue","U Spellslinger","Spells","9","14","17","2.91","Mocking Sprite, Hard Evidence, Phantom Interference, Mystic Sanctuary, Lose Focus, Judge's Familiar, Mulldrifter, Weakstone's Subjugation, Consider, Serum Visions, Treasure Cruise, Tranquil Cove, Lórien Revealed, Opt, Pestermite, Serum Visionary, Ghostly Flicker, Island, Island, Island, Island, Island, Island, Island, Island, Island, Island, Island, Island, Island, Island, Island, Jhessian Thief, Into the Roil, Mana Leak, Counterspell, Mirrorshell Crab, Shipwreck Dowser, Impulse, Young Blue Dragon","Rakdos Carnarium, Heliod's Pilgrim, Prophetic Prism, Contaminated Landscape, Mardu Skullhunter, Journey to Nowhere, Displace, Sunlance, Soltari Trooper, Resentful Revelation, Candy Trail, Guardian Idol, Experiment One, Bloodwater Entity, Carrion Feeder, Momentary Blink, Foreboding Landscape, Phantom Nomad, Elite Interceptor, Silver Drake"
"2","2","Black/Red","BR Aristocrats","Creatures","16","7","17","1.96","Gnawing Crescendo, Retrofitted Transmogrant, Dark-Dweller Oracle, Improvised Club, Ecstatic Awakener, Putrid Goblin, Bone Picker, Falkenrath Noble, Clockwork Percussionist, Bogardan Dragonheart, Swamp, Swamp, Swamp, Swamp, Swamp, Swamp, Swamp, Swamp, Doom Blade, Boiling Rock Prison, Blood Aspirant, Hissing Iguanar, Rally at the Hornburg, Chain Lightning, Flame Slash, Grim Initiate, Mountain, Mountain, Mountain, Mountain, Mountain, Mountain, Mountain, Mountain, Blightning, Carrier Thrall, Nested Shambler, Body Dropper, Snarling Gorehound, Scorched Rusalka","Fireslinger, Troll of Khazad-dûm, Settle Beyond Reality, Thriving Grubs, Forum of Amity, Grim Bauble, Wolf Cove Villager, Reckless Impulse, Aether Poisoner, Goblin Surprise, Loathsome Curator, Undying Malice, Searing Spear, Chitin Gravestalker, Sparksmith, Abraded Bluffs, Seize Opportunity, Plagued Rusalka, Pestilence, Brambleback Brute, Warship Scout"
"2","3","Green/Red/Blue","GRU Value","Spells","12","11","17","3.00","Cloudkin Seer, Peregrine Drake, Desert, Izzet Boilerworks, Ardent Elementalist, Bountiful Landscape, Spectacle Summit, Growth Spiral, Deep Analysis, Tempest Angler, Gruul Turf, Man-o'-War, Krosan Tusker, Eroded Canyon, Quandrix Pledgemage, Sprout Swarm, Rolling Thunder, Izzet Charm, Mountain, Mountain, Fireball, Preordain, Snap, Island, Island, Island, Island, Forest, Forest, Forest, Forest, Forest, Guttersnipe, Writhing Chrysalis, Malevolent Rumble, Sword Coast Serpent, Goblin Anarchomancer, Scholar of Combustion, Galvanic Discharge, Lightning Strike","Tithe Drinker, Pristine Talisman, Conduit Pylons, Gray Merchant of Asphodel, Winding Way, Bonder's Ornament, Focus Fire, Deranged Assistant, Pinnacle Kill-Ship, Faerie Seer, Eldrazi Skyspawner, Skewer the Critics, Tranquil Landscape, Pulse of Murasa, Perilous Landscape, Sulfurous Blast"
"2","4","Black/Blue","BU Tempo","Spells","8","15","17","2.74","Ponder, Cryogen Relic, Gitaxian Probe, Go for the Throat, Snuff Out, Cradle of the Accursed, Dimir Aqueduct, Soul Manipulation, Vendetta, Swamp, Swamp, Swamp, Swamp, Swamp, Swamp, Swamp, Swamp, Serrated Arrows, Striped Riverwinder, Disfigure, Sinister Hideout, Cavern Harpy, Tithing Blade, Miscalculation, Condescend, Thorn of the Black Rose, Exclude, Archaeomancer, Dinrova Horror, Island, Island, Island, Island, Island, Island, Arms of Hadar, Looter il-Kor, Accursed Marauder, Murmuring Mystic, Tragic Slip","Mist Raven, Ninja of the Deep Hours, Seething Landscape, Unearth, Vizier of Tumbling Sands, Shardless Outlander, Cryoshatter, Prismatic Strands, Death Denied, Carnophage, Blood Fountain, Mandibular Kite, Cruel Witness, Coalition Honor Guard, Mind Stone, Scoured Barrens, Diregraf Horde, First-Sphere Gargantua, Tortured Existence"
"2","5","White","W Weenie","Humans","14","9","17","2.48","Kor Skyfisher, Guardian of the Guildpact, Trapped in the Screen, Triplicate Spirits, You Hear Something on Watch, Planar Disruption, Cathar Commando, Raffine's Informant, Search Party Captain, Mana Tithe, Rhox Veteran, Ancestral Blade, Gideon's Lawkeeper, Plains, Plains, Plains, Plains, Plains, Plains, Plains, Plains, Plains, Plains, Plains, Plains, Plains, Plains, Plains, Plains, Plains, Oblivion Ring, Novice Inspector, Suture Priest, Thraben Inspector, Seeker of the Way, Battle Screech, Ardenvale Tactician, Miner's Guidewing, Petrify, Militia Bugler","Clawing Torment, Vulshok Morningstar, Riling Dawnbreaker, Rimrock Knight, Faith's Fetters, Unwilling Ingredient, Gods Willing, Teetering Peaks, Titan's Grave, Renegade Freighter, Shattered Landscape, Ainok Bond-Kin, Boros Garrison, Glimmerlight, Ashes to Ashes, Inspiring Paladin, Deftblade Elite, Doomed Traveler, Territorial Hammerskull, Alabaster Host Intercessor, Unbounded Potential, Dauntless Unity"
"2","6","Red","R Burn","Spells, Humans","13","10","17","2.30","Raid Bombardment, Firebrand Archer, Witty Roastmaster, Tuskeri Firewalker, Lightning Bolt, Scrapwork Mutt, Porcelain Legionnaire, Frenzied Goblin, Wrangle, Mogg War Marshal, Haunted Fengraf, Aether Chaser, Molten Gatekeeper, Barbed Batterfist, Fireblast, Underworld Rage-Hound, Mountain, Mountain, Mountain, Mountain, Mountain, Mountain, Mountain, Mountain, Mountain, Mountain, Mountain, Mountain, Mountain, Mountain, Mountain, Mountain, Hordeling Outburst, Wrenn's Resolve, Burst Lightning, Plasma Bolt, Incinerate, Monastery Swiftspear, Beetleback Chief, Mayhem Patrol","Faerie Guidemother, Owlbear, Oliphaunt, Kingpin's Pet, Homestead Courage, Tenth District Legionnaire, Underworld Charger, Meeting of Minds, Rally the Peasants, Imperial Oath, Flayer Husk, Paradox Gardens, Vermin Gorger, Syndic of Tithes, University Campus, Stormfront Pegasus, Elite Vanguard, Twisted Landscape, Vampire Lacerator, Goblin Motivator, Borrowed Grace"
"2","7","Green","G Ramp","Elves, Creatures","19","4","17","3.13","Utopia Sprawl, Evolution Witness, Elvish Mystic, Arbor Elf, Ram Through, Nyxborn Hydra, Monstrous Emergence, Ulamog's Crusher, Llanowar Elves, Sagu Wildling, Yavimaya Elder, Ainok Wayfarer, Nest Invader, Greater Tanuki, Forest, Forest, Forest, Forest, Forest, Forest, Forest, Forest, Forest, Forest, Forest, Forest, Forest, Forest, Forest, Forest, Forest, Lys Alana Informant, Generous Ent, Bushwhack, Conclave Naturalists, Bramble Wurm, Bannerhide Krushok, Sarulf's Packmate, Llanowar Visionary, Mother Bear","Starbreach Whale, Branching Bolt, Quandrix Campus, Gravedigger, Rubblebelt Maverick, Desecrator Hag, Cindering Cutthroat, Night Market, Mire Triton, Witherbloom Campus, Capsize, Night's Whisper, Furnace Strider, Raven's Crime, Witness Protection, Filigree Familiar, Dauthi Slayer, Sylvan Might, Visionary's Dance, Urban Daggertooth, Preening Champion, Perilous Myr"
"2","8","Green","G Ramp","Green","14","9","17","2.91","Temperamental Oozewagg, Colossal Dreadmask, Phantom Tiger, Snakeskin Veil, Entourage of Trest, Treetop Snarespinner, Abundant Harvest, Priest of Titania, Horrific Assault, Hooting Mandrills, River Boa, Jade Guardian, Werebear, Rancor, Basking Broodscale, Annoyed Altisaur, Tocasia's Dig Site, Forest, Forest, Forest, Forest, Forest, Forest, Forest, Forest, Forest, Forest, Forest, Forest, Forest, Forest, Forest, Forest, Tamiyo's Safekeeping, Voracious Varmint, Mutagenic Growth, You Meet in a Tavern, Fertile Ground, Blastoderm, Gnarlid Colony","Escape Tunnel, Selesnya Sanctuary, Aerie Auxiliary, Crypt Rats, Putrid Leech, Deceptive Landscape, Lyev Skyknight, Golgari Rot Farm, Burning-Tree Emissary, Vampire Sovereign, Wary Farmer, Ominous Asylum, Coiling Oracle, Dreg Mangler, Guildsworn Prowler, Stab Wound, Captured by Lagacs, Gift of Orzhova, Dog Umbra, Snapping Voidcraw, Okiba-Gang Shinobi"
"3","1","Red/Blue","RU Spellslinger","Artifacts, Spells","7","16","17","2.61","Cryogen Relic, Mechanozoa, Izzet Boilerworks, Gitaxian Probe, Brainstorm, Meeting of Minds, Lightning Bolt, Weakstone's Subjugation, Consider, Deep Analysis, Serrated Arrows, Tempest Angler, Wildfire Elemental, Moon-Circuit Hacker, Eroded Canyon, Serum Visionary, Mountain, Mountain, Fireball, Preordain, Island, Island, Island, Island, Island, Island, Island, Island, Island, Island, Island, Island, Island, Filigree Familiar, Into the Roil, Mind Stone, Seize Opportunity, Brimstone Volley, Murmuring Mystic, Sulfurous Blast","Conduit Goblin, Dimir Guildmage, Kingpin's Pet, Hickory Woodlot, Seething Landscape, Thriving Grubs, Tenth District Legionnaire, Conduit Pylons, Cindering Cutthroat, Ulamog's Crusher, Renegade Freighter, Blood Aspirant, Resentful Revelation, Shardless Outlander, Guardian Idol, Fields of Strife, Tranquil Landscape, Leonin Bola, Seeker of the Way, Brambleback Brute"
"3","2","White","W Weenie","Humans, Creatures","17","6","17","2.96","Faerie Guidemother, Kor Skyfisher, Ninja of the Deep Hours, Guardian of the Guildpact, Trapped in the Screen, Faith's Fetters, Blessed Hippogriff, Bonesplitter, Salt Road Packbeast, You Hear Something on Watch, Search Party Captain, Prismatic Strands, Territorial Hammerskull, Tocasia's Dig Site, Island, Faerie Seer, Elite Vanguard, Gideon's Lawkeeper, Plains, Plains, Plains, Plains, Plains, Plains, Plains, Plains, Plains, Plains, Plains, Plains, Plains, Plains, Plains, Novice Inspector, Alabaster Host Intercessor, Palace Sentinels, Inspiring Overseer, Battle Screech, Ardenvale Tactician, Militia Bugler","Vulshok Morningstar, Phantom Tiger, Forum of Amity, Gray Merchant of Asphodel, Ram Through, Horrific Assault, Raise the Alarm, Vault Skirge, Man-o'-War, Pestermite, Syndic of Tithes, Witness Protection, Exclude, Repeal, Tolarian Terror, Phantom Nomad, Dauthi Slayer, Looter il-Kor, Abraded Bluffs, Vampire Lacerator, Okiba-Gang Shinobi"
"3","3","Green/Blue","GU Ramp","Creatures","17","6","17","3.39","Utopia Sprawl, Simic Growth Chamber, Evolution Witness, Owlbear, Colossal Dreadmask, Quandrix Campus, Wall of Roots, Nyxborn Hydra, Coiling Oracle, Krosan Tusker, Quandrix Pledgemage, Sprout Swarm, Jade Guardian, Annoyed Altisaur, Greater Tanuki, Forest, Forest, Forest, Forest, Forest, Forest, Forest, Forest, Forest, Forest, Forest, Forest, Forest, Forest, Forest, Lys Alana Informant, Voracious Varmint, Bushwhack, Grapple with the Past, Pulse of Murasa, Bramble Wurm, Sakura-Tribe Elder, Snapping Voidcraw, Sarulf's Packmate, Llanowar Visionary","Escape Tunnel, Selesnya Sanctuary, Flesh Burrower, Tithe Drinker, Faithful Watchdog, Armadillo Cloak, Pristine Talisman, Triplicate Spirits, Night Market, Sheltering Landscape, Wary Farmer, Suburban Sanctuary, Loathsome Curator, Inspiring Paladin, Mandibular Kite, Visionary's Dance, Urban Daggertooth, Goblin Motivator, Gnarlid Colony, Serpent's Pass"
"3","4","Green","G Ramp","Spells","13","10","17","2.04","Temperamental Oozewagg, Contagious Vorrac, Rubblebelt Maverick, Snakeskin Veil, Treetop Snarespinner, Abundant Harvest, Elvish Mystic, Jewel Thief, Giant Growth, Llanowar Elves, Experiment One, River Boa, Vines of Vastwood, Werebear, Rancor, Forest, Forest, Forest, Forest, Forest, Forest, Forest, Forest, Forest, Forest, Forest, Forest, Forest, Forest, Forest, Forest, Forest, Tamiyo's Safekeeping, Mutagenic Growth, You Meet in a Tavern, Sylvan Might, Malevolent Rumble, Blastoderm, Bannerhide Krushok, Mother Bear","Gingerbrute, Putrid Leech, Savage Mansion, Desecrator Hag, Burning-Tree Emissary, Tuskeri Firewalker, Unearth, Winding Way, Scrapwork Mutt, Focus Fire, Dreg Mangler, Guildsworn Prowler, Cryoshatter, Shock Brigade, Deftblade Elite, Thorn of the Black Rose, Iron Apprentice, Fertile Ground, Wither and Bloom, Diregraf Horde, Unbounded Potential, Kyoshi Village"
"3","5","Black/Blue","BU Tempo","Spells","10","13","17","3.91","Hard Evidence, Starbreach Whale, Cloudkin Seer, Crypt Rats, Troll of Khazad-dûm, Mulldrifter, Gurmag Angler, Dimir Aqueduct, Soul Manipulation, Vendetta, Scurrilous Sentry, Swamp, Swamp, Swamp, Swamp, Swamp, Swamp, Swamp, Swamp, Swamp, Swamp, Swamp, Doom Blade, Treasure Cruise, Tithing Blade, Ashes to Ashes, Condescend, Stab Wound, Ghostly Flicker, Dinrova Horror, Island, Island, Island, Island, Arms of Hadar, Counterspell, Mirrorshell Crab, Sword Coast Serpent, Pestilence, Quicksand","Mocking Sprite, Prophetic Prism, Deceptive Landscape, Azorius Chancery, Contaminated Landscape, Expanding Ooze, Bonder's Ornament, Pillory of the Sleepless, Vermin Gorger, Undying Malice, Mana Tithe, University Campus, Carnophage, Deranged Assistant, Raven's Crime, Pinnacle Kill-Ship, Scoured Barrens, Perilous Landscape, Eagles of the North, Beetleback Chief"
"3","6","Red","R Burn","Spells, Humans","9","14","17","2.39","Gnawing Crescendo, Fireslinger, Raid Bombardment, Desert, Ardent Elementalist, Rimrock Knight, Firebrand Archer, Cradle of the Accursed, Reckless Charge, Teetering Peaks, Frenzied Goblin, Firebolt, Rally at the Hornburg, Chain Lightning, Aether Chaser, Flame Slash, Ironhoof Boar, Fireblast, Spelleater Wolverine, Mountain, Mountain, Mountain, Mountain, Mountain, Mountain, Mountain, Mountain, Mountain, Mountain, Mountain, Mountain, Mountain, Mountain, Hordeling Outburst, Wrenn's Resolve, Searing Spear, Plasma Bolt, Sparksmith, Skewer the Critics, Abrade","Branching Bolt, Oliphaunt, Spectacle Summit, Imperial Oath, Vizier of Tumbling Sands, Wrangle, Boiling Rock Prison, Witherbloom Campus, Opt, Cavern Harpy, Rolling Thunder, Bristling Backwoods, Orzhov Basilica, Snap, Generous Ent, Writhing Chrysalis, Scholar of Combustion, Warship Scout, Perilous Myr"
"3","7","Black/Red","BR Aristocrats","Creatures","18","5","17","1.78","Retrofitted Transmogrant, Dauthi Horror, Rakdos Carnarium, Dark-Dweller Oracle, Gixian Infiltrator, Ecstatic Awakener, Witty Roastmaster, Village Rites, Falkenrath Noble, Clockwork Percussionist, Fireblade Artist, Okiba Reckoner Raid, Swamp, Swamp, Swamp, Swamp, Swamp, Swamp, Swamp, Swamp, Swamp, Swamp, Swamp, Ominous Asylum, Disfigure, Haunted Fengraf, Voracious Vermin, Molten Gatekeeper, Grim Initiate, Carrion Feeder, Mountain, Mountain, Mountain, Carrier Thrall, Nested Shambler, Body Dropper, Cast Down, Plagued Rusalka, Accursed Marauder, Incinerate","Champion of Dusan, Heliod's Pilgrim, Dog Walker, Gravedigger, Unwilling Ingredient, Faceless Butcher, Reckless Impulse, Titan's Grave, Flayer Husk, Aether Poisoner, Goblin Surprise, Shattered Landscape, Night's Whisper, Furnace Strider, Death Denied, Doomed Traveler, Elite Interceptor, Twisted Landscape, Spellbook Seeker"
"3","8","Blue/White","UW Control","Spells","8","15","17","2.74","Peregrine Drake, Ephemerate, Mist Raven, Frost Trickster, Mystic Sanctuary, Lyev Skyknight, Lose Focus, Judge's Familiar, Journey to Nowhere, Settle Beyond Reality, Displace, Sunlance, Tranquil Cove, Planar Disruption, Lórien Revealed, Merfolk Looter, Repulse, Capsize, Raffine's Informant, Basilisk Gate, Momentary Blink, Island, Island, Island, Island, Island, Island, Island, Island, Plains, Plains, Plains, Plains, Plains, Plains, Oblivion Ring, Mana Leak, Behold the Multiverse, Dog Umbra, Silver Drake","Growth Spiral, Grim Bauble, Gods Willing, Mire Triton, Soltari Trooper, Wolf Cove Villager, Savannah Lions, Paradox Gardens, Candy Trail, Greatsword of Tyr, Rhox Veteran, Ancestral Blade, Stormfront Pegasus, Cruel Witness, Suture Priest, Coalition Honor Guard, Captured by Lagacs, Gift of Orzhova, Fortress Kin-Guard"
"4","1","Black/Blue","BU Tempo","Spells","10","13","17","3.39","Starbreach Whale, Peregrine Drake, Mist Raven, Lose Focus, Go for the Throat, Gurmag Angler, Brainstorm, Dimir Aqueduct, Unable to Scream, Soul Manipulation, Merfolk Looter, Repulse, Opt, Striped Riverwinder, Night's Whisper, Sinister Hideout, Condescend, Archaeomancer, Tocasia's Dig Site, Dinrova Horror, Island, Island, Island, Island, Island, Island, Island, Island, Island, Island, Island, Island, Island, Island, Into the Roil, Counterspell, Mirrorshell Crab, Behold the Multiverse, Shipwreck Dowser, Impulse","Dauthi Horror, Crypt Rats, Azorius Chancery, Lyev Skyknight, Contaminated Landscape, Displace, Cavern Harpy, Guardian Idol, University Campus, Deranged Assistant, Ghostly Flicker, Jhessian Thief, Tamiyo's Safekeeping, Foreboding Landscape, Alabaster Host Intercessor, Snarling Gorehound, Scoured Barrens, Twisted Landscape, Sulfurous Blast"
"4","2","Green","G Ramp","Creatures","18","5","17","2.87","Simic Growth Chamber, Temperamental Oozewagg, Evolution Witness, Owlbear, Desert, Rubblebelt Maverick, Entourage of Trest, Priest of Titania, Wall of Roots, Elvish Mystic, Horrific Assault, Nyxborn Hydra, Wild Growth, Yavimaya Elder, Rancor, Basking Broodscale, Annoyed Altisaur, Eldrazi Repurposer, Forest, Forest, Forest, Forest, Forest, Forest, Forest, Forest, Forest, Forest, Forest, Forest, Forest, Forest, Forest, Voracious Varmint, You Meet in a Tavern, Urban Daggertooth, Pulse of Murasa, Blastoderm, Snapping Voidcraw, Sarulf's Packmate","Flesh Burrower, Cloudkin Seer, Zephyr Winder, Judge's Familiar, Desecrator Hag, Growth Spiral, Rally the Peasants, Winding Way, Serum Visions, Pestermite, Quandrix Pledgemage, Mana Leak, Coalition Honor Guard, Mind Stone, Visionary's Dance, Tranquil Landscape, Sword Coast Serpent, Captured by Lagacs, Spellbook Seeker, Silver Drake"
"4","3","Black/Red","BR Aristocrats","Creatures","18","5","17","1.96","Retrofitted Transmogrant, Gixian Infiltrator, Putrid Goblin, Bone Picker, Village Rites, Falkenrath Noble, Clockwork Percussionist, Bogardan Dragonheart, Lightning Bolt, Unearth, Fireblade Artist, Swamp, Swamp, Swamp, Swamp, Swamp, Swamp, Swamp, Swamp, Swamp, Swamp, Swamp, Boiling Rock Prison, Blood Aspirant, Vermin Gorger, Mogg War Marshal, Hissing Iguanar, Haunted Fengraf, Candy Grapple, Carrion Feeder, Mountain, Mountain, Mountain, Mountain, Hordeling Outburst, Carrier Thrall, Nested Shambler, Body Dropper, Plagued Rusalka, Accursed Marauder","Troll of Khazad-dûm, Underworld Charger, Unwilling Ingredient, Vampire Sovereign, Scrapwork Mutt, Resentful Revelation, Guildsworn Prowler, Wildfire Elemental, Firebolt, Aether Chaser, Boros Garrison, Molten Gatekeeper, Orzhov Basilica, Blood Fountain, Chitin Gravestalker, Dauthi Slayer, Skewer the Critics, Diregraf Horde, First-Sphere Gargantua, Serpent's Pass"
"4","4","Red/Blue","RU Spellslinger","Spells, Wizards","9","14","17","2.61","Mocking Sprite, Ponder, Phantom Interference, Frost Trickster, Gitaxian Probe, Ardent Elementalist, Meeting of Minds, Consider, Deep Analysis, Treasure Cruise, Tempest Angler, Miscalculation, Bloodwater Entity, Izzet Charm, Mountain, Mountain, Mountain, Mountain, Mountain, Mountain, Mountain, Exclude, Fireball, Preordain, Repeal, Island, Island, Island, Island, Island, Island, Island, Island, Island, Island, Faerie Seer, Cruel Witness, Guttersnipe, Murmuring Mystic, Lightning Strike","Dimir Guildmage, Ninja of the Deep Hours, Tuskeri Firewalker, Imperial Oath, Vendetta, Reckless Impulse, Serrated Arrows, Ominous Asylum, Wrangle, Pillory of the Sleepless, Moon-Circuit Hacker, Furnace Strider, Cryoshatter, Undying Malice, Ironhoof Boar, Serum Visionary, Witness Protection, Abraded Bluffs, Brimstone Volley, Fanatical Firebrand, Perilous Landscape, Warship Scout"
"4","5","Black","B Midrange","Black","12","11","17","2.61","Gingerbrute, Gravedigger, Liliana's Specter, Ecstatic Awakener, Snuff Out, Gray Merchant of Asphodel, Grim Bauble, Faceless Butcher, Scurrilous Sentry, Okiba Reckoner Raid, Swamp, Swamp, Swamp, Swamp, Swamp, Swamp, Swamp, Swamp, Swamp, Swamp, Swamp, Swamp, Swamp, Swamp, Swamp, Doom Blade, Vault Skirge, Witch's Cottage, Tithing Blade, Loathsome Curator, Voracious Vermin, Death Denied, Carnophage, Thorn of the Black Rose, Stab Wound, Arms of Hadar, Wither and Bloom, Quicksand, Tragic Slip, Tortured Existence","Escape Tunnel, Tithe Drinker, Clawing Torment, Aerie Auxiliary, Faithful Watchdog, Pristine Talisman, Guardian of the Guildpact, Mardu Skullhunter, Hidden Grotto, Deluge Virtuoso, Raise the Alarm, Flayer Husk, Paradox Gardens, Frenzied Goblin, Candy Trail, Ainok Wayfarer, Experiment One, Scorched Rusalka, Brambleback Brute, Perilous Myr"
"4","6","Green/Red","GR Stompy","Green/Red","14","9","17","3.13","Champion of Dusan, Branching Bolt, Oliphaunt, Contagious Vorrac, Hickory Woodlot, Abundant Harvest, Ram Through, Monstrous Emergence, Bonder's Ornament, Gruul Turf, Hooting Mandrills, Krosan Tusker, Basilisk Gate, Rolling Thunder, Bristling Backwoods, Mountain, Nest Invader, Forest, Forest, Forest, Forest, Forest, Forest, Forest, Forest, Forest, Forest, Forest, Forest, Lys Alana Informant, Generous Ent, Bushwhack, Conclave Naturalists, Fertile Ground, Writhing Chrysalis, Bannerhide Krushok, Sakura-Tribe Elder, Goblin Anarchomancer, Galvanic Discharge, Llanowar Visionary","Ephemerate, Golgari Rot Farm, Izzet Boilerworks, Snakeskin Veil, Improvised Club, Bountiful Landscape, Night Market, Expanding Ooze, Giant Growth, Vizier of Tumbling Sands, Witherbloom Campus, Shardless Outlander, Underworld Rage-Hound, Phantom Nomad, Sylvan Might, Grapple with the Past, Gnarlid Colony, Scholar of Combustion"
"4","7","White","W Weenie","Soldiers","15","8","17","2.43","Faerie Guidemother, Kor Skyfisher, Blessed Hippogriff, Soltari Trooper, Salt Road Packbeast, Planar Disruption, Cathar Commando, Thraben Charm, Greatsword of Tyr, Search Party Captain, Ancestral Blade, Plains, Plains, Plains, Plains, Plains, Plains, Plains, Plains, Plains, Plains, Plains, Plains, Plains, Plains, Plains, Plains, Plains, Mandibular Kite, Novice Inspector, Suture Priest, Thraben Inspector, Palace Sentinels, Inspiring Overseer, Dog Umbra, Battle Screech, Ardenvale Tactician, Miner's Guidewing, Petrify, Militia Bugler","Custodi Squire, Heliod's Pilgrim, Armadillo Cloak, Riling Dawnbreaker, Faith's Fetters, Witty Roastmaster, Reckless Charge, Gods Willing, Mire Triton, Tranquil Cove, Shattered Landscape, Fields of Strife, Momentary Blink, Territorial Hammerskull, Oblivion Ring, Mutagenic Growth, Iron Apprentice, Seize Opportunity, Leonin Bola, Elite Interceptor, Unbounded Potential, Dauntless Unity"
"4","8","Red/White","RW Burn","Goblins","15","8","17","2.30","Gnawing Crescendo, Rakdos Carnarium, Conduit Goblin, Fireslinger, Raid Bombardment, Dark-Dweller Oracle, Savage Mansion, Rimrock Knight, Burning-Tree Emissary, Tenth District Legionnaire, Forum of Amity, Cindering Cutthroat, Porcelain Legionnaire, Suburban Sanctuary, Goblin Surprise, Rally at the Hornburg, Shock Brigade, Goblin Bushwhacker, Barbed Batterfist, Jackal Pup, Fireblast, Mountain, Mountain, Mountain, Mountain, Mountain, Mountain, Mountain, Mountain, Mountain, Mountain, Mountain, Mountain, Mountain, Wrenn's Resolve, Burst Lightning, Sparksmith, Monastery Swiftspear, Beetleback Chief, Mayhem Patrol","Putrid Leech, Phantom Tiger, Kingpin's Pet, Homestead Courage, Trapped in the Screen, Sunlance, You Hear Something on Watch, Sheltering Landscape, Renegade Freighter, Savannah Lions, Man-o'-War, Focus Fire, Raffine's Informant, Mana Tithe, Gideon's Lawkeeper, Vampire Lacerator, Gift of Orzhova, Borrowed Grace"
"5","1","Green","G Ramp","Creatures","19","4","17","3.22","Utopia Sprawl, Simic Growth Chamber, Champion of Dusan, Evolution Witness, Colossal Dreadmask, Hickory Woodlot, Treetop Snarespinner, Wall of Roots, Arbor Elf, Jewel Thief, Llanowar Elves, Trumpeting Herd, Wild Growth, Sagu Wildling, Yavimaya Elder, Ainok Wayfarer, Werebear, Greater Tanuki, Forest, Forest, Forest, Forest, Forest, Forest, Forest, Forest, Forest, Forest, Forest, Forest, Forest, Forest, Forest, Generous Ent, Conclave Naturalists, Writhing Chrysalis, Bannerhide Krushok, Sakura-Tribe Elder, Snapping Voidcraw, Llanowar Visionary","Gingerbrute, Phantom Tiger, Deluge Virtuoso, Expanding Ooze, Giant Growth, Sheltering Landscape, Renegade Freighter, Bonder's Ornament, Wary Farmer, Shattered Landscape, Foreboding Landscape, Mutagenic Growth, Mana Leak, Sylvan Might, Tranquil Landscape, Blastoderm, Scorched Rusalka, Brambleback Brute, Fortress Kin-Guard, Mother Bear"
"5","2","Red","R Burn","Spells, Goblins","12","11","17","2.04","Gnawing Crescendo, Raid Bombardment, Desert, Rimrock Knight, Witty Roastmaster, Teetering Peaks, Frenzied Goblin, Goblin Surprise, Firebolt, Mogg War Marshal, Rally at the Hornburg, Shock Brigade, Chain Lightning, Goblin Bushwhacker, Aether Chaser, Grim Initiate, Jackal Pup, Fireblast, Underworld Rage-Hound, Mountain, Mountain, Mountain, Mountain, Mountain, Mountain, Mountain, Mountain, Mountain, Mountain, Mountain, Mountain, Mountain, Mountain, Mountain, Hordeling Outburst, Wrenn's Resolve, Monastery Swiftspear, Galvanic Discharge, Lightning Strike, Mayhem Patrol","Flesh Burrower, Conduit Goblin, Dog Walker, Oliphaunt, Journey to Nowhere, Thriving Grubs, Tenth District Legionnaire, Tuskeri Firewalker, Triplicate Spirits, Horrific Assault, Scrapwork Mutt, Opt, Cathar Commando, Thraben Charm, Blightning, Elite Vanguard, Phantom Nomad, Guttersnipe, Elite Interceptor, Seeker of the Way"
"5","3","Red/Blue","RU Spellslinger","Spells","9","14","17","2.48","Zephyr Winder, Dark-Dweller Oracle, Izzet Boilerworks, Gitaxian Probe, Ardent Elementalist, Improvised Club, Mulldrifter, Firebrand Archer, Spectacle Summit, Cradle of the Accursed, Lightning Bolt, Weakstone's Subjugation, Lórien Revealed, Pestermite, Eroded Canyon, Flame Slash, Bloodwater Entity, Rolling Thunder, Spelleater Wolverine, Mountain, Mountain, Mountain, Mountain, Mountain, Mountain, Mountain, Mountain, Mountain, Mountain, Mountain, Searing Spear, Burst Lightning, Plasma Bolt, Island, Brimstone Volley, Incinerate, Shipwreck Dowser, Quicksand, Sulfurous Blast, Abrade","Branching Bolt, Quandrix Campus, Azorius Chancery, Homestead Courage, Bountiful Landscape, Conduit Pylons, Bogardan Dragonheart, Paradox Gardens, Gruul Turf, Boiling Rock Prison, Syndic of Tithes, Ironhoof Boar, Bristling Backwoods, Tamiyo's Safekeeping, Spellbook Seeker, Silver Drake, Warship Scout"
"5","4","Black/Blue","BU Tempo","Spells","8","15","17","2.87","Phantom Interference, Go for the Throat, Dimir Aqueduct, Unable to Scream, Soul Manipulation, Swamp, Swamp, Serum Visions, Deep Analysis, Merfolk Looter, Vizier of Tumbling Sands, Repulse, Striped Riverwinder, Night's Whisper, Cryoshatter, Miscalculation, Thorn of the Black Rose, Archaeomancer, Stab Wound, Ghostly Flicker, Island, Island, Island, Island, Island, Island, Island, Island, Island, Island, Island, Island, Island, Arms of Hadar, Looter il-Kor, Counterspell, Mirrorshell Crab, Preening Champion, Impulse, Serpent's Pass","Selesnya Sanctuary, Lyev Skyknight, Judge's Familiar, Desecrator Hag, Fireblade Artist, Ulamog's Crusher, Flayer Husk, Ominous Asylum, Focus Fire, Undying Malice, Barbed Batterfist, University Campus, Izzet Charm, Doomed Traveler, Chitin Gravestalker, Mind Stone, Iron Apprentice, Captured by Lagacs, Vampire Lacerator, First-Sphere Gargantua"
"5","5","Black","B Midrange","Zombies","10","13","17","2.39","Gravedigger, Golgari Rot Farm, Troll of Khazad-dûm, Snuff Out, Falkenrath Noble, Gray Merchant of Asphodel, Grim Bauble, Unearth, Mire Triton, Okiba Reckoner Raid, Swamp, Swamp, Swamp, Swamp, Swamp, Swamp, Swamp, Swamp, Swamp, Swamp, Swamp, Swamp, Swamp, Witherbloom Campus, Suburban Sanctuary, Dreg Mangler, Resentful Revelation, Guildsworn Prowler, Pillory of the Sleepless, Candy Trail, Raffine's Informant, Voracious Vermin, Death Denied, Raven's Crime, Orzhov Basilica, Blood Fountain, Snarling Gorehound, Pestilence, Tragic Slip, Tortured Existence","Ephemerate, Faithful Watchdog, Putrid Leech, Deceptive Landscape, Savage Mansion, Contagious Vorrac, Kingpin's Pet, Entourage of Trest, Winding Way, Soltari Trooper, River Boa, Boros Garrison, Lys Alana Informant, Oblivion Ring, Grapple with the Past, Pulse of Murasa, Twisted Landscape, Sarulf's Packmate"
"5","6","White","W Weenie","Soldiers","15","8","17","2.78","Kor Skyfisher, Aerie Auxiliary, Riling Dawnbreaker, Sunlance, Salt Road Packbeast, Savannah Lions, Planar Disruption, Greatsword of Tyr, Search Party Captain, Prismatic Strands, Mana Tithe, Territorial Hammerskull, Ancestral Blade, Stormfront Pegasus, Plains, Plains, Plains, Plains, Plains, Plains, Plains, Plains, Plains, Plains, Plains, Plains, Plains, Plains, Plains, Plains, Plains, Novice Inspector, Suture Priest, Thraben Inspector, Palace Sentinels, Inspiring Overseer, Eagles of the North, Battle Screech, Petrify, Militia Bugler","Escape Tunnel, Custodi Squire, Armadillo Cloak, Pristine Talisman, Faith's Fetters, Rally the Peasants, Gods Willing, Imperial Oath, You Hear Something on Watch, Raise the Alarm, Tranquil Cove, Experiment One, Vines of Vastwood, Glimmerlight, Annoyed Altisaur, Voracious Varmint, Coalition Honor Guard, Alabaster Host Intercessor, Unbounded Potential, Dauntless Unity, Gift of Orzhova, Goblin Motivator"
"5","7","Black","B Midrange","Creatures","18","5","17","2.48","Retrofitted Transmogrant, Dauthi Horror, Liliana's Specter, Gixian Infiltrator, Mardu Skullhunter, Bone Picker, Dread Return, Underworld Charger, Unwilling Ingredient, Vendetta, Faceless Butcher, Scurrilous Sentry, Swamp, Swamp, Swamp, Swamp, Swamp, Swamp, Swamp, Swamp, Swamp, Swamp, Swamp, Swamp, Swamp, Swamp, Swamp, Swamp, Doom Blade, Vault Skirge, Aether Poisoner, Disfigure, Tocasia's Dig Site, Carrier Thrall, Dauthi Slayer, Cast Down, Plagued Rusalka, Diregraf Horde, Accursed Marauder, Okiba-Gang Shinobi","Starbreach Whale, Rakdos Carnarium, Fireslinger, Prophetic Prism, Seething Landscape, Reckless Charge, Cindering Cutthroat, Serrated Arrows, Wrangle, Blood Aspirant, Cavern Harpy, Shardless Outlander, Deftblade Elite, Fields of Strife, Eldrazi Skyspawner, You Meet in a Tavern, Visionary's Dance, Fanatical Firebrand, Bramble Wurm, Miner's Guidewing, Beetleback Chief"
"5","8","Green/Blue","GU Ramp","Spells, Wizards","11","12","17","3.04","Ponder, Hard Evidence, Cloudkin Seer, Mist Raven, Frost Trickster, Mystic Sanctuary, Lose Focus, Displace, Growth Spiral, Meeting of Minds, Consider, Capsize, Haunted Fengraf, Quandrix Pledgemage, Sprout Swarm, Serum Visionary, Witness Protection, Snap, Island, Island, Island, Island, Island, Island, Island, Island, Island, Island, Island, Island, Island, Island, Forest, Filigree Familiar, Jhessian Thief, Tolarian Terror, Cruel Witness, Sword Coast Serpent, Behold the Multiverse, Murmuring Mystic","Snakeskin Veil, Contaminated Landscape, Abundant Harvest, Hidden Grotto, Priest of Titania, Ram Through, Night Market, Monstrous Emergence, Reckless Impulse, Titan's Grave, Hooting Mandrills, Krosan Tusker, Nest Invader, Bushwhack, Urban Daggertooth, Seize Opportunity, Perilous Landscape, Dog Umbra, Gnarlid Colony, Perilous Myr"
"6","1","Blue/White","UW Control","Spells","10","13","17","2.70","Kor Skyfisher, Custodi Squire, Cloudkin Seer, Ephemerate, Cryogen Relic, Frost Trickster, Azorius Chancery, Ninja of the Deep Hours, Faith's Fetters, Settle Beyond Reality, Displace, Tranquil Cove, Planar Disruption, Thraben Charm, Prismatic Strands, Condescend, Preordain, Snap, Ghostly Flicker, Island, Island, Island, Island, Island, Plains, Plains, Plains, Plains, Plains, Plains, Plains, Plains, Plains, Plains, Novice Inspector, Thraben Inspector, Inspiring Overseer, Eagles of the North, Petrify, Silver Drake","Heliod's Pilgrim, Dog Walker, Mechanozoa, Homestead Courage, Gods Willing, Imperial Oath, Wolf Cove Villager, Porcelain Legionnaire, Greatsword of Tyr, Cryoshatter, Syndic of Tithes, Mana Tithe, Deftblade Elite, Deranged Assistant, Orzhov Basilica, Suture Priest, Tranquil Landscape, Sword Coast Serpent, Elite Interceptor, Young Blue Dragon"
"6","2","Red","R Burn","Spells, Humans","9","14","17","1.96","Gnawing Crescendo, Fireslinger, Tuskeri Firewalker, Reckless Impulse, Scrapwork Mutt, Firebolt, Rally at the Hornburg, Goblin Bushwhacker, Aether Chaser, Flame Slash, Barbed Batterfist, Fireblast, Mountain, Mountain, Mountain, Mountain, Mountain, Mountain, Mountain, Mountain, Mountain, Mountain, Mountain, Mountain, Mountain, Mountain, Mountain, Mountain, Mountain, Wrenn's Resolve, Fireball, Burst Lightning, Plasma Bolt, Skewer the Critics, Guttersnipe, Seize Opportunity, Fanatical Firebrand, Monastery Swiftspear, Scorched Rusalka, Galvanic Discharge","Izzet Boilerworks, Ardent Elementalist, Hickory Woodlot, Rally the Peasants, Ominous Asylum, Candy Trail, Eroded Canyon, Boros Garrison, Bloodwater Entity, Rolling Thunder, Tolarian Terror, Mana Leak, You Meet in a Tavern, Mind Stone, Iron Apprentice, Leonin Bola, Behold the Multiverse, Murmuring Mystic, Miner's Guidewing, Brambleback Brute, Perilous Myr, Sulfurous Blast"
"6","3","Black/Blue","BU Tempo","Spells","11","12","17","3.04","Hard Evidence, Dauthi Horror, Crypt Rats, Liliana's Specter, Dimir Guildmage, Go for the Throat, Dimir Aqueduct, Soul Manipulation, Vampire Sovereign, Swamp, Swamp, Swamp, Swamp, Swamp, Swamp, Swamp, Swamp, Swamp, Treasure Cruise, Serrated Arrows, Vault Skirge, Lórien Revealed, Repulse, Capsize, Moon-Circuit Hacker, Pestermite, Tithing Blade, Serum Visionary, Thorn of the Black Rose, Tocasia's Dig Site, Blood Fountain, Remove Soul, Dinrova Horror, Island, Island, Island, Island, Island, Serpent's Pass, Tragic Slip","Faerie Guidemother, Vulshok Morningstar, Weakstone's Subjugation, Mire Triton, Soltari Trooper, Ulamog's Crusher, Savannah Lions, Merfolk Looter, Aether Poisoner, Death Denied, University Campus, Territorial Hammerskull, Stormfront Pegasus, Mutagenic Growth, Coalition Honor Guard, Scoured Barrens, Kyoshi Village, First-Sphere Gargantua, Militia Bugler"
"6","4","Green/Blue","GU Ramp","Green/Blue","15","8","17","2.87","Simic Growth Chamber, Faithful Watchdog, Phantom Tiger, Contagious Vorrac, Snakeskin Veil, Entourage of Trest, Treetop Snarespinner, Growth Spiral, Horrific Assault, Nyxborn Hydra, Monstrous Emergence, Paradox Gardens, Trumpeting Herd, Coiling Oracle, Sagu Wildling, Sprout Swarm, Jade Guardian, Werebear, Rancor, Annoyed Altisaur, Greater Tanuki, Forest, Forest, Forest, Forest, Forest, Forest, Forest, Forest, Forest, Forest, Forest, Forest, Forest, Forest, Forest, Voracious Varmint, Fertile Ground, Sakura-Tribe Elder, Snapping Voidcraw","Starbreach Whale, Aerie Auxiliary, Conduit Goblin, Phantom Interference, Prophetic Prism, Guardian of the Guildpact, Mulldrifter, Journey to Nowhere, You Hear Something on Watch, Deep Analysis, Wary Farmer, Pillory of the Sleepless, Momentary Blink, Ancestral Blade, Eldrazi Skyspawner, Tamiyo's Safekeeping, Conclave Naturalists, Grapple with the Past, Seeker of the Way, Warship Scout"
"6","5","Green/Red","GR Stompy","Green/Red","15","8","17","2.70","Utopia Sprawl, Champion of Dusan, Owlbear, Colossal Dreadmask, Branching Bolt, Oliphaunt, Desert, Savage Mansion, Burning-Tree Emissary, Abundant Harvest, Elvish Mystic, Lightning Bolt, Jewel Thief, Yavimaya Elder, Ainok Wayfarer, Experiment One, Vines of Vastwood, Bristling Backwoods, Mountain, Mountain, Mountain, Eldrazi Repurposer, Forest, Forest, Forest, Forest, Forest, Forest, Forest, Forest, Forest, Forest, Forest, Writhing Chrysalis, Blastoderm, Incinerate, Bannerhide Krushok, Gnarlid Colony, Goblin Anarchomancer, Lightning Strike","Rubblebelt Maverick, Thriving Grubs, Reckless Charge, Titan's Grave, Renegade Freighter, Bonder's Ornament, Hissing Iguanar, Shardless Outlander, Guardian Idol, Furnace Strider, Underworld Rage-Hound, Rhox Veteran, Elite Vanguard, Bramble Wurm, Dauntless Unity, Spellbook Seeker, Beetleback Chief, Mayhem Patrol, Fortress Kin-Guard"
"6","6","Black/Red","BR Aristocrats","Creatures","16","7","17","2.26","Escape Tunnel, Retrofitted Transmogrant, Rakdos Carnarium, Raid Bombardment, Dark-Dweller Oracle, Ecstatic Awakener, Mardu Skullhunter, Bone Picker, Cradle of the Accursed, Falkenrath Noble, Clockwork Percussionist, Bogardan Dragonheart, Swamp, Swamp, Swamp, Frenzied Goblin, Wrangle, Boiling Rock Prison, Blood Aspirant, Guildsworn Prowler, Goblin Surprise, Mogg War Marshal, Shock Brigade, Chain Lightning, Loathsome Curator, Mountain, Mountain, Mountain, Mountain, Mountain, Mountain, Mountain, Mountain, Mountain, Mountain, Hordeling Outburst, Blightning, Searing Spear, Carrier Thrall, Snarling Gorehound","Deceptive Landscape, Kingpin's Pet, Rimrock Knight, Tenth District Legionnaire, Dread Return, Gray Merchant of Asphodel, Faceless Butcher, Witherbloom Campus, Jackal Pup, Carnophage, Fields of Strife, Phantom Nomad, Dauthi Slayer, Alabaster Host Intercessor, Diregraf Horde, Twisted Landscape, Ardenvale Tactician, Okiba-Gang Shinobi"
"6","7","Red/Blue","RU Spellslinger","Spells, Wizards","12","11","17","2.26","Ponder, Zephyr Winder, Quandrix Campus, Mystic Sanctuary, Lose Focus, Gitaxian Probe, Firebrand Archer, Spectacle Summit, Brainstorm, Consider, Serum Visions, Tempest Angler, Man-o'-War, Quandrix Pledgemage, Miscalculation, Witness Protection, Archaeomancer, Island, Island, Island, Island, Island, Island, Island, Island, Island, Island, Island, Island, Island, Island, Faerie Seer, Jhessian Thief, Cruel Witness, Into the Roil, Looter il-Kor, Counterspell, Shipwreck Dowser, Scholar of Combustion, Impulse","Lyev Skyknight, Pristine Talisman, Contaminated Landscape, Seething Landscape, Bountiful Landscape, Conduit Pylons, Hidden Grotto, Night Market, Focus Fire, Search Party Captain, Inspiring Paladin, Spelleater Wolverine, Gideon's Lawkeeper, Oblivion Ring, Visionary's Dance, Abraded Bluffs, Perilous Landscape, Dog Umbra, Borrowed Grace"
"6","8","Black","B Midrange","Spells, Zombies","12","11","17","2.30","Evolution Witness, Gravedigger, Golgari Rot Farm, Troll of Khazad-dûm, Gixian Infiltrator, Gurmag Angler, Village Rites, Underworld Charger, Unwilling Ingredient, Unearth, Scurrilous Sentry, Okiba Reckoner Raid, Swamp, Swamp, Swamp, Swamp, Swamp, Swamp, Swamp, Swamp, Swamp, Swamp, Swamp, Swamp, Swamp, Swamp, Witch's Cottage, Resentful Revelation, Disfigure, Vermin Gorger, Night's Whisper, Basilisk Gate, Undying Malice, Carrion Feeder, Raven's Crime, Arms of Hadar, Cast Down, Plagued Rusalka, Accursed Marauder, Tortured Existence","Temperamental Oozewagg, Clawing Torment, Putrid Leech, Deluge Virtuoso, Arbor Elf, Expanding Ooze, Flayer Husk, Llanowar Elves, Suburban Sanctuary, Ainok Bond-Kin, Nest Invader, Lys Alana Informant, Filigree Familiar, Mandibular Kite, Foreboding Landscape, Captured by Lagacs, Gift of Orzhova, Battle Screech, Llanowar Visionary"
"7","1","Black/White","BW Aristocrats","Black/White","15","8","17","3.17","Tithe Drinker, Custodi Squire, Gravedigger, Liliana's Specter, Kingpin's Pet, Guardian of the Guildpact, Ecstatic Awakener, Gurmag Angler, Grim Bauble, Vampire Sovereign, Vendetta, Swamp, Swamp, Swamp, Swamp, Swamp, Swamp, Swamp, Swamp, Swamp, Swamp, Swamp, Swamp, Vermin Gorger, Haunted Fengraf, Tithing Blade, Syndic of Tithes, Stab Wound, Blood Fountain, Chitin Gravestalker, Plains, Plains, Plains, Coalition Honor Guard, Mind Stone, Wither and Bloom, Alabaster Host Intercessor, Scoured Barrens, Inspiring Overseer, Pestilence","Clawing Torment, Deceptive Landscape, Desecrator Hag, Seething Landscape, Dread Return, Night Market, Winding Way, Ulamog's Crusher, Sheltering Landscape, Suburban Sanctuary, Cathar Commando, Cavern Harpy, Guardian Idol, Death Denied, Raven's Crime, Dinrova Horror, Carrier Thrall, Gideon's Lawkeeper, Brimstone Volley, Diregraf Horde"
"7","2","Black","B Midrange","Black","14","9","17","2.09","Crypt Rats, Bone Picker, Go for the Throat, Village Rites, Falkenrath Noble, Unwilling Ingredient, Unearth, Okiba Reckoner Raid, Swamp, Swamp, Swamp, Swamp, Swamp, Swamp, Swamp, Swamp, Swamp, Swamp, Swamp, Swamp, Swamp, Swamp, Swamp, Doom Blade, Witch's Cottage, Guildsworn Prowler, Loathsome Curator, Voracious Vermin, Ashes to Ashes, Carnophage, Thorn of the Black Rose, Nested Shambler, Dauthi Slayer, Snarling Gorehound, Plagued Rusalka, Vampire Lacerator, Gift of Orzhova, Quicksand, Tragic Slip, Tortured Existence","Escape Tunnel, Contaminated Landscape, Conduit Pylons, Wolf Cove Villager, Bonder's Ornament, Ominous Asylum, Dreg Mangler, Pillory of the Sleepless, Search Party Captain, Ainok Bond-Kin, Deftblade Elite, Lys Alana Informant, Suture Priest, Thraben Inspector, Urban Daggertooth, Leonin Bola, Twisted Landscape, Borrowed Grace, Serpent's Pass, Abrade"
"7","3","Green/Blue","GU Ramp","Spells","10","13","17","3.48","Simic Growth Chamber, Hard Evidence, Cloudkin Seer, Peregrine Drake, Phantom Interference, Desert, Hickory Woodlot, Growth Spiral, Brainstorm, Meeting of Minds, Weakstone's Subjugation, Treasure Cruise, Paradox Gardens, Lórien Revealed, Man-o'-War, Repulse, Striped Riverwinder, Capsize, Sagu Wildling, Quandrix Pledgemage, Sprout Swarm, Exclude, Tocasia's Dig Site, Remove Soul, Island, Island, Island, Island, Island, Island, Island, Island, Island, Island, Island, Island, Mirrorshell Crab, Preening Champion, Snapping Voidcraw, Young Blue Dragon","Faithful Watchdog, Zephyr Winder, Branching Bolt, Dimir Aqueduct, Soul Manipulation, Bonesplitter, Giant Growth, Tranquil Cove, Coiling Oracle, Experiment One, River Boa, Nest Invader, Pinnacle Kill-Ship, Greater Tanuki, Tamiyo's Safekeeping, Foreboding Landscape, Fertile Ground"
"7","4","White","W Weenie","Soldiers","13","10","17","2.39","Faerie Guidemother, Aerie Auxiliary, Trapped in the Screen, Journey to Nowhere, Triplicate Spirits, Soltari Trooper, Savannah Lions, Planar Disruption, Porcelain Legionnaire, Thraben Charm, Greatsword of Tyr, Basilisk Gate, Mana Tithe, Rhox Veteran, Ancestral Blade, Stormfront Pegasus, Elite Vanguard, Plains, Plains, Plains, Plains, Plains, Plains, Plains, Plains, Plains, Plains, Plains, Plains, Plains, Plains, Plains, Plains, Phantom Nomad, Novice Inspector, Dog Umbra, Battle Screech, Ardenvale Tactician, Militia Bugler, Fortress Kin-Guard","Flesh Burrower, Dauthi Horror, Fireslinger, Dog Walker, Vulshok Morningstar, Phantom Tiger, Faith's Fetters, Settle Beyond Reality, Hidden Grotto, Raise the Alarm, Furnace Strider, Prismatic Strands, Boros Garrison, Doomed Traveler, Territorial Hammerskull, Tranquil Landscape, Captured by Lagacs, Dauntless Unity, Spellbook Seeker, Seeker of the Way, Okiba-Gang Shinobi"
"7","5","Blue/White","UW Control","Spells","5","18","17","1.87","Mocking Sprite, Ephemerate, Cryogen Relic, Mystic Sanctuary, Azorius Chancery, Lose Focus, Gitaxian Probe, Judge's Familiar, Displace, Unable to Scream, Consider, Serum Visions, Vizier of Tumbling Sands, Opt, Pestermite, Cryoshatter, Miscalculation, Condescend, University Campus, Momentary Blink, Witness Protection, Archaeomancer, Preordain, Ghostly Flicker, Island, Island, Island, Island, Island, Island, Island, Island, Island, Island, Island, Island, Island, Island, Oblivion Ring, Impulse","Savage Mansion, Riling Dawnbreaker, Homestead Courage, Tenth District Legionnaire, Sunlance, Rally the Peasants, Deluge Virtuoso, You Hear Something on Watch, Gruul Turf, Ainok Wayfarer, Shardless Outlander, Glimmerlight, Mandibular Kite, Abraded Bluffs, Elite Interceptor, Perilous Landscape, Miner's Guidewing, Petrify, Galvanic Discharge"
"7","6","Red/Blue","RU Spellslinger","Spells, Wizards","13","10","17","3.00","Frost Trickster, Ardent Elementalist, Firebrand Archer, Lightning Bolt, Teetering Peaks, Deep Analysis, Tempest Angler, Wildfire Elemental, Goblin Surprise, Flame Slash, Bloodwater Entity, Fireblast, Izzet Charm, Spelleater Wolverine, Mountain, Mountain, Mountain, Mountain, Mountain, Mountain, Mountain, Mountain, Mountain, Mountain, Mountain, Island, Island, Island, Island, Island, Faerie Seer, Cruel Witness, Into the Roil, Skewer the Critics, Incinerate, Monastery Swiftspear, Shipwreck Dowser, Murmuring Mystic, Scholar of Combustion, Sulfurous Blast","Prophetic Prism, Oliphaunt, Mechanozoa, Dimir Guildmage, Bountiful Landscape, Thriving Grubs, Tuskeri Firewalker, Expanding Ooze, Titan's Grave, Merfolk Looter, Focus Fire, Wrangle, Mogg War Marshal, Moon-Circuit Hacker, Krosan Tusker, Barbed Batterfist, Bristling Backwoods, Deranged Assistant, Eldrazi Skyspawner, Sylvan Might, Looter il-Kor"
"7","7","Red","R Burn","Spells, Goblins","13","10","17","1.87","Gnawing Crescendo, Raid Bombardment, Witty Roastmaster, Bogardan Dragonheart, Fireblade Artist, Frenzied Goblin, Firebolt, Rally at the Hornburg, Shock Brigade, Chain Lightning, Goblin Bushwhacker, Grim Initiate, Jackal Pup, Mountain, Mountain, Mountain, Mountain, Mountain, Mountain, Mountain, Mountain, Mountain, Mountain, Mountain, Mountain, Mountain, Mountain, Mountain, Mountain, Mountain, Hordeling Outburst, Searing Spear, Burst Lightning, Plasma Bolt, Sparksmith, Fanatical Firebrand, Scorched Rusalka, Lightning Strike, Beetleback Chief, Mayhem Patrol","Conduit Goblin, Dark-Dweller Oracle, Lyev Skyknight, Putrid Goblin, Burning-Tree Emissary, Wall of Roots, Reckless Charge, Salt Road Packbeast, Scrapwork Mutt, Witherbloom Campus, Blood Aspirant, Shattered Landscape, Undying Malice, Ironhoof Boar, Blightning, Body Dropper, Iron Apprentice, Cast Down, Blastoderm, Goblin Motivator, First-Sphere Gargantua, Brambleback Brute"
"7","8","Green","G Stompy","Elves, Creatures","16","7","17","2.65","Utopia Sprawl, Champion of Dusan, Evolution Witness, Owlbear, Contagious Vorrac, Snakeskin Veil, Entourage of Trest, Cradle of the Accursed, Priest of Titania, Elvish Mystic, Ram Through, Horrific Assault, Nyxborn Hydra, Llanowar Elves, Trumpeting Herd, Basking Broodscale, Annoyed Altisaur, Eldrazi Repurposer, Forest, Forest, Forest, Forest, Forest, Forest, Forest, Forest, Forest, Forest, Forest, Forest, Forest, Forest, Forest, Forest, Voracious Varmint, Bushwhack, Malevolent Rumble, Bannerhide Krushok, Sarulf's Packmate, Llanowar Visionary","Temperamental Oozewagg, Heliod's Pilgrim, Putrid Leech, Rubblebelt Maverick, Abundant Harvest, Wary Farmer, Vault Skirge, Hooting Mandrills, Hissing Iguanar, Night's Whisper, Jade Guardian, Orzhov Basilica, Conclave Naturalists, Grapple with the Past, Writhing Chrysalis, Pulse of Murasa, Unbounded Potential, Bramble Wurm, Gnarlid Colony, Warship Scout, Mother Bear"
"8","1","Blue","U Control","Spells, Wizards","11","12","17","2.83","Ponder, Phantom Interference, Cryogen Relic, Mist Raven, Frost Trickster, Mulldrifter, Displace, Weakstone's Subjugation, Merfolk Looter, Man-o'-War, Capsize, Moon-Circuit Hacker, Serum Visionary, Exclude, Archaeomancer, Preordain, Ghostly Flicker, Island, Island, Island, Island, Island, Island, Island, Island, Island, Island, Island, Island, Island, Island, Island, Island, Island, Faerie Seer, Into the Roil, Mana Leak, Mirrorshell Crab, Behold the Multiverse, Young Blue Dragon","Fireslinger, Pristine Talisman, Riling Dawnbreaker, Seething Landscape, Growth Spiral, Wolf Cove Villager, Ulamog's Crusher, Tranquil Cove, Coiling Oracle, Wildfire Elemental, Cathar Commando, Disfigure, Pestermite, Izzet Charm, Blood Fountain, Filigree Familiar, Urban Daggertooth, Iron Apprentice, Alabaster Host Intercessor, Scholar of Combustion, Silver Drake, Perilous Myr"
"8","2","Black/White","BW Aristocrats","Enchantments","11","12","17","2.61","Kor Skyfisher, Tithe Drinker, Ephemerate, Desert, Kingpin's Pet, Journey to Nowhere, Settle Beyond Reality, Snuff Out, Okiba Reckoner Raid, Swamp, Swamp, Swamp, Swamp, Swamp, Swamp, Swamp, Swamp, Doom Blade, Guildsworn Prowler, Pillory of the Sleepless, Raffine's Informant, Tithing Blade, Syndic of Tithes, Ashes to Ashes, Orzhov Basilica, Plains, Plains, Plains, Plains, Plains, Plains, Suture Priest, Scoured Barrens, Inspiring Overseer, Pestilence, Eagles of the North, Miner's Guidewing, Petrify, Okiba-Gang Shinobi, Tragic Slip","Prophetic Prism, Putrid Leech, Judge's Familiar, Contaminated Landscape, Treetop Snarespinner, Unwilling Ingredient, Deluge Virtuoso, Focus Fire, Suburban Sanctuary, Quandrix Pledgemage, Mana Tithe, Ancestral Blade, Dinrova Horror, Tranquil Landscape, Leonin Bola, Kyoshi Village, Gift of Orzhova, Scorched Rusalka, Seeker of the Way"
"8","3","White","W Weenie","Soldiers, Creatures","17","6","17","2.83","Faerie Guidemother, Aerie Auxiliary, Guardian of the Guildpact, Trapped in the Screen, Blessed Hippogriff, Sunlance, Triplicate Spirits, Soltari Trooper, Salt Road Packbeast, Savannah Lions, Planar Disruption, Porcelain Legionnaire, Thraben Charm, Greatsword of Tyr, Search Party Captain, Rhox Veteran, Stormfront Pegasus, Gideon's Lawkeeper, Plains, Plains, Plains, Plains, Plains, Plains, Plains, Plains, Plains, Plains, Plains, Plains, Plains, Plains, Plains, Plains, Plains, Thraben Inspector, Palace Sentinels, Ardenvale Tactician, Militia Bugler, Fortress Kin-Guard","Mocking Sprite, Conduit Goblin, Heliod's Pilgrim, Dog Walker, Homestead Courage, Rimrock Knight, Faith's Fetters, Rally the Peasants, Imperial Oath, Sheltering Landscape, Flayer Husk, Vault Skirge, Boros Garrison, Glimmerlight, Barbed Batterfist, University Campus, Voracious Varmint, Oblivion Ring, Coalition Honor Guard, Abraded Bluffs, Unbounded Potential, Spellbook Seeker"
"8","4","Red/Blue","RU Spellslinger","Spells","9","14","17","3.35","Peregrine Drake, Gitaxian Probe, Ardent Elementalist, Brainstorm, Lightning Bolt, Deep Analysis, Treasure Cruise, Tempest Angler, Lórien Revealed, Haunted Fengraf, Chain Lightning, Flame Slash, Miscalculation, Bloodwater Entity, Condescend, Fireblast, Mountain, Mountain, Mountain, Mountain, Mountain, Mountain, Mountain, Mountain, Mountain, Mountain, Wrenn's Resolve, Fireball, Snap, Island, Island, Island, Island, Island, Island, Tolarian Terror, Cruel Witness, Guttersnipe, Sword Coast Serpent, Shipwreck Dowser","Custodi Squire, Cloudkin Seer, Zephyr Winder, Raid Bombardment, Azorius Chancery, Lyev Skyknight, Hickory Woodlot, Bountiful Landscape, Burning-Tree Emissary, Conduit Pylons, Cindering Cutthroat, You Hear Something on Watch, Paradox Gardens, Cryoshatter, Vines of Vastwood, Aether Chaser, Rolling Thunder, Looter il-Kor, Dauntless Unity, Perilous Landscape, Borrowed Grace"
"8","5","Green/Red","GR Stompy","Green/Red","13","10","17","2.83","Flesh Burrower, Evolution Witness, Owlbear, Branching Bolt, Oliphaunt, Contagious Vorrac, Cradle of the Accursed, Reckless Charge, Jewel Thief, Gruul Turf, Trumpeting Herd, Wild Growth, Firebolt, Sagu Wildling, Bristling Backwoods, Rancor, Mountain, Mountain, Mountain, Nest Invader, Burst Lightning, Eldrazi Repurposer, Greater Tanuki, Forest, Forest, Forest, Forest, Forest, Forest, Forest, Forest, Forest, Forest, Forest, Conclave Naturalists, Fertile Ground, Goblin Anarchomancer, Galvanic Discharge, Llanowar Visionary, Abrade","Faithful Watchdog, Lose Focus, Spectacle Summit, Tuskeri Firewalker, Underworld Charger, Expanding Ooze, Wrangle, Hissing Iguanar, Rally at the Hornburg, Goblin Bushwhacker, Ironhoof Boar, Jade Guardian, Underworld Rage-Hound, Lys Alana Informant, Eldrazi Skyspawner, Phantom Nomad, Counterspell, Monastery Swiftspear, Goblin Motivator"
"8","6","Black/Red","BR Aristocrats","Spells, Warriors","15","8","17","2.04","Retrofitted Transmogrant, Improvised Club, Ecstatic Awakener, Go for the Throat, Clockwork Percussionist, Fireblade Artist, Swamp, Swamp, Swamp, Swamp, Swamp, Swamp, Blood Aspirant, Mogg War Marshal, Shock Brigade, Voracious Vermin, Molten Gatekeeper, Grim Initiate, Mountain, Mountain, Mountain, Mountain, Mountain, Mountain, Mountain, Mountain, Mountain, Mountain, Mountain, Hordeling Outburst, Blightning, Plasma Bolt, Carrier Thrall, Body Dropper, Brimstone Volley, Fanatical Firebrand, Accursed Marauder, Incinerate, Lightning Strike, Beetleback Chief","Dauthi Horror, Gingerbrute, Armadillo Cloak, Mardu Skullhunter, Abundant Harvest, Gods Willing, Faceless Butcher, Monstrous Emergence, Reckless Impulse, Raise the Alarm, Serrated Arrows, Goblin Surprise, Vermin Gorger, Night's Whisper, Spelleater Wolverine, Momentary Blink, Pinnacle Kill-Ship, Nested Shambler, Dauthi Slayer, Snarling Gorehound, Plagued Rusalka, Mayhem Patrol"
"8","7","Black/Green/Blue","BGU Value","Spells","14","9","17","3.30","Simic Growth Chamber, Crypt Rats, Gravedigger, Golgari Rot Farm, Troll of Khazad-dûm, Dread Return, Dimir Aqueduct, Wall of Roots, Soul Manipulation, Swamp, Swamp, Swamp, Swamp, Swamp, Titan's Grave, Resentful Revelation, Yavimaya Elder, Sinister Hideout, Ainok Wayfarer, Cavern Harpy, Shardless Outlander, Krosan Tusker, Sprout Swarm, Candy Grapple, Deranged Assistant, Raven's Crime, Annoyed Altisaur, Tocasia's Dig Site, Forest, Forest, Forest, Forest, Forest, Foreboding Landscape, Bushwhack, Cast Down, Wither and Bloom, Bramble Wurm, Sakura-Tribe Elder, Snapping Voidcraw","Hard Evidence, Temperamental Oozewagg, Clawing Torment, Phantom Tiger, Mechanozoa, Ninja of the Deep Hours, Tenth District Legionnaire, Gray Merchant of Asphodel, Wary Farmer, Striped Riverwinder, River Boa, Death Denied, Witness Protection, Visionary's Dance, Captured by Lagacs"
"8","8","Black/Green","BG Graveyard","Black/Green","15","8","17","3.17","Champion of Dusan, Liliana's Specter, Bone Picker, Gurmag Angler, Elvish Mystic, Unearth, Winding Way, Vendetta, Swamp, Swamp, Swamp, Swamp, Swamp, Swamp, Giant Growth, Experiment One, Loathsome Curator, Carrion Feeder, Chitin Gravestalker, Forest, Forest, Forest, Forest, Forest, Forest, Forest, Forest, Forest, Forest, Forest, Generous Ent, You Meet in a Tavern, Grapple with the Past, Pulse of Murasa, Blastoderm, Diregraf Horde, First-Sphere Gargantua, Bannerhide Krushok, Tortured Existence, Mother Bear","Selesnya Sanctuary, Gnawing Crescendo, Starbreach Whale, Deceptive Landscape, Forum of Amity, Bonesplitter, Teetering Peaks, Ram Through, Horrific Assault, Night Market, Aether Poisoner, Carnophage, Doomed Traveler, Fields of Strife, Stab Wound, Sparksmith, Sylvan Might, Mind Stone, Gnarlid Colony, Brambleback Brute, Warship Scout, Serpent's Pass"
"9","1","Green/Blue","GU Ramp","Spells","14","9","17","2.87","Simic Growth Chamber, Quandrix Campus, Hickory Woodlot, Entourage of Trest, Treetop Snarespinner, Growth Spiral, Brainstorm, Elvish Mystic, Nyxborn Hydra, Lórien Revealed, Coiling Oracle, Sagu Wildling, Yavimaya Elder, Krosan Tusker, Condescend, Deranged Assistant, Annoyed Altisaur, Repeal, Island, Island, Island, Forest, Forest, Forest, Forest, Forest, Forest, Forest, Forest, Forest, Forest, Forest, Lys Alana Informant, Tamiyo's Safekeeping, Voracious Varmint, Into the Roil, Malevolent Rumble, Pulse of Murasa, Snapping Voidcraw, Sarulf's Packmate","Savage Mansion, Dimir Guildmage, Snakeskin Veil, Conduit Pylons, Soul Manipulation, Ram Through, Expanding Ooze, Ominous Asylum, Witch's Cottage, Shardless Outlander, Vines of Vastwood, Loathsome Curator, Fields of Strife, Pinnacle Kill-Ship, You Meet in a Tavern, Sylvan Might, Grapple with the Past, Gnarlid Colony, Warship Scout"
"9","2","Green/White","GW Counters","Enchantments","13","10","17","2.48","Selesnya Sanctuary, Temperamental Oozewagg, Champion of Dusan, Colossal Dreadmask, Armadillo Cloak, Phantom Tiger, Desert, Contagious Vorrac, Homestead Courage, Trapped in the Screen, Jewel Thief, Wary Farmer, Llanowar Elves, Wild Growth, Greatsword of Tyr, Raffine's Informant, River Boa, Sprout Swarm, Mana Tithe, Inspiring Paladin, Rancor, Nest Invader, Basking Broodscale, Eldrazi Repurposer, Forest, Forest, Forest, Forest, Forest, Forest, Forest, Forest, Forest, Forest, Forest, Plains, Plains, Plains, Plains, Captured by Lagacs","Flesh Burrower, Conduit Goblin, Gingerbrute, Dog Walker, Vulshok Morningstar, Dark-Dweller Oracle, Gixian Infiltrator, Spectacle Summit, Winding Way, Soltari Trooper, Scrapwork Mutt, Sheltering Landscape, Blood Aspirant, Rally at the Hornburg, Search Party Captain, Syndic of Tithes, Wrenn's Resolve, Sparksmith, Filigree Familiar, Twisted Landscape"
"9","3","Black","B Midrange","Zombies","13","10","17","3.09","Retrofitted Transmogrant, Crypt Rats, Gravedigger, Liliana's Specter, Troll of Khazad-dûm, Bone Picker, Snuff Out, Gray Merchant of Asphodel, Grim Bauble, Vampire Sovereign, Mire Triton, Faceless Butcher, Swamp, Swamp, Swamp, Swamp, Swamp, Swamp, Swamp, Swamp, Swamp, Swamp, Swamp, Swamp, Swamp, Swamp, Swamp, Swamp, Swamp, Night's Whisper, Tithing Blade, Ashes to Ashes, Candy Grapple, Thorn of the Black Rose, Blood Fountain, Wither and Bloom, Accursed Marauder, Pestilence, First-Sphere Gargantua, Tragic Slip","Deceptive Landscape, Gitaxian Probe, Ecstatic Awakener, Mardu Skullhunter, Seething Landscape, Dimir Aqueduct, Rally the Peasants, Bogardan Dragonheart, Cindering Cutthroat, Hissing Iguanar, Candy Trail, Undying Malice, Death Denied, Carnophage, Underworld Rage-Hound, Raven's Crime, Carrier Thrall, Foreboding Landscape, Nested Shambler, Snarling Gorehound, Fanatical Firebrand, Brambleback Brute"
"9","4","Green/Red","GR Stompy","Spells","13","10","17","2.61","Escape Tunnel, Rimrock Knight, Burning-Tree Emissary, Priest of Titania, Teetering Peaks, Horrific Assault, Monstrous Emergence, Giant Growth, Gruul Turf, Hooting Mandrills, Haunted Fengraf, Experiment One, Ironhoof Boar, Werebear, Bristling Backwoods, Mountain, Mountain, Mountain, Fireball, Burst Lightning, Plasma Bolt, Forest, Forest, Forest, Forest, Forest, Forest, Forest, Forest, Forest, Generous Ent, Skewer the Critics, Bushwhack, Conclave Naturalists, Fertile Ground, Writhing Chrysalis, Blastoderm, Goblin Anarchomancer, Llanowar Visionary, Abrade","Gnawing Crescendo, Dauthi Horror, Putrid Leech, Rubblebelt Maverick, Ardent Elementalist, Witty Roastmaster, Tuskeri Firewalker, Clockwork Percussionist, Reckless Impulse, Ulamog's Crusher, Flayer Husk, Suburban Sanctuary, Goblin Surprise, Mogg War Marshal, Goblin Bushwhacker, Rhox Veteran, Mayhem Patrol"
"9","5","Blue","U Tempo","Spells","12","11","17","3.04","Mocking Sprite, Hard Evidence, Phantom Interference, Mist Raven, Zephyr Winder, Frost Trickster, Azorius Chancery, Ninja of the Deep Hours, Judge's Familiar, Mulldrifter, Meeting of Minds, Unable to Scream, Unearth, Treasure Cruise, Capsize, Moon-Circuit Hacker, Basilisk Gate, Miscalculation, Preordain, Remove Soul, Island, Island, Island, Island, Island, Island, Island, Island, Island, Island, Island, Island, Island, Island, Mana Leak, Looter il-Kor, Mirrorshell Crab, Sword Coast Serpent, Murmuring Mystic, Serpent's Pass","Go for the Throat, Dread Return, Bonesplitter, Vendetta, Okiba Reckoner Raid, Vault Skirge, Dreg Mangler, Molten Gatekeeper, Stab Wound, Chitin Gravestalker, Dinrova Horror, Eldrazi Skyspawner, Body Dropper, Cast Down, Vampire Lacerator, Seeker of the Way, Borrowed Grace, Silver Drake, Perilous Myr"
"9","6","Blue/White","UW Control","Spells","10","13","17","3.04","Ponder, Custodi Squire, Peregrine Drake, Cryogen Relic, Mystic Sanctuary, Guardian of the Guildpact, Settle Beyond Reality, Displace, Weakstone's Subjugation, Serum Visions, Tranquil Cove, Bonder's Ornament, Repulse, Serum Visionary, University Campus, Witness Protection, Archaeomancer, Ghostly Flicker, Island, Island, Island, Island, Island, Island, Island, Island, Island, Island, Island, Faerie Seer, Plains, Plains, Plains, Oblivion Ring, Alabaster Host Intercessor, Palace Sentinels, Behold the Multiverse, Preening Champion, Militia Bugler, Impulse","Thriving Grubs, Hidden Grotto, Triplicate Spirits, Boiling Rock Prison, Pillory of the Sleepless, Shattered Landscape, Guardian Idol, Ainok Bond-Kin, Glimmerlight, Jade Guardian, Doomed Traveler, Ancestral Blade, Gideon's Lawkeeper, Cruel Witness, Abraded Bluffs, Iron Apprentice, Tranquil Landscape, Gift of Orzhova, Perilous Landscape"
"9","7","Red","R Burn","Spells, Humans","9","14","17","2.26","Fireslinger, Raid Bombardment, Improvised Club, Firebrand Archer, Wildfire Elemental, Firebolt, Chain Lightning, Aether Chaser, Flame Slash, Barbed Batterfist, Grim Initiate, Jackal Pup, Fireblast, Mountain, Mountain, Mountain, Mountain, Mountain, Mountain, Mountain, Mountain, Mountain, Mountain, Mountain, Mountain, Mountain, Mountain, Mountain, Mountain, Mountain, Hordeling Outburst, Searing Spear, Guttersnipe, Seize Opportunity, Brimstone Volley, Incinerate, Monastery Swiftspear, Galvanic Discharge, Lightning Strike, Beetleback Chief","Starbreach Whale, Oliphaunt, Pristine Talisman, Izzet Boilerworks, Fireblade Artist, Titan's Grave, Renegade Freighter, Serrated Arrows, Tempest Angler, Man-o'-War, Opt, Aether Poisoner, Pestermite, Eroded Canyon, Bloodwater Entity, Rolling Thunder, Izzet Charm, Exclude, Snap, Visionary's Dance, Plagued Rusalka, Sulfurous Blast"
"9","8","White","W Weenie","Soldiers","14","9","17","2.30","Faerie Guidemother, Kor Skyfisher, Aerie Auxiliary, Ephemerate, Journey to Nowhere, Blessed Hippogriff, Cradle of the Accursed, Sunlance, Salt Road Packbeast, Raise the Alarm, Savannah Lions, Porcelain Legionnaire, Cathar Commando, Thraben Charm, Prismatic Strands, Tocasia's Dig Site, Stormfront Pegasus, Elite Vanguard, Plains, Plains, Plains, Plains, Plains, Plains, Plains, Plains, Plains, Plains, Plains, Plains, Plains, Plains, Plains, Novice Inspector, Thraben Inspector, Inspiring Overseer, Dog Umbra, Battle Screech, Ardenvale Tactician, Petrify","Tithe Drinker, Cloudkin Seer, Lyev Skyknight, Golgari Rot Farm, Contaminated Landscape, Faith's Fetters, Underworld Charger, Gods Willing, Imperial Oath, Night Market, Paradox Gardens, Merfolk Looter, Focus Fire, Furnace Strider, Carrion Feeder, Orzhov Basilica, Arms of Hadar, Dauthi Slayer, Coalition Honor Guard, Dauntless Unity"
"10","1","White","W Weenie","Soldiers, Creatures","16","7","17","2.48","Faerie Guidemother, Kor Skyfisher, Aerie Auxiliary, Guardian of the Guildpact, Blessed Hippogriff, Bonesplitter, You Hear Something on Watch, Planar Disruption, Porcelain Legionnaire, Cathar Commando, Thraben Charm, Greatsword of Tyr, Raffine's Informant, Search Party Captain, Stormfront Pegasus, Plains, Plains, Plains, Plains, Plains, Plains, Plains, Plains, Plains, Plains, Plains, Plains, Plains, Plains, Plains, Plains, Plains, Mandibular Kite, Novice Inspector, Palace Sentinels, Inspiring Overseer, Battle Screech, Ardenvale Tactician, Miner's Guidewing, Militia Bugler","Gingerbrute, Dog Walker, Faith's Fetters, Clockwork Percussionist, Triplicate Spirits, Imperial Oath, Soltari Trooper, Flayer Husk, Focus Fire, Shattered Landscape, Mana Tithe, Deftblade Elite, Rhox Veteran, Territorial Hammerskull, Ancestral Blade, Gideon's Lawkeeper, Suture Priest, Abraded Bluffs, Unbounded Potential, Seeker of the Way, Dog Umbra, Fortress Kin-Guard"
"10","2","Green","G Ramp","Creatures","18","5","17","3.04","Temperamental Oozewagg, Colossal Dreadmask, Phantom Tiger, Contagious Vorrac, Hickory Woodlot, Entourage of Trest, Elvish Mystic, Monstrous Emergence, Llanowar Elves, Ainok Wayfarer, Experiment One, Sprout Swarm, Jade Guardian, Basking Broodscale, Eldrazi Repurposer, Greater Tanuki, Forest, Forest, Forest, Forest, Forest, Forest, Forest, Forest, Forest, Forest, Forest, Forest, Forest, Forest, Forest, Forest, Generous Ent, Bushwhack, Urban Daggertooth, Malevolent Rumble, Blastoderm, Bannerhide Krushok, Sakura-Tribe Elder, Mother Bear","Escape Tunnel, Selesnya Sanctuary, Custodi Squire, Armadillo Cloak, Savage Mansion, Homestead Courage, Rally the Peasants, Winding Way, Giant Growth, Serrated Arrows, Prismatic Strands, Inspiring Paladin, Fields of Strife, Elite Vanguard, Sylvan Might, Mind Stone, Conclave Naturalists, Iron Apprentice, Plagued Rusalka, Twisted Landscape, Sulfurous Blast"
"10","3","Black/Blue","BU Tempo","Spells, Wizards","10","13","17","2.78","Cloudkin Seer, Crypt Rats, Lose Focus, Gurmag Angler, Soul Manipulation, Grim Bauble, Unearth, Swamp, Swamp, Swamp, Swamp, Swamp, Swamp, Swamp, Swamp, Swamp, Resentful Revelation, Sinister Hideout, Cavern Harpy, Cryoshatter, Serum Visionary, Stab Wound, Preordain, Snap, Chitin Gravestalker, Dinrova Horror, Island, Island, Island, Island, Island, Island, Faerie Seer, Arms of Hadar, Into the Roil, Counterspell, Cast Down, Accursed Marauder, Shipwreck Dowser, Quicksand","Heliod's Pilgrim, Prophetic Prism, Putrid Goblin, Contaminated Landscape, Seething Landscape, Forum of Amity, Deluge Virtuoso, Reckless Charge, Gods Willing, Fireblade Artist, Bonder's Ornament, Ominous Asylum, Guildsworn Prowler, Pillory of the Sleepless, Syndic of Tithes, Wrenn's Resolve, Body Dropper, Dauthi Slayer, Snarling Gorehound, Vampire Lacerator"
"10","4","Red","R Burn","Spells, Goblins","10","13","17","2.13","Raid Bombardment, Rimrock Knight, Burning-Tree Emissary, Teetering Peaks, Frenzied Goblin, Goblin Surprise, Firebolt, Mogg War Marshal, Rally at the Hornburg, Shock Brigade, Chain Lightning, Goblin Bushwhacker, Aether Chaser, Fireblast, Mountain, Mountain, Mountain, Mountain, Mountain, Mountain, Mountain, Mountain, Mountain, Mountain, Mountain, Mountain, Mountain, Mountain, Mountain, Mountain, Hordeling Outburst, Searing Spear, Burst Lightning, Sparksmith, Skewer the Critics, Fanatical Firebrand, Incinerate, Galvanic Discharge, Lightning Strike, Beetleback Chief","Rakdos Carnarium, Dark-Dweller Oracle, Kingpin's Pet, Improvised Club, Tenth District Legionnaire, Cindering Cutthroat, Okiba Reckoner Raid, Raise the Alarm, Wrangle, Hissing Iguanar, Ainok Bond-Kin, Glimmerlight, Ironhoof Boar, Underworld Rage-Hound, Blightning, Jhessian Thief, Grapple with the Past, Scorched Rusalka, Goblin Motivator, Brambleback Brute, Warship Scout"
"10","5","Blue","U Spellslinger","Spells","14","9","17","3.22","Mocking Sprite, Mist Raven, Zephyr Winder, Mystic Sanctuary, Mechanozoa, Judge's Familiar, Mulldrifter, Brainstorm, Meeting of Minds, Weakstone's Subjugation, Consider, Treasure Cruise, Merfolk Looter, Man-o'-War, Repulse, Moon-Circuit Hacker, Miscalculation, Condescend, Archaeomancer, Island, Island, Island, Island, Island, Island, Island, Island, Island, Island, Island, Island, Island, Island, Island, Island, Tolarian Terror, Looter il-Kor, Sword Coast Serpent, Preening Champion, Impulse","Conduit Goblin, Fireslinger, Ephemerate, Lyev Skyknight, Pristine Talisman, Dimir Guildmage, Settle Beyond Reality, Village Rites, Vendetta, Paradox Gardens, Wary Farmer, Vault Skirge, Striped Riverwinder, Tithing Blade, Momentary Blink, Foreboding Landscape, Alabaster Host Intercessor, Scoured Barrens, Dauntless Unity, Gift of Orzhova, Silver Drake"
"10","6","Red/Blue","RU Spellslinger","Spells","8","15","17","2.43","Ponder, Simic Growth Chamber, Hard Evidence, Peregrine Drake, Izzet Boilerworks, Gitaxian Probe, Ardent Elementalist, Firebrand Archer, Reckless Impulse, Lórien Revealed, Opt, Capsize, Quandrix Pledgemage, Flame Slash, Bloodwater Entity, Mountain, Mountain, Mountain, Mountain, Mountain, Mountain, Mountain, Witness Protection, Plasma Bolt, Ghostly Flicker, Remove Soul, Repeal, Island, Island, Island, Island, Island, Island, Island, Island, Cruel Witness, Mana Leak, Guttersnipe, Abrade, Young Blue Dragon","Starbreach Whale, Oliphaunt, Displace, Witty Roastmaster, Conduit Pylons, Wolf Cove Villager, Scrapwork Mutt, Witherbloom Campus, Pestermite, Boros Garrison, Molten Gatekeeper, Barbed Batterfist, Deranged Assistant, Lys Alana Informant, Mirrorshell Crab, Seize Opportunity, Elite Interceptor, Borrowed Grace, Goblin Anarchomancer, Okiba-Gang Shinobi"
"10","7","Green","G Stompy","Creatures","16","7","17","3.22","Utopia Sprawl, Champion of Dusan, Evolution Witness, Owlbear, Treetop Snarespinner, Abundant Harvest, Priest of Titania, Arbor Elf, Jewel Thief, Ulamog's Crusher, Gruul Turf, Wild Growth, Haunted Fengraf, Yavimaya Elder, Rancor, Nest Invader, Annoyed Altisaur, Forest, Forest, Forest, Forest, Forest, Forest, Forest, Forest, Forest, Forest, Forest, Forest, Forest, Forest, Forest, Voracious Varmint, You Meet in a Tavern, Fertile Ground, Writhing Chrysalis, Pulse of Murasa, Bramble Wurm, Snapping Voidcraw, Sarulf's Packmate","Flesh Burrower, Faithful Watchdog, Azorius Chancery, Golgari Rot Farm, Rubblebelt Maverick, Journey to Nowhere, Bountiful Landscape, Sheltering Landscape, Renegade Freighter, Coiling Oracle, Hooting Mandrills, River Boa, Voracious Vermin, Pinnacle Kill-Ship, Tranquil Landscape, Kyoshi Village, Captured by Lagacs, Spellbook Seeker, Gnarlid Colony, Mayhem Patrol"
"10","8","Black","B Midrange","Spells, Zombies","12","11","17","2.52","Gravedigger, Liliana's Specter, Troll of Khazad-dûm, Ecstatic Awakener, Go for the Throat, Dread Return, Cradle of the Accursed, Gray Merchant of Asphodel, Unwilling Ingredient, Mire Triton, Scurrilous Sentry, Swamp, Swamp, Swamp, Swamp, Swamp, Swamp, Swamp, Swamp, Swamp, Swamp, Swamp, Swamp, Swamp, Swamp, Doom Blade, Witch's Cottage, Disfigure, Basilisk Gate, Candy Grapple, Carrion Feeder, Raven's Crime, Thorn of the Black Rose, Blood Fountain, Nested Shambler, Wither and Bloom, Diregraf Horde, Pestilence, Tragic Slip, Tortured Existence","Dauthi Horror, Branching Bolt, Quandrix Campus, Riling Dawnbreaker, Trapped in the Screen, Gixian Infiltrator, Underworld Charger, Boiling Rock Prison, Aether Poisoner, Vermin Gorger, Shardless Outlander, Undying Malice, Death Denied, University Campus, Doomed Traveler, Orzhov Basilica, Filigree Familiar, Scholar of Combustion, Petrify"
"11","1","Red","R Burn","Spells, Goblins","11","12","17","1.96","Raid Bombardment, Improvised Club, Rimrock Knight, Witty Roastmaster, Bonesplitter, Reckless Impulse, Porcelain Legionnaire, Frenzied Goblin, Wildfire Elemental, Goblin Surprise, Rally at the Hornburg, Goblin Bushwhacker, Barbed Batterfist, Jackal Pup, Bristling Backwoods, Rancor, Underworld Rage-Hound, Mountain, Mountain, Mountain, Mountain, Mountain, Mountain, Mountain, Mountain, Mountain, Mountain, Mountain, Mountain, Mountain, Mountain, Mountain, Mountain, Wrenn's Resolve, Fireball, Brimstone Volley, Monastery Swiftspear, Goblin Motivator, Goblin Anarchomancer, Lightning Strike","Flesh Burrower, Owlbear, Oliphaunt, Riling Dawnbreaker, Wall of Roots, Titan's Grave, Renegade Freighter, Boiling Rock Prison, Witherbloom Campus, Krosan Tusker, Experiment One, River Boa, Ironhoof Boar, Rolling Thunder, Annoyed Altisaur, Ancestral Blade, Tamiyo's Safekeeping, Mutagenic Growth, Blastoderm, Perilous Myr, Llanowar Visionary"
"11","2","Black/Blue","BU Tempo","Spells","10","13","17","2.70","Cryogen Relic, Mystic Sanctuary, Gitaxian Probe, Judge's Familiar, Go for the Throat, Snuff Out, Displace, Dimir Aqueduct, Okiba Reckoner Raid, Swamp, Swamp, Swamp, Deep Analysis, Doom Blade, Vault Skirge, Witch's Cottage, Moon-Circuit Hacker, Sinister Hideout, Cryoshatter, Exclude, Preordain, Dinrova Horror, Island, Island, Island, Island, Island, Island, Island, Island, Island, Faerie Seer, Into the Roil, Looter il-Kor, Diregraf Horde, Shipwreck Dowser, Okiba-Gang Shinobi, Impulse, Serpent's Pass, Young Blue Dragon","Kor Skyfisher, Tithe Drinker, Mardu Skullhunter, Growth Spiral, Village Rites, Night Market, Scrapwork Mutt, Wary Farmer, Loathsome Curator, Raven's Crime, Fields of Strife, Stormfront Pegasus, Coalition Honor Guard, Spellbook Seeker, Dog Umbra, Eagles of the North, Miner's Guidewing"
"11","3","Black/White","BW Aristocrats","Enchantments","11","12","17","3.04","Gravedigger, Liliana's Specter, Guardian of the Guildpact, Troll of Khazad-dûm, Journey to Nowhere, Gurmag Angler, Grim Bauble, Vampire Sovereign, Unearth, Vendetta, Faceless Butcher, Scurrilous Sentry, Swamp, Swamp, Swamp, Swamp, Swamp, Swamp, Swamp, Swamp, Swamp, Swamp, Swamp, Swamp, Swamp, Pillory of the Sleepless, Thraben Charm, Candy Grapple, Carrion Feeder, Orzhov Basilica, Stab Wound, Plains, Plains, Plains, Wither and Bloom, Inspiring Overseer, Pestilence, First-Sphere Gargantua, Tragic Slip, Tortured Existence","Heliod's Pilgrim, Deceptive Landscape, Kingpin's Pet, Homestead Courage, Putrid Goblin, Dread Return, Mire Triton, Expanding Ooze, Dreg Mangler, Resentful Revelation, Candy Trail, Inspiring Paladin, Doomed Traveler, Rhox Veteran, Carrier Thrall, Oblivion Ring, Suture Priest, Plagued Rusalka, Unbounded Potential, Petrify, Militia Bugler"
"11","4","Black/Red","BR Aristocrats","Spells","15","8","17","1.78","Gnawing Crescendo, Rakdos Carnarium, Dark-Dweller Oracle, Gixian Infiltrator, Ecstatic Awakener, Cradle of the Accursed, Falkenrath Noble, Clockwork Percussionist, Bogardan Dragonheart, Unwilling Ingredient, Fireblade Artist, Swamp, Swamp, Swamp, Swamp, Swamp, Swamp, Swamp, Wrangle, Blood Aspirant, Disfigure, Mogg War Marshal, Shock Brigade, Chain Lightning, Grim Initiate, Mountain, Mountain, Mountain, Mountain, Mountain, Mountain, Mountain, Mountain, Burst Lightning, Plasma Bolt, Body Dropper, Cast Down, Accursed Marauder, Incinerate, Scorched Rusalka","Conduit Goblin, Fireslinger, Desecrator Hag, Spectacle Summit, Hidden Grotto, Gray Merchant of Asphodel, Underworld Charger, Salt Road Packbeast, Shattered Landscape, Night's Whisper, Mana Tithe, Carnophage, Thorn of the Black Rose, Arms of Hadar, Dauthi Slayer, Visionary's Dance, Dauntless Unity, Borrowed Grace, Warship Scout, Mayhem Patrol"
"11","5","Green/Blue","GU Ramp","Elves, Creatures","16","7","17","3.04","Utopia Sprawl, Simic Growth Chamber, Temperamental Oozewagg, Evolution Witness, Colossal Dreadmask, Hickory Woodlot, Priest of Titania, Elvish Mystic, Ram Through, Weakstone's Subjugation, Treasure Cruise, Llanowar Elves, Coiling Oracle, Wild Growth, Yavimaya Elder, Werebear, Nest Invader, Tocasia's Dig Site, Snap, Island, Island, Greater Tanuki, Forest, Forest, Forest, Forest, Forest, Forest, Forest, Forest, Forest, Forest, Forest, Forest, Lys Alana Informant, Voracious Varmint, Mirrorshell Crab, Bramble Wurm, Sakura-Tribe Elder, Snapping Voidcraw","Putrid Leech, Lyev Skyknight, Golgari Rot Farm, Pristine Talisman, Rubblebelt Maverick, Tuskeri Firewalker, Deluge Virtuoso, Teetering Peaks, Wolf Cove Villager, Sheltering Landscape, Flayer Husk, Merfolk Looter, Vizier of Tumbling Sands, Suburban Sanctuary, Shardless Outlander, Death Denied, Deftblade Elite, Deranged Assistant, Foreboding Landscape"
"11","6","Blue/White","UW Control","Spells","11","12","17","2.87","Ponder, Custodi Squire, Cloudkin Seer, Peregrine Drake, Ephemerate, Mist Raven, Frost Trickster, Azorius Chancery, Ninja of the Deep Hours, Trapped in the Screen, Faith's Fetters, Serum Visions, Tranquil Cove, Planar Disruption, Lórien Revealed, Man-o'-War, Miscalculation, Serum Visionary, Momentary Blink, Ghostly Flicker, Remove Soul, Island, Island, Island, Island, Island, Island, Island, Island, Island, Island, Plains, Plains, Plains, Plains, Plains, Thraben Inspector, Counterspell, Palace Sentinels, Preening Champion","Starbreach Whale, Aerie Auxiliary, Gingerbrute, Zephyr Winder, Contaminated Landscape, Seething Landscape, Soul Manipulation, Imperial Oath, Opt, Aether Poisoner, Greatsword of Tyr, Pestermite, Search Party Captain, Ainok Bond-Kin, Prismatic Strands, Syndic of Tithes, Glimmerlight, Elite Vanguard, Ardenvale Tactician, Fortress Kin-Guard"
"11","7","Green/White","GW Counters","Green/White","15","8","17","2.78","Selesnya Sanctuary, Champion of Dusan, Faithful Watchdog, Armadillo Cloak, Phantom Tiger, Savage Mansion, Contagious Vorrac, Snakeskin Veil, Entourage of Trest, Treetop Snarespinner, Arbor Elf, Nyxborn Hydra, Monstrous Emergence, Gruul Turf, Ainok Wayfarer, Sprout Swarm, Jade Guardian, Basking Broodscale, Forest, Forest, Forest, Forest, Forest, Forest, Forest, Forest, Forest, Forest, Forest, Forest, Forest, You Meet in a Tavern, Sylvan Might, Conclave Naturalists, Fertile Ground, Writhing Chrysalis, Kyoshi Village, Captured by Lagacs, Gnarlid Colony, Sarulf's Packmate","Dog Walker, Prophetic Prism, Conduit Pylons, Triplicate Spirits, Winding Way, Ulamog's Crusher, Focus Fire, Raffine's Informant, Pinnacle Kill-Ship, Mandibular Kite, Iron Apprentice, Grapple with the Past, Fanatical Firebrand, Tranquil Landscape, Leonin Bola, Twisted Landscape, Vampire Lacerator, Battle Screech"
"11","8","Red/Blue","RU Spellslinger","Spells, Humans","10","13","17","2.74","Mocking Sprite, Hard Evidence, Desert, Izzet Boilerworks, Ardent Elementalist, Firebrand Archer, Brainstorm, Meeting of Minds, Lightning Bolt, Repulse, Haunted Fengraf, Flame Slash, Bloodwater Entity, Condescend, Izzet Charm, Spelleater Wolverine, Mountain, Mountain, Mountain, Mountain, Mountain, Mountain, Mountain, Hordeling Outburst, Archaeomancer, Repeal, Island, Island, Island, Island, Island, Island, Jhessian Thief, Tolarian Terror, Skewer the Critics, Mana Leak, Guttersnipe, Sword Coast Serpent, Galvanic Discharge, Quicksand","Mechanozoa, Cindering Cutthroat, You Hear Something on Watch, Savannah Lions, Striped Riverwinder, Capsize, Hissing Iguanar, Aether Chaser, Molten Gatekeeper, Witness Protection, Sparksmith, Abraded Bluffs, Seize Opportunity, Elite Interceptor, Gift of Orzhova, Perilous Landscape, Sulfurous Blast, Beetleback Chief"
"12","1","Black","B Midrange","Spells, Zombies","13","10","17","2.35","Dauthi Horror, Liliana's Specter, Putrid Goblin, Go for the Throat, Gray Merchant of Asphodel, Okiba Reckoner Raid, Swamp, Swamp, Swamp, Swamp, Swamp, Swamp, Swamp, Swamp, Swamp, Swamp, Swamp, Swamp, Swamp, Swamp, Swamp, Swamp, Doom Blade, Witch's Cottage, Disfigure, Vermin Gorger, Night's Whisper, Voracious Vermin, Ashes to Ashes, Candy Grapple, Carrion Feeder, Thorn of the Black Rose, Dauthi Slayer, Cast Down, Wither and Bloom, Snarling Gorehound, Diregraf Horde, Vampire Lacerator, Okiba-Gang Shinobi, Tragic Slip","Flesh Burrower, Kor Skyfisher, Cloudkin Seer, Clawing Torment, Gixian Infiltrator, Contaminated Landscape, Seething Landscape, Dread Return, Brainstorm, Dimir Aqueduct, Underworld Charger, Soul Manipulation, Moon-Circuit Hacker, Raven's Crime, Dinrova Horror, Carrier Thrall, Oblivion Ring, Looter il-Kor, Plagued Rusalka, Spellbook Seeker, Ardenvale Tactician"
"12","2","Red/Blue","RU Spellslinger","Spells, Humans","14","9","17","2.78","Fireslinger, Izzet Boilerworks, Gitaxian Probe, Ardent Elementalist, Improvised Club, Firebrand Archer, Cindering Cutthroat, Tempest Angler, Merfolk Looter, Man-o'-War, Boiling Rock Prison, Repulse, Haunted Fengraf, Eroded Canyon, Izzet Charm, Spelleater Wolverine, Mountain, Mountain, Mountain, Mountain, Mountain, Mountain, Mountain, Witness Protection, Hordeling Outburst, Exclude, Island, Island, Island, Island, Island, Island, Faerie Seer, Tolarian Terror, Cruel Witness, Skewer the Critics, Monastery Swiftspear, Shipwreck Dowser, Scholar of Combustion, Lightning Strike","Tithe Drinker, Starbreach Whale, Conduit Goblin, Gingerbrute, Dark-Dweller Oracle, Mechanozoa, Dimir Guildmage, Hidden Grotto, Bonesplitter, Soltari Trooper, Tithing Blade, Vines of Vastwood, University Campus, Blightning, Pinnacle Kill-Ship, Alabaster Host Intercessor, Fanatical Firebrand, Fortress Kin-Guard"
"12","3","Red","R Burn","Spells","13","10","17","2.13","Rimrock Knight, Burning-Tree Emissary, Clockwork Percussionist, Bogardan Dragonheart, Reckless Charge, Teetering Peaks, Frenzied Goblin, Wildfire Elemental, Firebolt, Mogg War Marshal, Hissing Iguanar, Flame Slash, Molten Gatekeeper, Barbed Batterfist, Jackal Pup, Fireblast, Underworld Rage-Hound, Mountain, Mountain, Mountain, Mountain, Mountain, Mountain, Mountain, Mountain, Mountain, Mountain, Mountain, Mountain, Mountain, Mountain, Mountain, Mountain, Wrenn's Resolve, Sparksmith, Brimstone Volley, Incinerate, Galvanic Discharge, Mayhem Patrol, Abrade","Gnawing Crescendo, Custodi Squire, Rubblebelt Maverick, Imperial Oath, Scrapwork Mutt, Renegade Freighter, Ominous Asylum, Wrangle, Dreg Mangler, Candy Trail, Shattered Landscape, Greatsword of Tyr, Ironhoof Boar, Fireball, Phantom Nomad, Mutagenic Growth, Guttersnipe, Iron Apprentice, Goblin Anarchomancer, Brambleback Brute, Perilous Myr"
"12","4","Black/Blue","BU Tempo","Spells","9","14","17","3.30","Mocking Sprite, Ponder, Crypt Rats, Cryogen Relic, Troll of Khazad-dûm, Gurmag Angler, Snuff Out, Unable to Scream, Vampire Sovereign, Consider, Unearth, Swamp, Swamp, Swamp, Swamp, Swamp, Swamp, Swamp, Swamp, Swamp, Swamp, Treasure Cruise, Resentful Revelation, Sinister Hideout, Loathsome Curator, Serum Visionary, Condescend, Stab Wound, Remove Soul, Repeal, Island, Island, Island, Island, Island, Island, Arms of Hadar, Mana Leak, First-Sphere Gargantua, Young Blue Dragon","Desecrator Hag, Ecstatic Awakener, Mardu Skullhunter, Faith's Fetters, Bone Picker, Falkenrath Noble, Weakstone's Subjugation, Ulamog's Crusher, Paradox Gardens, Witherbloom Campus, Suburban Sanctuary, Ainok Wayfarer, Pestermite, Undying Malice, Filigree Familiar, Nested Shambler, Visionary's Dance, Tranquil Landscape, Elite Interceptor, Gift of Orzhova, Petrify"
"12","5","Green","G Stompy","Creatures","17","6","17","3.04","Utopia Sprawl, Owlbear, Colossal Dreadmask, Phantom Tiger, Savage Mansion, Treetop Snarespinner, Elvish Mystic, Arbor Elf, Monstrous Emergence, Gruul Turf, Trumpeting Herd, Wild Growth, Sagu Wildling, Krosan Tusker, Experiment One, Jade Guardian, Werebear, Bristling Backwoods, Forest, Forest, Forest, Forest, Forest, Forest, Forest, Forest, Forest, Forest, Forest, Forest, Forest, Forest, Lys Alana Informant, Voracious Varmint, Bushwhack, Conclave Naturalists, Writhing Chrysalis, Blastoderm, Gnarlid Colony, Llanowar Visionary","Selesnya Sanctuary, Zephyr Winder, Branching Bolt, Oliphaunt, Golgari Rot Farm, Riling Dawnbreaker, Deluge Virtuoso, Lightning Bolt, Giant Growth, Titan's Grave, Sheltering Landscape, Flayer Husk, Lórien Revealed, Stormfront Pegasus, Foreboding Landscape, Seize Opportunity, Captured by Lagacs, Twisted Landscape, Silver Drake"
"12","6","Green/Blue","GU Ramp","Creatures","18","5","17","3.09","Peregrine Drake, Evolution Witness, Quandrix Campus, Contagious Vorrac, Entourage of Trest, Growth Spiral, Priest of Titania, Horrific Assault, Nyxborn Hydra, Bonder's Ornament, Llanowar Elves, Coiling Oracle, Yavimaya Elder, Nest Invader, Tocasia's Dig Site, Eldrazi Repurposer, Island, Greater Tanuki, Forest, Forest, Forest, Forest, Forest, Forest, Forest, Forest, Forest, Forest, Forest, Forest, Forest, Forest, Generous Ent, Malevolent Rumble, Pulse of Murasa, Bramble Wurm, Sakura-Tribe Elder, Snapping Voidcraw, Sarulf's Packmate, Mother Bear","Faithful Watchdog, Armadillo Cloak, Putrid Leech, Snakeskin Veil, Spectacle Summit, Forum of Amity, Ram Through, Mire Triton, Expanding Ooze, Wary Farmer, Hooting Mandrills, Opt, Shardless Outlander, Cryoshatter, Search Party Captain, Prismatic Strands, Glimmerlight, Orzhov Basilica, Tamiyo's Safekeeping, Sulfurous Blast"
"12","7","White","W Weenie","Soldiers","14","9","17","2.26","Faerie Guidemother, Aerie Auxiliary, Journey to Nowhere, Blessed Hippogriff, Rally the Peasants, Triplicate Spirits, Gods Willing, Salt Road Packbeast, You Hear Something on Watch, Savannah Lions, Planar Disruption, Porcelain Legionnaire, Cathar Commando, Thraben Charm, Mana Tithe, Elite Vanguard, Gideon's Lawkeeper, Plains, Plains, Plains, Plains, Plains, Plains, Plains, Plains, Plains, Plains, Plains, Plains, Plains, Plains, Plains, Plains, Mandibular Kite, Novice Inspector, Abraded Bluffs, Thraben Inspector, Inspiring Overseer, Miner's Guidewing, Militia Bugler","Dog Walker, Vulshok Morningstar, Kingpin's Pet, Homestead Courage, Tenth District Legionnaire, Raise the Alarm, Focus Fire, Goblin Surprise, Rally at the Hornburg, Shock Brigade, Chain Lightning, Goblin Bushwhacker, Grim Initiate, Deftblade Elite, Carnophage, Leonin Bola, Unbounded Potential, Dauntless Unity, Goblin Motivator, Borrowed Grace, Beetleback Chief"
"12","8","Blue/White","UW Control","Spells, Humans","9","14","17","2.78","Escape Tunnel, Phantom Interference, Ephemerate, Heliod's Pilgrim, Mist Raven, Mystic Sanctuary, Desert, Lose Focus, Mulldrifter, Settle Beyond Reality, Displace, Meeting of Minds, Sunlance, Serum Visions, Tranquil Cove, Vizier of Tumbling Sands, Basilisk Gate, Miscalculation, Momentary Blink, Preordain, Snap, Island, Island, Island, Island, Island, Island, Island, Island, Island, Island, Eldrazi Skyspawner, Jhessian Thief, Plains, Plains, Mind Stone, Counterspell, Mirrorshell Crab, Murmuring Mystic, Preening Champion","Prophetic Prism, Gravedigger, Pristine Talisman, Tuskeri Firewalker, Unwilling Ingredient, Vendetta, Wolf Cove Villager, Serrated Arrows, Vault Skirge, Cavern Harpy, Ainok Bond-Kin, Syndic of Tithes, Fields of Strife, Ancestral Blade, Blood Fountain, Suture Priest, Serpent's Pass"
"13","1","Red/Blue","RU Spellslinger","Artifacts, Spells","10","13","17","3.17","Peregrine Drake, Cryogen Relic, Prophetic Prism, Mystic Sanctuary, Mechanozoa, Pristine Talisman, Izzet Boilerworks, Displace, Cradle of the Accursed, Lightning Bolt, Teetering Peaks, Striped Riverwinder, Haunted Fengraf, Pestermite, Basilisk Gate, Rolling Thunder, Izzet Charm, Mountain, Exclude, Preordain, Island, Island, Island, Island, Island, Island, Island, Island, Island, Island, Eldrazi Skyspawner, Jhessian Thief, Into the Roil, Guttersnipe, Looter il-Kor, Counterspell, Mirrorshell Crab, Brimstone Volley, Murmuring Mystic, Sulfurous Blast","Dimir Guildmage, Growth Spiral, Hidden Grotto, Deluge Virtuoso, Wrangle, Guildsworn Prowler, Wildfire Elemental, Shattered Landscape, Deranged Assistant, Blood Fountain, Sparksmith, Fanatical Firebrand, Plagued Rusalka, Scorched Rusalka, Perilous Landscape, Ardenvale Tactician"
"13","2","Black","B Midrange","Zombies, Creatures","19","4","17","3.13","Retrofitted Transmogrant, Crypt Rats, Gravedigger, Liliana's Specter, Troll of Khazad-dûm, Ecstatic Awakener, Putrid Goblin, Bone Picker, Gurmag Angler, Gray Merchant of Asphodel, Unwilling Ingredient, Vampire Sovereign, Unearth, Mire Triton, Swamp, Swamp, Swamp, Swamp, Swamp, Swamp, Swamp, Swamp, Swamp, Swamp, Swamp, Swamp, Swamp, Swamp, Swamp, Swamp, Witch's Cottage, Loathsome Curator, Voracious Vermin, Thorn of the Black Rose, Arms of Hadar, Dauthi Slayer, Wither and Bloom, Snarling Gorehound, Diregraf Horde, Tragic Slip","Kingpin's Pet, Riling Dawnbreaker, Conduit Pylons, Underworld Charger, Sunlance, Triplicate Spirits, Titan's Grave, Serrated Arrows, Bonder's Ornament, Paradox Gardens, Dreg Mangler, Vermin Gorger, Raffine's Informant, Undying Malice, Syndic of Tithes, Carnophage, Momentary Blink, Stormfront Pegasus, Elite Vanguard, Visionary's Dance, Vampire Lacerator"
"13","3","Red","R Burn","Spells","10","13","17","2.00","Gnawing Crescendo, Fireslinger, Raid Bombardment, Improvised Club, Firebrand Archer, Witty Roastmaster, Clockwork Percussionist, Rally the Peasants, Reckless Charge, Frenzied Goblin, Mogg War Marshal, Rally at the Hornburg, Chain Lightning, Boros Garrison, Jackal Pup, Underworld Rage-Hound, Mountain, Mountain, Mountain, Mountain, Mountain, Mountain, Mountain, Mountain, Mountain, Mountain, Mountain, Mountain, Mountain, Mountain, Mountain, Mountain, Hordeling Outburst, Wrenn's Resolve, Searing Spear, Burst Lightning, Monastery Swiftspear, Lightning Strike, Beetleback Chief, Abrade","Thriving Grubs, Tuskeri Firewalker, Cindering Cutthroat, Imperial Oath, Soltari Trooper, Scrapwork Mutt, Raise the Alarm, Savannah Lions, Vault Skirge, Ominous Asylum, Candy Grapple, Doomed Traveler, Spelleater Wolverine, Blightning, Gideon's Lawkeeper, Mandibular Kite, Phantom Nomad, Mutagenic Growth, Thraben Inspector, Gift of Orzhova, Seeker of the Way"
"13","4","Green","G Ramp","Druids, Creatures","18","5","17","3.17","Simic Growth Chamber, Champion of Dusan, Ephemerate, Quandrix Campus, Abundant Harvest, Priest of Titania, Wall of Roots, Arbor Elf, Llanowar Elves, Trumpeting Herd, Coiling Oracle, Wild Growth, Hooting Mandrills, Sagu Wildling, Yavimaya Elder, River Boa, Sprout Swarm, Annoyed Altisaur, Eldrazi Repurposer, Greater Tanuki, Forest, Forest, Forest, Forest, Forest, Forest, Forest, Forest, Forest, Forest, Forest, Forest, Forest, Forest, Generous Ent, Conclave Naturalists, Blastoderm, Kyoshi Village, Snapping Voidcraw, Llanowar Visionary","Lyev Skyknight, Rubblebelt Maverick, Guardian of the Guildpact, Settle Beyond Reality, Bountiful Landscape, Salt Road Packbeast, You Hear Something on Watch, Witherbloom Campus, Candy Trail, Thraben Charm, Ancestral Blade, Filigree Familiar, Oblivion Ring, Suture Priest, Coalition Honor Guard, Urban Daggertooth, Grapple with the Past, Preening Champion, Tortured Existence"
"13","5","Green/Red","GR Stompy","Spells","11","12","17","2.39","Flesh Burrower, Colossal Dreadmask, Branching Bolt, Savage Mansion, Contagious Vorrac, Rimrock Knight, Horrific Assault, Monstrous Emergence, Giant Growth, Gruul Turf, Firebolt, Ainok Wayfarer, Experiment One, Vines of Vastwood, Ironhoof Boar, Molten Gatekeeper, Rancor, Mountain, Mountain, Mountain, Mountain, Fireball, Plasma Bolt, Forest, Forest, Forest, Forest, Forest, Forest, Forest, Forest, Forest, Forest, Forest, You Meet in a Tavern, Writhing Chrysalis, Incinerate, Bannerhide Krushok, Goblin Anarchomancer, Mother Bear","Dauthi Horror, Conduit Goblin, Dog Walker, Desecrator Hag, Fireblade Artist, Reckless Impulse, Sheltering Landscape, Flayer Husk, Boiling Rock Prison, Aether Poisoner, Goblin Surprise, Goblin Bushwhacker, Aether Chaser, Serum Visionary, Barbed Batterfist, Grim Initiate, Alabaster Host Intercessor, Pulse of Murasa, Twisted Landscape, Brambleback Brute"
"13","6","Blue","U Tempo","Spells, Humans","8","15","17","2.57","Mocking Sprite, Ponder, Hard Evidence, Phantom Interference, Lose Focus, Gitaxian Probe, Ninja of the Deep Hours, Judge's Familiar, Mulldrifter, Go for the Throat, Snuff Out, Dimir Aqueduct, Meeting of Minds, Treasure Cruise, Tranquil Cove, Vizier of Tumbling Sands, Moon-Circuit Hacker, Sinister Hideout, Miscalculation, Condescend, University Campus, Witness Protection, Archaeomancer, Orzhov Basilica, Remove Soul, Island, Island, Island, Island, Island, Island, Island, Island, Island, Island, Island, Faerie Seer, Scoured Barrens, Behold the Multiverse, Impulse","Custodi Squire, Heliod's Pilgrim, Trapped in the Screen, Faith's Fetters, Seething Landscape, Vendetta, Faceless Butcher, Wary Farmer, Eroded Canyon, Chitin Gravestalker, Nested Shambler, Sylvan Might, Palace Sentinels, Leonin Bola, Petrify, Okiba-Gang Shinobi"
"13","7","Black/Blue","BU Tempo","Spells","11","12","17","3.30","Starbreach Whale, Cloudkin Seer, Desert, Soul Manipulation, Consider, Swamp, Swamp, Swamp, Swamp, Swamp, Swamp, Deep Analysis, Doom Blade, Merfolk Looter, Man-o'-War, Repulse, Resentful Revelation, Disfigure, Night's Whisper, Cavern Harpy, Tocasia's Dig Site, Stab Wound, Snap, Dinrova Horror, Island, Island, Island, Island, Island, Island, Island, Tolarian Terror, Mana Leak, Sword Coast Serpent, Accursed Marauder, Pestilence, Shipwreck Dowser, Quicksand, Serpent's Pass, Young Blue Dragon","Tithe Drinker, Clawing Torment, Deceptive Landscape, Mardu Skullhunter, Forum of Amity, Dread Return, Ulamog's Crusher, Focus Fire, Pillory of the Sleepless, Krosan Tusker, Death Denied, Raven's Crime, Ghostly Flicker, Bramble Wurm, Spellbook Seeker, First-Sphere Gargantua, Militia Bugler, Fortress Kin-Guard"
"13","8","Green/White","GW Counters","Creatures","16","7","17","2.52","Escape Tunnel, Temperamental Oozewagg, Aerie Auxiliary, Faithful Watchdog, Armadillo Cloak, Phantom Tiger, Hickory Woodlot, Entourage of Trest, Treetop Snarespinner, Elvish Mystic, Jewel Thief, Nyxborn Hydra, Porcelain Legionnaire, Suburban Sanctuary, Greatsword of Tyr, Jade Guardian, Werebear, Nest Invader, Forest, Forest, Forest, Forest, Forest, Forest, Forest, Forest, Forest, Forest, Tamiyo's Safekeeping, Plains, Plains, Plains, Plains, Bushwhack, Malevolent Rumble, Unbounded Potential, Dog Umbra, Gnarlid Colony, Miner's Guidewing, Sarulf's Packmate","Gingerbrute, Vulshok Morningstar, Homestead Courage, Tenth District Legionnaire, Blessed Hippogriff, Village Rites, Bonesplitter, Gods Willing, Winding Way, Cathar Commando, Territorial Hammerskull, Pinnacle Kill-Ship, Foreboding Landscape, Body Dropper, Tranquil Landscape, Elite Interceptor, Goblin Motivator, Eagles of the North, Borrowed Grace"
"14","1","Green/Blue","GU Ramp","Green/Blue","14","9","17","3.35","Utopia Sprawl, Simic Growth Chamber, Starbreach Whale, Cryogen Relic, Colossal Dreadmask, Quandrix Campus, Mulldrifter, Elvish Mystic, Jewel Thief, Nyxborn Hydra, Deep Analysis, Llanowar Elves, Coiling Oracle, Wild Growth, Opt, Striped Riverwinder, Krosan Tusker, Basilisk Gate, Condescend, Tocasia's Dig Site, Ghostly Flicker, Island, Greater Tanuki, Forest, Forest, Forest, Forest, Forest, Forest, Forest, Forest, Forest, Forest, Forest, Forest, Tamiyo's Safekeeping, Conclave Naturalists, Bramble Wurm, Snapping Voidcraw, Sarulf's Packmate","Selesnya Sanctuary, Deceptive Landscape, Savage Mansion, Seething Landscape, Tenth District Legionnaire, Spectacle Summit, Forum of Amity, Expanding Ooze, Wary Farmer, Vines of Vastwood, Syndic of Tithes, Elite Vanguard, Foreboding Landscape, Visionary's Dance, Grapple with the Past, Tranquil Landscape, Preening Champion, Brambleback Brute"
"14","2","White","W Counters","Enchantments, Soldiers","13","10","17","2.74","Aerie Auxiliary, Faithful Watchdog, Trapped in the Screen, Journey to Nowhere, Blessed Hippogriff, Sunlance, Triplicate Spirits, Salt Road Packbeast, Savannah Lions, Planar Disruption, Porcelain Legionnaire, Greatsword of Tyr, Raffine's Informant, Ainok Bond-Kin, Mana Tithe, Forest, Plains, Plains, Plains, Plains, Plains, Plains, Plains, Plains, Plains, Plains, Plains, Plains, Plains, Plains, Plains, Plains, Palace Sentinels, Inspiring Overseer, Captured by Lagacs, Dog Umbra, Battle Screech, Miner's Guidewing, Militia Bugler, Fortress Kin-Guard","Faerie Guidemother, Evolution Witness, Heliod's Pilgrim, Armadillo Cloak, Homestead Courage, Entourage of Trest, Faith's Fetters, Witty Roastmaster, Imperial Oath, Ominous Asylum, Focus Fire, Experiment One, Inspiring Paladin, Basking Broodscale, Ancestral Blade, Carrier Thrall, Mandibular Kite, Phantom Nomad, Sylvan Might, Snarling Gorehound, Borrowed Grace, Ardenvale Tactician"
"14","3","Red/Blue","RU Spellslinger","Spells","9","14","17","2.22","Mocking Sprite, Hard Evidence, Lose Focus, Gitaxian Probe, Firebrand Archer, Meeting of Minds, Reckless Impulse, Tempest Angler, Lórien Revealed, Bloodwater Entity, Izzet Charm, Spelleater Wolverine, Mountain, Mountain, Mountain, Mountain, Mountain, Mountain, Mountain, Mountain, Mountain, Mountain, Mountain, Witness Protection, Preordain, Island, Island, Island, Island, Island, Island, Faerie Seer, Into the Roil, Guttersnipe, Monastery Swiftspear, Murmuring Mystic, Galvanic Discharge, Lightning Strike, Impulse, Abrade","Cloudkin Seer, Conduit Goblin, Fireslinger, Azorius Chancery, Improvised Club, Village Rites, Cindering Cutthroat, Tranquil Cove, Boiling Rock Prison, Mogg War Marshal, Shattered Landscape, Pestermite, Search Party Captain, Loathsome Curator, Quandrix Pledgemage, Grim Initiate, Fields of Strife, Eldrazi Skyspawner, Mirrorshell Crab, Seize Opportunity, Beetleback Chief, Serpent's Pass"
"14","4","Black","B Midrange","Spells, Zombies","13","10","17","2.65","Retrofitted Transmogrant, Dauthi Horror, Desert, Ecstatic Awakener, Bone Picker, Gurmag Angler, Snuff Out, Dread Return, Unwilling Ingredient, Mire Triton, Scurrilous Sentry, Swamp, Swamp, Swamp, Swamp, Swamp, Swamp, Swamp, Swamp, Swamp, Swamp, Swamp, Swamp, Swamp, Swamp, Swamp, Vermin Gorger, Haunted Fengraf, Night's Whisper, Voracious Vermin, Candy Grapple, Raven's Crime, Arms of Hadar, Dauthi Slayer, Wither and Bloom, Diregraf Horde, Accursed Marauder, Pestilence, Tragic Slip, Tortured Existence","Rakdos Carnarium, Dark-Dweller Oracle, Golgari Rot Farm, Desecrator Hag, Bountiful Landscape, Dimir Aqueduct, Conduit Pylons, Soul Manipulation, Soltari Trooper, Paradox Gardens, Witherbloom Campus, Hooting Mandrills, Dreg Mangler, Aether Poisoner, Cavern Harpy, Dinrova Horror, Body Dropper, Mind Stone, Plagued Rusalka, Silver Drake"
"14","5","Red","R Burn","Spells","13","10","17","2.00","Gnawing Crescendo, Gingerbrute, Rimrock Knight, Burning-Tree Emissary, Bogardan Dragonheart, Lightning Bolt, Reckless Charge, Teetering Peaks, Wrangle, Firebolt, Hissing Iguanar, Rally at the Hornburg, Shock Brigade, Goblin Bushwhacker, Aether Chaser, Ironhoof Boar, Barbed Batterfist, Jackal Pup, Bristling Backwoods, Mountain, Mountain, Mountain, Mountain, Mountain, Mountain, Mountain, Mountain, Mountain, Mountain, Mountain, Mountain, Mountain, Mountain, Mountain, Hordeling Outburst, Burst Lightning, Brimstone Volley, Fanatical Firebrand, Scorched Rusalka, Mayhem Patrol","Dog Walker, Thriving Grubs, Abundant Harvest, Brainstorm, Rally the Peasants, Wolf Cove Villager, You Hear Something on Watch, Sheltering Landscape, Vault Skirge, Witch's Cottage, Blood Aspirant, Deftblade Elite, Rolling Thunder, Gideon's Lawkeeper, Novice Inspector, Coalition Honor Guard, Elite Interceptor, Twisted Landscape, Vampire Lacerator, Eagles of the North"
"14","6","Blue","U Spellslinger","Spells","11","12","17","3.17","Peregrine Drake, Phantom Interference, Mist Raven, Zephyr Winder, Frost Trickster, Mystic Sanctuary, Cradle of the Accursed, Unable to Scream, Weakstone's Subjugation, Consider, Serum Visions, Treasure Cruise, Man-o'-War, Repulse, Moon-Circuit Hacker, Serum Visionary, Snap, Remove Soul, Island, Island, Island, Island, Island, Island, Island, Island, Island, Island, Island, Island, Island, Island, Island, Tolarian Terror, Cruel Witness, Mana Leak, Counterspell, Sword Coast Serpent, Behold the Multiverse, Young Blue Dragon","Prophetic Prism, Branching Bolt, Ardent Elementalist, Displace, Hidden Grotto, Titan's Grave, Flayer Husk, Serrated Arrows, Bonder's Ornament, Vizier of Tumbling Sands, Candy Trail, Shardless Outlander, Eroded Canyon, Undying Malice, Prismatic Strands, Deranged Assistant, Filigree Familiar, Abraded Bluffs, Iron Apprentice, Dauntless Unity"
"14","7","Green/Red","GR Stompy","Green/Red","14","9","17","2.61","Temperamental Oozewagg, Oliphaunt, Contagious Vorrac, Treetop Snarespinner, Priest of Titania, Arbor Elf, Ram Through, Monstrous Emergence, Gruul Turf, Sagu Wildling, River Boa, Chain Lightning, Rancor, Mountain, Mountain, Nest Invader, Fireball, Eldrazi Repurposer, Forest, Forest, Forest, Forest, Forest, Forest, Forest, Forest, Forest, Forest, Forest, Forest, Forest, Forest, Mutagenic Growth, Bushwhack, You Meet in a Tavern, Fertile Ground, Writhing Chrysalis, Bannerhide Krushok, Goblin Anarchomancer, Llanowar Visionary","Flesh Burrower, Phantom Tiger, Rubblebelt Maverick, Izzet Boilerworks, Mardu Skullhunter, Tuskeri Firewalker, Ulamog's Crusher, Renegade Freighter, Boros Garrison, Molten Gatekeeper, Jade Guardian, Carnophage, Doomed Traveler, Blightning, Wrenn's Resolve, Plasma Bolt, Pinnacle Kill-Ship, Urban Daggertooth, Pulse of Murasa, Leonin Bola, Gnarlid Colony"
"14","8","Black/White","BW Aristocrats","Black/White","13","10","17","3.13","Tithe Drinker, Crypt Rats, Gravedigger, Liliana's Specter, Guardian of the Guildpact, Troll of Khazad-dûm, Go for the Throat, Falkenrath Noble, Gray Merchant of Asphodel, Unearth, Vendetta, Faceless Butcher, Swamp, Swamp, Swamp, Swamp, Swamp, Swamp, Swamp, Swamp, Swamp, Swamp, Swamp, Swamp, Swamp, Swamp, Swamp, Doom Blade, Guildsworn Prowler, Pillory of the Sleepless, Disfigure, Tithing Blade, Ashes to Ashes, Thorn of the Black Rose, Orzhov Basilica, Blood Fountain, Chitin Gravestalker, Plains, Oblivion Ring, First-Sphere Gargantua","Kor Skyfisher, Clawing Torment, Ephemerate, Lyev Skyknight, Dimir Guildmage, Gixian Infiltrator, Settle Beyond Reality, Underworld Charger, Gods Willing, Raise the Alarm, Cathar Commando, Thraben Charm, Carrion Feeder, Momentary Blink, Stormfront Pegasus, Alabaster Host Intercessor, Unbounded Potential, Kyoshi Village, Spellbook Seeker, Okiba-Gang Shinobi, Perilous Myr"
"15","1","Black","B Midrange","Zombies","12","11","17","3.13","Crypt Rats, Go for the Throat, Falkenrath Noble, Gray Merchant of Asphodel, Grim Bauble, Vampire Sovereign, Vendetta, Faceless Butcher, Scurrilous Sentry, Swamp, Swamp, Swamp, Swamp, Swamp, Swamp, Swamp, Swamp, Swamp, Swamp, Swamp, Swamp, Swamp, Swamp, Swamp, Swamp, Witch's Cottage, Night's Whisper, Tithing Blade, Loathsome Curator, Ashes to Ashes, Candy Grapple, Carrion Feeder, Stab Wound, Chitin Gravestalker, Arms of Hadar, Wither and Bloom, Diregraf Horde, Accursed Marauder, Okiba-Gang Shinobi, Tortured Existence","Clawing Torment, Pristine Talisman, Desecrator Hag, Village Rites, Underworld Charger, Unwilling Ingredient, Wolf Cove Villager, Ulamog's Crusher, Vermin Gorger, Cavern Harpy, Shock Brigade, Glimmerlight, Death Denied, Filigree Familiar, Nested Shambler, Scoured Barrens, Plagued Rusalka, Dauntless Unity, Ardenvale Tactician, Brambleback Brute, Silver Drake"
"15","2","White","W Weenie","Soldiers","15","8","17","2.35","Faerie Guidemother, Kor Skyfisher, Aerie Auxiliary, Homestead Courage, Guardian of the Guildpact, Judge's Familiar, Journey to Nowhere, Blessed Hippogriff, Sunlance, Rally the Peasants, Salt Road Packbeast, Tranquil Cove, Savannah Lions, Focus Fire, Cathar Commando, Thraben Charm, Raffine's Informant, Boros Garrison, Deftblade Elite, Elite Vanguard, Plains, Plains, Plains, Plains, Plains, Plains, Plains, Plains, Plains, Plains, Plains, Plains, Plains, Plains, Plains, Phantom Nomad, Inspiring Overseer, Dog Umbra, Eagles of the North, Petrify","Conduit Goblin, Heliod's Pilgrim, Dog Walker, Oliphaunt, Gitaxian Probe, Faith's Fetters, Thriving Grubs, Forum of Amity, Clockwork Percussionist, Unearth, Flayer Husk, Wary Farmer, Coiling Oracle, Suburban Sanctuary, Shattered Landscape, Aether Chaser, Coalition Honor Guard, Leonin Bola, Unbounded Potential, Beetleback Chief"
"15","3","White","W Weenie","Artifacts, Soldiers","12","11","17","2.57","Gingerbrute, Vulshok Morningstar, Trapped in the Screen, Triplicate Spirits, Gods Willing, Imperial Oath, Soltari Trooper, Raise the Alarm, Planar Disruption, Porcelain Legionnaire, Greatsword of Tyr, Basilisk Gate, Prismatic Strands, Syndic of Tithes, Doomed Traveler, Rhox Veteran, Territorial Hammerskull, Ancestral Blade, Stormfront Pegasus, Plains, Plains, Plains, Plains, Plains, Plains, Plains, Plains, Plains, Plains, Plains, Plains, Plains, Plains, Plains, Plains, Novice Inspector, Seeker of the Way, Battle Screech, Militia Bugler, Fortress Kin-Guard","Ephemerate, Improvised Club, Settle Beyond Reality, Tenth District Legionnaire, Spectacle Summit, Witty Roastmaster, Teetering Peaks, Night Market, Winding Way, Frenzied Goblin, Candy Trail, Rally at the Hornburg, Guardian Idol, Experiment One, Grim Initiate, Abraded Bluffs, Iron Apprentice, Captured by Lagacs, Vampire Lacerator, Perilous Landscape, Mayhem Patrol"
"15","4","Black/Blue","BU Tempo","Spells","8","15","17","3.35","Cloudkin Seer, Cryogen Relic, Prophetic Prism, Desert, Mechanozoa, Gurmag Angler, Dimir Aqueduct, Soul Manipulation, Swamp, Swamp, Swamp, Swamp, Swamp, Swamp, Serum Visions, Doom Blade, Treasure Cruise, Repulse, Resentful Revelation, Striped Riverwinder, Disfigure, Sinister Hideout, Condescend, Thorn of the Black Rose, Exclude, Archaeomancer, Snap, Dinrova Horror, Island, Island, Island, Island, Island, Island, Island, Looter il-Kor, Mind Stone, Counterspell, Pestilence, Serpent's Pass","Simic Growth Chamber, Rakdos Carnarium, Zephyr Winder, Ecstatic Awakener, Mardu Skullhunter, Bountiful Landscape, Conduit Pylons, Mire Triton, Boiling Rock Prison, Furnace Strider, Jackal Pup, Deranged Assistant, Witness Protection, Blightning, Jhessian Thief, Brimstone Volley, Tranquil Landscape, Gift of Orzhova"
"15","5","Red/Blue","RU Spellslinger","Spells","9","14","17","2.39","Peregrine Drake, Phantom Interference, Izzet Boilerworks, Mulldrifter, Firebrand Archer, Unable to Scream, Consider, Reckless Impulse, Tempest Angler, Man-o'-War, Haunted Fengraf, Flame Slash, Bloodwater Entity, Izzet Charm, Spelleater Wolverine, Mountain, Mountain, Mountain, Mountain, Mountain, Mountain, Mountain, Mountain, Mountain, Mountain, Hordeling Outburst, Burst Lightning, Island, Island, Island, Island, Island, Into the Roil, Skewer the Critics, Guttersnipe, Monastery Swiftspear, Sulfurous Blast, Lightning Strike, Impulse, Abrade","Mist Raven, Raid Bombardment, Lyev Skyknight, Displace, Hidden Grotto, Merfolk Looter, Blood Aspirant, Shardless Outlander, Goblin Bushwhacker, Mana Tithe, University Campus, Momentary Blink, Ghostly Flicker, Eldrazi Skyspawner, Body Dropper, Mutagenic Growth, Visionary's Dance, Seize Opportunity, Scorched Rusalka, Preening Champion"
"15","6","Green","G Midrange Combo","Spells","13","10","17","2.57","Evolution Witness, Savage Mansion, Snakeskin Veil, Hickory Woodlot, Treetop Snarespinner, Priest of Titania, Wall of Roots, Ram Through, Horrific Assault, Llanowar Elves, Trumpeting Herd, Sagu Wildling, Ainok Wayfarer, Vines of Vastwood, Sprout Swarm, Rancor, Eldrazi Repurposer, Forest, Forest, Forest, Forest, Forest, Forest, Forest, Forest, Forest, Forest, Forest, Forest, Forest, Forest, Forest, Generous Ent, Tamiyo's Safekeeping, Bushwhack, Writhing Chrysalis, Malevolent Rumble, Bramble Wurm, Sakura-Tribe Elder, Mother Bear","Flesh Burrower, Tithe Drinker, Quandrix Campus, Rubblebelt Maverick, Abundant Harvest, Growth Spiral, Scrapwork Mutt, Serrated Arrows, Paradox Gardens, Hooting Mandrills, Pestermite, River Boa, Inspiring Paladin, Sylvan Might, Urban Daggertooth, Pulse of Murasa, Goblin Motivator, Snapping Voidcraw, Gnarlid Colony, Perilous Myr"
"15","7","Black/Green","BG Graveyard","Creatures","20","3","17","3.39","Utopia Sprawl, Temperamental Oozewagg, Owlbear, Colossal Dreadmask, Gravedigger, Golgari Rot Farm, Contagious Vorrac, Cradle of the Accursed, Elvish Mystic, Jewel Thief, Expanding Ooze, Titan's Grave, Witherbloom Campus, Wild Growth, Dreg Mangler, Yavimaya Elder, Krosan Tusker, Werebear, Nest Invader, Basking Broodscale, Annoyed Altisaur, Greater Tanuki, Forest, Forest, Forest, Forest, Forest, Forest, Forest, Forest, Forest, Forest, Forest, Forest, Forest, Lys Alana Informant, Voracious Varmint, Bannerhide Krushok, Sarulf's Packmate, Llanowar Visionary","Selesnya Sanctuary, Putrid Leech, Phantom Tiger, Kingpin's Pet, Gixian Infiltrator, Putrid Goblin, Snuff Out, Fireblade Artist, Giant Growth, Renegade Freighter, Guildsworn Prowler, Undying Malice, Voracious Vermin, Jade Guardian, Orzhov Basilica, Carrier Thrall, First-Sphere Gargantua, Tragic Slip"
"15","8","Red/Blue","RU Spellslinger","Spells","8","15","17","2.74","Ponder, Lose Focus, Ardent Elementalist, Rimrock Knight, Deep Analysis, Gruul Turf, Opt, Eroded Canyon, Cryoshatter, Chain Lightning, Quandrix Pledgemage, Rolling Thunder, Mountain, Mountain, Mountain, Mountain, Mountain, Mountain, Wrenn's Resolve, Fireball, Searing Spear, Plasma Bolt, Remove Soul, Repeal, Island, Island, Island, Island, Island, Island, Island, Island, Tolarian Terror, Cruel Witness, Mana Leak, Mirrorshell Crab, Behold the Multiverse, Shipwreck Dowser, Scholar of Combustion, Quicksand","Starbreach Whale, Custodi Squire, Fireslinger, Liliana's Specter, Dimir Guildmage, Seething Landscape, Burning-Tree Emissary, Tuskeri Firewalker, Deluge Virtuoso, Okiba Reckoner Raid, Bonder's Ornament, Aether Poisoner, Wildfire Elemental, Goblin Surprise, Hissing Iguanar, Barbed Batterfist, Carnophage, Elite Interceptor, Kyoshi Village"
"16","1","Blue","U Spellslinger","Wizards","15","8","17","3.43","Mocking Sprite, Ponder, Cloudkin Seer, Mist Raven, Ninja of the Deep Hours, Mulldrifter, Unable to Scream, Treasure Cruise, Man-o'-War, Moon-Circuit Hacker, Serum Visionary, Witness Protection, Exclude, Archaeomancer, Preordain, Island, Island, Island, Island, Island, Island, Island, Island, Island, Island, Island, Island, Island, Island, Island, Island, Island, Eldrazi Skyspawner, Jhessian Thief, Tolarian Terror, Into the Roil, Behold the Multiverse, Shipwreck Dowser, Murmuring Mystic, Young Blue Dragon","Tithe Drinker, Starbreach Whale, Custodi Squire, Cryogen Relic, Snuff Out, Spectacle Summit, Unwilling Ingredient, Soul Manipulation, Vendetta, Renegade Freighter, Coiling Oracle, Sinister Hideout, Cavern Harpy, Shardless Outlander, Cryoshatter, Glimmerlight, Raven's Crime, Fields of Strife, Stab Wound, Mind Stone, Pulse of Murasa, Diregraf Horde"
"16","2","Red/Blue","RU Spellslinger","Spells","10","13","17","2.57","Escape Tunnel, Zephyr Winder, Frost Trickster, Mystic Sanctuary, Oliphaunt, Rimrock Knight, Reckless Charge, Teetering Peaks, Reckless Impulse, Tempest Angler, Repulse, Firebolt, Eroded Canyon, Bloodwater Entity, Rolling Thunder, Fireblast, Spelleater Wolverine, Mountain, Mountain, Mountain, Mountain, Mountain, Mountain, Mountain, Mountain, Mountain, Mountain, Mountain, Hordeling Outburst, Plasma Bolt, Remove Soul, Island, Island, Faerie Seer, Guttersnipe, Seize Opportunity, Monastery Swiftspear, Sulfurous Blast, Lightning Strike, Abrade","Fireslinger, Dog Walker, Deceptive Landscape, Lyev Skyknight, Rubblebelt Maverick, Weakstone's Subjugation, Focus Fire, Guardian Idol, Ironhoof Boar, Mana Tithe, Blood Fountain, Dinrova Horror, Lys Alana Informant, Mutagenic Growth, Visionary's Dance, Spellbook Seeker, Preening Champion, Mayhem Patrol"
"16","3","Red/Blue","RU Spellslinger","Spells","7","16","17","2.83","Simic Growth Chamber, Hard Evidence, Phantom Interference, Desert, Izzet Boilerworks, Lose Focus, Brainstorm, Meeting of Minds, Serum Visions, Deep Analysis, Gruul Turf, Lórien Revealed, Merfolk Looter, Striped Riverwinder, Capsize, Pestermite, Quandrix Pledgemage, Miscalculation, Izzet Charm, Searing Spear, Snap, Ghostly Flicker, Island, Island, Island, Island, Island, Island, Island, Island, Island, Island, Island, Island, Island, Looter il-Kor, Counterspell, Mirrorshell Crab, Scholar of Combustion, Impulse","Gingerbrute, Pristine Talisman, Riling Dawnbreaker, Seething Landscape, Bountiful Landscape, Dimir Aqueduct, Conduit Pylons, Deluge Virtuoso, Winding Way, River Boa, Prismatic Strands, Deranged Assistant, Annoyed Altisaur, Pinnacle Kill-Ship, Coalition Honor Guard, Snapping Voidcraw, Brambleback Brute, Tortured Existence"
"16","4","Red/White","RW Aggro","Artifacts, Spells, Humans","9","14","17","2.26","Faerie Guidemother, Raid Bombardment, Tenth District Legionnaire, Clockwork Percussionist, Rally the Peasants, Lightning Bolt, Bonesplitter, Triplicate Spirits, Salt Road Packbeast, Cathar Commando, Goblin Surprise, Haunted Fengraf, Thraben Charm, Greatsword of Tyr, Goblin Bushwhacker, Boros Garrison, Barbed Batterfist, Mountain, Mountain, Mountain, Mountain, Mountain, Mountain, Mountain, Ancestral Blade, Elite Vanguard, Plains, Plains, Plains, Plains, Plains, Plains, Mandibular Kite, Skewer the Critics, Abraded Bluffs, Thraben Inspector, Inspiring Overseer, Battle Screech, Galvanic Discharge, Quicksand","Flesh Burrower, Quandrix Campus, Trapped in the Screen, Forum of Amity, Underworld Charger, Grim Bauble, Gods Willing, Vermin Gorger, Night's Whisper, Search Party Captain, Undying Malice, Syndic of Tithes, Inspiring Paladin, Deftblade Elite, Territorial Hammerskull, Brimstone Volley, Dauntless Unity, Perilous Landscape"
"16","5","Black/Red","BR Aristocrats","Creatures","16","7","17","2.22","Gnawing Crescendo, Dauthi Horror, Rakdos Carnarium, Dark-Dweller Oracle, Improvised Club, Gixian Infiltrator, Witty Roastmaster, Falkenrath Noble, Bogardan Dragonheart, Swamp, Swamp, Swamp, Swamp, Ominous Asylum, Wrangle, Witch's Cottage, Boiling Rock Prison, Blood Aspirant, Guildsworn Prowler, Chain Lightning, Loathsome Curator, Flame Slash, Grim Initiate, Mountain, Mountain, Mountain, Mountain, Mountain, Mountain, Mountain, Mountain, Mountain, Blightning, Body Dropper, Wither and Bloom, Fanatical Firebrand, Plagued Rusalka, Accursed Marauder, Scorched Rusalka, Beetleback Chief","Vulshok Morningstar, Liliana's Specter, Snakeskin Veil, Mardu Skullhunter, Burning-Tree Emissary, Dread Return, Dreg Mangler, Pillory of the Sleepless, Furnace Strider, Underworld Rage-Hound, Nest Invader, Wrenn's Resolve, Eldrazi Repurposer, Iron Apprentice, Fertile Ground, Elite Interceptor, Twisted Landscape, Goblin Anarchomancer"
"16","6","Black","B Midrange","Spells, Zombies","12","11","17","3.30","Gravedigger, Troll of Khazad-dûm, Putrid Goblin, Bone Picker, Go for the Throat, Gurmag Angler, Village Rites, Gray Merchant of Asphodel, Vampire Sovereign, Unearth, Faceless Butcher, Okiba Reckoner Raid, Swamp, Swamp, Swamp, Swamp, Swamp, Swamp, Swamp, Swamp, Swamp, Swamp, Swamp, Swamp, Swamp, Swamp, Swamp, Swamp, Swamp, Resentful Revelation, Ashes to Ashes, Death Denied, Candy Grapple, Chitin Gravestalker, Carrier Thrall, Arms of Hadar, Cast Down, Snarling Gorehound, Pestilence, First-Sphere Gargantua","Clawing Torment, Putrid Leech, Kingpin's Pet, Hidden Grotto, Cindering Cutthroat, Horrific Assault, Giant Growth, Titan's Grave, Ulamog's Crusher, Serrated Arrows, Aether Poisoner, Candy Trail, Carnophage, Orzhov Basilica, Filigree Familiar, Nested Shambler, Scoured Barrens, Kyoshi Village, Vampire Lacerator, Gift of Orzhova, Bannerhide Krushok, Mother Bear"
"16","7","Green","G Ramp","Elves, Creatures","19","4","17","3.13","Evolution Witness, Owlbear, Colossal Dreadmask, Hickory Woodlot, Entourage of Trest, Treetop Snarespinner, Wall of Roots, Elvish Mystic, Arbor Elf, Monstrous Emergence, Llanowar Elves, Wild Growth, Sagu Wildling, Yavimaya Elder, Sprout Swarm, Jade Guardian, Werebear, Basking Broodscale, Greater Tanuki, Forest, Forest, Forest, Forest, Forest, Forest, Forest, Forest, Forest, Forest, Forest, Forest, Forest, Forest, Forest, Forest, Generous Ent, Voracious Varmint, Sakura-Tribe Elder, Sarulf's Packmate, Llanowar Visionary","Temperamental Oozewagg, Champion of Dusan, Savage Mansion, Desecrator Hag, Ram Through, Expanding Ooze, Sheltering Landscape, Flayer Husk, Paradox Gardens, Hooting Mandrills, Experiment One, Vines of Vastwood, Bristling Backwoods, Rhox Veteran, Sylvan Might, Conclave Naturalists, Palace Sentinels, Bramble Wurm, Eagles of the North, Petrify, Militia Bugler"
"16","8","Green/White","GW Counters","Enchantments","14","9","17","2.48","Kor Skyfisher, Aerie Auxiliary, Heliod's Pilgrim, Armadillo Cloak, Phantom Tiger, Contagious Vorrac, Guardian of the Guildpact, Journey to Nowhere, Sunlance, Jewel Thief, Nyxborn Hydra, Planar Disruption, Raffine's Informant, Ainok Bond-Kin, Rancor, Forest, Forest, Forest, Forest, Forest, Forest, Plains, Plains, Plains, Plains, Plains, Plains, Plains, Plains, Plains, Plains, Plains, Novice Inspector, Bushwhack, Urban Daggertooth, Alabaster Host Intercessor, Unbounded Potential, Captured by Lagacs, Dog Umbra, Fortress Kin-Guard","Ephemerate, Prophetic Prism, Branching Bolt, Mechanozoa, Judge's Familiar, Settle Beyond Reality, Abundant Harvest, Night Market, Soltari Trooper, Wolf Cove Villager, You Hear Something on Watch, Raise the Alarm, Savannah Lions, Vault Skirge, Ainok Wayfarer, Momentary Blink, Stormfront Pegasus, Gideon's Lawkeeper, Grapple with the Past, Malevolent Rumble, Ardenvale Tactician, Warship Scout"
"17","1","Red/White","RW Aggro","Humans","14","9","17","2.04","Conduit Goblin, Dog Walker, Improvised Club, Rimrock Knight, Tenth District Legionnaire, Clockwork Percussionist, Rally the Peasants, Lightning Bolt, Salt Road Packbeast, Savannah Lions, Cathar Commando, Rally at the Hornburg, Greatsword of Tyr, Goblin Bushwhacker, Aether Chaser, Flame Slash, Boros Garrison, Jackal Pup, Mountain, Mountain, Mountain, Mountain, Mountain, Mountain, Mountain, Mountain, Mountain, Mountain, Plains, Plains, Plains, Plains, Plains, Mandibular Kite, Abraded Bluffs, Thraben Inspector, Seeker of the Way, Battle Screech, Lightning Strike, Beetleback Chief","Firebrand Archer, Burning-Tree Emissary, Sunlance, Gods Willing, Imperial Oath, Soltari Trooper, You Hear Something on Watch, Reckless Impulse, Scrapwork Mutt, Focus Fire, Syndic of Tithes, Bristling Backwoods, Territorial Hammerskull, Wrenn's Resolve, Stormfront Pegasus, Lys Alana Informant, Visionary's Dance, Alabaster Host Intercessor, Scoured Barrens, Fortress Kin-Guard"
"17","2","Green/Red","GR Stompy","Green/Red","13","10","17","2.22","Vulshok Morningstar, Savage Mansion, Snakeskin Veil, Treetop Snarespinner, Tuskeri Firewalker, Bonesplitter, Teetering Peaks, Giant Growth, Gruul Turf, Frenzied Goblin, Hooting Mandrills, Haunted Fengraf, Experiment One, River Boa, Werebear, Rancor, Underworld Rage-Hound, Mountain, Mountain, Mountain, Fireball, Burst Lightning, Eldrazi Repurposer, Forest, Forest, Forest, Forest, Forest, Forest, Forest, Forest, Forest, Forest, Generous Ent, Mutagenic Growth, Brimstone Volley, Writhing Chrysalis, Fanatical Firebrand, Goblin Anarchomancer, Abrade","Gnawing Crescendo, Flesh Burrower, Heliod's Pilgrim, Faithful Watchdog, Deluge Virtuoso, Titan's Grave, Witch's Cottage, Grim Initiate, Blightning, Orzhov Basilica, Sylvan Might, Grapple with the Past, Leonin Bola, Captured by Lagacs, Spellbook Seeker, Gnarlid Colony, Warship Scout, Mayhem Patrol"
"17","3","Blue","U Spellslinger","Spells","9","14","17","2.39","Mocking Sprite, Ponder, Zephyr Winder, Lose Focus, Spectacle Summit, Unable to Scream, Weakstone's Subjugation, Consider, Deep Analysis, Tempest Angler, Lórien Revealed, Merfolk Looter, Opt, Eroded Canyon, Condescend, Izzet Charm, Exclude, Tocasia's Dig Site, Preordain, Snap, Repeal, Island, Island, Island, Island, Island, Island, Island, Island, Island, Island, Island, Island, Island, Island, Jhessian Thief, Cruel Witness, Shipwreck Dowser, Murmuring Mystic, Preening Champion","Rakdos Carnarium, Clawing Torment, Putrid Leech, Dimir Guildmage, Contaminated Landscape, Gurmag Angler, Snuff Out, Renegade Freighter, Guildsworn Prowler, Aether Poisoner, Candy Trail, Cavern Harpy, Sprout Swarm, Snarling Gorehound, Elite Interceptor, Monastery Swiftspear, Borrowed Grace, Silver Drake, Okiba-Gang Shinobi"
"17","4","Green","G Ramp","Green","15","8","17","2.87","Utopia Sprawl, Champion of Dusan, Evolution Witness, Owlbear, Colossal Dreadmask, Phantom Tiger, Contagious Vorrac, Priest of Titania, Elvish Mystic, Ram Through, Nyxborn Hydra, Monstrous Emergence, Trumpeting Herd, Yavimaya Elder, Ainok Wayfarer, Basilisk Gate, Basking Broodscale, Annoyed Altisaur, Forest, Forest, Forest, Forest, Forest, Forest, Forest, Forest, Forest, Forest, Forest, Forest, Forest, Forest, Forest, Voracious Varmint, Bushwhack, You Meet in a Tavern, Fertile Ground, Quicksand, Sarulf's Packmate, Llanowar Visionary","Custodi Squire, Deceptive Landscape, Golgari Rot Farm, Abundant Harvest, Forum of Amity, Unwilling Ingredient, Winding Way, Expanding Ooze, Vault Skirge, Dreg Mangler, Disfigure, Voracious Vermin, Prismatic Strands, Jade Guardian, Fields of Strife, Nested Shambler, Arms of Hadar, Dauthi Slayer, Plagued Rusalka, Unbounded Potential"
"17","5","Blue/White","UW Control","Enchantments","15","8","17","3.26","Kor Skyfisher, Cloudkin Seer, Aerie Auxiliary, Mist Raven, Azorius Chancery, Lyev Skyknight, Ninja of the Deep Hours, Riling Dawnbreaker, Guardian of the Guildpact, Trapped in the Screen, Judge's Familiar, Mulldrifter, Journey to Nowhere, Settle Beyond Reality, Tranquil Cove, Planar Disruption, Man-o'-War, Thraben Charm, University Campus, Ghostly Flicker, Island, Island, Island, Island, Eldrazi Skyspawner, Plains, Plains, Plains, Plains, Plains, Plains, Plains, Plains, Plains, Plains, Palace Sentinels, Inspiring Overseer, Dog Umbra, Eagles of the North, Petrify","Gitaxian Probe, Homestead Courage, Blessed Hippogriff, Triplicate Spirits, Vizier of Tumbling Sands, Pillory of the Sleepless, Pestermite, Furnace Strider, Search Party Captain, Inspiring Paladin, Witness Protection, Ancestral Blade, Tolarian Terror, Gideon's Lawkeeper, Phantom Nomad, Coalition Honor Guard, Kyoshi Village, Dauntless Unity, Gift of Orzhova"
"17","6","Black","B Midrange","Zombies","13","10","17","2.39","Retrofitted Transmogrant, Crypt Rats, Liliana's Specter, Gixian Infiltrator, Ecstatic Awakener, Putrid Goblin, Bone Picker, Go for the Throat, Village Rites, Falkenrath Noble, Gray Merchant of Asphodel, Grim Bauble, Unearth, Okiba Reckoner Raid, Swamp, Swamp, Swamp, Swamp, Swamp, Swamp, Swamp, Swamp, Swamp, Swamp, Swamp, Swamp, Swamp, Swamp, Swamp, Swamp, Swamp, Night's Whisper, Tithing Blade, Carrion Feeder, Chitin Gravestalker, Cast Down, Wither and Bloom, Accursed Marauder, First-Sphere Gargantua, Tortured Existence","Cryogen Relic, Pristine Talisman, Desecrator Hag, Faceless Butcher, Ulamog's Crusher, Flayer Husk, Porcelain Legionnaire, Suburban Sanctuary, Striped Riverwinder, Loathsome Curator, Ainok Bond-Kin, Undying Malice, Molten Gatekeeper, Raven's Crime, Rhox Veteran, Stab Wound, Carrier Thrall, Mind Stone, Iron Apprentice, Diregraf Horde, Miner's Guidewing, Brambleback Brute"
"17","7","Green/Blue","GU Ramp","Green/Blue","15","8","17","3.57","Escape Tunnel, Simic Growth Chamber, Hard Evidence, Starbreach Whale, Temperamental Oozewagg, Phantom Interference, Quandrix Campus, Entourage of Trest, Cradle of the Accursed, Coiling Oracle, Wild Growth, Sagu Wildling, Cryoshatter, Miscalculation, Deranged Assistant, Island, Island, Island, Island, Greater Tanuki, Forest, Forest, Forest, Forest, Forest, Forest, Forest, Forest, Forest, Looter il-Kor, Conclave Naturalists, Mirrorshell Crab, Malevolent Rumble, Pulse of Murasa, Sword Coast Serpent, Behold the Multiverse, Bramble Wurm, Snapping Voidcraw, Mother Bear, Young Blue Dragon","Fireslinger, Prophetic Prism, Frost Trickster, Gravedigger, Rubblebelt Maverick, Kingpin's Pet, Bountiful Landscape, Dread Return, Hidden Grotto, Serrated Arrows, Wary Farmer, Resentful Revelation, Deftblade Elite, Blood Fountain, Pinnacle Kill-Ship, Foreboding Landscape, Tranquil Landscape, Serpent's Pass"
"17","8","Black/Red","BR Aristocrats","Spells, Goblins","13","10","17","2.30","Raid Bombardment, Dark-Dweller Oracle, Witty Roastmaster, Bogardan Dragonheart, Reckless Charge, Cindering Cutthroat, Fireblade Artist, Wrangle, Boiling Rock Prison, Blood Aspirant, Wildfire Elemental, Goblin Surprise, Firebolt, Mogg War Marshal, Hissing Iguanar, Shock Brigade, Chain Lightning, Fireblast, Mountain, Mountain, Mountain, Mountain, Mountain, Mountain, Mountain, Mountain, Mountain, Mountain, Mountain, Mountain, Mountain, Mountain, Mountain, Mountain, Searing Spear, Plasma Bolt, Sparksmith, Body Dropper, Incinerate, Scorched Rusalka","Dauthi Horror, Mechanozoa, Izzet Boilerworks, Ardent Elementalist, Mardu Skullhunter, Raise the Alarm, Sheltering Landscape, Bonder's Ornament, Shattered Landscape, Glimmerlight, Barbed Batterfist, Mana Tithe, Bloodwater Entity, Carnophage, Spelleater Wolverine, Oblivion Ring, Urban Daggertooth, Vampire Lacerator, Goblin Motivator, Perilous Landscape, Perilous Myr"
"18","1","Black","B Midrange","Zombies","15","8","17","2.61","Retrofitted Transmogrant, Crypt Rats, Gravedigger, Kingpin's Pet, Gixian Infiltrator, Putrid Goblin, Village Rites, Cradle of the Accursed, Falkenrath Noble, Gray Merchant of Asphodel, Unearth, Vendetta, Faceless Butcher, Scurrilous Sentry, Swamp, Swamp, Swamp, Swamp, Swamp, Swamp, Swamp, Swamp, Swamp, Swamp, Swamp, Swamp, Swamp, Doom Blade, Witch's Cottage, Pillory of the Sleepless, Vermin Gorger, Ashes to Ashes, Carrion Feeder, Orzhov Basilica, Snarling Gorehound, Scoured Barrens, Accursed Marauder, Pestilence, First-Sphere Gargantua, Tragic Slip","Kor Skyfisher, Dauthi Horror, Contagious Vorrac, Riling Dawnbreaker, Desecrator Hag, Tenth District Legionnaire, Jewel Thief, Wolf Cove Villager, You Hear Something on Watch, Tranquil Cove, Dreg Mangler, Gideon's Lawkeeper, Mandibular Kite, Suture Priest, Inspiring Overseer, Eagles of the North, Serpent's Pass, Mother Bear"
"18","2","Green","G Ramp","Creatures","16","7","17","3.39","Utopia Sprawl, Temperamental Oozewagg, Owlbear, Colossal Dreadmask, Priest of Titania, Elvish Mystic, Ram Through, Horrific Assault, Trumpeting Herd, Haunted Fengraf, Sagu Wildling, Yavimaya Elder, River Boa, Sprout Swarm, Rancor, Annoyed Altisaur, Eldrazi Repurposer, Forest, Forest, Forest, Forest, Forest, Forest, Forest, Forest, Forest, Forest, Forest, Forest, Forest, Forest, Forest, Forest, Voracious Varmint, Conclave Naturalists, Blastoderm, Bramble Wurm, Bannerhide Krushok, Sarulf's Packmate, Llanowar Visionary","Quandrix Campus, Mulldrifter, Mardu Skullhunter, Abundant Harvest, Dimir Aqueduct, Mire Triton, Paradox Gardens, Coiling Oracle, Candy Trail, Sinister Hideout, Guardian Idol, Quandrix Pledgemage, Pinnacle Kill-Ship, Mutagenic Growth, Sylvan Might, Looter il-Kor, Coalition Honor Guard, Cast Down, Elite Interceptor, Unbounded Potential, Preening Champion"
"18","3","Red","R Burn","Spells, Goblins","10","13","17","2.00","Gnawing Crescendo, Fireslinger, Gingerbrute, Improvised Club, Witty Roastmaster, Lightning Bolt, Reckless Charge, Teetering Peaks, Frenzied Goblin, Firebolt, Rally at the Hornburg, Goblin Bushwhacker, Barbed Batterfist, Grim Initiate, Jackal Pup, Fireblast, Mountain, Mountain, Mountain, Mountain, Mountain, Mountain, Mountain, Mountain, Mountain, Mountain, Mountain, Mountain, Mountain, Mountain, Mountain, Mountain, Hordeling Outburst, Searing Spear, Plasma Bolt, Sparksmith, Brimstone Volley, Galvanic Discharge, Beetleback Chief, Mayhem Patrol","Escape Tunnel, Conduit Goblin, Faithful Watchdog, Dark-Dweller Oracle, Faith's Fetters, Thriving Grubs, Tuskeri Firewalker, Gods Willing, Weakstone's Subjugation, Raise the Alarm, Cathar Commando, Experiment One, Furnace Strider, Rolling Thunder, Bristling Backwoods, Ancestral Blade, Abraded Bluffs, Iron Apprentice, Borrowed Grace, Scholar of Combustion, Sulfurous Blast"
"18","4","White","W Weenie","Humans, Creatures","16","7","17","2.43","Faerie Guidemother, Trapped in the Screen, Judge's Familiar, Blessed Hippogriff, Bonesplitter, Triplicate Spirits, Soltari Trooper, Planar Disruption, Greatsword of Tyr, Raffine's Informant, Search Party Captain, Mana Tithe, Deftblade Elite, Rhox Veteran, Stormfront Pegasus, Plains, Plains, Plains, Plains, Plains, Plains, Plains, Plains, Plains, Plains, Plains, Plains, Plains, Plains, Plains, Plains, Plains, Novice Inspector, Thraben Inspector, Palace Sentinels, Seeker of the Way, Battle Screech, Ardenvale Tactician, Militia Bugler, Fortress Kin-Guard","Selesnya Sanctuary, Flesh Burrower, Ephemerate, Heliod's Pilgrim, Lyev Skyknight, Savage Mansion, Clockwork Percussionist, Nyxborn Hydra, Okiba Reckoner Raid, Ainok Bond-Kin, Boros Garrison, Inspiring Paladin, Doomed Traveler, Lys Alana Informant, Kyoshi Village, Monastery Swiftspear, Captured by Lagacs, Dauntless Unity, Gift of Orzhova, Perilous Landscape, Snapping Voidcraw, Okiba-Gang Shinobi"
"18","5","Red/Blue","RU Spellslinger","Spells","14","9","17","2.83","Mocking Sprite, Hard Evidence, Starbreach Whale, Cloudkin Seer, Zephyr Winder, Mystic Sanctuary, Gitaxian Probe, Ardent Elementalist, Firebrand Archer, Spectacle Summit, Reckless Impulse, Man-o'-War, Opt, Wildfire Elemental, Eroded Canyon, Bloodwater Entity, Condescend, Spelleater Wolverine, Mountain, Mountain, Mountain, Mountain, Preordain, Remove Soul, Island, Island, Island, Island, Island, Island, Island, Island, Island, Island, Skewer the Critics, Guttersnipe, Sword Coast Serpent, Shipwreck Dowser, Murmuring Mystic, Lightning Strike","Dog Walker, Mechanozoa, Pristine Talisman, Bountiful Landscape, Treetop Snarespinner, Soul Manipulation, Imperial Oath, Scrapwork Mutt, Wary Farmer, Focus Fire, Suburban Sanctuary, Striped Riverwinder, Nest Invader, Filigree Familiar, Eldrazi Skyspawner, Seize Opportunity, Pulse of Murasa, Spellbook Seeker, Warship Scout"
"18","6","Blue","U Tempo","Spells","9","14","17","2.74","Ponder, Peregrine Drake, Cryogen Relic, Mist Raven, Frost Trickster, Ninja of the Deep Hours, Displace, Unable to Scream, Consider, Deep Analysis, Lórien Revealed, Moon-Circuit Hacker, Cryoshatter, Serum Visionary, Exclude, Snap, Repeal, Island, Island, Island, Island, Island, Island, Island, Island, Island, Island, Island, Island, Island, Island, Island, Island, Island, Faerie Seer, Cruel Witness, Into the Roil, Counterspell, Behold the Multiverse, Young Blue Dragon","Putrid Leech, Azorius Chancery, Dimir Guildmage, Snakeskin Veil, Homestead Courage, Seething Landscape, Gurmag Angler, Forum of Amity, Deluge Virtuoso, Titan's Grave, Serrated Arrows, Bonder's Ornament, Guildsworn Prowler, Night's Whisper, Glimmerlight, Deranged Assistant, Basking Broodscale, Dinrova Horror, Alabaster Host Intercessor, Tranquil Landscape, Goblin Anarchomancer, Silver Drake"
"18","7","Green/Blue","GU Ramp","Spells","10","13","17","2.57","Simic Growth Chamber, Champion of Dusan, Phantom Interference, Growth Spiral, Brainstorm, Winding Way, Ulamog's Crusher, Merfolk Looter, Llanowar Elves, Vizier of Tumbling Sands, Repulse, Wild Growth, Ainok Wayfarer, Werebear, Witness Protection, Island, Island, Island, Island, Greater Tanuki, Forest, Forest, Forest, Forest, Forest, Forest, Forest, Forest, Forest, Forest, Forest, Forest, Generous Ent, Bushwhack, Mana Leak, Fertile Ground, Grapple with the Past, Writhing Chrysalis, Malevolent Rumble, Impulse","Vulshok Morningstar, Deceptive Landscape, Rubblebelt Maverick, Dread Return, Unwilling Ingredient, Night Market, Witherbloom Campus, Hooting Mandrills, Aether Poisoner, Shardless Outlander, Tithing Blade, Undying Malice, Fields of Strife, Territorial Hammerskull, Archaeomancer, Chitin Gravestalker, Mind Stone, Wither and Bloom, Leonin Bola, Gnarlid Colony, Brambleback Brute"
"18","8","Black/Red","BR Aristocrats","Spells","12","11","17","2.22","Rakdos Carnarium, Raid Bombardment, Oliphaunt, Bone Picker, Go for the Throat, Bogardan Dragonheart, Grim Bauble, Cindering Cutthroat, Swamp, Swamp, Ominous Asylum, Wrangle, Boiling Rock Prison, Blood Aspirant, Disfigure, Mogg War Marshal, Hissing Iguanar, Shock Brigade, Flame Slash, Molten Gatekeeper, Mountain, Mountain, Mountain, Mountain, Mountain, Mountain, Mountain, Mountain, Mountain, Mountain, Mountain, Mountain, Blightning, Wrenn's Resolve, Blood Fountain, Burst Lightning, Body Dropper, Fanatical Firebrand, Vampire Lacerator, Abrade","Clawing Torment, Branching Bolt, Liliana's Specter, Entourage of Trest, Giant Growth, Sheltering Landscape, Flayer Husk, Gruul Turf, Shattered Landscape, Syndic of Tithes, Death Denied, Momentary Blink, Tamiyo's Safekeeping, You Meet in a Tavern, Diregraf Horde, Twisted Landscape, Goblin Motivator, Sakura-Tribe Elder, Perilous Myr"
"19","1","Black/Green","BG Graveyard","Spells","11","12","17","3.22","Champion of Dusan, Putrid Leech, Golgari Rot Farm, Go for the Throat, Abundant Harvest, Dread Return, Swamp, Swamp, Swamp, Swamp, Swamp, Swamp, Swamp, Swamp, Titan's Grave, Ulamog's Crusher, Doom Blade, Wild Growth, Hooting Mandrills, Dreg Mangler, Resentful Revelation, Undying Malice, Ashes to Ashes, Candy Grapple, Werebear, Raven's Crime, Stab Wound, Chitin Gravestalker, Forest, Forest, Forest, Forest, Forest, Forest, Forest, Generous Ent, Cast Down, Snarling Gorehound, Bramble Wurm, First-Sphere Gargantua","Custodi Squire, Prophetic Prism, Deceptive Landscape, Snakeskin Veil, Ecstatic Awakener, Putrid Goblin, Settle Beyond Reality, Spectacle Summit, Village Rites, Night Market, Carnophage, Mandibular Kite, Nested Shambler, Unbounded Potential, Twisted Landscape, Gift of Orzhova, Ardenvale Tactician, Miner's Guidewing, Brambleback Brute, Serpent's Pass"
"19","2","Green/White","GW Counters","Green/White","14","9","17","3.00","Escape Tunnel, Utopia Sprawl, Kor Skyfisher, Ephemerate, Armadillo Cloak, Azorius Chancery, Riling Dawnbreaker, Guardian of the Guildpact, Entourage of Trest, Faith's Fetters, Bonder's Ornament, Coiling Oracle, Sagu Wildling, Thraben Charm, Raffine's Informant, Sprout Swarm, Momentary Blink, Nest Invader, Basking Broodscale, Forest, Forest, Forest, Forest, Forest, Forest, Forest, Plains, Plains, Plains, Plains, Plains, Plains, Plains, Alabaster Host Intercessor, Palace Sentinels, Tranquil Landscape, Inspiring Overseer, Captured by Lagacs, Militia Bugler, Llanowar Visionary","Flesh Burrower, Starbreach Whale, Lyev Skyknight, Growth Spiral, Conduit Pylons, Unwilling Ingredient, Gods Willing, Ram Through, Winding Way, Focus Fire, Ainok Wayfarer, Greatsword of Tyr, Pestermite, Ghostly Flicker, Gideon's Lawkeeper, Visionary's Dance, Urban Daggertooth, Seeker of the Way, Gnarlid Colony"
"19","3","Red/Blue","RU Spellslinger","Spells, Humans","11","12","17","2.61","Mocking Sprite, Mystic Sanctuary, Izzet Boilerworks, Gitaxian Probe, Ardent Elementalist, Firebrand Archer, Reckless Impulse, Tempest Angler, Lórien Revealed, Opt, Eroded Canyon, Chain Lightning, Miscalculation, Bloodwater Entity, Spelleater Wolverine, Mountain, Mountain, Mountain, Mountain, Mountain, Mountain, Mountain, Mountain, Mountain, Wrenn's Resolve, Burst Lightning, Plasma Bolt, Island, Island, Island, Island, Tolarian Terror, Mana Leak, Guttersnipe, Monastery Swiftspear, Shipwreck Dowser, Scholar of Combustion, Quicksand, Impulse, Abrade","Frost Trickster, Oliphaunt, Mechanozoa, Gixian Infiltrator, Witty Roastmaster, Hidden Grotto, Underworld Charger, Deluge Virtuoso, Raise the Alarm, Tranquil Cove, Merfolk Looter, Striped Riverwinder, Cavern Harpy, Cryoshatter, Carrier Thrall, Preening Champion, Battle Screech, Sulfurous Blast"
"19","4","Blue","U Control","Spells","9","14","17","2.87","Ponder, Cloudkin Seer, Peregrine Drake, Mist Raven, Lose Focus, Mulldrifter, Displace, Brainstorm, Weakstone's Subjugation, Serum Visions, Deep Analysis, Man-o'-War, Repulse, Exclude, Snap, Remove Soul, Repeal, Island, Island, Island, Island, Island, Island, Island, Island, Island, Island, Island, Island, Island, Island, Island, Island, Island, Faerie Seer, Eldrazi Skyspawner, Into the Roil, Mirrorshell Crab, Behold the Multiverse, Young Blue Dragon","Dauthi Horror, Cryogen Relic, Zephyr Winder, Judge's Familiar, Dimir Aqueduct, Flayer Husk, Serrated Arrows, Pillory of the Sleepless, Candy Trail, Sinister Hideout, Shardless Outlander, University Campus, Deranged Assistant, Izzet Charm, Dinrova Horror, Stormfront Pegasus, Lys Alana Informant, Cruel Witness, Mind Stone, Kyoshi Village, Silver Drake, Tragic Slip"
"19","5","Green","G Ramp","Creatures","16","7","17","3.13","Simic Growth Chamber, Evolution Witness, Owlbear, Colossal Dreadmask, Phantom Tiger, Desert, Rubblebelt Maverick, Hickory Woodlot, Cradle of the Accursed, Priest of Titania, Wall of Roots, Jewel Thief, Giant Growth, Yavimaya Elder, Annoyed Altisaur, Forest, Forest, Forest, Forest, Forest, Forest, Forest, Forest, Forest, Forest, Forest, Forest, Forest, Tamiyo's Safekeeping, Voracious Varmint, You Meet in a Tavern, Sylvan Might, Conclave Naturalists, Malevolent Rumble, Pulse of Murasa, Blastoderm, Bannerhide Krushok, Sakura-Tribe Elder, Snapping Voidcraw, Sarulf's Packmate","Hard Evidence, Faithful Watchdog, Savage Mansion, Desecrator Hag, Contaminated Landscape, Unable to Scream, Wolf Cove Villager, You Hear Something on Watch, Renegade Freighter, Witherbloom Campus, Capsize, Quandrix Pledgemage, Serum Visionary, Condescend, Deftblade Elite, Coalition Honor Guard, Sword Coast Serpent, Spellbook Seeker"
"19","6","Red","R Burn","Spells","11","12","17","2.26","Fireslinger, Gingerbrute, Improvised Club, Rimrock Knight, Clockwork Percussionist, Bogardan Dragonheart, Ominous Asylum, Wrangle, Boiling Rock Prison, Goblin Surprise, Firebolt, Hissing Iguanar, Haunted Fengraf, Shock Brigade, Basilisk Gate, Goblin Bushwhacker, Flame Slash, Ironhoof Boar, Fireblast, Mountain, Mountain, Mountain, Mountain, Mountain, Mountain, Mountain, Mountain, Mountain, Mountain, Mountain, Mountain, Blightning, Tocasia's Dig Site, Fireball, Searing Spear, Sparksmith, Brimstone Volley, Incinerate, Scorched Rusalka, Lightning Strike","Phantom Interference, Vulshok Morningstar, Thriving Grubs, Tuskeri Firewalker, Meeting of Minds, Cindering Cutthroat, Fireblade Artist, Vermin Gorger, Syndic of Tithes, Rolling Thunder, Bristling Backwoods, Territorial Hammerskull, Iron Apprentice, Leonin Bola, Vampire Lacerator, Okiba-Gang Shinobi, Perilous Myr"
"19","7","Black","B Midrange","Black","13","10","17","2.65","Retrofitted Transmogrant, Tithe Drinker, Liliana's Specter, Kingpin's Pet, Bone Picker, Snuff Out, Falkenrath Noble, Gray Merchant of Asphodel, Grim Bauble, Vampire Sovereign, Unearth, Faceless Butcher, Scurrilous Sentry, Okiba Reckoner Raid, Swamp, Swamp, Swamp, Swamp, Swamp, Swamp, Swamp, Swamp, Swamp, Swamp, Swamp, Swamp, Swamp, Swamp, Swamp, Guildsworn Prowler, Disfigure, Night's Whisper, Tithing Blade, Carrion Feeder, Orzhov Basilica, Blood Fountain, Arms of Hadar, Dauthi Slayer, Scoured Barrens, Pestilence","Ninja of the Deep Hours, Trapped in the Screen, Mardu Skullhunter, Blessed Hippogriff, Sunlance, Soul Manipulation, Mire Triton, Shattered Landscape, Guardian Idol, Search Party Captain, Loathsome Curator, Voracious Vermin, Prismatic Strands, Mana Tithe, Inspiring Paladin, Ancestral Blade, Phantom Nomad, Suture Priest, Thraben Inspector, Diregraf Horde"
"19","8","Red/White","RW Aggro","Spells, Soldiers","14","9","17","2.52","Selesnya Sanctuary, Faerie Guidemother, Aerie Auxiliary, Raid Bombardment, Homestead Courage, Rally the Peasants, Lightning Bolt, Reckless Charge, Triplicate Spirits, Teetering Peaks, Soltari Trooper, Gruul Turf, Frenzied Goblin, Cathar Commando, Mogg War Marshal, Rally at the Hornburg, Boros Garrison, Molten Gatekeeper, Grim Initiate, Underworld Rage-Hound, Mountain, Mountain, Mountain, Mountain, Mountain, Mountain, Mountain, Hordeling Outburst, Rhox Veteran, Plains, Plains, Plains, Plains, Plains, Plains, Novice Inspector, Writhing Chrysalis, Eagles of the North, Galvanic Discharge, Beetleback Chief","Dark-Dweller Oracle, Contagious Vorrac, Arbor Elf, Horrific Assault, Monstrous Emergence, Scrapwork Mutt, Sheltering Landscape, Wary Farmer, Blood Aspirant, Furnace Strider, Vines of Vastwood, Rancor, Doomed Traveler, Oblivion Ring, Mutagenic Growth, Fanatical Firebrand, Elite Interceptor, Dauntless Unity"
"20","1","Black/Green","BG Graveyard","Spells","11","12","17","3.78","Gravedigger, Troll of Khazad-dûm, Go for the Throat, Gurmag Angler, Snuff Out, Dread Return, Mire Triton, Swamp, Swamp, Swamp, Swamp, Swamp, Swamp, Swamp, Swamp, Swamp, Swamp, Swamp, Swamp, Swamp, Ulamog's Crusher, Doom Blade, Witherbloom Campus, Resentful Revelation, Night's Whisper, Ainok Wayfarer, Krosan Tusker, Raven's Crime, Blood Fountain, Chitin Gravestalker, Forest, Forest, Forest, Generous Ent, Arms of Hadar, Wither and Bloom, Grapple with the Past, Malevolent Rumble, Bramble Wurm, Sarulf's Packmate","Kingpin's Pet, Snakeskin Veil, Gixian Infiltrator, Desecrator Hag, Falkenrath Noble, Unwilling Ingredient, Grim Bauble, Night Market, Expanding Ooze, Giant Growth, Paradox Gardens, Ominous Asylum, Boiling Rock Prison, Tithing Blade, Werebear, University Campus, Momentary Blink, Sylvan Might, Diregraf Horde, Pestilence, Brambleback Brute"
"20","2","Black/Red","BR Aristocrats","Spells, Warriors","11","12","17","2.30","Gnawing Crescendo, Rakdos Carnarium, Improvised Club, Burning-Tree Emissary, Witty Roastmaster, Bogardan Dragonheart, Lightning Bolt, Cindering Cutthroat, Titan's Grave, Wrangle, Wildfire Elemental, Goblin Surprise, Mogg War Marshal, Hissing Iguanar, Rally at the Hornburg, Goblin Bushwhacker, Voracious Vermin, Barbed Batterfist, Bristling Backwoods, Mountain, Mountain, Mountain, Mountain, Mountain, Mountain, Mountain, Mountain, Mountain, Mountain, Mountain, Mountain, Mountain, Mountain, Searing Spear, Burst Lightning, Plasma Bolt, Body Dropper, Lightning Strike, Beetleback Chief, Abrade","Dauthi Horror, Liliana's Specter, Ecstatic Awakener, Thriving Grubs, Spectacle Summit, Village Rites, Gray Merchant of Asphodel, Shattered Landscape, Furnace Strider, Ainok Bond-Kin, Deftblade Elite, Carnophage, Rolling Thunder, Territorial Hammerskull, Jhessian Thief, Mind Stone, Snarling Gorehound, Spellbook Seeker, Tragic Slip"
"20","3","Blue/White","UW Control","Spells, Birds","13","10","17","2.96","Peregrine Drake, Ephemerate, Cryogen Relic, Mist Raven, Frost Trickster, Lyev Skyknight, Desert, Gitaxian Probe, Ninja of the Deep Hours, Unable to Scream, Deep Analysis, Tranquil Cove, Man-o'-War, Repulse, Thraben Charm, Serum Visionary, Condescend, Archaeomancer, Ghostly Flicker, Remove Soul, Island, Island, Island, Island, Island, Island, Island, Island, Island, Island, Island, Island, Eldrazi Skyspawner, Plains, Plains, Plains, Palace Sentinels, Preening Champion, Eagles of the North, Silver Drake","Simic Growth Chamber, Heliod's Pilgrim, Prophetic Prism, Mechanozoa, Riling Dawnbreaker, Conduit Pylons, Consider, Winding Way, Salt Road Packbeast, Serrated Arrows, Pillory of the Sleepless, Pestermite, Inspiring Paladin, Filigree Familiar, Suture Priest, Alabaster Host Intercessor, Leonin Bola, Elite Interceptor, Kyoshi Village, Battle Screech"
"20","4","Red/White","RW Aggro","Humans, Creatures","17","6","17","2.09","Conduit Goblin, Gingerbrute, Dog Walker, Guardian of the Guildpact, Rimrock Knight, Tenth District Legionnaire, Clockwork Percussionist, Rally the Peasants, Reckless Charge, Frenzied Goblin, Raffine's Informant, Shock Brigade, Basilisk Gate, Aether Chaser, Boros Garrison, Molten Gatekeeper, Grim Initiate, Jackal Pup, Fireblast, Mountain, Mountain, Mountain, Mountain, Mountain, Mountain, Mountain, Mountain, Mountain, Mountain, Mountain, Mountain, Wrenn's Resolve, Plains, Plains, Skewer the Critics, Abraded Bluffs, Incinerate, Monastery Swiftspear, Seeker of the Way, Mayhem Patrol","Tithe Drinker, Champion of Dusan, Aerie Auxiliary, Dark-Dweller Oracle, Savage Mansion, Judge's Familiar, Mardu Skullhunter, Faith's Fetters, Triplicate Spirits, Soltari Trooper, Scrapwork Mutt, Gruul Turf, Focus Fire, Spelleater Wolverine, Gideon's Lawkeeper, Writhing Chrysalis, Twisted Landscape, Scorched Rusalka, Goblin Motivator"
"20","5","Black/Blue","BU Tempo","Spells","12","11","17","3.04","Phantom Interference, Crypt Rats, Lose Focus, Brainstorm, Dimir Aqueduct, Soul Manipulation, Unearth, Vendetta, Faceless Butcher, Swamp, Swamp, Swamp, Swamp, Swamp, Swamp, Lórien Revealed, Haunted Fengraf, Moon-Circuit Hacker, Sinister Hideout, Cavern Harpy, Loathsome Curator, Thorn of the Black Rose, Exclude, Tocasia's Dig Site, Stab Wound, Snap, Dinrova Horror, Island, Island, Island, Island, Island, Island, Faerie Seer, Looter il-Kor, Mirrorshell Crab, Cast Down, Shipwreck Dowser, Quicksand, Okiba-Gang Shinobi","Retrofitted Transmogrant, Colossal Dreadmask, Zephyr Winder, Pristine Talisman, Displace, Forum of Amity, Okiba Reckoner Raid, Bonder's Ornament, Suburban Sanctuary, Aether Poisoner, Vermin Gorger, Candy Trail, Death Denied, Deranged Assistant, Nested Shambler, Dauthi Slayer, Plagued Rusalka"
"20","6","White","W Weenie","Enchantments, Soldiers","11","12","17","2.00","Kor Skyfisher, Trapped in the Screen, Journey to Nowhere, Sunlance, Bonesplitter, You Hear Something on Watch, Cathar Commando, Greatsword of Tyr, Search Party Captain, Prismatic Strands, Ancestral Blade, Stormfront Pegasus, Elite Vanguard, Plains, Plains, Plains, Plains, Plains, Plains, Plains, Plains, Plains, Plains, Plains, Plains, Plains, Plains, Plains, Plains, Plains, Mandibular Kite, Oblivion Ring, Novice Inspector, Thraben Inspector, Inspiring Overseer, Dog Umbra, Miner's Guidewing, Petrify, Militia Bugler, Fortress Kin-Guard","Custodi Squire, Vulshok Morningstar, Armadillo Cloak, Azorius Chancery, Settle Beyond Reality, Wall of Roots, Imperial Oath, Sheltering Landscape, Flayer Husk, Renegade Freighter, Wary Farmer, Vines of Vastwood, Underworld Rage-Hound, Doomed Traveler, Coalition Honor Guard, Visionary's Dance, Urban Daggertooth, Scoured Barrens, Dauntless Unity, Gift of Orzhova, Borrowed Grace, Perilous Myr"
"20","7","Green","G Stompy","Creatures","17","6","17","2.61","Utopia Sprawl, Temperamental Oozewagg, Evolution Witness, Phantom Tiger, Contagious Vorrac, Hickory Woodlot, Entourage of Trest, Treetop Snarespinner, Cradle of the Accursed, Priest of Titania, Jewel Thief, Ram Through, Horrific Assault, Nyxborn Hydra, Monstrous Emergence, Llanowar Elves, Experiment One, Sprout Swarm, Jade Guardian, Rancor, Basking Broodscale, Annoyed Altisaur, Forest, Forest, Forest, Forest, Forest, Forest, Forest, Forest, Forest, Forest, Forest, Forest, Forest, Forest, Forest, Voracious Varmint, Blastoderm, Gnarlid Colony","Escape Tunnel, Selesnya Sanctuary, Flesh Burrower, Clawing Torment, Branching Bolt, Deceptive Landscape, Rubblebelt Maverick, Hidden Grotto, Yavimaya Elder, Shardless Outlander, Quandrix Pledgemage, Lys Alana Informant, Mutagenic Growth, Conclave Naturalists, Fertile Ground, Pulse of Murasa, Captured by Lagacs, Vampire Lacerator, Goblin Anarchomancer, Warship Scout"
"20","8","Red/Blue","RU Spellslinger","Spells","10","13","17","2.83","Mocking Sprite, Ponder, Hard Evidence, Mystic Sanctuary, Izzet Boilerworks, Ardent Elementalist, Firebrand Archer, Serum Visions, Reckless Impulse, Treasure Cruise, Tempest Angler, Merfolk Looter, Capsize, Eroded Canyon, Chain Lightning, Bloodwater Entity, Mountain, Mountain, Mountain, Mountain, Mountain, Mountain, Mountain, Witness Protection, Repeal, Island, Island, Island, Island, Island, Island, Island, Cruel Witness, Into the Roil, Guttersnipe, Counterspell, Sword Coast Serpent, Behold the Multiverse, Impulse, Young Blue Dragon","Cloudkin Seer, Quandrix Campus, Seething Landscape, Bountiful Landscape, Growth Spiral, Weakstone's Subjugation, Wolf Cove Villager, Vizier of Tumbling Sands, Guardian Idol, Cryoshatter, Glimmerlight, Ironhoof Boar, Fields of Strife, Pinnacle Kill-Ship, Sparksmith, Unbounded Potential, Perilous Landscape, Bannerhide Krushok, Snapping Voidcraw"
"21","1","White","W Weenie","Humans","14","9","17","2.70","Aerie Auxiliary, Guardian of the Guildpact, Journey to Nowhere, Blessed Hippogriff, Sunlance, Triplicate Spirits, Salt Road Packbeast, Savannah Lions, Planar Disruption, Cathar Commando, Thraben Charm, Greatsword of Tyr, Search Party Captain, Basilisk Gate, Stormfront Pegasus, Elite Vanguard, Gideon's Lawkeeper, Plains, Plains, Plains, Plains, Plains, Plains, Plains, Plains, Plains, Plains, Plains, Plains, Plains, Plains, Plains, Mandibular Kite, Novice Inspector, Palace Sentinels, Dog Umbra, Battle Screech, Ardenvale Tactician, Militia Bugler, Quicksand","Tithe Drinker, Conduit Goblin, Dog Walker, Gitaxian Probe, Riling Dawnbreaker, Contaminated Landscape, Forum of Amity, Gods Willing, Vermin Gorger, Syndic of Tithes, Ironhoof Boar, Inspiring Paladin, Deftblade Elite, Bristling Backwoods, Territorial Hammerskull, Orzhov Basilica, Ancestral Blade, Suture Priest, Leonin Bola, Borrowed Grace"
"21","2","Green","G Ramp","Elves","15","8","17","2.65","Evolution Witness, Contagious Vorrac, Entourage of Trest, Treetop Snarespinner, Abundant Harvest, Priest of Titania, Elvish Mystic, Jewel Thief, Horrific Assault, Monstrous Emergence, Giant Growth, Trumpeting Herd, Experiment One, River Boa, Sprout Swarm, Jade Guardian, Rancor, Annoyed Altisaur, Forest, Forest, Forest, Forest, Forest, Forest, Forest, Forest, Forest, Forest, Forest, Forest, Forest, Forest, Forest, Forest, Forest, Voracious Varmint, Bushwhack, Blastoderm, Sarulf's Packmate, Llanowar Visionary","Cryogen Relic, Faithful Watchdog, Quandrix Campus, Savage Mansion, Wall of Roots, Ram Through, Wary Farmer, Vines of Vastwood, Ainok Bond-Kin, Mana Tithe, Greater Tanuki, Foreboding Landscape, Mutagenic Growth, Iron Apprentice, Tranquil Landscape, Pulse of Murasa, Unbounded Potential, Captured by Lagacs, Spellbook Seeker, Seeker of the Way, Gnarlid Colony, Goblin Anarchomancer"
"21","3","Black/Green","BG Graveyard","Creatures","18","5","17","3.13","Utopia Sprawl, Owlbear, Gravedigger, Golgari Rot Farm, Rubblebelt Maverick, Troll of Khazad-dûm, Hickory Woodlot, Arbor Elf, Winding Way, Mire Triton, Swamp, Swamp, Swamp, Llanowar Elves, Wild Growth, Disfigure, Sagu Wildling, Yavimaya Elder, Ainok Wayfarer, Werebear, Thorn of the Black Rose, Chitin Gravestalker, Forest, Forest, Forest, Forest, Forest, Forest, Forest, Forest, Forest, Forest, Forest, Forest, Generous Ent, Malevolent Rumble, Bramble Wurm, First-Sphere Gargantua, Sakura-Tribe Elder, Mother Bear","Retrofitted Transmogrant, Dauthi Horror, Rakdos Carnarium, Bountiful Landscape, Bone Picker, Underworld Charger, Expanding Ooze, You Hear Something on Watch, Sheltering Landscape, Bonder's Ornament, Paradox Gardens, Aether Poisoner, Cavern Harpy, Loathsome Curator, Candy Grapple, Basking Broodscale, Tamiyo's Safekeeping, Conclave Naturalists, Pestilence, Petrify"
"21","4","Black","B Midrange","Zombies","15","8","17","2.30","Crypt Rats, Gixian Infiltrator, Ecstatic Awakener, Putrid Goblin, Go for the Throat, Gurmag Angler, Dread Return, Village Rites, Falkenrath Noble, Gray Merchant of Asphodel, Unwilling Ingredient, Vampire Sovereign, Unearth, Swamp, Swamp, Swamp, Swamp, Swamp, Swamp, Swamp, Swamp, Swamp, Swamp, Swamp, Swamp, Swamp, Swamp, Swamp, Swamp, Swamp, Guildsworn Prowler, Undying Malice, Voracious Vermin, Carrion Feeder, Blood Fountain, Nested Shambler, Wither and Bloom, Accursed Marauder, Vampire Lacerator, Tragic Slip","Escape Tunnel, Clawing Torment, Branching Bolt, Putrid Leech, Lyev Skyknight, Snakeskin Veil, Homestead Courage, Judge's Familiar, Bonesplitter, Ominous Asylum, Focus Fire, Boiling Rock Prison, Dreg Mangler, Shattered Landscape, Furnace Strider, Death Denied, Carnophage, Raven's Crime, Mind Stone, Twisted Landscape, Brambleback Brute, Perilous Myr"
"21","5","Blue/White","UW Control","Spells","9","14","17","2.87","Kor Skyfisher, Ephemerate, Frost Trickster, Azorius Chancery, Lose Focus, Faith's Fetters, Settle Beyond Reality, Displace, Weakstone's Subjugation, Serum Visions, Deep Analysis, Lórien Revealed, Man-o'-War, Raffine's Informant, Miscalculation, Momentary Blink, Tocasia's Dig Site, Preordain, Ghostly Flicker, Island, Island, Island, Island, Island, Island, Plains, Plains, Plains, Plains, Plains, Plains, Plains, Plains, Plains, Mana Leak, Thraben Inspector, Inspiring Overseer, Shipwreck Dowser, Eagles of the North, Young Blue Dragon","Selesnya Sanctuary, Simic Growth Chamber, Prophetic Prism, Growth Spiral, Teetering Peaks, Night Market, Wolf Cove Villager, Scrapwork Mutt, Vizier of Tumbling Sands, Coiling Oracle, Prismatic Strands, Fields of Strife, Rhox Veteran, Dinrova Horror, Cruel Witness, Looter il-Kor, Coalition Honor Guard, Fertile Ground, Kyoshi Village, Fortress Kin-Guard"
"21","6","Red","R Burn","Spells","10","13","17","1.91","Raid Bombardment, Improvised Club, Burning-Tree Emissary, Cradle of the Accursed, Clockwork Percussionist, Lightning Bolt, Reckless Charge, Gruul Turf, Frenzied Goblin, Goblin Surprise, Firebolt, Hissing Iguanar, Rally at the Hornburg, Chain Lightning, Aether Chaser, Grim Initiate, Jackal Pup, Fireblast, Mountain, Mountain, Mountain, Mountain, Mountain, Mountain, Mountain, Mountain, Mountain, Mountain, Mountain, Mountain, Mountain, Mountain, Mountain, Burst Lightning, Fanatical Firebrand, Incinerate, Monastery Swiftspear, Lightning Strike, Beetleback Chief, Abrade","Gnawing Crescendo, Gingerbrute, Colossal Dreadmask, Vulshok Morningstar, Phantom Tiger, Kingpin's Pet, Thriving Grubs, Tenth District Legionnaire, Conduit Pylons, Cindering Cutthroat, Imperial Oath, Fireblade Artist, Fireball, Eldrazi Repurposer, Visionary's Dance, Abraded Bluffs, Seize Opportunity, Scorched Rusalka, Miner's Guidewing, Mayhem Patrol"
"21","7","Red/Blue","RU Spellslinger","Spells","8","15","17","3.00","Peregrine Drake, Phantom Interference, Mist Raven, Brainstorm, Meeting of Minds, Reckless Impulse, Treasure Cruise, Tempest Angler, Flame Slash, Bloodwater Entity, Rolling Thunder, Izzet Charm, Spelleater Wolverine, Mountain, Mountain, Mountain, Mountain, Mountain, Mountain, Mountain, Wrenn's Resolve, Plasma Bolt, Snap, Repeal, Island, Island, Island, Island, Island, Island, Island, Island, Island, Island, Tolarian Terror, Into the Roil, Brimstone Volley, Behold the Multiverse, Murmuring Mystic, Scholar of Combustion","Temperamental Oozewagg, Fireslinger, Zephyr Winder, Dark-Dweller Oracle, Oliphaunt, Rimrock Knight, Unable to Scream, Deluge Virtuoso, Wrangle, Striped Riverwinder, Candy Trail, Pestermite, Quandrix Pledgemage, Barbed Batterfist, University Campus, Underworld Rage-Hound, Nest Invader, Sylvan Might, Alabaster Host Intercessor, Writhing Chrysalis, Goblin Motivator, Snapping Voidcraw"
"21","8","Black/Blue","BU Tempo","Spells","12","11","17","3.22","Mocking Sprite, Hard Evidence, Starbreach Whale, Cloudkin Seer, Desert, Mechanozoa, Dimir Guildmage, Ninja of the Deep Hours, Mulldrifter, Faceless Butcher, Swamp, Swamp, Serrated Arrows, Merfolk Looter, Repulse, Capsize, Cryoshatter, Serum Visionary, Exclude, Remove Soul, Island, Island, Island, Island, Island, Island, Island, Island, Island, Island, Island, Island, Island, Island, Eldrazi Skyspawner, Arms of Hadar, Counterspell, Cast Down, Sword Coast Serpent, Impulse","Custodi Squire, Pristine Talisman, Desecrator Hag, Spectacle Summit, Soul Manipulation, Grim Bauble, Vendetta, Titan's Grave, Witherbloom Campus, Resentful Revelation, Shardless Outlander, Glimmerlight, Deranged Assistant, Stab Wound, Filigree Familiar, Grapple with the Past, Plagued Rusalka, Diregraf Horde, Gift of Orzhova, Okiba-Gang Shinobi, Sulfurous Blast"
"22","1","Green/Red","GR Stompy","Green/Red","15","8","17","2.74","Temperamental Oozewagg, Branching Bolt, Oliphaunt, Abundant Harvest, Priest of Titania, Gruul Turf, Ainok Wayfarer, Experiment One, River Boa, Flame Slash, Ironhoof Boar, Molten Gatekeeper, Rolling Thunder, Bristling Backwoods, Rancor, Mountain, Mountain, Mountain, Mountain, Nest Invader, Annoyed Altisaur, Burst Lightning, Eldrazi Repurposer, Forest, Forest, Forest, Forest, Forest, Forest, Forest, Forest, Forest, Forest, Forest, Lys Alana Informant, Conclave Naturalists, Fertile Ground, Writhing Chrysalis, Goblin Anarchomancer, Galvanic Discharge","Tithe Drinker, Fireslinger, Dog Walker, Deceptive Landscape, Snakeskin Veil, Ardent Elementalist, Desecrator Hag, Deluge Virtuoso, Night Market, Wolf Cove Villager, Sheltering Landscape, Cathar Commando, Mogg War Marshal, Furnace Strider, Aether Chaser, Rhox Veteran, Elite Interceptor, Goblin Motivator, Brambleback Brute, Sulfurous Blast"
"22","2","Blue","U Control","Spells, Birds","9","14","17","2.22","Ponder, Hard Evidence, Cloudkin Seer, Phantom Interference, Cryogen Relic, Mist Raven, Frost Trickster, Azorius Chancery, Judge's Familiar, Weakstone's Subjugation, Serum Visions, Deep Analysis, Tranquil Cove, Merfolk Looter, Opt, Exclude, Archaeomancer, Ghostly Flicker, Remove Soul, Island, Island, Island, Island, Island, Island, Island, Island, Island, Island, Island, Island, Island, Island, Island, Faerie Seer, Cruel Witness, Mana Leak, Counterspell, Preening Champion, Impulse","Lyev Skyknight, Mechanozoa, Izzet Boilerworks, Displace, Savannah Lions, Bonder's Ornament, Witherbloom Campus, Striped Riverwinder, Search Party Captain, Quandrix Pledgemage, Dinrova Horror, Eldrazi Skyspawner, Novice Inspector, Mind Stone, Iron Apprentice, Unbounded Potential, Spellbook Seeker, Petrify, Silver Drake, Warship Scout"
"22","3","Red/Blue","RU Spellslinger","Spells, Humans","11","12","17","3.17","Mocking Sprite, Mystic Sanctuary, Gitaxian Probe, Ninja of the Deep Hours, Mulldrifter, Firebrand Archer, Brainstorm, Cradle of the Accursed, Meeting of Minds, Consider, Treasure Cruise, Man-o'-War, Firebolt, Rally at the Hornburg, Pestermite, Eroded Canyon, Izzet Charm, Mountain, Mountain, Mountain, Hordeling Outburst, Preordain, Snap, Island, Island, Island, Island, Island, Island, Island, Island, Island, Island, Island, Tolarian Terror, Guttersnipe, Sword Coast Serpent, Murmuring Mystic, Scholar of Combustion, Abrade","Faerie Guidemother, Prophetic Prism, Raid Bombardment, Pristine Talisman, Trapped in the Screen, Contaminated Landscape, Bountiful Landscape, Dimir Aqueduct, Soul Manipulation, Wildfire Elemental, Goblin Surprise, Shardless Outlander, University Campus, Fireblast, Blightning, Territorial Hammerskull, Body Dropper, Seize Opportunity, Fanatical Firebrand"
"22","4","Red","R Burn","Spells","12","11","17","1.74","Gnawing Crescendo, Gingerbrute, Improvised Club, Rimrock Knight, Burning-Tree Emissary, Tuskeri Firewalker, Lightning Bolt, Reckless Charge, Reckless Impulse, Porcelain Legionnaire, Frenzied Goblin, Chain Lightning, Goblin Bushwhacker, Grim Initiate, Jackal Pup, Fields of Strife, Mountain, Mountain, Mountain, Mountain, Mountain, Mountain, Mountain, Mountain, Mountain, Mountain, Mountain, Mountain, Mountain, Mountain, Mountain, Mountain, Fireball, Searing Spear, Sparksmith, Skewer the Critics, Incinerate, Scorched Rusalka, Lightning Strike, Mayhem Patrol","Clawing Torment, Conduit Goblin, Thriving Grubs, Spectacle Summit, Conduit Pylons, Rally the Peasants, Fireblade Artist, Flayer Husk, Ominous Asylum, Wrangle, Boiling Rock Prison, Shattered Landscape, Greatsword of Tyr, Bloodwater Entity, Spelleater Wolverine, Elite Vanguard, Filigree Familiar, Mandibular Kite, Arms of Hadar, Mutagenic Growth, Dauntless Unity"
"22","5","Black","B Midrange","Zombies, Creatures","16","7","17","2.26","Dauthi Horror, Gravedigger, Liliana's Specter, Gixian Infiltrator, Ecstatic Awakener, Putrid Goblin, Go for the Throat, Falkenrath Noble, Gray Merchant of Asphodel, Unwilling Ingredient, Grim Bauble, Unearth, Swamp, Swamp, Swamp, Swamp, Swamp, Swamp, Swamp, Swamp, Swamp, Swamp, Swamp, Swamp, Swamp, Swamp, Swamp, Witch's Cottage, Guildsworn Prowler, Tithing Blade, Voracious Vermin, Carrion Feeder, Blood Fountain, Carrier Thrall, Nested Shambler, Pestilence, Vampire Lacerator, First-Sphere Gargantua, Quicksand, Tragic Slip","Escape Tunnel, Cindering Cutthroat, Imperial Oath, Mire Triton, Titan's Grave, Ulamog's Crusher, Renegade Freighter, Vault Skirge, Blood Aspirant, Suburban Sanctuary, Hissing Iguanar, Candy Trail, Sinister Hideout, Ainok Bond-Kin, Undying Malice, Ashes to Ashes, Suture Priest, Leonin Bola, Plagued Rusalka, Perilous Myr"
"22","6","White","W Counters","Enchantments, Soldiers","13","10","17","2.91","Selesnya Sanctuary, Kor Skyfisher, Custodi Squire, Aerie Auxiliary, Ephemerate, Heliod's Pilgrim, Armadillo Cloak, Riling Dawnbreaker, Guardian of the Guildpact, Journey to Nowhere, Salt Road Packbeast, Thraben Charm, Prismatic Strands, Mana Tithe, Gideon's Lawkeeper, Plains, Plains, Plains, Plains, Plains, Plains, Plains, Plains, Plains, Plains, Plains, Plains, Plains, Plains, Plains, Oblivion Ring, Palace Sentinels, Inspiring Overseer, Kyoshi Village, Captured by Lagacs, Dog Umbra, Battle Screech, Miner's Guidewing, Militia Bugler, Fortress Kin-Guard","Vulshok Morningstar, Rubblebelt Maverick, Faith's Fetters, Arbor Elf, Gods Willing, Expanding Ooze, Raise the Alarm, Focus Fire, Wild Growth, Resentful Revelation, Inspiring Paladin, Phantom Nomad, Visionary's Dance, Urban Daggertooth, Tranquil Landscape, Perilous Landscape, Bannerhide Krushok, Ardenvale Tactician, Llanowar Visionary, Young Blue Dragon"
"22","7","Black","B Midrange","Black","14","9","17","2.91","Retrofitted Transmogrant, Crypt Rats, Desert, Kingpin's Pet, Bone Picker, Gurmag Angler, Snuff Out, Forum of Amity, Dread Return, Village Rites, Vampire Sovereign, Faceless Butcher, Scurrilous Sentry, Okiba Reckoner Raid, Swamp, Swamp, Swamp, Swamp, Swamp, Swamp, Swamp, Swamp, Swamp, Swamp, Swamp, Swamp, Vermin Gorger, Haunted Fengraf, Night's Whisper, Syndic of Tithes, Thorn of the Black Rose, Orzhov Basilica, Stab Wound, Dauthi Slayer, Cast Down, Wither and Bloom, Snarling Gorehound, Scoured Barrens, Okiba-Gang Shinobi, Tortured Existence","Champion of Dusan, Dimir Guildmage, Underworld Charger, Triplicate Spirits, Soltari Trooper, You Hear Something on Watch, Aether Poisoner, Pillory of the Sleepless, Loathsome Curator, Boros Garrison, Death Denied, Doomed Traveler, Momentary Blink, Stormfront Pegasus, Bramble Wurm, Gift of Orzhova, Borrowed Grace"
"22","8","Green/Blue","GU Ramp","Green/Blue","15","8","17","2.87","Utopia Sprawl, Peregrine Drake, Quandrix Campus, Contagious Vorrac, Hickory Woodlot, Entourage of Trest, Treetop Snarespinner, Growth Spiral, Wall of Roots, Elvish Mystic, Winding Way, Monstrous Emergence, Trumpeting Herd, Coiling Oracle, Capsize, Yavimaya Elder, Krosan Tusker, Sprout Swarm, Werebear, Island, Forest, Forest, Forest, Forest, Forest, Forest, Forest, Forest, Forest, Forest, Forest, Forest, Forest, Forest, Generous Ent, Voracious Varmint, Bushwhack, Sakura-Tribe Elder, Snapping Voidcraw, Mother Bear","Starbreach Whale, Zephyr Winder, Phantom Tiger, Savage Mansion, Golgari Rot Farm, Hidden Grotto, Ram Through, Giant Growth, Hooting Mandrills, Dreg Mangler, Cavern Harpy, Jade Guardian, Deftblade Elite, Ancestral Blade, Tamiyo's Safekeeping, You Meet in a Tavern, Sylvan Might, Pulse of Murasa, Twisted Landscape, Gnarlid Colony"
"23","1","Green/Blue","GU Ramp","Creatures","16","7","17","3.00","Simic Growth Chamber, Colossal Dreadmask, Quandrix Campus, Hickory Woodlot, Wall of Roots, Nyxborn Hydra, Llanowar Elves, Vizier of Tumbling Sands, Coiling Oracle, Wild Growth, Capsize, Krosan Tusker, Miscalculation, Werebear, Nest Invader, Annoyed Altisaur, Island, Forest, Forest, Forest, Forest, Forest, Forest, Forest, Forest, Forest, Forest, Forest, Forest, Forest, Lys Alana Informant, Generous Ent, Conclave Naturalists, Fertile Ground, Malevolent Rumble, Pulse of Murasa, Sakura-Tribe Elder, Snapping Voidcraw, Llanowar Visionary, Mother Bear","Starbreach Whale, Cryogen Relic, Frost Trickster, Dimir Guildmage, Night Market, Merfolk Looter, Boiling Rock Prison, Witherbloom Campus, Vermin Gorger, Cryoshatter, Search Party Captain, Exclude, Blood Fountain, Burst Lightning, Plasma Bolt, Foreboding Landscape, Oblivion Ring, Looter il-Kor, Visionary's Dance"
"23","2","Red/Blue","RU Spellslinger","Spells, Wizards","12","11","17","2.52","Cloudkin Seer, Zephyr Winder, Mystic Sanctuary, Gitaxian Probe, Ardent Elementalist, Rimrock Knight, Firebrand Archer, Meeting of Minds, Deep Analysis, Tempest Angler, Rally at the Hornburg, Bloodwater Entity, Spelleater Wolverine, Mountain, Mountain, Mountain, Mountain, Mountain, Mountain, Mountain, Mountain, Witness Protection, Fireball, Island, Island, Island, Island, Island, Island, Island, Island, Faerie Seer, Into the Roil, Counterspell, Murmuring Mystic, Preening Champion, Lightning Strike, Impulse, Abrade, Young Blue Dragon","Flesh Burrower, Faerie Guidemother, Conduit Goblin, Raid Bombardment, Mechanozoa, Riling Dawnbreaker, Homestead Courage, Journey to Nowhere, Burning-Tree Emissary, Deluge Virtuoso, Weakstone's Subjugation, Wrangle, Hooting Mandrills, Voracious Vermin, University Campus, Abraded Bluffs, Seize Opportunity, Dauntless Unity, Seeker of the Way, Warship Scout, Sulfurous Blast"
"23","3","Green/White","GW Counters","Green/White","14","9","17","2.52","Escape Tunnel, Selesnya Sanctuary, Aerie Auxiliary, Evolution Witness, Faithful Watchdog, Armadillo Cloak, Phantom Tiger, Contagious Vorrac, Snakeskin Veil, Priest of Titania, Elvish Mystic, Jewel Thief, Horrific Assault, Trumpeting Herd, Suburban Sanctuary, Sagu Wildling, Greatsword of Tyr, Experiment One, Ainok Bond-Kin, Sprout Swarm, Jade Guardian, Basking Broodscale, Forest, Forest, Forest, Forest, Forest, Forest, Forest, Forest, Forest, Forest, Forest, Plains, Plains, Bushwhack, Urban Daggertooth, Kyoshi Village, Captured by Lagacs, Dog Umbra","Custodi Squire, Vulshok Morningstar, Kingpin's Pet, Desecrator Hag, Tenth District Legionnaire, Expanding Ooze, Salt Road Packbeast, Giant Growth, Raise the Alarm, Thraben Charm, Vines of Vastwood, Territorial Hammerskull, Stormfront Pegasus, Elite Vanguard, Tamiyo's Safekeeping, Phantom Nomad, Grapple with the Past, Palace Sentinels"
"23","4","Black","B Midrange","Spells, Zombies","11","12","17","2.48","Retrofitted Transmogrant, Desert, Gravedigger, Liliana's Specter, Go for the Throat, Snuff Out, Unwilling Ingredient, Grim Bauble, Vampire Sovereign, Unearth, Mire Triton, Swamp, Swamp, Swamp, Swamp, Swamp, Swamp, Swamp, Swamp, Swamp, Swamp, Swamp, Swamp, Swamp, Swamp, Doom Blade, Witch's Cottage, Guildsworn Prowler, Haunted Fengraf, Loathsome Curator, Candy Grapple, Raven's Crime, Stab Wound, Chitin Gravestalker, Dauthi Slayer, Cast Down, Accursed Marauder, Pestilence, Tragic Slip, Tortured Existence","Dauthi Horror, Putrid Leech, Pristine Talisman, Spectacle Summit, Forum of Amity, Underworld Charger, Winding Way, Renegade Freighter, Porcelain Legionnaire, Ominous Asylum, Aether Poisoner, Shattered Landscape, Death Denied, Doomed Traveler, Ancestral Blade, Nested Shambler, Mind Stone, Gnarlid Colony, Serpent's Pass"
"23","5","Blue/White","UW Control","Blue/White","13","10","17","3.17","Kor Skyfisher, Peregrine Drake, Ephemerate, Azorius Chancery, Lyev Skyknight, Guardian of the Guildpact, Trapped in the Screen, Mulldrifter, Faith's Fetters, Settle Beyond Reality, Sunlance, Tranquil Cove, Planar Disruption, Serum Visionary, Condescend, Momentary Blink, Archaeomancer, Preordain, Ghostly Flicker, Island, Island, Island, Island, Plains, Plains, Plains, Plains, Plains, Plains, Plains, Plains, Plains, Plains, Plains, Novice Inspector, Alabaster Host Intercessor, Inspiring Overseer, Shipwreck Dowser, Eagles of the North, Silver Drake","Treetop Snarespinner, Blessed Hippogriff, Hidden Grotto, Gods Willing, Imperial Oath, You Hear Something on Watch, Titan's Grave, Treasure Cruise, Cavern Harpy, Prismatic Strands, Syndic of Tithes, Mana Tithe, Inspiring Paladin, Gideon's Lawkeeper, Scoured Barrens, Tranquil Landscape, Diregraf Horde, Perilous Landscape, Ardenvale Tactician, Militia Bugler"
"23","6","Black/Blue","BU Tempo","Spells","13","10","17","3.65","Crypt Rats, Troll of Khazad-dûm, Putrid Goblin, Bone Picker, Dread Return, Village Rites, Dimir Aqueduct, Gray Merchant of Asphodel, Soul Manipulation, Vendetta, Faceless Butcher, Okiba Reckoner Raid, Swamp, Swamp, Swamp, Swamp, Swamp, Swamp, Swamp, Swamp, Swamp, Swamp, Swamp, Swamp, Swamp, Resentful Revelation, Striped Riverwinder, Disfigure, Sinister Hideout, Tithing Blade, Thorn of the Black Rose, Dinrova Horror, Island, Island, Eldrazi Skyspawner, Arms of Hadar, Mirrorshell Crab, Wither and Bloom, Sword Coast Serpent, Okiba-Gang Shinobi","Tithe Drinker, Clawing Torment, Prophetic Prism, Rubblebelt Maverick, Gixian Infiltrator, Ram Through, Ulamog's Crusher, Paradox Gardens, Candy Trail, Guardian Idol, Furnace Strider, Carrion Feeder, Fields of Strife, Orzhov Basilica, You Meet in a Tavern, Plagued Rusalka, Bramble Wurm, Gift of Orzhova, Bannerhide Krushok, Borrowed Grace"
"23","7","Red/Blue","RU Spellslinger","Spells, Humans","10","13","17","2.35","Mocking Sprite, Izzet Boilerworks, Ninja of the Deep Hours, Judge's Familiar, Brainstorm, Bonesplitter, Reckless Charge, Consider, Reckless Impulse, Lórien Revealed, Wildfire Elemental, Moon-Circuit Hacker, Pestermite, Eroded Canyon, Aether Chaser, Izzet Charm, Mountain, Mountain, Mountain, Mountain, Mountain, Mountain, Mountain, Mountain, Mountain, Tocasia's Dig Site, Searing Spear, Snap, Island, Island, Island, Island, Island, Jhessian Thief, Mana Leak, Guttersnipe, Brimstone Volley, Incinerate, Scholar of Combustion, Galvanic Discharge","Gnawing Crescendo, Heliod's Pilgrim, Gingerbrute, Dog Walker, Seething Landscape, Bountiful Landscape, Conduit Pylons, Triplicate Spirits, Sheltering Landscape, Flayer Husk, Serrated Arrows, Frenzied Goblin, Bristling Backwoods, Deranged Assistant, Mandibular Kite, Fanatical Firebrand, Leonin Bola, Elite Interceptor, Petrify"
"23","8","Red","R Burn","Spells, Goblins","15","8","17","2.22","Dark-Dweller Oracle, Improvised Club, Witty Roastmaster, Cradle of the Accursed, Clockwork Percussionist, Lightning Bolt, Scrapwork Mutt, Goblin Surprise, Firebolt, Mogg War Marshal, Shock Brigade, Chain Lightning, Goblin Bushwhacker, Ironhoof Boar, Molten Gatekeeper, Grim Initiate, Jackal Pup, Fireblast, Underworld Rage-Hound, Mountain, Mountain, Mountain, Mountain, Mountain, Mountain, Mountain, Mountain, Mountain, Mountain, Mountain, Mountain, Mountain, Mountain, Mountain, Hordeling Outburst, Sparksmith, Skewer the Critics, Scorched Rusalka, Quicksand, Mayhem Patrol","Rakdos Carnarium, Champion of Dusan, Oliphaunt, Savage Mansion, Rally the Peasants, Fireblade Artist, Vault Skirge, Blood Aspirant, Glimmerlight, Carnophage, Blightning, Rhox Veteran, Pinnacle Kill-Ship, Mutagenic Growth, Suture Priest, Unbounded Potential, Twisted Landscape, Spellbook Seeker, Brambleback Brute, Perilous Myr"
"24","1","Green","G Ramp","Enchantments, Druids, Creatures","18","5","17","2.74","Utopia Sprawl, Evolution Witness, Owlbear, Colossal Dreadmask, Contagious Vorrac, Cradle of the Accursed, Priest of Titania, Wall of Roots, Elvish Mystic, Arbor Elf, Jewel Thief, Nyxborn Hydra, Trumpeting Herd, Wild Growth, Yavimaya Elder, Werebear, Rancor, Eldrazi Repurposer, Greater Tanuki, Forest, Forest, Forest, Forest, Forest, Forest, Forest, Forest, Forest, Forest, Forest, Forest, Forest, Forest, Forest, Forest, Voracious Varmint, Blastoderm, Bannerhide Krushok, Sakura-Tribe Elder, Llanowar Visionary","Gnawing Crescendo, Flesh Burrower, Temperamental Oozewagg, Branching Bolt, Armadillo Cloak, Phantom Tiger, Lyev Skyknight, Bountiful Landscape, Abundant Harvest, Growth Spiral, Winding Way, Renegade Freighter, Serrated Arrows, Ainok Wayfarer, Experiment One, You Meet in a Tavern, Sylvan Might, Conclave Naturalists, Writhing Chrysalis, Scoured Barrens, Kyoshi Village"
"24","2","Black","B Midrange","Black","12","11","17","2.74","Liliana's Specter, Gurmag Angler, Snuff Out, Village Rites, Underworld Charger, Grim Bauble, Vampire Sovereign, Unearth, Mire Triton, Faceless Butcher, Swamp, Swamp, Swamp, Swamp, Swamp, Swamp, Swamp, Swamp, Swamp, Swamp, Swamp, Swamp, Swamp, Swamp, Swamp, Witch's Cottage, Aether Poisoner, Disfigure, Night's Whisper, Voracious Vermin, Ashes to Ashes, Candy Grapple, Thorn of the Black Rose, Tocasia's Dig Site, Stab Wound, Blood Fountain, Carrier Thrall, Accursed Marauder, First-Sphere Gargantua, Tortured Existence","Selesnya Sanctuary, Putrid Leech, Deceptive Landscape, Rubblebelt Maverick, Riling Dawnbreaker, Desecrator Hag, Entourage of Trest, Mardu Skullhunter, Soul Manipulation, Expanding Ooze, Wolf Cove Villager, Bonder's Ornament, Witherbloom Campus, Suburban Sanctuary, Dreg Mangler, Candy Trail, Coalition Honor Guard, Twisted Landscape, Gift of Orzhova, Borrowed Grace"
"24","3","Black/Blue","BU Tempo","Spells, Wizards","11","12","17","2.70","Mocking Sprite, Cloudkin Seer, Mystic Sanctuary, Dimir Guildmage, Lose Focus, Mulldrifter, Forum of Amity, Weakstone's Subjugation, Swamp, Swamp, Deep Analysis, Doom Blade, Opt, Resentful Revelation, Striped Riverwinder, Capsize, Moon-Circuit Hacker, Pestermite, Miscalculation, Serum Visionary, Deranged Assistant, Witness Protection, Dinrova Horror, Repeal, Island, Island, Island, Island, Island, Island, Island, Island, Island, Island, Island, Island, Island, Arms of Hadar, Cast Down, Elite Interceptor","Rakdos Carnarium, Clawing Torment, Gingerbrute, Savage Mansion, Putrid Goblin, Bogardan Dragonheart, Imperial Oath, Titan's Grave, Focus Fire, Guildsworn Prowler, Guardian Idol, Death Denied, Carnophage, Underworld Rage-Hound, Lys Alana Informant, Vampire Lacerator, Perilous Landscape, Warship Scout, Mayhem Patrol, Mother Bear"
"24","4","Red/Blue","RU Spellslinger","Spells","9","14","17","2.78","Cryogen Relic, Oliphaunt, Izzet Boilerworks, Ninja of the Deep Hours, Improvised Club, Brainstorm, Teetering Peaks, Gruul Turf, Goblin Surprise, Eroded Canyon, Quandrix Pledgemage, Flame Slash, Bloodwater Entity, Rolling Thunder, Spelleater Wolverine, Mountain, Mountain, Mountain, Mountain, Mountain, Mountain, Mountain, Mountain, Searing Spear, Snap, Island, Island, Island, Island, Island, Jhessian Thief, Mana Leak, Guttersnipe, Counterspell, Mirrorshell Crab, Murmuring Mystic, Galvanic Discharge, Sulfurous Blast, Lightning Strike, Abrade","Conduit Goblin, Vulshok Morningstar, Raid Bombardment, Thriving Grubs, Tuskeri Firewalker, Conduit Pylons, Deluge Virtuoso, Ominous Asylum, Mogg War Marshal, Ainok Bond-Kin, Molten Gatekeeper, Barbed Batterfist, Fields of Strife, Mandibular Kite, Oblivion Ring, Mind Stone, Abraded Bluffs, Scorched Rusalka"
"24","5","Black/White","BW Aristocrats","Humans, Creatures","17","6","17","2.26","Retrofitted Transmogrant, Dauthi Horror, Kingpin's Pet, Troll of Khazad-dûm, Gixian Infiltrator, Ecstatic Awakener, Falkenrath Noble, Gray Merchant of Asphodel, Vendetta, Okiba Reckoner Raid, Swamp, Swamp, Swamp, Swamp, Swamp, Swamp, Swamp, Swamp, Swamp, Swamp, Swamp, Swamp, Swamp, Pillory of the Sleepless, Raffine's Informant, Syndic of Tithes, Deftblade Elite, Carrion Feeder, Orzhov Basilica, Plains, Plains, Plains, Nested Shambler, Dauthi Slayer, Novice Inspector, Wither and Bloom, Snarling Gorehound, Pestilence, Okiba-Gang Shinobi, Tragic Slip","Pristine Talisman, Dread Return, Dimir Aqueduct, Hidden Grotto, Salt Road Packbeast, Savannah Lions, Vault Skirge, Hooting Mandrills, Cathar Commando, Greatsword of Tyr, Loathsome Curator, Prismatic Strands, Territorial Hammerskull, Stormfront Pegasus, Grapple with the Past, Plagued Rusalka, Diregraf Horde, Bramble Wurm, Dauntless Unity, Miner's Guidewing, Militia Bugler"
"24","6","Red","R Burn","Spells, Humans","12","11","17","2.00","Desert, Rimrock Knight, Firebrand Archer, Burning-Tree Emissary, Clockwork Percussionist, Lightning Bolt, Reckless Charge, Frenzied Goblin, Hissing Iguanar, Rally at the Hornburg, Shock Brigade, Chain Lightning, Aether Chaser, Grim Initiate, Bristling Backwoods, Fireblast, Mountain, Mountain, Mountain, Mountain, Mountain, Mountain, Mountain, Mountain, Mountain, Mountain, Mountain, Mountain, Mountain, Mountain, Mountain, Hordeling Outburst, Wrenn's Resolve, Burst Lightning, Plasma Bolt, Sparksmith, Skewer the Critics, Incinerate, Monastery Swiftspear, Beetleback Chief","Fireslinger, Dog Walker, Cindering Cutthroat, Scrapwork Mutt, Flayer Husk, Tempest Angler, Boiling Rock Prison, Blood Aspirant, Vermin Gorger, Thraben Charm, Furnace Strider, Vines of Vastwood, Boros Garrison, Glimmerlight, Ironhoof Boar, Inspiring Paladin, Elite Vanguard, Filigree Familiar, Iron Apprentice, Seeker of the Way"
"24","7","Blue/White","UW Control","Spells","9","14","17","2.65","Starbreach Whale, Gitaxian Probe, Trapped in the Screen, Judge's Familiar, Sunlance, Gods Willing, Consider, Serum Visions, Treasure Cruise, Planar Disruption, Lórien Revealed, Condescend, University Campus, Exclude, Island, Island, Island, Island, Island, Island, Island, Island, Island, Faerie Seer, Plains, Plains, Plains, Plains, Plains, Plains, Plains, Into the Roil, Looter il-Kor, Thraben Inspector, Palace Sentinels, Eagles of the North, Battle Screech, Ardenvale Tactician, Silver Drake, Impulse","Champion of Dusan, Prophetic Prism, Zephyr Winder, Tenth District Legionnaire, Blessed Hippogriff, Rally the Peasants, Triplicate Spirits, You Hear Something on Watch, Raise the Alarm, Merfolk Looter, Search Party Captain, Ancestral Blade, Pinnacle Kill-Ship, Gideon's Lawkeeper, Suture Priest, Urban Daggertooth, Tranquil Landscape, Unbounded Potential, Brambleback Brute, Perilous Myr, Fortress Kin-Guard"
"24","8","Green/Blue/White","GUW Blink","Green/Blue/White","14","9","17","3.17","Peregrine Drake, Ephemerate, Faithful Watchdog, Quandrix Campus, Mechanozoa, Hickory Woodlot, Settle Beyond Reality, Displace, Unable to Scream, Llanowar Elves, Coiling Oracle, Haunted Fengraf, Sagu Wildling, Krosan Tusker, Cryoshatter, Sprout Swarm, Momentary Blink, Basking Broodscale, Ghostly Flicker, Island, Island, Island, Island, Island, Island, Forest, Forest, Forest, Forest, Eldrazi Skyspawner, Plains, Plains, Plains, Plains, Bushwhack, Alabaster Host Intercessor, Inspiring Overseer, Shipwreck Dowser, Snapping Voidcraw, Sarulf's Packmate","Custodi Squire, Aerie Auxiliary, Heliod's Pilgrim, Faith's Fetters, Treetop Snarespinner, Meeting of Minds, Monstrous Emergence, Wary Farmer, Vizier of Tumbling Sands, River Boa, Mana Tithe, Blightning, Annoyed Altisaur, Tamiyo's Safekeeping, Leonin Bola, Captured by Lagacs, Spellbook Seeker, Gnarlid Colony, Petrify"
"25","1","Black","B Midrange","Zombies","11","12","17","2.96","Retrofitted Transmogrant, Gurmag Angler, Cradle of the Accursed, Gray Merchant of Asphodel, Underworld Charger, Grim Bauble, Mire Triton, Faceless Butcher, Scurrilous Sentry, Swamp, Swamp, Swamp, Swamp, Swamp, Swamp, Swamp, Swamp, Swamp, Swamp, Swamp, Swamp, Witch's Cottage, Night's Whisper, Sinister Hideout, Ashes to Ashes, Death Denied, Candy Grapple, Tocasia's Dig Site, Stab Wound, Blood Fountain, Chitin Gravestalker, Dinrova Horror, Arms of Hadar, Cast Down, Wither and Bloom, Snarling Gorehound, Accursed Marauder, Pestilence, Serpent's Pass, Tortured Existence","Starbreach Whale, Prophetic Prism, Azorius Chancery, Judge's Familiar, Contaminated Landscape, Seething Landscape, Unwilling Ingredient, Fireblade Artist, Renegade Freighter, Shattered Landscape, Voracious Vermin, Blightning, Carrier Thrall, Foreboding Landscape, Plagued Rusalka, Twisted Landscape, Impulse"
"25","2","Green/Red","GR Stompy","Creatures","19","4","17","3.04","Simic Growth Chamber, Champion of Dusan, Evolution Witness, Quandrix Campus, Oliphaunt, Izzet Boilerworks, Elvish Mystic, Nyxborn Hydra, Winding Way, Scrapwork Mutt, Gruul Turf, Llanowar Elves, Coiling Oracle, Hooting Mandrills, Sagu Wildling, Flame Slash, Jade Guardian, Werebear, Mountain, Eldrazi Repurposer, Forest, Forest, Forest, Forest, Forest, Forest, Forest, Forest, Forest, Forest, Forest, Forest, Generous Ent, Voracious Varmint, You Meet in a Tavern, Conclave Naturalists, Writhing Chrysalis, Pulse of Murasa, Gnarlid Colony, Goblin Anarchomancer","Dog Walker, Dark-Dweller Oracle, Ardent Elementalist, Thriving Grubs, Tuskeri Firewalker, Conduit Pylons, Bogardan Dragonheart, Deluge Virtuoso, Reckless Charge, Soltari Trooper, Wary Farmer, Boiling Rock Prison, Blood Aspirant, Boros Garrison, Molten Gatekeeper, Visionary's Dance, Perilous Myr, Sulfurous Blast"
"25","3","Red","R Burn","Goblins","14","9","17","1.87","Gingerbrute, Desert, Rimrock Knight, Bonesplitter, Flayer Husk, Frenzied Goblin, Mogg War Marshal, Hissing Iguanar, Rally at the Hornburg, Shock Brigade, Goblin Bushwhacker, Aether Chaser, Grim Initiate, Jackal Pup, Fireblast, Mountain, Mountain, Mountain, Mountain, Mountain, Mountain, Mountain, Mountain, Mountain, Mountain, Mountain, Mountain, Mountain, Mountain, Mountain, Mountain, Wrenn's Resolve, Burst Lightning, Plasma Bolt, Skewer the Critics, Incinerate, Monastery Swiftspear, Scorched Rusalka, Beetleback Chief, Mayhem Patrol","Dauthi Horror, Conduit Goblin, Riling Dawnbreaker, Rally the Peasants, Cindering Cutthroat, Reckless Impulse, Vault Skirge, Ironhoof Boar, Barbed Batterfist, Inspiring Paladin, Filigree Familiar, Phantom Nomad, Body Dropper, Guttersnipe, Iron Apprentice, Goblin Motivator, Seeker of the Way, Borrowed Grace, Scholar of Combustion, Warship Scout, Abrade"
"25","4","Green","G Ramp","Green","11","12","17","2.70","Utopia Sprawl, Selesnya Sanctuary, Owlbear, Colossal Dreadmask, Armadillo Cloak, Entourage of Trest, Abundant Harvest, Arbor Elf, Jewel Thief, Giant Growth, Trumpeting Herd, Haunted Fengraf, Ainok Wayfarer, Krosan Tusker, Vines of Vastwood, Rancor, Nest Invader, Forest, Forest, Forest, Forest, Forest, Forest, Forest, Forest, Forest, Forest, Forest, Forest, Forest, Forest, Forest, Lys Alana Informant, Tamiyo's Safekeeping, Sylvan Might, Urban Daggertooth, Fertile Ground, Grapple with the Past, Blastoderm, Mother Bear","Gnawing Crescendo, Aerie Auxiliary, Vulshok Morningstar, Faithful Watchdog, Putrid Leech, Golgari Rot Farm, Teetering Peaks, Expanding Ooze, Okiba Reckoner Raid, Titan's Grave, Merfolk Looter, Focus Fire, Thraben Charm, Shardless Outlander, Ainok Bond-Kin, Glimmerlight, Deranged Assistant, Elite Vanguard, Leonin Bola, Unbounded Potential"
"25","5","White","W Weenie","Humans","12","11","17","2.61","Guardian of the Guildpact, Trapped in the Screen, Forum of Amity, Triplicate Spirits, Salt Road Packbeast, Raise the Alarm, Planar Disruption, Porcelain Legionnaire, Pillory of the Sleepless, Cathar Commando, Greatsword of Tyr, Raffine's Informant, Syndic of Tithes, Mana Tithe, Orzhov Basilica, Ancestral Blade, Stormfront Pegasus, Plains, Plains, Plains, Plains, Plains, Plains, Plains, Plains, Plains, Plains, Plains, Plains, Plains, Plains, Mandibular Kite, Novice Inspector, Suture Priest, Palace Sentinels, Scoured Barrens, Battle Screech, Miner's Guidewing, Petrify, Militia Bugler","Heliod's Pilgrim, Liliana's Specter, Savage Mansion, Troll of Khazad-dûm, Ecstatic Awakener, Putrid Goblin, Snuff Out, Vampire Sovereign, Guardian Idol, Tithing Blade, Doomed Traveler, Fields of Strife, Territorial Hammerskull, Thorn of the Black Rose, Dauthi Slayer, Vampire Lacerator, Shipwreck Dowser, Gift of Orzhova, Tragic Slip"
"25","6","Green","G Ramp","Green","14","9","17","2.70","Flesh Burrower, Temperamental Oozewagg, Rubblebelt Maverick, Snakeskin Veil, Hickory Woodlot, Treetop Snarespinner, Priest of Titania, Ram Through, Horrific Assault, Bonder's Ornament, Wild Growth, Yavimaya Elder, Experiment One, River Boa, Sprout Swarm, Annoyed Altisaur, Island, Greater Tanuki, Forest, Forest, Forest, Forest, Forest, Forest, Forest, Forest, Forest, Forest, Forest, Forest, Forest, Forest, Forest, Mutagenic Growth, Bushwhack, Mind Stone, Bramble Wurm, Bannerhide Krushok, Sakura-Tribe Elder, Snapping Voidcraw","Escape Tunnel, Mystic Sanctuary, Meeting of Minds, Night Market, Witherbloom Campus, Striped Riverwinder, Candy Trail, Furnace Strider, Serum Visionary, University Campus, Deftblade Elite, Witness Protection, Eldrazi Skyspawner, Looter il-Kor, Tranquil Landscape, Kyoshi Village, Captured by Lagacs, Dauntless Unity, Spellbook Seeker, Brambleback Brute, Young Blue Dragon"
"25","7","Blue/White","UW Control","Spells, Birds","12","11","17","3.13","Cloudkin Seer, Peregrine Drake, Phantom Interference, Ephemerate, Cryogen Relic, Mist Raven, Frost Trickster, Lose Focus, Ninja of the Deep Hours, Mulldrifter, Journey to Nowhere, Settle Beyond Reality, Displace, Tranquil Cove, Lórien Revealed, Momentary Blink, Archaeomancer, Island, Island, Island, Island, Island, Island, Island, Island, Island, Plains, Plains, Plains, Plains, Plains, Plains, Plains, Oblivion Ring, Into the Roil, Thraben Inspector, Inspiring Overseer, Preening Champion, Eagles of the North, Silver Drake","Faerie Guidemother, Custodi Squire, Mechanozoa, Homestead Courage, Blessed Hippogriff, Sunlance, Unable to Scream, Soul Manipulation, You Hear Something on Watch, Treasure Cruise, Ominous Asylum, Repulse, Eroded Canyon, Search Party Captain, Loathsome Curator, Undying Malice, Prismatic Strands, Rhox Veteran, Jhessian Thief, Coalition Honor Guard, Alabaster Host Intercessor"
"25","8","Red/Blue","RU Spellslinger","Spells","6","17","17","2.43","Mocking Sprite, Hard Evidence, Gitaxian Probe, Firebrand Archer, Spectacle Summit, Brainstorm, Serum Visions, Deep Analysis, Tempest Angler, Firebolt, Chain Lightning, Bloodwater Entity, Izzet Charm, Mountain, Mountain, Mountain, Mountain, Mountain, Mountain, Mountain, Exclude, Fireball, Searing Spear, Snap, Island, Island, Island, Island, Island, Island, Island, Island, Tolarian Terror, Mana Leak, Counterspell, Sword Coast Serpent, Behold the Multiverse, Galvanic Discharge, Quicksand, Lightning Strike","Rakdos Carnarium, Zephyr Winder, Raid Bombardment, Improvised Club, Bountiful Landscape, Witty Roastmaster, Clockwork Percussionist, Savannah Lions, Vizier of Tumbling Sands, Wrangle, Aether Poisoner, Vermin Gorger, Condescend, Raven's Crime, Spelleater Wolverine, Repeal, Sparksmith, Mirrorshell Crab, Seize Opportunity, Brimstone Volley"
"26","1","Red/White","RW Aggro","Spells, Humans","11","12","17","2.00","Conduit Goblin, Raid Bombardment, Rimrock Knight, Tenth District Legionnaire, Witty Roastmaster, Lightning Bolt, Raise the Alarm, Savannah Lions, Porcelain Legionnaire, Goblin Surprise, Rally at the Hornburg, Chain Lightning, Goblin Bushwhacker, Aether Chaser, Molten Gatekeeper, Barbed Batterfist, Mountain, Mountain, Mountain, Mountain, Mountain, Mountain, Mountain, Mountain, Mountain, Mountain, Mountain, Mountain, Hordeling Outburst, Elite Vanguard, Plains, Plains, Plains, Plains, Mandibular Kite, Novice Inspector, Abraded Bluffs, Brimstone Volley, Incinerate, Abrade","Abundant Harvest, Sunlance, Gods Willing, Soltari Trooper, Wolf Cove Villager, Sheltering Landscape, Focus Fire, Wildfire Elemental, Cathar Commando, Greatsword of Tyr, Carrion Feeder, Wrenn's Resolve, Sparksmith, Gideon's Lawkeeper, Phantom Nomad, Thraben Inspector, Dauntless Unity, Scorched Rusalka, Dog Umbra, Miner's Guidewing, Brambleback Brute"
"26","2","Red/Blue","RU Spellslinger","Spells","8","15","17","2.13","Mocking Sprite, Ponder, Hard Evidence, Frost Trickster, Mystic Sanctuary, Desert, Izzet Boilerworks, Gitaxian Probe, Brainstorm, Unable to Scream, Man-o'-War, Firebolt, Haunted Fengraf, Pestermite, Bloodwater Entity, Fireblast, Izzet Charm, Mountain, Mountain, Mountain, Mountain, Mountain, Mountain, Witness Protection, Exclude, Fireball, Burst Lightning, Snap, Island, Island, Island, Island, Island, Island, Island, Cruel Witness, Skewer the Critics, Guttersnipe, Monastery Swiftspear, Galvanic Discharge","Starbreach Whale, Fireslinger, Armadillo Cloak, Improvised Club, Thriving Grubs, Frenzied Goblin, Wrangle, Blood Aspirant, Shock Brigade, Glimmerlight, Ironhoof Boar, Grim Initiate, Seize Opportunity, Tranquil Landscape, Goblin Motivator, Perilous Landscape, Silver Drake, Mayhem Patrol"
"26","3","Black/Blue","BU Tempo","Spells","12","11","17","3.17","Liliana's Specter, Dimir Guildmage, Mulldrifter, Dread Return, Vampire Sovereign, Vendetta, Faceless Butcher, Scurrilous Sentry, Swamp, Swamp, Swamp, Swamp, Swamp, Swamp, Swamp, Swamp, Swamp, Swamp, Swamp, Deep Analysis, Doom Blade, Treasure Cruise, Witch's Cottage, Cavern Harpy, Cryoshatter, Condescend, Thorn of the Black Rose, Stab Wound, Blood Fountain, Chitin Gravestalker, Island, Island, Island, Island, Island, Into the Roil, Looter il-Kor, Cast Down, Accursed Marauder, Shipwreck Dowser","Gnawing Crescendo, Snakeskin Veil, Gixian Infiltrator, Desecrator Hag, Ecstatic Awakener, Entourage of Trest, Mardu Skullhunter, Conduit Pylons, Hidden Grotto, Underworld Charger, Bogardan Dragonheart, Night Market, Renegade Freighter, Boiling Rock Prison, Candy Trail, Voracious Vermin, Foreboding Landscape, Fertile Ground, Snarling Gorehound, Gift of Orzhova, Scholar of Combustion"
"26","4","Black/Red/Blue","BRU Tempo","Spells, Humans","12","11","17","3.00","Phantom Interference, Oliphaunt, Lose Focus, Ardent Elementalist, Troll of Khazad-dûm, Seething Landscape, Meeting of Minds, Deluge Virtuoso, Soul Manipulation, Cindering Cutthroat, Consider, Unearth, Swamp, Swamp, Scrapwork Mutt, Merfolk Looter, Ominous Asylum, Sinister Hideout, Basilisk Gate, Flame Slash, Deranged Assistant, Spelleater Wolverine, Mountain, Mountain, Mountain, Mountain, Mountain, Mountain, Blightning, Dinrova Horror, Island, Island, Island, Island, Tolarian Terror, Arms of Hadar, Wither and Bloom, Elite Interceptor, Quicksand, Impulse","Zephyr Winder, Gravedigger, Savage Mansion, Bountiful Landscape, Village Rites, Expanding Ooze, Reckless Impulse, Titan's Grave, Trumpeting Herd, Aether Poisoner, Hissing Iguanar, Undying Malice, Underworld Rage-Hound, Body Dropper, Twisted Landscape, Gnarlid Colony, Militia Bugler"
"26","5","Blue/White","UW Control","Humans","12","11","17","3.04","Kor Skyfisher, Custodi Squire, Peregrine Drake, Heliod's Pilgrim, Cryogen Relic, Azorius Chancery, Lyev Skyknight, Guardian of the Guildpact, Trapped in the Screen, Judge's Familiar, Faith's Fetters, Journey to Nowhere, Settle Beyond Reality, Cradle of the Accursed, Tranquil Cove, Bonder's Ornament, Miscalculation, Serum Visionary, Mana Tithe, Momentary Blink, Archaeomancer, Island, Island, Island, Island, Eldrazi Skyspawner, Plains, Plains, Plains, Plains, Plains, Plains, Plains, Plains, Plains, Plains, Oblivion Ring, Mana Leak, Coalition Honor Guard, Palace Sentinels","Faerie Guidemother, Temperamental Oozewagg, Contaminated Landscape, Blessed Hippogriff, Fireblade Artist, You Hear Something on Watch, Coiling Oracle, Suburban Sanctuary, Search Party Captain, Inspiring Paladin, Deftblade Elite, Doomed Traveler, Fields of Strife, Rhox Veteran, Ancestral Blade, Mind Stone, Writhing Chrysalis, Seeker of the Way, Ardenvale Tactician"
"26","6","Black","B Midrange","Black","15","8","17","2.57","Dauthi Horror, Crypt Rats, Putrid Goblin, Bone Picker, Go for the Throat, Gurmag Angler, Falkenrath Noble, Unwilling Ingredient, Mire Triton, Okiba Reckoner Raid, Swamp, Swamp, Swamp, Swamp, Swamp, Swamp, Swamp, Swamp, Swamp, Swamp, Swamp, Swamp, Swamp, Swamp, Swamp, Swamp, Swamp, Vault Skirge, Vermin Gorger, Night's Whisper, Tithing Blade, Loathsome Curator, Death Denied, Carrier Thrall, Nested Shambler, Dauthi Slayer, Pestilence, Okiba-Gang Shinobi, Tragic Slip, Tortured Existence","Escape Tunnel, Flesh Burrower, Aerie Auxiliary, Dark-Dweller Oracle, Deceptive Landscape, Kingpin's Pet, Dimir Aqueduct, Clockwork Percussionist, Flayer Husk, Dreg Mangler, Ainok Bond-Kin, Syndic of Tithes, Boros Garrison, Raven's Crime, Faerie Seer, Pulse of Murasa, Spellbook Seeker, Borrowed Grace, Petrify, Warship Scout, Serpent's Pass, Fortress Kin-Guard"
"26","7","Green","G Stompy","Creatures","17","6","17","2.74","Champion of Dusan, Owlbear, Colossal Dreadmask, Phantom Tiger, Contagious Vorrac, Wall of Roots, Elvish Mystic, Arbor Elf, Jewel Thief, Horrific Assault, Wild Growth, Sagu Wildling, Experiment One, River Boa, Sprout Swarm, Werebear, Rancor, Basking Broodscale, Eldrazi Repurposer, Forest, Forest, Forest, Forest, Forest, Forest, Forest, Forest, Forest, Forest, Forest, Forest, Forest, Forest, Forest, Forest, Forest, Generous Ent, Malevolent Rumble, Blastoderm, Bannerhide Krushok","Tithe Drinker, Burning-Tree Emissary, Giant Growth, Wary Farmer, Gruul Turf, Witherbloom Campus, Pillory of the Sleepless, Yavimaya Elder, Ainok Wayfarer, Vines of Vastwood, Bristling Backwoods, Territorial Hammerskull, Greater Tanuki, Tamiyo's Safekeeping, Voracious Varmint, Sylvan Might, Conclave Naturalists, Urban Daggertooth, Grapple with the Past, Eagles of the North, Perilous Myr, Mother Bear"
"26","8","Green/Blue","GU Ramp","Spells","10","13","17","3.04","Utopia Sprawl, Simic Growth Chamber, Cloudkin Seer, Quandrix Campus, Mechanozoa, Hickory Woodlot, Displace, Growth Spiral, Ram Through, Weakstone's Subjugation, Monstrous Emergence, Paradox Gardens, Lórien Revealed, Vizier of Tumbling Sands, Repulse, Capsize, Krosan Tusker, Nest Invader, Preordain, Remove Soul, Repeal, Island, Island, Island, Island, Island, Island, Island, Island, Island, Island, Forest, Forest, Forest, Lys Alana Informant, Bushwhack, Sword Coast Serpent, Bramble Wurm, Preening Champion, Snapping Voidcraw","Selesnya Sanctuary, Vulshok Morningstar, Prophetic Prism, Faithful Watchdog, Pristine Talisman, Rubblebelt Maverick, Ninja of the Deep Hours, Reckless Charge, Winding Way, Ashes to Ashes, Rolling Thunder, Filigree Familiar, You Meet in a Tavern, Visionary's Dance, Scoured Barrens, Kyoshi Village, Captured by Lagacs, Sulfurous Blast"
"27","1","Green","G Stompy","Enchantments","15","8","17","2.39","Burning-Tree Emissary, Abundant Harvest, Wall of Roots, Arbor Elf, Nyxborn Hydra, Gruul Turf, Wild Growth, Yavimaya Elder, Experiment One, River Boa, Werebear, Bristling Backwoods, Rancor, Annoyed Altisaur, Eldrazi Repurposer, Greater Tanuki, Forest, Forest, Forest, Forest, Forest, Forest, Forest, Forest, Forest, Forest, Forest, Forest, Forest, Forest, Forest, Tamiyo's Safekeeping, Voracious Varmint, Mutagenic Growth, Bushwhack, Conclave Naturalists, Fertile Ground, Writhing Chrysalis, Malevolent Rumble, Bannerhide Krushok","Branching Bolt, Putrid Leech, Oliphaunt, Ardent Elementalist, Rimrock Knight, Firebrand Archer, Bountiful Landscape, Tuskeri Firewalker, Winding Way, Ominous Asylum, Blood Aspirant, Hissing Iguanar, Furnace Strider, Underworld Rage-Hound, Territorial Hammerskull, Monastery Swiftspear, Galvanic Discharge, Warship Scout, Abrade, Tortured Existence"
"27","2","Black/Blue","BU Tempo","Spells","11","12","17","3.22","Zephyr Winder, Putrid Goblin, Gurmag Angler, Dimir Aqueduct, Soul Manipulation, Swamp, Swamp, Swamp, Swamp, Swamp, Swamp, Swamp, Swamp, Swamp, Deep Analysis, Treasure Cruise, Serrated Arrows, Man-o'-War, Disfigure, Miscalculation, Candy Grapple, Raven's Crime, Thorn of the Black Rose, Archaeomancer, Blood Fountain, Dinrova Horror, Repeal, Island, Island, Island, Island, Island, Island, Island, Eldrazi Skyspawner, Arms of Hadar, Cruel Witness, Looter il-Kor, Murmuring Mystic, Impulse","Dauthi Horror, Vulshok Morningstar, Rubblebelt Maverick, Izzet Boilerworks, Mardu Skullhunter, Thriving Grubs, Spectacle Summit, Night Market, Wolf Cove Villager, Titan's Grave, Bonder's Ornament, Paradox Gardens, Witherbloom Campus, Vermin Gorger, Eroded Canyon, Bloodwater Entity, Plasma Bolt, Pulse of Murasa, Bramble Wurm, Sakura-Tribe Elder, Sulfurous Blast"
"27","3","Blue/White","UW Control","Spells","10","13","17","2.35","Phantom Interference, Ephemerate, Azorius Chancery, Lyev Skyknight, Faith's Fetters, Journey to Nowhere, Settle Beyond Reality, Sunlance, Serum Visions, Tranquil Cove, Planar Disruption, Focus Fire, Basilisk Gate, Serum Visionary, Witness Protection, Preordain, Snap, Ghostly Flicker, Island, Island, Faerie Seer, Filigree Familiar, Gideon's Lawkeeper, Plains, Plains, Plains, Plains, Plains, Plains, Plains, Plains, Plains, Plains, Plains, Plains, Phantom Nomad, Thraben Inspector, Alabaster Host Intercessor, Preening Champion, Eagles of the North","Utopia Sprawl, Selesnya Sanctuary, Champion of Dusan, Quandrix Campus, Hickory Woodlot, Forum of Amity, Reckless Charge, Jewel Thief, Gods Willing, Salt Road Packbeast, Llanowar Elves, Sagu Wildling, Fields of Strife, Abraded Bluffs, Urban Daggertooth, Tranquil Landscape, Kyoshi Village, Dauntless Unity, Fortress Kin-Guard"
"27","4","Green/White","GW Counters","Enchantments","12","11","17","2.74","Temperamental Oozewagg, Aerie Auxiliary, Faithful Watchdog, Armadillo Cloak, Snakeskin Veil, Trapped in the Screen, Treetop Snarespinner, Elvish Mystic, Trumpeting Herd, Suburban Sanctuary, Greatsword of Tyr, Ainok Bond-Kin, Sprout Swarm, Jade Guardian, Basking Broodscale, Forest, Forest, Forest, Forest, Forest, Forest, Forest, Forest, Generous Ent, Plains, Plains, Plains, Plains, Plains, Plains, Plains, Plains, Novice Inspector, Inspiring Overseer, Unbounded Potential, Captured by Lagacs, Dog Umbra, Gnarlid Colony, Battle Screech, Petrify","Flesh Burrower, Fireslinger, Dog Walker, Savage Mansion, Blessed Hippogriff, Hidden Grotto, Triplicate Spirits, Ram Through, Monstrous Emergence, You Hear Something on Watch, Giant Growth, Savannah Lions, Hooting Mandrills, Vines of Vastwood, Prismatic Strands, Deftblade Elite, Nest Invader, Sylvan Might, Mind Stone, Ardenvale Tactician, Mother Bear"
"27","5","Blue","U Spellslinger","Spells, Rogues","13","10","17","3.39","Mocking Sprite, Ponder, Simic Growth Chamber, Hard Evidence, Peregrine Drake, Mystic Sanctuary, Cradle of the Accursed, Ulamog's Crusher, Lórien Revealed, Merfolk Looter, Vizier of Tumbling Sands, Repulse, Opt, Moon-Circuit Hacker, Guardian Idol, Pestermite, Cryoshatter, Quandrix Pledgemage, Tocasia's Dig Site, Remove Soul, Island, Island, Island, Island, Island, Island, Island, Island, Island, Island, Island, Island, Jhessian Thief, Tolarian Terror, Into the Roil, Sword Coast Serpent, Behold the Multiverse, Shipwreck Dowser, Quicksand, Young Blue Dragon","Owlbear, Pristine Talisman, Dimir Guildmage, Growth Spiral, Horrific Assault, Expanding Ooze, Okiba Reckoner Raid, Dreg Mangler, Candy Trail, Shardless Outlander, Wrenn's Resolve, Carrier Thrall, Blastoderm, Perilous Landscape, Snapping Voidcraw, Borrowed Grace, Perilous Myr"
"27","6","Black/White","BW Aristocrats","Creatures","17","6","17","2.87","Kor Skyfisher, Retrofitted Transmogrant, Tithe Drinker, Crypt Rats, Gravedigger, Kingpin's Pet, Guardian of the Guildpact, Snuff Out, Falkenrath Noble, Gray Merchant of Asphodel, Grim Bauble, Vampire Sovereign, Faceless Butcher, Swamp, Swamp, Swamp, Swamp, Swamp, Swamp, Swamp, Swamp, Swamp, Swamp, Swamp, Pillory of the Sleepless, Haunted Fengraf, Raffine's Informant, Syndic of Tithes, Ashes to Ashes, Carrion Feeder, Orzhov Basilica, Plains, Plains, Plains, Plains, Suture Priest, Palace Sentinels, Accursed Marauder, Pestilence, Tragic Slip","Clawing Torment, Heliod's Pilgrim, Golgari Rot Farm, Homestead Courage, Contaminated Landscape, Tenth District Legionnaire, Village Rites, Imperial Oath, Flayer Husk, Vault Skirge, Thraben Charm, Mana Tithe, Death Denied, Doomed Traveler, Chitin Gravestalker, Lys Alana Informant, Dauthi Slayer, Plagued Rusalka, Gift of Orzhova, Seeker of the Way"
"27","7","Red","R Burn","Spells, Warriors","10","13","17","2.04","Gnawing Crescendo, Raid Bombardment, Improvised Club, Witty Roastmaster, Clockwork Percussionist, Lightning Bolt, Bonesplitter, Teetering Peaks, Porcelain Legionnaire, Frenzied Goblin, Wildfire Elemental, Goblin Surprise, Firebolt, Mogg War Marshal, Rally at the Hornburg, Chain Lightning, Goblin Bushwhacker, Grim Initiate, Jackal Pup, Mountain, Mountain, Mountain, Mountain, Mountain, Mountain, Mountain, Mountain, Mountain, Mountain, Mountain, Mountain, Mountain, Mountain, Mountain, Mountain, Hordeling Outburst, Skewer the Critics, Brimstone Volley, Lightning Strike, Mayhem Patrol","Faerie Guidemother, Conduit Goblin, Riling Dawnbreaker, Judge's Familiar, Underworld Charger, Soltari Trooper, Fireblade Artist, Sheltering Landscape, Wrangle, Barbed Batterfist, Rolling Thunder, Izzet Charm, Blightning, Elite Vanguard, Body Dropper, Leonin Bola, Elite Interceptor, Twisted Landscape, Scorched Rusalka, Goblin Motivator, Goblin Anarchomancer"
"27","8","Black/Blue","BU Tempo","Spells","11","12","17","3.09","Frost Trickster, Lose Focus, Gitaxian Probe, Troll of Khazad-dûm, Mulldrifter, Bone Picker, Go for the Throat, Unable to Scream, Unearth, Mire Triton, Swamp, Swamp, Swamp, Swamp, Swamp, Swamp, Doom Blade, Witch's Cottage, Resentful Revelation, Striped Riverwinder, Capsize, Night's Whisper, Sinister Hideout, Cavern Harpy, Deranged Assistant, Island, Island, Island, Island, Island, Island, Island, Island, Counterspell, Mirrorshell Crab, Cast Down, Wither and Bloom, Diregraf Horde, First-Sphere Gargantua, Serpent's Pass","Gingerbrute, Mechanozoa, Gixian Infiltrator, Desecrator Hag, Ecstatic Awakener, Entourage of Trest, Seething Landscape, Rally the Peasants, Deluge Virtuoso, Cindering Cutthroat, Guildsworn Prowler, Aether Poisoner, Ainok Wayfarer, Loathsome Curator, Voracious Vermin, Pinnacle Kill-Ship, Foreboding Landscape, Oblivion Ring, Spellbook Seeker"
"28","1","Red/Blue","RU Spellslinger","Spells, Humans","9","14","17","2.35","Phantom Interference, Mystic Sanctuary, Izzet Boilerworks, Gitaxian Probe, Rimrock Knight, Firebrand Archer, Cradle of the Accursed, Tempest Angler, Repulse, Goblin Surprise, Rally at the Hornburg, Eroded Canyon, Chain Lightning, Serum Visionary, Bloodwater Entity, Spelleater Wolverine, Mountain, Mountain, Mountain, Mountain, Mountain, Mountain, Mountain, Mountain, Mountain, Mountain, Hordeling Outburst, Searing Spear, Burst Lightning, Island, Island, Island, Into the Roil, Skewer the Critics, Counterspell, Seize Opportunity, Incinerate, Monastery Swiftspear, Murmuring Mystic, Scholar of Combustion","Conduit Goblin, Fireslinger, Mist Raven, Oliphaunt, Judge's Familiar, Contaminated Landscape, Settle Beyond Reality, Tenth District Legionnaire, Salt Road Packbeast, Giant Growth, Wrangle, Pestermite, Shock Brigade, Undying Malice, Glimmerlight, Orzhov Basilica, Ghostly Flicker, Warship Scout"
"28","2","Black","B Midrange","Spells, Zombies","11","12","17","2.65","Retrofitted Transmogrant, Crypt Rats, Liliana's Specter, Troll of Khazad-dûm, Go for the Throat, Snuff Out, Dread Return, Gray Merchant of Asphodel, Grim Bauble, Unearth, Mire Triton, Swamp, Swamp, Swamp, Swamp, Swamp, Swamp, Swamp, Swamp, Swamp, Swamp, Swamp, Swamp, Swamp, Swamp, Swamp, Swamp, Swamp, Doom Blade, Guildsworn Prowler, Night's Whisper, Raven's Crime, Thorn of the Black Rose, Stab Wound, Blood Fountain, Arms of Hadar, Snarling Gorehound, Accursed Marauder, First-Sphere Gargantua, Tortured Existence","Dauthi Horror, Colossal Dreadmask, Putrid Leech, Bone Picker, Village Rites, Underworld Charger, Expanding Ooze, Wolf Cove Villager, Paradox Gardens, Pillory of the Sleepless, Ainok Wayfarer, River Boa, Loathsome Curator, Quandrix Pledgemage, Carnophage, Carrion Feeder, Generous Ent, Foreboding Landscape, Sylvan Might, Plagued Rusalka, Perilous Myr, Mother Bear"
"28","3","Green/Blue","GU Ramp","Spells, Elves","11","12","17","2.65","Simic Growth Chamber, Starbreach Whale, Peregrine Drake, Quandrix Campus, Lose Focus, Hickory Woodlot, Entourage of Trest, Growth Spiral, Brainstorm, Elvish Mystic, Horrific Assault, Consider, Lórien Revealed, Coiling Oracle, Wild Growth, Krosan Tusker, Cryoshatter, Werebear, Island, Island, Island, Island, Island, Island, Forest, Forest, Forest, Forest, Forest, Forest, Forest, Forest, Lys Alana Informant, Mana Leak, Malevolent Rumble, Behold the Multiverse, Sakura-Tribe Elder, Snapping Voidcraw, Impulse, Llanowar Visionary","Prophetic Prism, Savage Mansion, Pristine Talisman, Rubblebelt Maverick, Thriving Grubs, Hidden Grotto, Ram Through, Gruul Turf, Hooting Mandrills, Candy Trail, Moon-Circuit Hacker, Guardian Idol, Rolling Thunder, Deranged Assistant, You Meet in a Tavern, Conclave Naturalists, Spellbook Seeker, Miner's Guidewing, Brambleback Brute"
"28","4","Green/Red","GR Stompy","Creatures","18","5","17","2.83","Utopia Sprawl, Flesh Burrower, Owlbear, Branching Bolt, Burning-Tree Emissary, Spectacle Summit, Priest of Titania, Wall of Roots, Deluge Virtuoso, Jewel Thief, Teetering Peaks, Scrapwork Mutt, Haunted Fengraf, Sagu Wildling, Experiment One, Vines of Vastwood, Bristling Backwoods, Annoyed Altisaur, Eldrazi Repurposer, Forest, Forest, Forest, Forest, Forest, Forest, Forest, Forest, Forest, Forest, Forest, Forest, Forest, Tamiyo's Safekeeping, Voracious Varmint, Fertile Ground, Writhing Chrysalis, Blastoderm, Bannerhide Krushok, Goblin Anarchomancer, Sarulf's Packmate","Dark-Dweller Oracle, Bountiful Landscape, Conduit Pylons, Reckless Impulse, Titan's Grave, Witherbloom Campus, Shattered Landscape, Furnace Strider, Aether Chaser, Molten Gatekeeper, Underworld Rage-Hound, Rhox Veteran, Territorial Hammerskull, Pinnacle Kill-Ship, Grapple with the Past, Dauntless Unity, Sulfurous Blast, Beetleback Chief"
"28","5","Red","R Burn","Spells, Goblins","12","11","17","2.13","Gnawing Crescendo, Rakdos Carnarium, Improvised Club, Witty Roastmaster, Clockwork Percussionist, Bogardan Dragonheart, Bonesplitter, Ominous Asylum, Firebolt, Mogg War Marshal, Hissing Iguanar, Goblin Bushwhacker, Flame Slash, Ironhoof Boar, Grim Initiate, Jackal Pup, Fireblast, Mountain, Mountain, Mountain, Mountain, Mountain, Mountain, Mountain, Mountain, Mountain, Mountain, Mountain, Mountain, Mountain, Mountain, Mountain, Wrenn's Resolve, Fireball, Sparksmith, Body Dropper, Brimstone Volley, Fanatical Firebrand, Galvanic Discharge, Lightning Strike","Dog Walker, Kingpin's Pet, Desecrator Hag, Mardu Skullhunter, Tuskeri Firewalker, Unwilling Ingredient, Cindering Cutthroat, Gods Willing, Vendetta, Fireblade Artist, Monstrous Emergence, Serrated Arrows, Vault Skirge, Blood Aspirant, Voracious Vermin, Candy Grapple, Guttersnipe, Abraded Bluffs, Wither and Bloom, Goblin Motivator"
"28","6","Blue/White","UW Control","Blue/White","14","9","17","2.52","Kor Skyfisher, Frost Trickster, Azorius Chancery, Guardian of the Guildpact, Trapped in the Screen, Meeting of Minds, Deep Analysis, Tranquil Cove, Savannah Lions, Planar Disruption, Thraben Charm, Greatsword of Tyr, Deftblade Elite, Witness Protection, Preordain, Island, Island, Island, Island, Island, Faerie Seer, Eldrazi Skyspawner, Jhessian Thief, Plains, Plains, Plains, Plains, Plains, Plains, Plains, Plains, Plains, Plains, Thraben Inspector, Inspiring Overseer, Preening Champion, Seeker of the Way, Eagles of the North, Borrowed Grace, Silver Drake","Mocking Sprite, Tithe Drinker, Hard Evidence, Gingerbrute, Mechanozoa, Homestead Courage, Forum of Amity, Lightning Bolt, Reckless Charge, Triplicate Spirits, You Hear Something on Watch, Renegade Freighter, Focus Fire, Dreg Mangler, Cathar Commando, Prismatic Strands, Barbed Batterfist, Repeal, Suture Priest, Perilous Landscape"
"28","7","Green/White","GW Counters","Enchantments, Creatures","16","7","17","2.52","Selesnya Sanctuary, Evolution Witness, Heliod's Pilgrim, Faithful Watchdog, Armadillo Cloak, Phantom Tiger, Contagious Vorrac, Snakeskin Veil, Journey to Nowhere, Treetop Snarespinner, Llanowar Elves, Suburban Sanctuary, Ainok Bond-Kin, Jade Guardian, Inspiring Paladin, Rancor, Nest Invader, Basking Broodscale, Tocasia's Dig Site, Forest, Forest, Forest, Forest, Forest, Forest, Forest, Forest, Forest, Plains, Plains, Plains, Plains, Plains, Phantom Nomad, Urban Daggertooth, Captured by Lagacs, Dog Umbra, Gnarlid Colony, Battle Screech, Fortress Kin-Guard","Faerie Guidemother, Riling Dawnbreaker, Faith's Fetters, Blessed Hippogriff, Sunlance, Imperial Oath, Night Market, Wary Farmer, Yavimaya Elder, Doomed Traveler, Stormfront Pegasus, Mandibular Kite, Oblivion Ring, Mutagenic Growth, Scoured Barrens, Tranquil Landscape, Pulse of Murasa, Elite Interceptor, Mayhem Patrol"
"28","8","Black/Blue","BU Tempo","Spells","12","11","17","3.61","Escape Tunnel, Cloudkin Seer, Gravedigger, Dimir Guildmage, Mulldrifter, Gurmag Angler, Soul Manipulation, Vampire Sovereign, Swamp, Swamp, Swamp, Swamp, Swamp, Swamp, Treasure Cruise, Bonder's Ornament, Merfolk Looter, Witch's Cottage, Resentful Revelation, Capsize, Disfigure, Sinister Hideout, Cavern Harpy, Basilisk Gate, Condescend, Remove Soul, Dinrova Horror, Island, Island, Island, Island, Island, Island, Island, Cast Down, Sword Coast Serpent, Diregraf Horde, Pestilence, Tragic Slip, Young Blue Dragon","Custodi Squire, Zephyr Winder, Ardent Elementalist, Okiba Reckoner Raid, Aether Poisoner, Vermin Gorger, Shardless Outlander, Blightning, Carrier Thrall, Filigree Familiar, Nested Shambler, Dauthi Slayer, Cruel Witness, Coalition Honor Guard, Mind Stone, Alabaster Host Intercessor, Kyoshi Village, Gift of Orzhova"
"29","1","Red/Blue","RU Spellslinger","Spells, Wizards","9","14","17","3.00","Mocking Sprite, Gitaxian Probe, Spectacle Summit, Brainstorm, Consider, Treasure Cruise, Tempest Angler, Firebolt, Eroded Canyon, Cryoshatter, Basilisk Gate, Quandrix Pledgemage, Flame Slash, Izzet Charm, Mountain, Mountain, Mountain, Mountain, Mountain, Mountain, Mountain, Mountain, Wrenn's Resolve, Archaeomancer, Plasma Bolt, Repeal, Island, Island, Island, Island, Island, Tolarian Terror, Into the Roil, Guttersnipe, Mirrorshell Crab, Behold the Multiverse, Shipwreck Dowser, Murmuring Mystic, Quicksand, Sulfurous Blast","Rakdos Carnarium, Hickory Woodlot, Seething Landscape, Thriving Grubs, Tuskeri Firewalker, Weakstone's Subjugation, Night Market, Ominous Asylum, Candy Trail, Boros Garrison, Carnophage, Fields of Strife, Orzhov Basilica, Lys Alana Informant, Seize Opportunity, Alabaster Host Intercessor, Scoured Barrens, Spellbook Seeker"
"29","2","Black","B Midrange","Spells","10","13","17","2.61","Retrofitted Transmogrant, Crypt Rats, Gravedigger, Liliana's Specter, Troll of Khazad-dûm, Bone Picker, Go for the Throat, Dread Return, Falkenrath Noble, Grim Bauble, Vendetta, Faceless Butcher, Swamp, Swamp, Swamp, Swamp, Swamp, Swamp, Swamp, Swamp, Swamp, Swamp, Swamp, Swamp, Swamp, Swamp, Swamp, Swamp, Swamp, Disfigure, Tithing Blade, Ashes to Ashes, Candy Grapple, Thorn of the Black Rose, Blood Fountain, Arms of Hadar, Cast Down, Wither and Bloom, Snarling Gorehound, Tortured Existence","Tithe Drinker, Clawing Torment, Pristine Talisman, Kingpin's Pet, Putrid Goblin, Contaminated Landscape, Unwilling Ingredient, Expanding Ooze, Salt Road Packbeast, Okiba Reckoner Raid, Vermin Gorger, Sinister Hideout, Cavern Harpy, Voracious Vermin, Syndic of Tithes, Death Denied, Carrion Feeder, Carrier Thrall, Voracious Varmint, Oblivion Ring, Dauthi Slayer, Diregraf Horde"
"29","3","Blue/White","UW Control","Spells","12","11","17","2.65","Kor Skyfisher, Starbreach Whale, Cloudkin Seer, Peregrine Drake, Ephemerate, Cryogen Relic, Azorius Chancery, Lyev Skyknight, Ninja of the Deep Hours, Judge's Familiar, Displace, Unable to Scream, Deep Analysis, Tranquil Cove, Lórien Revealed, Man-o'-War, Haunted Fengraf, Serum Visionary, Condescend, University Campus, Momentary Blink, Witness Protection, Ghostly Flicker, Island, Island, Island, Island, Island, Island, Island, Island, Eldrazi Skyspawner, Plains, Plains, Plains, Plains, Plains, Mana Leak, Thraben Inspector, Silver Drake","Heliod's Pilgrim, Vulshok Morningstar, Quandrix Campus, Deceptive Landscape, Riling Dawnbreaker, Growth Spiral, Sunlance, Savannah Lions, Vizier of Tumbling Sands, Hissing Iguanar, Glimmerlight, Dinrova Horror, Gideon's Lawkeeper, Tamiyo's Safekeeping, Tranquil Landscape, Twisted Landscape, Perilous Landscape, Dog Umbra"
"29","4","Green","G Graveyard","Creatures","16","7","17","3.09","Utopia Sprawl, Colossal Dreadmask, Putrid Leech, Golgari Rot Farm, Contagious Vorrac, Rubblebelt Maverick, Treetop Snarespinner, Priest of Titania, Elvish Mystic, Winding Way, Monstrous Emergence, Llanowar Elves, Witherbloom Campus, Dreg Mangler, Yavimaya Elder, Nest Invader, Annoyed Altisaur, Greater Tanuki, Forest, Forest, Forest, Forest, Forest, Forest, Forest, Forest, Forest, Forest, Forest, Forest, Forest, Forest, Forest, Conclave Naturalists, Grapple with the Past, Malevolent Rumble, Pulse of Murasa, Blastoderm, Bramble Wurm, Sakura-Tribe Elder","Flesh Burrower, Gixian Infiltrator, Desecrator Hag, Abundant Harvest, Hidden Grotto, Soul Manipulation, Mire Triton, Scurrilous Sentry, Wolf Cove Villager, Doom Blade, Hooting Mandrills, Resentful Revelation, Deranged Assistant, Chitin Gravestalker, You Meet in a Tavern, Iron Apprentice, Gift of Orzhova, First-Sphere Gargantua, Gnarlid Colony, Tragic Slip"
"29","5","Green/White","GW Counters","Enchantments, Soldiers","13","10","17","2.48","Selesnya Sanctuary, Faerie Guidemother, Aerie Auxiliary, Faithful Watchdog, Armadillo Cloak, Desert, Guardian of the Guildpact, Trapped in the Screen, Journey to Nowhere, Triplicate Spirits, Planar Disruption, Cathar Commando, Greatsword of Tyr, Raffine's Informant, Ainok Bond-Kin, Mana Tithe, Stormfront Pegasus, Plains, Plains, Plains, Plains, Plains, Plains, Plains, Plains, Plains, Plains, Plains, Plains, Plains, Plains, Phantom Nomad, Novice Inspector, Inspiring Overseer, Unbounded Potential, Kyoshi Village, Captured by Lagacs, Battle Screech, Miner's Guidewing, Militia Bugler","Champion of Dusan, Snakeskin Veil, Reckless Charge, Gods Willing, Imperial Oath, Ulamog's Crusher, Raise the Alarm, Wary Farmer, Vault Skirge, Pillory of the Sleepless, Ainok Wayfarer, Inspiring Paladin, Rhox Veteran, Territorial Hammerskull, Sylvan Might, Coalition Honor Guard, Dauntless Unity, Ardenvale Tactician, Perilous Myr"
"29","6","Green/Red","GR Stompy","Green/Red","15","8","17","2.65","Entourage of Trest, Burning-Tree Emissary, Cradle of the Accursed, Wall of Roots, Lightning Bolt, Ram Through, Horrific Assault, Nyxborn Hydra, Gruul Turf, Wild Growth, Krosan Tusker, River Boa, Ironhoof Boar, Werebear, Bristling Backwoods, Rancor, Mountain, Eldrazi Repurposer, Forest, Forest, Forest, Forest, Forest, Forest, Forest, Forest, Forest, Forest, Forest, Forest, Forest, Generous Ent, Fertile Ground, Brimstone Volley, Elite Interceptor, Bannerhide Krushok, Goblin Anarchomancer, Galvanic Discharge, Sarulf's Packmate, Mother Bear","Gingerbrute, Dark-Dweller Oracle, Bountiful Landscape, Village Rites, Titan's Grave, Paradox Gardens, Shardless Outlander, Furnace Strider, Goblin Bushwhacker, Aether Chaser, Undying Malice, Jade Guardian, Barbed Batterfist, Grim Initiate, Deftblade Elite, Underworld Rage-Hound, Palace Sentinels, Scorched Rusalka, Warship Scout"
"29","7","Red","R Burn","Spells, Goblins","12","11","17","2.26","Gnawing Crescendo, Raid Bombardment, Improvised Club, Rimrock Knight, Witty Roastmaster, Clockwork Percussionist, Bogardan Dragonheart, Reckless Impulse, Frenzied Goblin, Wildfire Elemental, Mogg War Marshal, Rally at the Hornburg, Shock Brigade, Chain Lightning, Molten Gatekeeper, Jackal Pup, Fireblast, Mountain, Mountain, Mountain, Mountain, Mountain, Mountain, Mountain, Mountain, Mountain, Mountain, Mountain, Mountain, Mountain, Mountain, Mountain, Mountain, Mountain, Hordeling Outburst, Burst Lightning, Skewer the Critics, Fanatical Firebrand, Incinerate, Monastery Swiftspear","Conduit Goblin, Fireslinger, Dog Walker, Izzet Boilerworks, Homestead Courage, Mardu Skullhunter, Firebrand Archer, Tenth District Legionnaire, Blessed Hippogriff, Rally the Peasants, Bonesplitter, Soltari Trooper, Giant Growth, Focus Fire, Guardian Idol, Doomed Traveler, Suture Priest, Abraded Bluffs, Leonin Bola, Seeker of the Way, Eagles of the North, Fortress Kin-Guard"
"29","8","Blue","U Spellslinger","Spells","9","14","17","2.57","Ponder, Hard Evidence, Phantom Interference, Mulldrifter, Meeting of Minds, Serum Visions, Repulse, Opt, Capsize, Moon-Circuit Hacker, Miscalculation, Exclude, Tocasia's Dig Site, Preordain, Snap, Remove Soul, Island, Island, Island, Island, Island, Island, Island, Island, Island, Island, Island, Island, Island, Island, Island, Island, Faerie Seer, Jhessian Thief, Cruel Witness, Looter il-Kor, Counterspell, Sword Coast Serpent, Preening Champion, Young Blue Dragon","Dauthi Horror, Prophetic Prism, Zephyr Winder, Oliphaunt, Ardent Elementalist, Forum of Amity, Dimir Aqueduct, Conduit Pylons, Fireblade Artist, Flayer Husk, Merfolk Looter, Coiling Oracle, Witch's Cottage, Boiling Rock Prison, Striped Riverwinder, Aether Poisoner, Blightning, Fireball, Filigree Familiar, Goblin Motivator, Okiba-Gang Shinobi"
"30","1","Blue/White","UW Control","Spells, Humans","11","12","17","2.74","Ponder, Kor Skyfisher, Peregrine Drake, Ephemerate, Mystic Sanctuary, Lyev Skyknight, Trapped in the Screen, Judge's Familiar, Weakstone's Subjugation, Deep Analysis, Tranquil Cove, Moon-Circuit Hacker, Cryoshatter, Miscalculation, Serum Visionary, University Campus, Momentary Blink, Archaeomancer, Tocasia's Dig Site, Ghostly Flicker, Remove Soul, Island, Island, Island, Island, Island, Island, Island, Island, Jhessian Thief, Tolarian Terror, Plains, Plains, Plains, Plains, Plains, Mana Leak, Counterspell, Preening Champion, Eagles of the North","Selesnya Sanctuary, Heliod's Pilgrim, Growth Spiral, Titan's Grave, Raise the Alarm, Flayer Husk, Bonder's Ornament, Focus Fire, Sprout Swarm, Prismatic Strands, Dinrova Horror, Conclave Naturalists, Tranquil Landscape, Pulse of Murasa, Captured by Lagacs, Dog Umbra, Ardenvale Tactician, Sarulf's Packmate"
"30","2","Green","G Ramp","Druids, Creatures","17","6","17","3.04","Owlbear, Colossal Dreadmask, Quandrix Campus, Contagious Vorrac, Treetop Snarespinner, Priest of Titania, Elvish Mystic, Arbor Elf, Nyxborn Hydra, Monstrous Emergence, Llanowar Elves, Wild Growth, Sagu Wildling, Yavimaya Elder, Krosan Tusker, Basking Broodscale, Eldrazi Repurposer, Greater Tanuki, Forest, Forest, Forest, Forest, Forest, Forest, Forest, Forest, Forest, Forest, Forest, Forest, Forest, Forest, Forest, Forest, Generous Ent, Bushwhack, Fertile Ground, Malevolent Rumble, Snapping Voidcraw, Llanowar Visionary","Temperamental Oozewagg, Mist Raven, Putrid Leech, Snakeskin Veil, Desecrator Hag, Seething Landscape, Ram Through, Hooting Mandrills, Dreg Mangler, Hissing Iguanar, Shardless Outlander, Boros Garrison, Nest Invader, Lys Alana Informant, Eldrazi Skyspawner, Tamiyo's Safekeeping, Voracious Varmint, Sylvan Might, Writhing Chrysalis, Twisted Landscape, Gnarlid Colony"
"30","3","Black/Blue","BU Tempo","Spells","11","12","17","3.61","Cloudkin Seer, Dimir Guildmage, Troll of Khazad-dûm, Gurmag Angler, Snuff Out, Dimir Aqueduct, Soul Manipulation, Vampire Sovereign, Faceless Butcher, Swamp, Swamp, Swamp, Swamp, Swamp, Swamp, Swamp, Swamp, Swamp, Swamp, Swamp, Swamp, Swamp, Doom Blade, Treasure Cruise, Lórien Revealed, Resentful Revelation, Disfigure, Night's Whisper, Cavern Harpy, Tithing Blade, Candy Grapple, Thorn of the Black Rose, Island, Island, Faerie Seer, Mirrorshell Crab, Cast Down, Pestilence, Okiba-Gang Shinobi, Serpent's Pass","Starbreach Whale, Zephyr Winder, Contaminated Landscape, Bountiful Landscape, Jewel Thief, Mire Triton, Paradox Gardens, Wary Farmer, Merfolk Looter, Suburban Sanctuary, Guildsworn Prowler, Aether Poisoner, Vines of Vastwood, Quandrix Pledgemage, Ainok Bond-Kin, Inspiring Paladin, Raven's Crime, Body Dropper, Spellbook Seeker, Tortured Existence"
"30","4","Red","R Burn","Spells, Goblins","12","11","17","2.00","Raid Bombardment, Improvised Club, Clockwork Percussionist, Lightning Bolt, Reckless Charge, Cindering Cutthroat, Firebolt, Rally at the Hornburg, Goblin Bushwhacker, Aether Chaser, Molten Gatekeeper, Grim Initiate, Jackal Pup, Fireblast, Underworld Rage-Hound, Mountain, Mountain, Mountain, Mountain, Mountain, Mountain, Mountain, Mountain, Mountain, Mountain, Mountain, Mountain, Mountain, Mountain, Mountain, Mountain, Mountain, Wrenn's Resolve, Burst Lightning, Sparksmith, Brimstone Volley, Fanatical Firebrand, Monastery Swiftspear, Lightning Strike, Beetleback Chief","Conduit Goblin, Evolution Witness, Dog Walker, Phantom Tiger, Kingpin's Pet, Gixian Infiltrator, Tenth District Legionnaire, Tuskeri Firewalker, Gods Willing, Okiba Reckoner Raid, Wolf Cove Villager, Sheltering Landscape, Vault Skirge, Mana Tithe, Dauthi Slayer, Guttersnipe, Abraded Bluffs, Leonin Bola, Kyoshi Village, Goblin Motivator, Scholar of Combustion, Warship Scout"
"30","5","Red","R Burn","Spells","8","15","17","2.04","Gnawing Crescendo, Fireslinger, Gingerbrute, Vulshok Morningstar, Oliphaunt, Desert, Firebrand Archer, Witty Roastmaster, Bogardan Dragonheart, Bonesplitter, Wrangle, Goblin Surprise, Mogg War Marshal, Chain Lightning, Flame Slash, Barbed Batterfist, Rolling Thunder, Mountain, Mountain, Mountain, Mountain, Mountain, Mountain, Mountain, Mountain, Mountain, Mountain, Mountain, Mountain, Mountain, Mountain, Mountain, Mountain, Fireball, Plasma Bolt, Seize Opportunity, Incinerate, Scorched Rusalka, Galvanic Discharge, Abrade","Homestead Courage, Hidden Grotto, Soltari Trooper, Renegade Freighter, Gruul Turf, Ominous Asylum, Boiling Rock Prison, Candy Trail, Guardian Idol, Furnace Strider, Fields of Strife, Spelleater Wolverine, Elite Vanguard, Filigree Familiar, Foreboding Landscape, Urban Daggertooth, Grapple with the Past, Elite Interceptor, Perilous Landscape, Goblin Anarchomancer, Perilous Myr"
"30","6","Blue","U Spellslinger","Spells","6","17","17","2.22","Hard Evidence, Phantom Interference, Lose Focus, Gitaxian Probe, Mulldrifter, Brainstorm, Unable to Scream, Consider, Serum Visions, Repulse, Opt, Pestermite, Condescend, Exclude, Preordain, Snap, Repeal, Island, Island, Island, Island, Island, Island, Island, Island, Island, Island, Island, Island, Island, Island, Island, Island, Island, Cruel Witness, Looter il-Kor, Behold the Multiverse, Shipwreck Dowser, Impulse, Young Blue Dragon","Simic Growth Chamber, Custodi Squire, Champion of Dusan, Pristine Talisman, Ninja of the Deep Hours, Displace, Conduit Pylons, Teetering Peaks, Night Market, Ulamog's Crusher, Serrated Arrows, Striped Riverwinder, Ironhoof Boar, Bloodwater Entity, Deftblade Elite, Bristling Backwoods, Deranged Assistant, Stab Wound, Pinnacle Kill-Ship, Mind Stone, Brambleback Brute, Sulfurous Blast"
"30","7","White","W Weenie","Soldiers","15","8","17","2.87","Faerie Guidemother, Aerie Auxiliary, Guardian of the Guildpact, Journey to Nowhere, Blessed Hippogriff, Cradle of the Accursed, Triplicate Spirits, Salt Road Packbeast, You Hear Something on Watch, Planar Disruption, Haunted Fengraf, Thraben Charm, Greatsword of Tyr, Raffine's Informant, Search Party Captain, Rhox Veteran, Stormfront Pegasus, Gideon's Lawkeeper, Plains, Plains, Plains, Plains, Plains, Plains, Plains, Plains, Plains, Plains, Plains, Plains, Plains, Plains, Plains, Thraben Inspector, Palace Sentinels, Inspiring Overseer, Battle Screech, Miner's Guidewing, Petrify, Militia Bugler","Clawing Torment, Deceptive Landscape, Gravedigger, Savage Mansion, Riling Dawnbreaker, Mardu Skullhunter, Faith's Fetters, Rally the Peasants, Imperial Oath, Winding Way, Syndic of Tithes, Doomed Traveler, Carrier Thrall, Oblivion Ring, Coalition Honor Guard, Alabaster Host Intercessor, Unbounded Potential, Dauntless Unity, Borrowed Grace, Silver Drake"
"30","8","Black","B Midrange","Zombies, Creatures","17","6","17","2.26","Retrofitted Transmogrant, Dauthi Horror, Ecstatic Awakener, Putrid Goblin, Bone Picker, Go for the Throat, Village Rites, Falkenrath Noble, Gray Merchant of Asphodel, Unwilling Ingredient, Unearth, Scurrilous Sentry, Swamp, Swamp, Swamp, Swamp, Swamp, Swamp, Swamp, Swamp, Swamp, Swamp, Swamp, Swamp, Swamp, Swamp, Swamp, Witch's Cottage, Vermin Gorger, Voracious Vermin, Ashes to Ashes, Carrion Feeder, Nested Shambler, Arms of Hadar, Snarling Gorehound, Diregraf Horde, Accursed Marauder, Vampire Lacerator, Quicksand, Tragic Slip","Escape Tunnel, Utopia Sprawl, Flesh Burrower, Golgari Rot Farm, Spectacle Summit, Abundant Harvest, Forum of Amity, Dread Return, Underworld Charger, Deluge Virtuoso, Horrific Assault, Expanding Ooze, Fireblade Artist, Trumpeting Herd, Sinister Hideout, Experiment One, Death Denied, Rancor, Mutagenic Growth, Plagued Rusalka"
"31","1","Red/Blue","RU Spellslinger","Spells","8","15","17","2.57","Escape Tunnel, Mocking Sprite, Ponder, Cloudkin Seer, Phantom Interference, Izzet Boilerworks, Firebrand Archer, Spectacle Summit, Brainstorm, Cradle of the Accursed, Teetering Peaks, Serum Visions, Deep Analysis, Tempest Angler, Repulse, Eroded Canyon, Bloodwater Entity, Mountain, Mountain, Mountain, Mountain, Mountain, Mountain, Fireball, Searing Spear, Burst Lightning, Island, Island, Island, Island, Island, Jhessian Thief, Tolarian Terror, Skewer the Critics, Brimstone Volley, Incinerate, Scholar of Combustion, Sulfurous Blast, Lightning Strike, Impulse","Rakdos Carnarium, Quandrix Campus, Displace, Tuskeri Firewalker, Cindering Cutthroat, Wrangle, Aether Poisoner, Wildfire Elemental, Shardless Outlander, Pestermite, Barbed Batterfist, Grim Initiate, Annoyed Altisaur, Eldrazi Skyspawner, Plagued Rusalka, Scorched Rusalka"
"31","2","Red/White","RW Aggro","Humans","13","10","17","2.48","Dog Walker, Raid Bombardment, Improvised Club, Clockwork Percussionist, Triplicate Spirits, Soltari Trooper, Salt Road Packbeast, Raise the Alarm, Goblin Surprise, Mogg War Marshal, Hissing Iguanar, Greatsword of Tyr, Basilisk Gate, Aether Chaser, Jackal Pup, Deftblade Elite, Doomed Traveler, Mountain, Mountain, Mountain, Mountain, Mountain, Mountain, Mountain, Hordeling Outburst, Rhox Veteran, Elite Vanguard, Plains, Plains, Plains, Plains, Plains, Plains, Plains, Plains, Plains, Mandibular Kite, Seeker of the Way, Battle Screech, Borrowed Grace","Flesh Burrower, Tithe Drinker, Mardu Skullhunter, Faith's Fetters, Thriving Grubs, Burning-Tree Emissary, Forum of Amity, Hidden Grotto, Bogardan Dragonheart, Fireblade Artist, You Hear Something on Watch, Focus Fire, Boiling Rock Prison, Dreg Mangler, Glimmerlight, Basking Broodscale, Pinnacle Kill-Ship, Sparksmith, Body Dropper, Urban Daggertooth, Warship Scout"
"31","3","Black","B Midrange","Creatures","17","6","17","2.22","Retrofitted Transmogrant, Dauthi Horror, Liliana's Specter, Gixian Infiltrator, Ecstatic Awakener, Bone Picker, Go for the Throat, Snuff Out, Falkenrath Noble, Unearth, Scurrilous Sentry, Okiba Reckoner Raid, Swamp, Swamp, Swamp, Swamp, Swamp, Swamp, Swamp, Swamp, Swamp, Swamp, Swamp, Swamp, Swamp, Swamp, Swamp, Swamp, Witch's Cottage, Guildsworn Prowler, Tithing Blade, Voracious Vermin, Candy Grapple, Carnophage, Carrion Feeder, Nested Shambler, Dauthi Slayer, Accursed Marauder, Vampire Lacerator, Okiba-Gang Shinobi","Temperamental Oozewagg, Branching Bolt, Abundant Harvest, Conduit Pylons, Bonesplitter, Renegade Freighter, Bonder's Ornament, Ominous Asylum, Pillory of the Sleepless, Vermin Gorger, Shattered Landscape, Night's Whisper, Ainok Wayfarer, Ashes to Ashes, Rolling Thunder, Raven's Crime, Blood Fountain, Visionary's Dance, Pestilence, Spellbook Seeker, Tortured Existence"
"31","4","Green","G Ramp","Elves, Creatures","19","4","17","3.13","Utopia Sprawl, Simic Growth Chamber, Evolution Witness, Owlbear, Colossal Dreadmask, Contagious Vorrac, Entourage of Trest, Priest of Titania, Wall of Roots, Arbor Elf, Jewel Thief, Llanowar Elves, Coiling Oracle, Wild Growth, Sagu Wildling, Werebear, Eldrazi Repurposer, Greater Tanuki, Forest, Forest, Forest, Forest, Forest, Forest, Forest, Forest, Forest, Forest, Forest, Forest, Forest, Forest, Forest, Forest, Malevolent Rumble, Bramble Wurm, Sakura-Tribe Elder, Snapping Voidcraw, Sarulf's Packmate, Llanowar Visionary","Mechanozoa, Putrid Goblin, Ram Through, Winding Way, Wolf Cove Villager, Hooting Mandrills, Experiment One, River Boa, Jade Guardian, Lys Alana Informant, Tamiyo's Safekeeping, Conclave Naturalists, Alabaster Host Intercessor, Fanatical Firebrand, Scoured Barrens, Tranquil Landscape, Pulse of Murasa, Blastoderm, Silver Drake, Perilous Myr, Mother Bear"
"31","5","Red","R Burn","Spells","13","10","17","2.30","Fireslinger, Gingerbrute, Vulshok Morningstar, Dark-Dweller Oracle, Oliphaunt, Guardian of the Guildpact, Rimrock Knight, Lightning Bolt, Blood Aspirant, Firebolt, Goblin Bushwhacker, Flame Slash, Boros Garrison, Ironhoof Boar, Molten Gatekeeper, Fireblast, Fields of Strife, Mountain, Mountain, Mountain, Mountain, Mountain, Mountain, Mountain, Mountain, Mountain, Mountain, Mountain, Mountain, Mountain, Mountain, Wrenn's Resolve, Plasma Bolt, Abraded Bluffs, Seize Opportunity, Monastery Swiftspear, Goblin Motivator, Galvanic Discharge, Mayhem Patrol, Abrade","Faerie Guidemother, Prophetic Prism, Savage Mansion, Kingpin's Pet, Imperial Oath, Witherbloom Campus, Suburban Sanctuary, Prismatic Strands, Syndic of Tithes, Bristling Backwoods, Momentary Blink, Territorial Hammerskull, Stormfront Pegasus, Suture Priest, Thraben Inspector, Unbounded Potential, Twisted Landscape, Perilous Landscape, Ardenvale Tactician"
"31","6","Blue","U Control","Spells","11","12","17","3.35","Peregrine Drake, Mist Raven, Mystic Sanctuary, Meeting of Minds, Lórien Revealed, Merfolk Looter, Man-o'-War, Opt, Capsize, Condescend, Exclude, Archaeomancer, Ghostly Flicker, Remove Soul, Repeal, Island, Island, Island, Island, Island, Island, Island, Island, Island, Island, Island, Island, Island, Island, Island, Cruel Witness, Mana Leak, Counterspell, Mirrorshell Crab, Behold the Multiverse, Shipwreck Dowser, Murmuring Mystic, Preening Champion, Quicksand, Young Blue Dragon","Zephyr Winder, Azorius Chancery, Snakeskin Veil, Hickory Woodlot, Bountiful Landscape, Growth Spiral, Gods Willing, Night Market, Tranquil Cove, Paradox Gardens, Vault Skirge, Gruul Turf, Guardian Idol, Furnace Strider, Cryoshatter, Quandrix Pledgemage, Deranged Assistant, Nest Invader, Oblivion Ring, Leonin Bola"
"31","7","Green/White","GW Counters","Enchantments, Soldiers","13","10","17","2.39","Selesnya Sanctuary, Kor Skyfisher, Faithful Watchdog, Armadillo Cloak, Phantom Tiger, Riling Dawnbreaker, Homestead Courage, Sunlance, Elvish Mystic, Monstrous Emergence, Porcelain Legionnaire, Thraben Charm, Raffine's Informant, Sprout Swarm, Inspiring Paladin, Forest, Forest, Forest, Forest, Forest, Forest, Forest, Forest, Plains, Plains, Plains, Plains, Plains, Plains, Plains, Plains, Phantom Nomad, Fertile Ground, Palace Sentinels, Captured by Lagacs, Bannerhide Krushok, Dog Umbra, Gnarlid Colony, Petrify, Fortress Kin-Guard","Custodi Squire, Ephemerate, Deceptive Landscape, Rubblebelt Maverick, Judge's Familiar, Contaminated Landscape, Giant Growth, Titan's Grave, Sheltering Landscape, Flayer Husk, Serrated Arrows, Savannah Lions, Cathar Commando, Yavimaya Elder, Undying Malice, Gideon's Lawkeeper, Sylvan Might, Coalition Honor Guard, Iron Apprentice, Dauntless Unity, Gift of Orzhova"
"31","8","Black/Blue","BU Tempo","Black/Blue","13","10","17","3.48","Crypt Rats, Cryogen Relic, Dimir Guildmage, Troll of Khazad-dûm, Mulldrifter, Dread Return, Dimir Aqueduct, Unable to Scream, Grim Bauble, Vampire Sovereign, Consider, Mire Triton, Swamp, Swamp, Swamp, Swamp, Swamp, Swamp, Swamp, Swamp, Swamp, Swamp, Ulamog's Crusher, Doom Blade, Resentful Revelation, Striped Riverwinder, Sinister Hideout, Serum Visionary, Thorn of the Black Rose, Tocasia's Dig Site, Snap, Dinrova Horror, Island, Island, Island, Island, Arms of Hadar, Looter il-Kor, Cast Down, First-Sphere Gargantua","Starbreach Whale, Gravedigger, Golgari Rot Farm, Ninja of the Deep Hours, Seething Landscape, Underworld Charger, Unwilling Ingredient, Faceless Butcher, Vizier of Tumbling Sands, Candy Trail, Death Denied, Underworld Rage-Hound, Witness Protection, Orzhov Basilica, Stab Wound, Foreboding Landscape, Mind Stone, Grapple with the Past, Diregraf Horde"
"32","1","Green/Blue","GU Ramp","Green/Blue","14","9","17","2.96","Utopia Sprawl, Simic Growth Chamber, Starbreach Whale, Cloudkin Seer, Cryogen Relic, Quandrix Campus, Golgari Rot Farm, Growth Spiral, Dimir Aqueduct, Unable to Scream, Serum Visions, Merfolk Looter, Man-o'-War, Vizier of Tumbling Sands, Coiling Oracle, Ainok Wayfarer, Krosan Tusker, Sprout Swarm, Serum Visionary, Werebear, Exclude, Dinrova Horror, Island, Island, Island, Island, Island, Island, Island, Island, Forest, Forest, Forest, Forest, Foreboding Landscape, Pulse of Murasa, Behold the Multiverse, Shipwreck Dowser, Snapping Voidcraw, Llanowar Visionary","Faerie Guidemother, Heliod's Pilgrim, Armadillo Cloak, Dimir Guildmage, Desecrator Hag, Meeting of Minds, Expanding Ooze, Vault Skirge, Hooting Mandrills, Pillory of the Sleepless, Guardian Idol, University Campus, Nest Invader, Chitin Gravestalker, Cruel Witness, Sylvan Might, Mother Bear"
"32","2","Black/White","BW Aristocrats","Humans","13","10","17","2.70","Ephemerate, Liliana's Specter, Guardian of the Guildpact, Trapped in the Screen, Troll of Khazad-dûm, Snuff Out, Blessed Hippogriff, Gray Merchant of Asphodel, Grim Bauble, Vendetta, Okiba Reckoner Raid, Swamp, Swamp, Swamp, Swamp, Swamp, Haunted Fengraf, Thraben Charm, Basilisk Gate, Tithing Blade, Syndic of Tithes, Orzhov Basilica, Plains, Plains, Plains, Plains, Plains, Plains, Plains, Plains, Plains, Mandibular Kite, Novice Inspector, Suture Priest, Palace Sentinels, Snarling Gorehound, Inspiring Overseer, Gift of Orzhova, Militia Bugler, Okiba-Gang Shinobi","Gingerbrute, Vulshok Morningstar, Rubblebelt Maverick, Contaminated Landscape, Dread Return, Rally the Peasants, Unwilling Ingredient, Wolf Cove Villager, Flayer Husk, Savannah Lions, Focus Fire, Death Denied, Raven's Crime, Fields of Strife, Territorial Hammerskull, Ancestral Blade, Stormfront Pegasus, Carrier Thrall, Vampire Lacerator"
"32","3","Red/Blue","RU Spellslinger","Spells, Humans","10","13","17","2.39","Ponder, Hard Evidence, Mystic Sanctuary, Ardent Elementalist, Spectacle Summit, Cradle of the Accursed, Consider, Repulse, Opt, Firebolt, Moon-Circuit Hacker, Pestermite, Eroded Canyon, Cryoshatter, Quandrix Pledgemage, Condescend, Mountain, Mountain, Witness Protection, Searing Spear, Snap, Island, Island, Island, Island, Island, Island, Island, Island, Island, Island, Island, Eldrazi Skyspawner, Tolarian Terror, Brimstone Volley, Incinerate, Monastery Swiftspear, Murmuring Mystic, Preening Champion, Young Blue Dragon","Mechanozoa, Homestead Courage, Improvised Club, Imperial Oath, Weakstone's Subjugation, Serrated Arrows, Wrangle, Wildfire Elemental, Cavern Harpy, Furnace Strider, Boros Garrison, Barbed Batterfist, Mind Stone, Seize Opportunity, Leonin Bola, Seeker of the Way, Perilous Landscape, Mayhem Patrol"
"32","4","Green/White","GW Counters","Creatures","17","6","17","2.52","Selesnya Sanctuary, Temperamental Oozewagg, Phantom Tiger, Contagious Vorrac, Snakeskin Veil, Treetop Snarespinner, Priest of Titania, Arbor Elf, Nyxborn Hydra, Monstrous Emergence, Suburban Sanctuary, Sagu Wildling, Experiment One, River Boa, Ainok Bond-Kin, Basking Broodscale, Forest, Forest, Forest, Forest, Forest, Forest, Forest, Forest, Forest, Forest, Forest, Forest, Forest, Forest, Forest, Tamiyo's Safekeeping, Mutagenic Growth, Urban Daggertooth, Blastoderm, Unbounded Potential, Captured by Lagacs, Bannerhide Krushok, Gnarlid Colony, Sarulf's Packmate","Conduit Goblin, Journey to Nowhere, Burning-Tree Emissary, Abundant Harvest, Sunlance, Triplicate Spirits, Soltari Trooper, Salt Road Packbeast, Giant Growth, Titan's Grave, Sheltering Landscape, Wary Farmer, Shardless Outlander, Mana Tithe, Inspiring Paladin, Deftblade Elite, Elite Vanguard, Phantom Nomad, Bramble Wurm, Fortress Kin-Guard"
"32","5","Green/Red","GR Stompy","Green/Red","13","10","17","3.17","Evolution Witness, Owlbear, Colossal Dreadmask, Branching Bolt, Oliphaunt, Hickory Woodlot, Entourage of Trest, Elvish Mystic, Teetering Peaks, Ram Through, Horrific Assault, Ulamog's Crusher, Gruul Turf, Wild Growth, Yavimaya Elder, Bristling Backwoods, Rancor, Burst Lightning, Eldrazi Repurposer, Forest, Forest, Forest, Forest, Forest, Forest, Forest, Forest, Forest, Forest, Forest, Forest, Forest, Generous Ent, Voracious Varmint, Bushwhack, Conclave Naturalists, Fertile Ground, Writhing Chrysalis, Malevolent Rumble, Sakura-Tribe Elder","Escape Tunnel, Crypt Rats, Prophetic Prism, Bountiful Landscape, Winding Way, Mire Triton, Paradox Gardens, Dreg Mangler, Vines of Vastwood, Jade Guardian, Wrenn's Resolve, Filigree Familiar, Coalition Honor Guard, Grapple with the Past, Brambleback Brute, Petrify, Silver Drake, Abrade"
"32","6","Blue/White","UW Control","Spells","11","12","17","2.96","Phantom Interference, Mist Raven, Frost Trickster, Azorius Chancery, Lyev Skyknight, Gitaxian Probe, Ninja of the Deep Hours, Judge's Familiar, Mulldrifter, Settle Beyond Reality, Displace, Brainstorm, Deep Analysis, Bonder's Ornament, Striped Riverwinder, Capsize, Archaeomancer, Tocasia's Dig Site, Preordain, Repeal, Island, Island, Island, Island, Island, Island, Island, Island, Island, Island, Island, Island, Island, Island, Faerie Seer, Mana Leak, Looter il-Kor, Mirrorshell Crab, Quicksand, Impulse","Kor Skyfisher, Custodi Squire, Fireslinger, Faith's Fetters, Conduit Pylons, Hidden Grotto, Gods Willing, Night Market, You Hear Something on Watch, Planar Disruption, Cathar Commando, Prismatic Strands, Momentary Blink, Stab Wound, Gideon's Lawkeeper, Visionary's Dance, Tranquil Landscape, Ardenvale Tactician, Serpent's Pass"
"32","7","Black/Red","BR Aristocrats","Black/Red","15","8","17","2.43","Retrofitted Transmogrant, Raid Bombardment, Desert, Gixian Infiltrator, Bone Picker, Witty Roastmaster, Falkenrath Noble, Clockwork Percussionist, Cindering Cutthroat, Unearth, Fireblade Artist, Scurrilous Sentry, Swamp, Swamp, Swamp, Swamp, Swamp, Swamp, Swamp, Swamp, Swamp, Swamp, Swamp, Blood Aspirant, Guildsworn Prowler, Loathsome Curator, Candy Grapple, Grim Initiate, Fireblast, Mountain, Mountain, Mountain, Mountain, Mountain, Hordeling Outburst, Plasma Bolt, Nested Shambler, Wither and Bloom, Perilous Myr, Tragic Slip","Flesh Burrower, Seething Landscape, Thriving Grubs, Forum of Amity, Reckless Charge, Vampire Sovereign, Reckless Impulse, Scrapwork Mutt, Frenzied Goblin, Goblin Surprise, Rally at the Hornburg, Aether Chaser, Ashes to Ashes, Pinnacle Kill-Ship, Abraded Bluffs, Iron Apprentice, Scoured Barrens, Pestilence, Goblin Motivator, Borrowed Grace, Warship Scout"
"32","8","Black/Red","BR Aristocrats","Spells, Warriors","15","8","17","2.00","Gnawing Crescendo, Dauthi Horror, Dark-Dweller Oracle, Putrid Goblin, Mardu Skullhunter, Go for the Throat, Village Rites, Lightning Bolt, Swamp, Swamp, Swamp, Swamp, Swamp, Swamp, Swamp, Swamp, Swamp, Ominous Asylum, Witch's Cottage, Boiling Rock Prison, Vermin Gorger, Mogg War Marshal, Night's Whisper, Goblin Bushwhacker, Voracious Vermin, Flame Slash, Carrion Feeder, Mountain, Mountain, Mountain, Mountain, Mountain, Blightning, Thorn of the Black Rose, Body Dropper, Cast Down, Plagued Rusalka, Accursed Marauder, Scorched Rusalka, Beetleback Chief","Clawing Torment, Putrid Leech, Gravedigger, Savage Mansion, Rimrock Knight, Gurmag Angler, Underworld Charger, Deluge Virtuoso, Faceless Butcher, Renegade Freighter, Aether Poisoner, Glimmerlight, Ironhoof Boar, Carnophage, Doomed Traveler, Rhox Veteran, Dauthi Slayer, Diregraf Horde, Dog Umbra"
"33","1","Black/Green","BG Graveyard","Creatures","18","5","17","2.83","Owlbear, Putrid Leech, Phantom Tiger, Golgari Rot Farm, Rubblebelt Maverick, Entourage of Trest, Treetop Snarespinner, Priest of Titania, Elvish Mystic, Doom Blade, Trumpeting Herd, Witherbloom Campus, Dreg Mangler, Yavimaya Elder, Ainok Wayfarer, Vines of Vastwood, Sprout Swarm, Basking Broodscale, Tocasia's Dig Site, Greater Tanuki, Forest, Forest, Forest, Forest, Forest, Forest, Forest, Forest, Forest, Forest, Forest, Forest, Forest, Forest, Voracious Varmint, Conclave Naturalists, Wither and Bloom, Bannerhide Krushok, Sakura-Tribe Elder, Gnarlid Colony","Custodi Squire, Deceptive Landscape, Gravedigger, Mire Triton, Renegade Freighter, Wary Farmer, Suburban Sanctuary, Pillory of the Sleepless, Guardian Idol, Voracious Vermin, Death Denied, Ancestral Blade, Pinnacle Kill-Ship, Foreboding Landscape, Mutagenic Growth, Fanatical Firebrand, Kyoshi Village, Snapping Voidcraw, Perilous Myr"
"33","2","Blue/White","UW Control","Spells, Humans","10","13","17","2.48","Peregrine Drake, Frost Trickster, Mystic Sanctuary, Azorius Chancery, Lyev Skyknight, Lose Focus, Displace, Brainstorm, Unable to Scream, Consider, Tranquil Cove, Merfolk Looter, Capsize, Raffine's Informant, Serum Visionary, Mana Tithe, Condescend, Momentary Blink, Exclude, Archaeomancer, Preordain, Island, Island, Island, Island, Island, Island, Island, Island, Island, Island, Island, Island, Jhessian Thief, Tolarian Terror, Plains, Plains, Oblivion Ring, Mana Leak, Thraben Inspector","Simic Growth Chamber, Dog Walker, Dimir Guildmage, Seething Landscape, Growth Spiral, Imperial Oath, Thraben Charm, Boros Garrison, Barbed Batterfist, Candy Grapple, Searing Spear, Stormfront Pegasus, Phantom Nomad, Skewer the Critics, Guttersnipe, Seize Opportunity, Leonin Bola, Seeker of the Way, Ardenvale Tactician"
"33","3","Green/Red","GR Stompy","Green/Red","11","12","17","2.91","Utopia Sprawl, Champion of Dusan, Desert, Savage Mansion, Snakeskin Veil, Abundant Harvest, Arbor Elf, Winding Way, Monstrous Emergence, Bonder's Ornament, Wild Growth, Haunted Fengraf, Sagu Wildling, Shardless Outlander, Krosan Tusker, Flame Slash, Bristling Backwoods, Rancor, Nest Invader, Annoyed Altisaur, Forest, Forest, Forest, Forest, Forest, Forest, Forest, Forest, Forest, Forest, Forest, Forest, Forest, Generous Ent, Mind Stone, Writhing Chrysalis, Malevolent Rumble, Goblin Anarchomancer, Scholar of Combustion, Abrade","Escape Tunnel, Pristine Talisman, Homestead Courage, Bountiful Landscape, Thriving Grubs, Triplicate Spirits, Soltari Trooper, Salt Road Packbeast, Sheltering Landscape, Candy Trail, Shattered Landscape, Doomed Traveler, Gideon's Lawkeeper, Urban Daggertooth, Iron Apprentice, Captured by Lagacs, Twisted Landscape, Fortress Kin-Guard"
"33","4","Black/Red","BR Aristocrats","Creatures","18","5","17","1.78","Retrofitted Transmogrant, Dark-Dweller Oracle, Improvised Club, Ecstatic Awakener, Putrid Goblin, Witty Roastmaster, Village Rites, Clockwork Percussionist, Teetering Peaks, Swamp, Swamp, Swamp, Swamp, Frenzied Goblin, Wrangle, Witch's Cottage, Boiling Rock Prison, Blood Aspirant, Mogg War Marshal, Hissing Iguanar, Shock Brigade, Chain Lightning, Molten Gatekeeper, Grim Initiate, Mountain, Mountain, Mountain, Mountain, Mountain, Mountain, Mountain, Mountain, Mountain, Mountain, Blightning, Carrier Thrall, Body Dropper, Accursed Marauder, Vampire Lacerator, Scorched Rusalka","Grim Bauble, Bonesplitter, Titan's Grave, Raise the Alarm, Goblin Surprise, Vermin Gorger, Greatsword of Tyr, Inspiring Paladin, Jackal Pup, Underworld Rage-Hound, Sparksmith, Elite Vanguard, Brimstone Volley, Alabaster Host Intercessor, Diregraf Horde, Elite Interceptor, Gift of Orzhova, Miner's Guidewing, Mayhem Patrol"
"33","5","Red/Blue","RU Spellslinger","Spells","11","12","17","3.22","Hard Evidence, Starbreach Whale, Phantom Interference, Mist Raven, Mechanozoa, Izzet Boilerworks, Gitaxian Probe, Ardent Elementalist, Cradle of the Accursed, Deep Analysis, Treasure Cruise, Repulse, Striped Riverwinder, Moon-Circuit Hacker, Mountain, Witness Protection, Burst Lightning, Remove Soul, Island, Island, Island, Island, Island, Island, Island, Island, Island, Island, Island, Island, Island, Island, Looter il-Kor, Counterspell, Incinerate, Shipwreck Dowser, Murmuring Mystic, Preening Champion, Galvanic Discharge, Young Blue Dragon","Faerie Guidemother, Tithe Drinker, Firebrand Archer, Tuskeri Firewalker, Rally the Peasants, Cindering Cutthroat, Planar Disruption, Paradox Gardens, Wildfire Elemental, Sinister Hideout, Cavern Harpy, Furnace Strider, University Campus, Fields of Strife, Fireball, Filigree Familiar, Novice Inspector, Dauntless Unity, Eagles of the North, Warship Scout"
"33","6","Black","B Midrange","Spells","11","12","17","3.43","Crypt Rats, Troll of Khazad-dûm, Bone Picker, Go for the Throat, Gurmag Angler, Snuff Out, Dread Return, Falkenrath Noble, Gray Merchant of Asphodel, Unearth, Faceless Butcher, Scurrilous Sentry, Swamp, Swamp, Swamp, Swamp, Swamp, Swamp, Swamp, Swamp, Swamp, Swamp, Swamp, Swamp, Swamp, Swamp, Swamp, Swamp, Swamp, Guildsworn Prowler, Night's Whisper, Tithing Blade, Blood Fountain, Chitin Gravestalker, Arms of Hadar, Cast Down, Pestilence, First-Sphere Gargantua, Tragic Slip, Tortured Existence","Dauthi Horror, Clawing Torment, Mardu Skullhunter, Dimir Aqueduct, Conduit Pylons, Underworld Charger, Unwilling Ingredient, Deluge Virtuoso, Soul Manipulation, Savannah Lions, Cathar Commando, Loathsome Curator, Carnophage, Ghostly Flicker, Dinrova Horror, Dauthi Slayer, Mirrorshell Crab, Scoured Barrens, Plagued Rusalka, Dog Umbra, Battle Screech, Borrowed Grace"
"33","7","Red/Blue","RU Spellslinger","Spells","9","14","17","2.48","Oliphaunt, Ninja of the Deep Hours, Rimrock Knight, Lightning Bolt, Serum Visions, Reckless Impulse, Scrapwork Mutt, Lórien Revealed, Opt, Firebolt, Eroded Canyon, Basilisk Gate, Bloodwater Entity, Rolling Thunder, Fireblast, Izzet Charm, Spelleater Wolverine, Mountain, Mountain, Mountain, Mountain, Mountain, Mountain, Mountain, Mountain, Mountain, Wrenn's Resolve, Plasma Bolt, Repeal, Island, Island, Island, Island, Island, Faerie Seer, Cruel Witness, Behold the Multiverse, Monastery Swiftspear, Quicksand, Impulse","Gnawing Crescendo, Conduit Goblin, Fireslinger, Gingerbrute, Zephyr Winder, Riling Dawnbreaker, Judge's Familiar, Tenth District Legionnaire, Blessed Hippogriff, Forum of Amity, Night Market, You Hear Something on Watch, Vault Skirge, Resentful Revelation, Search Party Captain, Quandrix Pledgemage, Raven's Crime, Abraded Bluffs, Okiba-Gang Shinobi"
"33","8","Green/White","GW Counters","Creatures","16","7","17","2.39","Selesnya Sanctuary, Evolution Witness, Heliod's Pilgrim, Colossal Dreadmask, Faithful Watchdog, Armadillo Cloak, Contagious Vorrac, Hickory Woodlot, Journey to Nowhere, Sunlance, Jewel Thief, Nyxborn Hydra, Porcelain Legionnaire, Llanowar Elves, Experiment One, River Boa, Ainok Bond-Kin, Werebear, Forest, Forest, Forest, Forest, Forest, Forest, Forest, Forest, Forest, Plains, Plains, Plains, Plains, Plains, Plains, Bushwhack, Inspiring Overseer, Unbounded Potential, Petrify, Sarulf's Packmate, Llanowar Visionary, Mother Bear","Vulshok Morningstar, Hidden Grotto, Gods Willing, Giant Growth, Flayer Husk, Gruul Turf, Focus Fire, Hooting Mandrills, Undying Malice, Syndic of Tithes, Ironhoof Boar, Deftblade Elite, Rhox Veteran, Suture Priest, You Meet in a Tavern, Sylvan Might, Tranquil Landscape, Blastoderm, Spellbook Seeker, Sulfurous Blast"
"34","1","Green/Red","GR Stompy","Spells","11","12","17","2.65","Owlbear, Oliphaunt, Abundant Harvest, Wall of Roots, Arbor Elf, Ram Through, Horrific Assault, Bonder's Ornament, Gruul Turf, Wild Growth, Sagu Wildling, Yavimaya Elder, Sprout Swarm, Bristling Backwoods, Nest Invader, Annoyed Altisaur, Plasma Bolt, Greater Tanuki, Forest, Forest, Forest, Forest, Forest, Forest, Forest, Forest, Forest, Forest, Forest, Forest, Forest, Forest, Forest, Voracious Varmint, Bushwhack, Fertile Ground, Malevolent Rumble, Sakura-Tribe Elder, Lightning Strike, Abrade","Selesnya Sanctuary, Rakdos Carnarium, Quandrix Campus, Firebrand Archer, Bountiful Landscape, Forum of Amity, Reckless Impulse, Wary Farmer, Hooting Mandrills, Firebolt, Quandrix Pledgemage, Carnophage, Urban Daggertooth, Grapple with the Past, Tranquil Landscape, Sword Coast Serpent, Murmuring Mystic, Spellbook Seeker, Sulfurous Blast, Beetleback Chief"
"34","2","Black","B Midrange","Spells, Zombies","13","10","17","3.22","Crypt Rats, Liliana's Specter, Gurmag Angler, Dread Return, Vampire Sovereign, Unearth, Mire Triton, Scurrilous Sentry, Swamp, Swamp, Swamp, Swamp, Swamp, Swamp, Swamp, Swamp, Swamp, Swamp, Swamp, Swamp, Swamp, Swamp, Swamp, Swamp, Swamp, Doom Blade, Resentful Revelation, Guildsworn Prowler, Night's Whisper, Tithing Blade, Ashes to Ashes, Raven's Crime, Chitin Gravestalker, Arms of Hadar, Wither and Bloom, Snarling Gorehound, Diregraf Horde, Accursed Marauder, First-Sphere Gargantua, Okiba-Gang Shinobi","Clawing Torment, Zephyr Winder, Rubblebelt Maverick, Gixian Infiltrator, Village Rites, Falkenrath Noble, Unwilling Ingredient, Cindering Cutthroat, Lórien Revealed, Aether Poisoner, Vermin Gorger, Ainok Wayfarer, Cavern Harpy, Carrion Feeder, Ghostly Flicker, Pinnacle Kill-Ship, Lys Alana Informant, Nested Shambler, Body Dropper, Dauthi Slayer, Blastoderm, Perilous Myr"
"34","3","White","W Weenie","Soldiers","12","11","17","2.61","Kor Skyfisher, Aerie Auxiliary, Ephemerate, Guardian of the Guildpact, Trapped in the Screen, Journey to Nowhere, Settle Beyond Reality, Blessed Hippogriff, Sunlance, Thraben Charm, Greatsword of Tyr, Search Party Captain, Stormfront Pegasus, Gideon's Lawkeeper, Plains, Plains, Plains, Plains, Plains, Plains, Plains, Plains, Plains, Plains, Plains, Plains, Plains, Plains, Plains, Plains, Plains, Mandibular Kite, Oblivion Ring, Novice Inspector, Suture Priest, Palace Sentinels, Inspiring Overseer, Battle Screech, Ardenvale Tactician, Petrify","Prophetic Prism, Azorius Chancery, Riling Dawnbreaker, Judge's Familiar, Contaminated Landscape, Conduit Pylons, Gods Willing, Imperial Oath, Savannah Lions, Pillory of the Sleepless, Ainok Bond-Kin, Undying Malice, Syndic of Tithes, Deftblade Elite, Territorial Hammerskull, Elite Vanguard, Carrier Thrall, Filigree Familiar, Coalition Honor Guard, Abraded Bluffs, Iron Apprentice, Leonin Bola"
"34","4","Green","G Ramp","Green","14","9","17","2.65","Temperamental Oozewagg, Evolution Witness, Colossal Dreadmask, Desert, Contagious Vorrac, Snakeskin Veil, Entourage of Trest, Priest of Titania, Jewel Thief, Winding Way, Trumpeting Herd, Experiment One, River Boa, Vines of Vastwood, Jade Guardian, Rancor, Eldrazi Repurposer, Forest, Forest, Forest, Forest, Forest, Forest, Forest, Forest, Forest, Forest, Forest, Forest, Forest, Forest, Forest, Forest, Tamiyo's Safekeeping, Mutagenic Growth, Sylvan Might, Bannerhide Krushok, Gnarlid Colony, Sarulf's Packmate, Mother Bear","Flesh Burrower, Starbreach Whale, Dauthi Horror, Savage Mansion, Golgari Rot Farm, Burning-Tree Emissary, Growth Spiral, Teetering Peaks, Titan's Grave, Witherbloom Campus, Suburban Sanctuary, Dreg Mangler, Glimmerlight, Fields of Strife, Foreboding Landscape, Skewer the Critics, Conclave Naturalists, Writhing Chrysalis, Pulse of Murasa, Bramble Wurm, Brambleback Brute"
"34","5","Red/Blue","RU Spellslinger","Spells","7","16","17","2.30","Escape Tunnel, Mocking Sprite, Ponder, Lose Focus, Gitaxian Probe, Ardent Elementalist, Rimrock Knight, Lightning Bolt, Reckless Charge, Serum Visions, Repulse, Haunted Fengraf, Fireblast, Izzet Charm, Spelleater Wolverine, Mountain, Mountain, Mountain, Mountain, Mountain, Mountain, Mountain, Mountain, Wrenn's Resolve, Snap, Repeal, Island, Island, Island, Island, Island, Island, Island, Jhessian Thief, Mana Leak, Guttersnipe, Counterspell, Brimstone Volley, Behold the Multiverse, Monastery Swiftspear","Champion of Dusan, Putrid Leech, Mechanozoa, Improvised Club, Weakstone's Subjugation, You Hear Something on Watch, Paradox Gardens, Striped Riverwinder, Wildfire Elemental, Pestermite, Inspiring Paladin, Grim Initiate, University Campus, Underworld Rage-Hound, Sparksmith, Mind Stone, Fanatical Firebrand, Twisted Landscape, Silver Drake, Warship Scout"
"34","6","Red/White","RW Aggro","Humans, Creatures","16","7","17","2.13","Faerie Guidemother, Conduit Goblin, Dog Walker, Raid Bombardment, Tenth District Legionnaire, Witty Roastmaster, Bonesplitter, Salt Road Packbeast, Porcelain Legionnaire, Frenzied Goblin, Goblin Surprise, Mogg War Marshal, Rally at the Hornburg, Raffine's Informant, Shock Brigade, Chain Lightning, Jackal Pup, Mountain, Mountain, Mountain, Mountain, Mountain, Mountain, Mountain, Mountain, Rhox Veteran, Ancestral Blade, Plains, Plains, Plains, Plains, Plains, Plains, Plains, Plains, Plains, Thraben Inspector, Incinerate, Seeker of the Way, Miner's Guidewing","Gnawing Crescendo, Tithe Drinker, Gingerbrute, Pristine Talisman, Homestead Courage, Faith's Fetters, Soltari Trooper, Wolf Cove Villager, Scrapwork Mutt, Tranquil Cove, Planar Disruption, Focus Fire, Candy Trail, Doomed Traveler, Visionary's Dance, Kyoshi Village, Captured by Lagacs, Dauntless Unity, Goblin Motivator, Dog Umbra, Borrowed Grace, Mayhem Patrol"
"34","7","Red/Blue","RU Spellslinger","Spells, Wizards","13","10","17","2.83","Hard Evidence, Cloudkin Seer, Peregrine Drake, Phantom Interference, Izzet Boilerworks, Ninja of the Deep Hours, Mulldrifter, Clockwork Percussionist, Meeting of Minds, Deep Analysis, Tempest Angler, Merfolk Looter, Man-o'-War, Wrangle, Aether Chaser, Flame Slash, Bloodwater Entity, Rolling Thunder, Mountain, Mountain, Mountain, Mountain, Mountain, Fireball, Remove Soul, Island, Island, Island, Island, Island, Island, Island, Island, Island, Island, Island, Faerie Seer, Tolarian Terror, Seize Opportunity, Shipwreck Dowser","Lyev Skyknight, Hickory Woodlot, Hidden Grotto, Gray Merchant of Asphodel, Deluge Virtuoso, Night Market, Renegade Freighter, Serrated Arrows, Ominous Asylum, Hissing Iguanar, Boros Garrison, Molten Gatekeeper, Barbed Batterfist, Candy Grapple, Deranged Assistant, Blightning, Thorn of the Black Rose, Orzhov Basilica, Plagued Rusalka, Vampire Lacerator, Serpent's Pass"
"34","8","Black/Blue","BU Tempo","Spells","12","11","17","2.96","Cryogen Relic, Mystic Sanctuary, Gravedigger, Dimir Guildmage, Troll of Khazad-dûm, Snuff Out, Brainstorm, Cradle of the Accursed, Dimir Aqueduct, Soul Manipulation, Vendetta, Faceless Butcher, Okiba Reckoner Raid, Swamp, Swamp, Swamp, Treasure Cruise, Vault Skirge, Witch's Cottage, Moon-Circuit Hacker, Sinister Hideout, Basilisk Gate, Miscalculation, Witness Protection, Tocasia's Dig Site, Island, Island, Island, Island, Island, Island, Island, Eldrazi Skyspawner, Cruel Witness, Looter il-Kor, Mirrorshell Crab, Elite Interceptor, Impulse, Tragic Slip, Young Blue Dragon","Retrofitted Transmogrant, Branching Bolt, Deceptive Landscape, Putrid Goblin, Seething Landscape, Thriving Grubs, Fireblade Artist, Vizier of Tumbling Sands, Coiling Oracle, Krosan Tusker, Guardian Idol, Voracious Vermin, Death Denied, Hordeling Outburst, Gift of Orzhova"
"35","1","Green/White","GW Counters","Enchantments, Soldiers","13","10","17","2.65","Selesnya Sanctuary, Aerie Auxiliary, Faithful Watchdog, Armadillo Cloak, Contagious Vorrac, Guardian of the Guildpact, Trapped in the Screen, Entourage of Trest, Journey to Nowhere, Blessed Hippogriff, Thraben Charm, Greatsword of Tyr, Ainok Bond-Kin, Jade Guardian, Inspiring Paladin, Rancor, Forest, Forest, Forest, Forest, Forest, Plains, Plains, Plains, Plains, Plains, Plains, Plains, Plains, Plains, Plains, Plains, Novice Inspector, Unbounded Potential, Captured by Lagacs, Dog Umbra, Gnarlid Colony, Petrify, Militia Bugler, Fortress Kin-Guard","Ephemerate, Snakeskin Veil, Faith's Fetters, Triplicate Spirits, Teetering Peaks, Soltari Trooper, Salt Road Packbeast, You Hear Something on Watch, Raise the Alarm, Savannah Lions, Search Party Captain, Prismatic Strands, Mana Tithe, Deftblade Elite, Sparksmith, Gideon's Lawkeeper, Mandibular Kite, Visionary's Dance, Palace Sentinels, Eagles of the North, Warship Scout"
"35","2","Blue/White","UW Control","Spells, Humans","13","10","17","3.35","Escape Tunnel, Kor Skyfisher, Starbreach Whale, Custodi Squire, Heliod's Pilgrim, Mist Raven, Azorius Chancery, Lyev Skyknight, Lose Focus, Mulldrifter, Displace, Serum Visions, Deep Analysis, Tranquil Cove, Lórien Revealed, Haunted Fengraf, Serum Visionary, University Campus, Momentary Blink, Witness Protection, Archaeomancer, Island, Island, Island, Island, Island, Island, Island, Island, Island, Island, Eldrazi Skyspawner, Plains, Plains, Oblivion Ring, Mana Leak, Coalition Honor Guard, Alabaster Host Intercessor, Preening Champion, Battle Screech","Simic Growth Chamber, Pristine Talisman, Spectacle Summit, Expanding Ooze, Flayer Husk, Striped Riverwinder, Quandrix Pledgemage, Syndic of Tithes, Underworld Rage-Hound, Rhox Veteran, Ancestral Blade, Abraded Bluffs, Tranquil Landscape, Dauntless Unity, Seeker of the Way, Bannerhide Krushok, Perilous Myr"
"35","3","Green","G Stompy","Green","14","9","17","2.74","Temperamental Oozewagg, Evolution Witness, Owlbear, Colossal Dreadmask, Hickory Woodlot, Treetop Snarespinner, Burning-Tree Emissary, Abundant Harvest, Priest of Titania, Wall of Roots, Arbor Elf, Ram Through, Winding Way, Monstrous Emergence, Gruul Turf, Wild Growth, Sagu Wildling, Ainok Wayfarer, Sprout Swarm, Forest, Forest, Forest, Forest, Forest, Forest, Forest, Forest, Forest, Forest, Forest, Forest, Forest, Forest, Forest, Tamiyo's Safekeeping, Fertile Ground, Bramble Wurm, Sakura-Tribe Elder, Goblin Anarchomancer, Llanowar Visionary","Flesh Burrower, Tithe Drinker, Vulshok Morningstar, Phantom Tiger, Conduit Pylons, Bonesplitter, Wolf Cove Villager, Sheltering Landscape, Wary Farmer, Pillory of the Sleepless, Firebolt, Experiment One, Vines of Vastwood, Aether Chaser, Burst Lightning, Lys Alana Informant, Skewer the Critics, Sylvan Might, Incinerate, Twisted Landscape"
"35","4","Black/Blue","BU Tempo","Spells","7","16","17","3.26","Hard Evidence, Prophetic Prism, Dimir Guildmage, Troll of Khazad-dûm, Brainstorm, Dimir Aqueduct, Meeting of Minds, Soul Manipulation, Grim Bauble, Consider, Swamp, Swamp, Swamp, Swamp, Swamp, Doom Blade, Treasure Cruise, Capsize, Disfigure, Candy Grapple, Thorn of the Black Rose, Exclude, Tocasia's Dig Site, Blood Fountain, Island, Island, Island, Island, Island, Island, Island, Island, Island, Island, Mirrorshell Crab, Sword Coast Serpent, Behold the Multiverse, Shipwreck Dowser, First-Sphere Gargantua, Tragic Slip","Izzet Boilerworks, Contaminated Landscape, Falkenrath Noble, Deluge Virtuoso, Reckless Charge, Scrapwork Mutt, Bonder's Ornament, Ominous Asylum, Guildsworn Prowler, Candy Trail, Rally at the Hornburg, Shardless Outlander, Pestermite, Furnace Strider, Boros Garrison, Glimmerlight, Molten Gatekeeper, Plasma Bolt, Pinnacle Kill-Ship, Grapple with the Past"
"35","5","Black/Green","BG Graveyard","Black/Green","15","8","17","2.61","Champion of Dusan, Putrid Leech, Quandrix Campus, Golgari Rot Farm, Growth Spiral, Jewel Thief, Horrific Assault, Unearth, Giant Growth, Paradox Gardens, Llanowar Elves, Witherbloom Campus, Hooting Mandrills, Krosan Tusker, Werebear, Eldrazi Repurposer, Greater Tanuki, Forest, Forest, Forest, Forest, Forest, Forest, Forest, Forest, Forest, Forest, Forest, Foreboding Landscape, Voracious Varmint, Mutagenic Growth, Bushwhack, Malevolent Rumble, Blastoderm, Accursed Marauder, Snapping Voidcraw, Quicksand, Sarulf's Packmate, Tortured Existence, Mother Bear","Deceptive Landscape, Savage Mansion, Riling Dawnbreaker, Thriving Grubs, Underworld Charger, Unwilling Ingredient, Boiling Rock Prison, Vermin Gorger, Shattered Landscape, Fireblast, Carrier Thrall, Fanatical Firebrand, Leonin Bola, Diregraf Horde, Kyoshi Village, Pestilence"
"35","6","Black/Blue","BU Tempo","Spells, Zombies","13","10","17","2.78","Retrofitted Transmogrant, Crypt Rats, Gravedigger, Liliana's Specter, Bone Picker, Gurmag Angler, Snuff Out, Gray Merchant of Asphodel, Vampire Sovereign, Vendetta, Swamp, Swamp, Swamp, Swamp, Swamp, Swamp, Swamp, Swamp, Swamp, Swamp, Swamp, Swamp, Resentful Revelation, Moon-Circuit Hacker, Night's Whisper, Sinister Hideout, Basilisk Gate, Stab Wound, Snap, Repeal, Island, Island, Dauthi Slayer, Looter il-Kor, Cast Down, Wither and Bloom, Vampire Lacerator, Murmuring Mystic, Impulse, Serpent's Pass","Clawing Torment, Zephyr Winder, Raid Bombardment, Kingpin's Pet, Titan's Grave, Ulamog's Crusher, Tempest Angler, Porcelain Legionnaire, Wrangle, Aether Poisoner, Wildfire Elemental, Jackal Pup, Deranged Assistant, Blightning, Orzhov Basilica, Cruel Witness, Scoured Barrens, Elite Interceptor, Brambleback Brute"
"35","7","Black/Red","BR Aristocrats","Black/Red","15","8","17","1.87","Gnawing Crescendo, Rakdos Carnarium, Gixian Infiltrator, Rimrock Knight, Ecstatic Awakener, Putrid Goblin, Witty Roastmaster, Village Rites, Cradle of the Accursed, Clockwork Percussionist, Cindering Cutthroat, Fireblade Artist, Okiba Reckoner Raid, Swamp, Swamp, Swamp, Swamp, Swamp, Swamp, Swamp, Swamp, Blood Aspirant, Hissing Iguanar, Shock Brigade, Flame Slash, Grim Initiate, Carrion Feeder, Mountain, Mountain, Mountain, Mountain, Mountain, Mountain, Mountain, Hordeling Outburst, Searing Spear, Body Dropper, Brimstone Volley, Snarling Gorehound, Galvanic Discharge","Fireslinger, Dog Walker, Desecrator Hag, Mardu Skullhunter, Hidden Grotto, Night Market, Faceless Butcher, Focus Fire, Tithing Blade, Loathsome Curator, Bloodwater Entity, Rolling Thunder, Raven's Crime, Fields of Strife, Fireball, Arms of Hadar, Perilous Landscape, Borrowed Grace, Mayhem Patrol, Abrade"
"35","8","Red/Blue","RU Spellslinger","Spells","8","15","17","2.22","Ponder, Phantom Interference, Frost Trickster, Mystic Sanctuary, Desert, Gitaxian Probe, Unable to Scream, Reckless Impulse, Repulse, Eroded Canyon, Chain Lightning, Miscalculation, Condescend, Izzet Charm, Mountain, Mountain, Mountain, Mountain, Wrenn's Resolve, Preordain, Remove Soul, Island, Island, Island, Island, Island, Island, Island, Island, Island, Island, Faerie Seer, Jhessian Thief, Tolarian Terror, Into the Roil, Guttersnipe, Counterspell, Monastery Swiftspear, Scholar of Combustion, Young Blue Dragon","Conduit Goblin, Cryogen Relic, Mechanozoa, Forum of Amity, Tuskeri Firewalker, Serrated Arrows, Vault Skirge, Goblin Surprise, Cavern Harpy, Cryoshatter, Goblin Bushwhacker, Ironhoof Boar, Barbed Batterfist, Doomed Traveler, Spelleater Wolverine, Urban Daggertooth, Spellbook Seeker, Goblin Motivator, Ardenvale Tactician"
"36","1","Black/Blue","BU Tempo","Spells","11","12","17","3.57","Starbreach Whale, Peregrine Drake, Desert, Bone Picker, Gurmag Angler, Snuff Out, Dimir Aqueduct, Meeting of Minds, Consider, Swamp, Swamp, Swamp, Swamp, Vizier of Tumbling Sands, Repulse, Disfigure, Moon-Circuit Hacker, Night's Whisper, Sinister Hideout, Exclude, Remove Soul, Dinrova Horror, Island, Island, Island, Island, Island, Island, Island, Island, Island, Tolarian Terror, Arms of Hadar, Cruel Witness, Counterspell, Cast Down, First-Sphere Gargantua, Preening Champion, Impulse, Serpent's Pass","Dog Walker, Armadillo Cloak, Seething Landscape, Growth Spiral, Conduit Pylons, Rally the Peasants, Unwilling Ingredient, Candy Trail, Pestermite, Loathsome Curator, Death Denied, Carrier Thrall, Coalition Honor Guard, Iron Apprentice, Scoured Barrens, Leonin Bola, Gift of Orzhova, Scorched Rusalka"
"36","2","Green/Red","GR Stompy","Spells","13","10","17","3.26","Utopia Sprawl, Temperamental Oozewagg, Branching Bolt, Oliphaunt, Savage Mansion, Priest of Titania, Reckless Impulse, Gruul Turf, Hooting Mandrills, Firebolt, Werebear, Rolling Thunder, Mountain, Annoyed Altisaur, Plasma Bolt, Eldrazi Repurposer, Greater Tanuki, Forest, Forest, Forest, Forest, Forest, Forest, Forest, Forest, Forest, Forest, Forest, Forest, Forest, Forest, Generous Ent, You Meet in a Tavern, Fertile Ground, Malevolent Rumble, Bannerhide Krushok, Sarulf's Packmate, Llanowar Visionary, Abrade, Mother Bear","Prophetic Prism, Faithful Watchdog, Quandrix Campus, Dark-Dweller Oracle, Ardent Elementalist, Spectacle Summit, Forum of Amity, Witty Roastmaster, Sheltering Landscape, Planar Disruption, Porcelain Legionnaire, Shattered Landscape, Cryoshatter, Aether Chaser, Fields of Strife, Sparksmith, Kyoshi Village, Twisted Landscape, Goblin Motivator, Mayhem Patrol"
"36","3","Blue","U Spellslinger","Spells","10","13","17","3.09","Mocking Sprite, Simic Growth Chamber, Hard Evidence, Cloudkin Seer, Phantom Interference, Cryogen Relic, Zephyr Winder, Mechanozoa, Displace, Weakstone's Subjugation, Deep Analysis, Treasure Cruise, Bonder's Ornament, Lórien Revealed, Merfolk Looter, Man-o'-War, Quandrix Pledgemage, Condescend, Witness Protection, Island, Island, Island, Island, Island, Island, Island, Island, Island, Island, Island, Island, Island, Island, Island, Eldrazi Skyspawner, Jhessian Thief, Mana Leak, Mirrorshell Crab, Behold the Multiverse, Quicksand","Heliod's Pilgrim, Pristine Talisman, Rubblebelt Maverick, Guardian of the Guildpact, Contaminated Landscape, Cindering Cutthroat, Imperial Oath, Titan's Grave, Shardless Outlander, University Campus, Deftblade Elite, Orzhov Basilica, Ancestral Blade, Lys Alana Informant, Suture Priest, Guttersnipe, Visionary's Dance, Seize Opportunity, Snapping Voidcraw, Warship Scout"
"36","4","Black/Green","BG Graveyard","Spells, Zombies","14","9","17","2.48","Putrid Leech, Entourage of Trest, Go for the Throat, Dread Return, Underworld Charger, Nyxborn Hydra, Mire Triton, Expanding Ooze, Swamp, Swamp, Swamp, Swamp, Swamp, Swamp, Swamp, Swamp, Swamp, Swamp, Witherbloom Campus, Haunted Fengraf, Sagu Wildling, Ainok Wayfarer, River Boa, Jade Guardian, Ashes to Ashes, Candy Grapple, Carrion Feeder, Raven's Crime, Basking Broodscale, Forest, Forest, Forest, Forest, Forest, Bushwhack, Pulse of Murasa, Diregraf Horde, Accursed Marauder, Tragic Slip, Tortured Existence","Selesnya Sanctuary, Tithe Drinker, Mardu Skullhunter, Hidden Grotto, Deluge Virtuoso, Ram Through, Savannah Lions, Paradox Gardens, Wary Farmer, Focus Fire, Undying Malice, Grim Initiate, Rhox Veteran, Foreboding Landscape, Dauthi Slayer, Sylvan Might, Captured by Lagacs, Dauntless Unity, Gnarlid Colony, Perilous Myr"
"36","5","Black","B Midrange","Zombies","15","8","17","2.48","Retrofitted Transmogrant, Dauthi Horror, Crypt Rats, Gravedigger, Troll of Khazad-dûm, Ecstatic Awakener, Putrid Goblin, Cradle of the Accursed, Falkenrath Noble, Gray Merchant of Asphodel, Grim Bauble, Vampire Sovereign, Unearth, Vendetta, Faceless Butcher, Okiba Reckoner Raid, Swamp, Swamp, Swamp, Swamp, Swamp, Swamp, Swamp, Swamp, Swamp, Swamp, Swamp, Swamp, Swamp, Swamp, Swamp, Swamp, Doom Blade, Vault Skirge, Guildsworn Prowler, Tithing Blade, Carnophage, Wither and Bloom, Pestilence, Vampire Lacerator","Clawing Torment, Dimir Guildmage, Village Rites, Sunlance, Triplicate Spirits, Night Market, Fireblade Artist, Boiling Rock Prison, Aether Poisoner, Vermin Gorger, Mogg War Marshal, Search Party Captain, Boros Garrison, Glimmerlight, Barbed Batterfist, Jackal Pup, Doomed Traveler, Blightning, Filigree Familiar, Plagued Rusalka, Fortress Kin-Guard"
"36","6","Green","G Ramp","Creatures","16","7","17","3.04","Flesh Burrower, Evolution Witness, Owlbear, Contagious Vorrac, Snakeskin Veil, Abundant Harvest, Wall of Roots, Elvish Mystic, Winding Way, Ulamog's Crusher, Wild Growth, Yavimaya Elder, Krosan Tusker, Experiment One, Sprout Swarm, Nest Invader, Tocasia's Dig Site, Forest, Forest, Forest, Forest, Forest, Forest, Forest, Forest, Forest, Forest, Forest, Forest, Forest, Forest, Forest, Forest, Voracious Varmint, Mind Stone, Conclave Naturalists, Urban Daggertooth, Grapple with the Past, Blastoderm, Bramble Wurm","Vulshok Morningstar, Riling Dawnbreaker, Bountiful Landscape, Scrapwork Mutt, Flayer Husk, Serrated Arrows, Capsize, Goblin Surprise, Greatsword of Tyr, Guardian Idol, Vines of Vastwood, Prismatic Strands, Molten Gatekeeper, Spelleater Wolverine, Elite Vanguard, Mandibular Kite, Phantom Nomad, Brimstone Volley, Tranquil Landscape, Elite Interceptor, Brambleback Brute"
"36","7","Red","R Burn","Spells, Goblins","8","15","17","2.00","Gnawing Crescendo, Raid Bombardment, Improvised Club, Rimrock Knight, Clockwork Percussionist, Bonesplitter, Reckless Charge, Teetering Peaks, Frenzied Goblin, Rally at the Hornburg, Goblin Bushwhacker, Flame Slash, Fireblast, Underworld Rage-Hound, Mountain, Mountain, Mountain, Mountain, Mountain, Mountain, Mountain, Mountain, Mountain, Mountain, Mountain, Mountain, Mountain, Mountain, Mountain, Mountain, Hordeling Outburst, Searing Spear, Burst Lightning, Skewer the Critics, Fanatical Firebrand, Incinerate, Monastery Swiftspear, Galvanic Discharge, Lightning Strike, Beetleback Chief","Rakdos Carnarium, Izzet Boilerworks, Tenth District Legionnaire, Tuskeri Firewalker, Gods Willing, Salt Road Packbeast, Wolf Cove Villager, Tempest Angler, Ominous Asylum, Wrangle, Suburban Sanctuary, Opt, Eroded Canyon, Furnace Strider, Territorial Hammerskull, Fireball, Repeal, Abraded Bluffs, Shipwreck Dowser, Murmuring Mystic, Scholar of Combustion"
"36","8","White","W Weenie","Soldiers","15","8","17","2.35","Faerie Guidemother, Kor Skyfisher, Aerie Auxiliary, Ephemerate, Trapped in the Screen, Judge's Familiar, Blessed Hippogriff, Tranquil Cove, Cathar Commando, Thraben Charm, Raffine's Informant, Mana Tithe, Momentary Blink, Island, Stormfront Pegasus, Gideon's Lawkeeper, Plains, Plains, Plains, Plains, Plains, Plains, Plains, Plains, Plains, Plains, Plains, Plains, Plains, Plains, Plains, Oblivion Ring, Novice Inspector, Inspiring Overseer, Eagles of the North, Battle Screech, Ardenvale Tactician, Miner's Guidewing, Petrify, Militia Bugler","Ponder, Custodi Squire, Frost Trickster, Mystic Sanctuary, Lyev Skyknight, Homestead Courage, Faith's Fetters, Brainstorm, Horrific Assault, Soltari Trooper, You Hear Something on Watch, Serum Visions, Raise the Alarm, Pillory of the Sleepless, Syndic of Tithes, Inspiring Paladin, Snap, Ghostly Flicker, Faerie Seer, Mutagenic Growth, Alabaster Host Intercessor"
"37","1","Red/Blue","RU Spellslinger","Spells, Humans","9","14","17","2.26","Escape Tunnel, Mocking Sprite, Ponder, Hard Evidence, Izzet Boilerworks, Ardent Elementalist, Firebrand Archer, Cradle of the Accursed, Meeting of Minds, Teetering Peaks, Deep Analysis, Man-o'-War, Opt, Firebolt, Chain Lightning, Bloodwater Entity, Mountain, Mountain, Mountain, Mountain, Mountain, Mountain, Mountain, Mountain, Mountain, Exclude, Fireball, Remove Soul, Repeal, Island, Island, Island, Island, Faerie Seer, Mana Leak, Guttersnipe, Monastery Swiftspear, Scholar of Combustion, Sulfurous Blast, Abrade","Gnawing Crescendo, Simic Growth Chamber, Prophetic Prism, Bountiful Landscape, Scrapwork Mutt, Sheltering Landscape, Bonder's Ornament, Blood Aspirant, Wildfire Elemental, Hissing Iguanar, Quandrix Pledgemage, Barbed Batterfist, Bristling Backwoods, Underworld Rage-Hound, Body Dropper, Abraded Bluffs, Perilous Landscape, Warship Scout"
"37","2","Black","B Midrange","Spells, Zombies","13","10","17","2.48","Retrofitted Transmogrant, Putrid Leech, Gravedigger, Liliana's Specter, Golgari Rot Farm, Ecstatic Awakener, Go for the Throat, Gurmag Angler, Village Rites, Unwilling Ingredient, Unearth, Vendetta, Faceless Butcher, Okiba Reckoner Raid, Swamp, Swamp, Swamp, Swamp, Swamp, Swamp, Swamp, Swamp, Swamp, Swamp, Swamp, Swamp, Swamp, Swamp, Swamp, Swamp, Dreg Mangler, Guildsworn Prowler, Loathsome Curator, Ashes to Ashes, Thorn of the Black Rose, Cast Down, Wither and Bloom, Diregraf Horde, Tragic Slip, Tortured Existence","Tithe Drinker, Champion of Dusan, Branching Bolt, Dark-Dweller Oracle, Kingpin's Pet, Gixian Infiltrator, Hickory Woodlot, Desecrator Hag, Entourage of Trest, Spectacle Summit, Underworld Charger, Winding Way, Trumpeting Herd, Vermin Gorger, Ainok Wayfarer, Rhox Veteran, Dinrova Horror, Foreboding Landscape, Pulse of Murasa, Leonin Bola, Vampire Lacerator"
"37","3","Red","R Burn","Spells, Goblins","14","9","17","2.04","Raid Bombardment, Improvised Club, Burning-Tree Emissary, Witty Roastmaster, Bogardan Dragonheart, Lightning Bolt, Gruul Turf, Frenzied Goblin, Goblin Surprise, Mogg War Marshal, Rally at the Hornburg, Shock Brigade, Aether Chaser, Flame Slash, Molten Gatekeeper, Grim Initiate, Jackal Pup, Mountain, Mountain, Mountain, Mountain, Mountain, Mountain, Mountain, Mountain, Mountain, Mountain, Mountain, Mountain, Mountain, Mountain, Mountain, Mountain, Sparksmith, Skewer the Critics, Scorched Rusalka, Galvanic Discharge, Lightning Strike, Beetleback Chief, Mayhem Patrol","Faerie Guidemother, Fireslinger, Oliphaunt, Thriving Grubs, Rally the Peasants, Bonesplitter, Reckless Impulse, Flayer Husk, Savannah Lions, Focus Fire, Boiling Rock Prison, Sagu Wildling, Vines of Vastwood, Voracious Vermin, Ironhoof Boar, Wrenn's Resolve, Brimstone Volley, Fanatical Firebrand, Goblin Motivator, Goblin Anarchomancer, Brambleback Brute"
"37","4","Green/White","GW Counters","Creatures","16","7","17","2.78","Selesnya Sanctuary, Faithful Watchdog, Snakeskin Veil, Guardian of the Guildpact, Trapped in the Screen, Treetop Snarespinner, Blessed Hippogriff, Salt Road Packbeast, Planar Disruption, Wary Farmer, Suburban Sanctuary, Thraben Charm, Experiment One, Ainok Bond-Kin, Jade Guardian, Inspiring Paladin, Nest Invader, Forest, Forest, Forest, Forest, Forest, Tamiyo's Safekeeping, Plains, Plains, Plains, Plains, Plains, Plains, Plains, Plains, Plains, Plains, Phantom Nomad, Palace Sentinels, Captured by Lagacs, Dog Umbra, Eagles of the North, Miner's Guidewing, Fortress Kin-Guard","Ephemerate, Deceptive Landscape, Cindering Cutthroat, Gods Willing, Ram Through, Wolf Cove Villager, You Hear Something on Watch, Giant Growth, Cathar Commando, Prismatic Strands, Territorial Hammerskull, Plasma Bolt, Stormfront Pegasus, Elite Vanguard, Mutagenic Growth, Sylvan Might, Coalition Honor Guard, Alabaster Host Intercessor, Gift of Orzhova, Borrowed Grace"
"37","5","Green","G Midrange Combo","Creatures","18","5","17","3.22","Utopia Sprawl, Evolution Witness, Owlbear, Colossal Dreadmask, Desert, Contagious Vorrac, Priest of Titania, Wall of Roots, Elvish Mystic, Horrific Assault, Nyxborn Hydra, Llanowar Elves, Krosan Tusker, Werebear, Basking Broodscale, Annoyed Altisaur, Eldrazi Repurposer, Greater Tanuki, Forest, Forest, Forest, Forest, Forest, Forest, Forest, Forest, Forest, Forest, Forest, Forest, Forest, Forest, Forest, Generous Ent, Conclave Naturalists, Fertile Ground, Writhing Chrysalis, Malevolent Rumble, Sakura-Tribe Elder, Quicksand","Flesh Burrower, Rakdos Carnarium, Rubblebelt Maverick, Mardu Skullhunter, Expanding Ooze, Ulamog's Crusher, Deftblade Elite, Rolling Thunder, Orzhov Basilica, Lys Alana Informant, Voracious Varmint, You Meet in a Tavern, Urban Daggertooth, Scoured Barrens, Blastoderm, Unbounded Potential, Twisted Landscape, Dauntless Unity, Bannerhide Krushok, Snapping Voidcraw"
"37","6","Blue","U Ramp","Spells","13","10","17","2.78","Peregrine Drake, Mist Raven, Zephyr Winder, Frost Trickster, Quandrix Campus, Lose Focus, Mulldrifter, Displace, Brainstorm, Deluge Virtuoso, Weakstone's Subjugation, Coiling Oracle, Haunted Fengraf, Pestermite, Cryoshatter, Sprout Swarm, Snap, Ghostly Flicker, Island, Island, Island, Island, Island, Island, Island, Island, Island, Island, Island, Island, Island, Island, Island, Jhessian Thief, Into the Roil, Looter il-Kor, Sword Coast Serpent, Elite Interceptor, Impulse, Young Blue Dragon","Aerie Auxiliary, Gingerbrute, Vulshok Morningstar, Faith's Fetters, Jewel Thief, Fireblade Artist, Monstrous Emergence, Renegade Freighter, Wild Growth, Pillory of the Sleepless, Furnace Strider, Fields of Strife, Pinnacle Kill-Ship, Mandibular Kite, Iron Apprentice, Seize Opportunity, Tranquil Landscape, Inspiring Overseer, Bramble Wurm, Mother Bear"
"37","7","Blue/White","UW Control","Humans","15","8","17","2.57","Kor Skyfisher, Custodi Squire, Cloudkin Seer, Cryogen Relic, Azorius Chancery, Lyev Skyknight, Judge's Familiar, Journey to Nowhere, Sunlance, Unable to Scream, Tranquil Cove, Porcelain Legionnaire, Basilisk Gate, Mana Tithe, University Campus, Momentary Blink, Archaeomancer, Island, Island, Island, Island, Eldrazi Skyspawner, Plains, Plains, Plains, Plains, Plains, Plains, Plains, Plains, Plains, Oblivion Ring, Novice Inspector, Suture Priest, Thraben Inspector, Mirrorshell Crab, Preening Champion, Seeker of the Way, Battle Screech, Ardenvale Tactician","Temperamental Oozewagg, Conduit Goblin, Homestead Courage, Tuskeri Firewalker, Hidden Grotto, Triplicate Spirits, Imperial Oath, Raise the Alarm, Wrangle, Greatsword of Tyr, Shardless Outlander, Syndic of Tithes, Glimmerlight, Deranged Assistant, Blightning, Ancestral Blade, Filigree Familiar, Perilous Myr"
"37","8","Black/Blue","BU Tempo","Black/Blue","12","11","17","3.17","Starbreach Whale, Crypt Rats, Mystic Sanctuary, Mechanozoa, Gitaxian Probe, Bone Picker, Dimir Aqueduct, Soul Manipulation, Grim Bauble, Vampire Sovereign, Swamp, Swamp, Swamp, Swamp, Swamp, Swamp, Swamp, Swamp, Swamp, Swamp, Swamp, Swamp, Serum Visions, Merfolk Looter, Striped Riverwinder, Capsize, Disfigure, Sinister Hideout, Cavern Harpy, Tithing Blade, Stab Wound, Blood Fountain, Island, Island, Arms of Hadar, Cruel Witness, Counterspell, Accursed Marauder, First-Sphere Gargantua, Okiba-Gang Shinobi","Clawing Torment, Phantom Tiger, Putrid Goblin, Contaminated Landscape, Seething Landscape, Forum of Amity, Night Market, Serrated Arrows, Paradox Gardens, Ominous Asylum, Witherbloom Campus, Aether Poisoner, Shattered Landscape, Yavimaya Elder, Undying Malice, Carnophage, Carrion Feeder, Dauthi Slayer, Plagued Rusalka"
"38","1","Green","G Stompy","Creatures","17","6","17","2.35","Evolution Witness, Entourage of Trest, Priest of Titania, Wall of Roots, Arbor Elf, Jewel Thief, Ram Through, Horrific Assault, Gruul Turf, Yavimaya Elder, Experiment One, River Boa, Basilisk Gate, Bristling Backwoods, Rancor, Basking Broodscale, Eldrazi Repurposer, Forest, Forest, Forest, Forest, Forest, Forest, Forest, Forest, Forest, Forest, Forest, Forest, Forest, Forest, Voracious Varmint, Mutagenic Growth, You Meet in a Tavern, Fertile Ground, Writhing Chrysalis, Gnarlid Colony, Goblin Anarchomancer, Sarulf's Packmate, Mother Bear","Flesh Burrower, Prophetic Prism, Faithful Watchdog, Putrid Leech, Bountiful Landscape, Abundant Harvest, Conduit Pylons, Renegade Freighter, Wary Farmer, Ominous Asylum, Hooting Mandrills, Mogg War Marshal, Ainok Bond-Kin, Grim Initiate, Underworld Rage-Hound, Sylvan Might, Conclave Naturalists, Urban Daggertooth, Iron Apprentice"
"38","2","Green","G Ramp","Green","14","9","17","3.52","Utopia Sprawl, Owlbear, Colossal Dreadmask, Phantom Tiger, Contagious Vorrac, Snakeskin Veil, Hickory Woodlot, Treetop Snarespinner, Winding Way, Monstrous Emergence, Ulamog's Crusher, Llanowar Elves, Wild Growth, Ainok Wayfarer, Krosan Tusker, Nest Invader, Annoyed Altisaur, Greater Tanuki, Forest, Forest, Forest, Forest, Forest, Forest, Forest, Forest, Forest, Forest, Forest, Forest, Forest, Forest, Forest, Forest, Tamiyo's Safekeeping, Malevolent Rumble, Pulse of Murasa, Bramble Wurm, Bannerhide Krushok, Llanowar Visionary","Selesnya Sanctuary, Retrofitted Transmogrant, Vulshok Morningstar, Quandrix Campus, Deceptive Landscape, Oliphaunt, Savage Mansion, Golgari Rot Farm, Desecrator Hag, Gurmag Angler, Expanding Ooze, Vendetta, Witherbloom Campus, Dreg Mangler, Jade Guardian, Territorial Hammerskull, Blood Fountain, Pinnacle Kill-Ship, Nested Shambler, Plagued Rusalka, Militia Bugler"
"38","3","Red/White","RW Aggro","Spells","10","13","17","2.43","Gnawing Crescendo, Conduit Goblin, Dark-Dweller Oracle, Burning-Tree Emissary, Witty Roastmaster, Lightning Bolt, Bonesplitter, Salt Road Packbeast, Reckless Impulse, Rally at the Hornburg, Greatsword of Tyr, Raffine's Informant, Boros Garrison, Ironhoof Boar, Molten Gatekeeper, Jackal Pup, Fireblast, Fields of Strife, Mountain, Mountain, Mountain, Mountain, Mountain, Mountain, Mountain, Mountain, Mountain, Mountain, Mountain, Mountain, Mountain, Mountain, Wrenn's Resolve, Searing Spear, Burst Lightning, Abraded Bluffs, Seize Opportunity, Monastery Swiftspear, Galvanic Discharge, Lightning Strike","Custodi Squire, Heliod's Pilgrim, Armadillo Cloak, Homestead Courage, Trapped in the Screen, Blessed Hippogriff, Gods Willing, Imperial Oath, Wolf Cove Villager, Sheltering Landscape, Coiling Oracle, Shattered Landscape, Search Party Captain, Glimmerlight, Ancestral Blade, Oblivion Ring, Leonin Bola, Dauntless Unity, Miner's Guidewing"
"38","4","Blue","U Spellslinger","Wizards","14","9","17","2.65","Starbreach Whale, Phantom Interference, Cryogen Relic, Frost Trickster, Mystic Sanctuary, Azorius Chancery, Judge's Familiar, Spectacle Summit, Brainstorm, Consider, Tempest Angler, Man-o'-War, Eroded Canyon, Cryoshatter, Miscalculation, Witness Protection, Exclude, Archaeomancer, Snap, Island, Island, Island, Island, Island, Island, Island, Island, Island, Island, Island, Island, Island, Faerie Seer, Eldrazi Skyspawner, Jhessian Thief, Cruel Witness, Shipwreck Dowser, Murmuring Mystic, Silver Drake, Young Blue Dragon","Simic Growth Chamber, Faerie Guidemother, Kor Skyfisher, Lyev Skyknight, Riling Dawnbreaker, Settle Beyond Reality, Sunlance, Soul Manipulation, Vizier of Tumbling Sands, Shardless Outlander, Deranged Assistant, Mind Stone, Inspiring Overseer, Battle Screech, Borrowed Grace, Brambleback Brute, Okiba-Gang Shinobi, Fortress Kin-Guard"
"38","5","Black/Blue","BU Tempo","Spells","11","12","17","3.22","Hard Evidence, Crypt Rats, Desert, Liliana's Specter, Dimir Guildmage, Troll of Khazad-dûm, Mulldrifter, Snuff Out, Cradle of the Accursed, Dimir Aqueduct, Unearth, Swamp, Swamp, Swamp, Swamp, Swamp, Swamp, Swamp, Swamp, Witch's Cottage, Striped Riverwinder, Capsize, Night's Whisper, Cavern Harpy, Serum Visionary, Ashes to Ashes, Candy Grapple, Tocasia's Dig Site, Stab Wound, Island, Island, Island, Island, Looter il-Kor, Mirrorshell Crab, Cast Down, Wither and Bloom, Pestilence, First-Sphere Gargantua, Tragic Slip","Mocking Sprite, Mist Raven, Ecstatic Awakener, Growth Spiral, Cindering Cutthroat, Tranquil Cove, Bonder's Ornament, Aether Poisoner, Prismatic Strands, Raven's Crime, Elite Vanguard, Carrier Thrall, Lys Alana Informant, Foreboding Landscape, Vampire Lacerator, Gift of Orzhova, Tortured Existence"
"38","6","Red","R Burn","Spells, Goblins","13","10","17","2.00","Fireslinger, Improvised Club, Clockwork Percussionist, Teetering Peaks, Porcelain Legionnaire, Frenzied Goblin, Wrangle, Wildfire Elemental, Goblin Surprise, Firebolt, Hissing Iguanar, Shock Brigade, Chain Lightning, Goblin Bushwhacker, Aether Chaser, Flame Slash, Mountain, Mountain, Mountain, Mountain, Mountain, Mountain, Mountain, Mountain, Mountain, Mountain, Mountain, Mountain, Mountain, Mountain, Mountain, Mountain, Hordeling Outburst, Sparksmith, Skewer the Critics, Brimstone Volley, Fanatical Firebrand, Incinerate, Goblin Motivator, Mayhem Patrol","Rakdos Carnarium, Soltari Trooper, Scrapwork Mutt, Savannah Lions, Paradox Gardens, Boiling Rock Prison, Furnace Strider, Mana Tithe, Bloodwater Entity, Deftblade Elite, Izzet Charm, Spelleater Wolverine, Blightning, Body Dropper, Dauthi Slayer, Guttersnipe, Captured by Lagacs, Dog Umbra, Scholar of Combustion, Warship Scout, Perilous Myr"
"38","7","Black/White","BW Aristocrats","Creatures","17","6","17","2.70","Tithe Drinker, Gravedigger, Kingpin's Pet, Guardian of the Guildpact, Journey to Nowhere, Gray Merchant of Asphodel, Grim Bauble, Faceless Butcher, Scurrilous Sentry, Okiba Reckoner Raid, Swamp, Swamp, Swamp, Swamp, Swamp, Swamp, Swamp, Swamp, Swamp, Swamp, Swamp, Swamp, Guildsworn Prowler, Pillory of the Sleepless, Disfigure, Tithing Blade, Loathsome Curator, Voracious Vermin, Syndic of Tithes, Carrion Feeder, Thorn of the Black Rose, Plains, Plains, Plains, Plains, Suture Priest, Palace Sentinels, Snarling Gorehound, Accursed Marauder, Quicksand","Clawing Torment, Pristine Talisman, Gixian Infiltrator, Putrid Goblin, Faith's Fetters, Village Rites, Mire Triton, Titan's Grave, Flayer Husk, Blood Aspirant, Candy Trail, Rhox Veteran, Chitin Gravestalker, Stormfront Pegasus, Gideon's Lawkeeper, Alabaster Host Intercessor, Diregraf Horde, Elite Interceptor, Unbounded Potential, Ardenvale Tactician, Petrify"
"38","8","Black/Blue","BU Tempo","Spells","8","15","17","3.39","Peregrine Drake, Lose Focus, Gitaxian Probe, Go for the Throat, Displace, Meeting of Minds, Vampire Sovereign, Serum Visions, Deep Analysis, Doom Blade, Treasure Cruise, Merfolk Looter, Haunted Fengraf, Moon-Circuit Hacker, Sinister Hideout, Pestermite, Condescend, Ghostly Flicker, Remove Soul, Dinrova Horror, Island, Island, Island, Island, Island, Island, Island, Island, Island, Island, Island, Island, Island, Island, Tolarian Terror, Arms of Hadar, Mana Leak, Sword Coast Serpent, Impulse, Serpent's Pass","Escape Tunnel, Temperamental Oozewagg, Izzet Boilerworks, Contaminated Landscape, Mardu Skullhunter, Seething Landscape, Forum of Amity, Dread Return, Tuskeri Firewalker, Underworld Charger, Night Market, Planar Disruption, Vault Skirge, Focus Fire, Guardian Idol, Undying Malice, Momentary Blink, Spellbook Seeker, Perilous Landscape"
"39","1","Black/Green","BG Graveyard","Creatures","16","7","17","3.09","Champion of Dusan, Evolution Witness, Owlbear, Gravedigger, Golgari Rot Farm, Snuff Out, Dread Return, Jewel Thief, Mire Triton, Expanding Ooze, Scurrilous Sentry, Swamp, Swamp, Swamp, Swamp, Swamp, Swamp, Yavimaya Elder, Blood Fountain, Greater Tanuki, Forest, Forest, Forest, Forest, Forest, Forest, Forest, Forest, Forest, Forest, Generous Ent, Cast Down, Grapple with the Past, Snarling Gorehound, Malevolent Rumble, Accursed Marauder, First-Sphere Gargantua, Sakura-Tribe Elder, Tortured Existence, Mother Bear","Crypt Rats, Deceptive Landscape, Snakeskin Veil, Putrid Goblin, Mardu Skullhunter, Faith's Fetters, Abundant Harvest, Underworld Charger, Unwilling Ingredient, Vampire Sovereign, Horrific Assault, Guildsworn Prowler, Guardian Idol, Molten Gatekeeper, Carnophage, Bristling Backwoods, Eldrazi Repurposer, Carrier Thrall, You Meet in a Tavern, Conclave Naturalists, Kyoshi Village"
"39","2","Black/Blue","BU Tempo","Spells","11","12","17","3.09","Desert, Gitaxian Probe, Mulldrifter, Bone Picker, Gurmag Angler, Gray Merchant of Asphodel, Soul Manipulation, Unearth, Vendetta, Swamp, Swamp, Swamp, Swamp, Swamp, Swamp, Swamp, Swamp, Swamp, Serum Visions, Lórien Revealed, Moon-Circuit Hacker, Sinister Hideout, Tithing Blade, Serum Visionary, Condescend, Raven's Crime, Thorn of the Black Rose, Exclude, Remove Soul, Island, Island, Island, Island, Island, Island, Faerie Seer, Diregraf Horde, Pestilence, Shipwreck Dowser, Okiba-Gang Shinobi","Rakdos Carnarium, Clawing Torment, Kingpin's Pet, Tenth District Legionnaire, Village Rites, Ulamog's Crusher, Tempest Angler, Ominous Asylum, Blood Aspirant, Boros Garrison, Death Denied, Deranged Assistant, Momentary Blink, Blightning, Jhessian Thief, Dauthi Slayer, Leonin Bola, Plagued Rusalka, Twisted Landscape, Spellbook Seeker"
"39","3","Red/Blue","RU Spellslinger","Spells","9","14","17","2.39","Cloudkin Seer, Cryogen Relic, Mystic Sanctuary, Mechanozoa, Izzet Boilerworks, Lose Focus, Ninja of the Deep Hours, Firebrand Archer, Displace, Brainstorm, Weakstone's Subjugation, Consider, Man-o'-War, Opt, Firebolt, Pestermite, Eroded Canyon, Miscalculation, Izzet Charm, Burst Lightning, Preordain, Snap, Island, Island, Island, Island, Island, Island, Island, Island, Island, Island, Island, Island, Island, Island, Eldrazi Skyspawner, Cruel Witness, Counterspell, Young Blue Dragon","Flesh Burrower, Branching Bolt, Pristine Talisman, Bountiful Landscape, Scrapwork Mutt, Coiling Oracle, Suburban Sanctuary, Candy Trail, Inspiring Paladin, Deftblade Elite, Rolling Thunder, Spelleater Wolverine, Plasma Bolt, Filigree Familiar, Voracious Varmint, Visionary's Dance, Seize Opportunity, Tranquil Landscape, Scholar of Combustion"
"39","4","White","W Weenie","Soldiers","15","8","17","2.30","Faerie Guidemother, Kor Skyfisher, Guardian of the Guildpact, Trapped in the Screen, Bonesplitter, Soltari Trooper, Salt Road Packbeast, You Hear Something on Watch, Raise the Alarm, Porcelain Legionnaire, Cathar Commando, Greatsword of Tyr, Search Party Captain, Mana Tithe, Tocasia's Dig Site, Ancestral Blade, Stormfront Pegasus, Elite Vanguard, Gideon's Lawkeeper, Plains, Plains, Plains, Plains, Plains, Plains, Plains, Plains, Plains, Plains, Plains, Plains, Plains, Plains, Plains, Plains, Novice Inspector, Palace Sentinels, Seeker of the Way, Ardenvale Tactician, Petrify","Escape Tunnel, Selesnya Sanctuary, Tithe Drinker, Temperamental Oozewagg, Dog Walker, Gixian Infiltrator, Wall of Roots, Flayer Husk, Witch's Cottage, Barbed Batterfist, Phantom Nomad, Skewer the Critics, Iron Apprentice, Scoured Barrens, Incinerate, Captured by Lagacs, Scorched Rusalka, Perilous Landscape, Eagles of the North, Borrowed Grace, Mayhem Patrol"
"39","5","Black/Blue","BU Tempo","Spells","7","16","17","2.74","Hard Evidence, Phantom Interference, Dimir Guildmage, Go for the Throat, Cradle of the Accursed, Unable to Scream, Grim Bauble, Faceless Butcher, Swamp, Swamp, Swamp, Swamp, Swamp, Doom Blade, Capsize, Disfigure, Night's Whisper, Cavern Harpy, Basilisk Gate, Candy Grapple, Witness Protection, Stab Wound, Chitin Gravestalker, Ghostly Flicker, Island, Island, Island, Island, Island, Island, Island, Island, Island, Tolarian Terror, Arms of Hadar, Mana Leak, Mirrorshell Crab, Wither and Bloom, Murmuring Mystic, Serpent's Pass","Retrofitted Transmogrant, Prophetic Prism, Phantom Tiger, Desecrator Hag, Entourage of Trest, Seething Landscape, Spectacle Summit, Forum of Amity, Conduit Pylons, Night Market, Gruul Turf, Aether Poisoner, Syndic of Tithes, Fields of Strife, Orzhov Basilica, Foreboding Landscape, Vampire Lacerator, Gift of Orzhova, Perilous Myr"
"39","6","Red","R Burn","Spells, Goblins","14","9","17","2.17","Gnawing Crescendo, Raid Bombardment, Rimrock Knight, Burning-Tree Emissary, Witty Roastmaster, Clockwork Percussionist, Bogardan Dragonheart, Lightning Bolt, Goblin Surprise, Mogg War Marshal, Hissing Iguanar, Shock Brigade, Goblin Bushwhacker, Underworld Rage-Hound, Mountain, Mountain, Mountain, Mountain, Mountain, Mountain, Mountain, Mountain, Mountain, Mountain, Mountain, Mountain, Mountain, Mountain, Mountain, Mountain, Mountain, Hordeling Outburst, Sparksmith, Brimstone Volley, Fanatical Firebrand, Monastery Swiftspear, Galvanic Discharge, Lightning Strike, Beetleback Chief, Abrade","Fireslinger, Riling Dawnbreaker, Tuskeri Firewalker, Cindering Cutthroat, Okiba Reckoner Raid, Monstrous Emergence, Reckless Impulse, Sheltering Landscape, Wrangle, Wildfire Elemental, Shattered Landscape, Experiment One, Undying Malice, Voracious Vermin, Glimmerlight, Jade Guardian, Wrenn's Resolve, Fireball, Guttersnipe, Sylvan Might, Goblin Motivator, Brambleback Brute"
"39","7","Green","G Ramp","Enchantments, Elves","15","8","17","2.74","Utopia Sprawl, Colossal Dreadmask, Contagious Vorrac, Hickory Woodlot, Treetop Snarespinner, Priest of Titania, Elvish Mystic, Arbor Elf, Ram Through, Nyxborn Hydra, Llanowar Elves, Wild Growth, Sagu Wildling, Krosan Tusker, River Boa, Sprout Swarm, Rancor, Nest Invader, Annoyed Altisaur, Forest, Forest, Forest, Forest, Forest, Forest, Forest, Forest, Forest, Forest, Forest, Forest, Forest, Forest, Forest, Forest, Tamiyo's Safekeeping, Urban Daggertooth, Fertile Ground, Writhing Chrysalis, Llanowar Visionary","Ponder, Simic Growth Chamber, Starbreach Whale, Peregrine Drake, Quandrix Campus, Azorius Chancery, Rubblebelt Maverick, Meeting of Minds, Treasure Cruise, Renegade Freighter, Bonder's Ornament, Striped Riverwinder, Furnace Strider, Vines of Vastwood, Quandrix Pledgemage, Archaeomancer, Pinnacle Kill-Ship, Nested Shambler, Into the Roil, Looter il-Kor, Impulse"
"39","8","White","W Weenie","Spells, Clerics","12","11","17","2.91","Custodi Squire, Aerie Auxiliary, Ephemerate, Heliod's Pilgrim, Judge's Familiar, Journey to Nowhere, Settle Beyond Reality, Blessed Hippogriff, Sunlance, Triplicate Spirits, Tranquil Cove, Savannah Lions, Planar Disruption, Focus Fire, Thraben Charm, Prismatic Strands, Rhox Veteran, Plains, Plains, Plains, Plains, Plains, Plains, Plains, Plains, Plains, Plains, Plains, Plains, Plains, Plains, Plains, Oblivion Ring, Suture Priest, Thraben Inspector, Alabaster Host Intercessor, Inspiring Overseer, Battle Screech, Militia Bugler, Quicksand","Conduit Goblin, Vulshok Morningstar, Faithful Watchdog, Lyev Skyknight, Contaminated Landscape, Gods Willing, Teetering Peaks, Wolf Cove Villager, Boiling Rock Prison, Hooting Mandrills, Rally at the Hornburg, Cryoshatter, Ainok Bond-Kin, Doomed Traveler, Mutagenic Growth, Coalition Honor Guard, Mind Stone, Blastoderm, Dauntless Unity, Silver Drake"
"40","1","Blue","U Tempo","Spells","9","14","17","2.83","Ponder, Starbreach Whale, Mist Raven, Mystic Sanctuary, Lose Focus, Ninja of the Deep Hours, Brainstorm, Cradle of the Accursed, Weakstone's Subjugation, Consider, Serum Visions, Deep Analysis, Treasure Cruise, Man-o'-War, Serum Visionary, Condescend, Exclude, Preordain, Remove Soul, Repeal, Island, Island, Island, Island, Island, Island, Island, Island, Island, Island, Island, Island, Island, Island, Faerie Seer, Tolarian Terror, Cruel Witness, Behold the Multiverse, Preening Champion, Quicksand","Oliphaunt, Judge's Familiar, Village Rites, Gray Merchant of Asphodel, Grim Bauble, Wolf Cove Villager, Tempest Angler, Vizier of Tumbling Sands, Shattered Landscape, Shardless Outlander, University Campus, Filigree Familiar, Eldrazi Skyspawner, Mutagenic Growth, Alabaster Host Intercessor, Leonin Bola, Vampire Lacerator, Perilous Landscape, Serpent's Pass"
"40","2","Green","G Counters","Druids","15","8","17","2.17","Evolution Witness, Faithful Watchdog, Snakeskin Veil, Priest of Titania, Arbor Elf, Jewel Thief, Horrific Assault, Nyxborn Hydra, Hooting Mandrills, Yavimaya Elder, Vines of Vastwood, Sprout Swarm, Werebear, Rancor, Nest Invader, Basking Broodscale, Eldrazi Repurposer, Forest, Forest, Forest, Forest, Forest, Forest, Forest, Forest, Forest, Forest, Forest, Forest, Forest, Forest, Forest, Forest, Plains, Bushwhack, Sylvan Might, Urban Daggertooth, Sakura-Tribe Elder, Dog Umbra, Llanowar Visionary","Burning-Tree Emissary, Blessed Hippogriff, Expanding Ooze, Giant Growth, Planar Disruption, Wary Farmer, Dreg Mangler, Striped Riverwinder, Pillory of the Sleepless, Thraben Charm, Quandrix Pledgemage, Ainok Bond-Kin, Territorial Hammerskull, Dauthi Slayer, Coalition Honor Guard, Thraben Inspector, Tranquil Landscape, Elite Interceptor, Captured by Lagacs, Goblin Anarchomancer, Petrify, Silver Drake"
"40","3","Black/Red","BR Burn","Artifacts, Humans","15","8","17","1.65","Fireslinger, Desert, Improvised Club, Rimrock Knight, Tuskeri Firewalker, Clockwork Percussionist, Bogardan Dragonheart, Bonesplitter, Reckless Charge, Cindering Cutthroat, Teetering Peaks, Fireblade Artist, Swamp, Swamp, Reckless Impulse, Scrapwork Mutt, Flayer Husk, Vault Skirge, Witch's Cottage, Mogg War Marshal, Rally at the Hornburg, Basilisk Gate, Flame Slash, Jackal Pup, Mountain, Mountain, Mountain, Mountain, Mountain, Mountain, Mountain, Mountain, Mountain, Mountain, Tocasia's Dig Site, Iron Apprentice, Fanatical Firebrand, Monastery Swiftspear, Scorched Rusalka, Galvanic Discharge","Escape Tunnel, Faerie Guidemother, Thriving Grubs, Unearth, Raise the Alarm, Tranquil Cove, Renegade Freighter, Cathar Commando, Voracious Vermin, Syndic of Tithes, Glimmerlight, Ashes to Ashes, Carrier Thrall, Body Dropper, Wither and Bloom, Plagued Rusalka, Kyoshi Village"
"40","4","Green/White","GW Counters","Green/White","15","8","17","2.96","Temperamental Oozewagg, Colossal Dreadmask, Armadillo Cloak, Phantom Tiger, Contagious Vorrac, Faith's Fetters, Ram Through, Llanowar Elves, Trumpeting Herd, Suburban Sanctuary, Greatsword of Tyr, Experiment One, River Boa, Rhox Veteran, Forest, Forest, Forest, Forest, Forest, Forest, Forest, Forest, Forest, Stormfront Pegasus, Plains, Plains, Plains, Plains, Plains, Plains, Plains, Palace Sentinels, Inspiring Overseer, Unbounded Potential, Bannerhide Krushok, Battle Screech, Miner's Guidewing, Militia Bugler, Sarulf's Packmate, Fortress Kin-Guard","Pristine Talisman, Desecrator Hag, Settle Beyond Reality, Bountiful Landscape, Conduit Pylons, Wall of Roots, Triplicate Spirits, Imperial Oath, You Hear Something on Watch, Serrated Arrows, Paradox Gardens, Search Party Captain, Doomed Traveler, Fields of Strife, Ancestral Blade, Gideon's Lawkeeper, You Meet in a Tavern, Visionary's Dance, Blastoderm, Snapping Voidcraw, Ardenvale Tactician"
"40","5","Green/Red","GR Value","Spells","11","12","17","3.13","Utopia Sprawl, Simic Growth Chamber, Champion of Dusan, Owlbear, Prophetic Prism, Branching Bolt, Quandrix Campus, Savage Mansion, Treetop Snarespinner, Abundant Harvest, Growth Spiral, Bonder's Ornament, Gruul Turf, Coiling Oracle, Wild Growth, Sagu Wildling, Rolling Thunder, Bristling Backwoods, Annoyed Altisaur, Greater Tanuki, Forest, Forest, Forest, Forest, Forest, Forest, Forest, Forest, Forest, Forest, Forest, Forest, Lys Alana Informant, Generous Ent, Tamiyo's Safekeeping, Conclave Naturalists, Grapple with the Past, Writhing Chrysalis, Malevolent Rumble, Pulse of Murasa","Custodi Squire, Cryogen Relic, Mechanozoa, Golgari Rot Farm, Rubblebelt Maverick, Riling Dawnbreaker, Gixian Infiltrator, Forum of Amity, Hidden Grotto, Sheltering Landscape, Ominous Asylum, Repulse, Capsize, Vermin Gorger, Grim Initiate, Carrion Feeder, Twisted Landscape"
"40","6","Red/White","RW Aggro","Spells, Goblins","13","10","17","2.65","Gnawing Crescendo, Aerie Auxiliary, Conduit Goblin, Dog Walker, Raid Bombardment, Witty Roastmaster, Salt Road Packbeast, Savannah Lions, Porcelain Legionnaire, Goblin Surprise, Shock Brigade, Chain Lightning, Goblin Bushwhacker, Molten Gatekeeper, Barbed Batterfist, Fireblast, Underworld Rage-Hound, Mountain, Mountain, Mountain, Mountain, Mountain, Mountain, Mountain, Mountain, Mountain, Mountain, Mountain, Mountain, Hordeling Outburst, Wrenn's Resolve, Burst Lightning, Plains, Plains, Plains, Plains, Novice Inspector, Skewer the Critics, Abraded Bluffs, Beetleback Chief","Tithe Drinker, Ephemerate, Azorius Chancery, Trapped in the Screen, Meeting of Minds, Unable to Scream, Gods Willing, Undying Malice, Prismatic Strands, Mana Tithe, Deftblade Elite, Deranged Assistant, Momentary Blink, Mandibular Kite, Oblivion Ring, Suture Priest, Dauntless Unity, Gift of Orzhova, Goblin Motivator, Eagles of the North, Borrowed Grace"
"40","7","Black/Blue","BU Tempo","Spells","12","11","17","3.48","Crypt Rats, Liliana's Specter, Dimir Guildmage, Go for the Throat, Gurmag Angler, Snuff Out, Dread Return, Dimir Aqueduct, Vampire Sovereign, Vendetta, Faceless Butcher, Swamp, Swamp, Swamp, Swamp, Swamp, Swamp, Swamp, Swamp, Swamp, Swamp, Swamp, Swamp, Swamp, Lórien Revealed, Merfolk Looter, Resentful Revelation, Night's Whisper, Sinister Hideout, Tithing Blade, Thorn of the Black Rose, Dinrova Horror, Island, Island, Arms of Hadar, Mana Leak, Mirrorshell Crab, Accursed Marauder, First-Sphere Gargantua, Tragic Slip","Dauthi Horror, Clawing Torment, Peregrine Drake, Zephyr Winder, Putrid Leech, Gravedigger, Kingpin's Pet, Ecstatic Awakener, Putrid Goblin, Falkenrath Noble, Underworld Charger, Unwilling Ingredient, Scurrilous Sentry, Okiba Reckoner Raid, Aether Poisoner, Cryoshatter, Loathsome Curator, Blood Fountain, Scoured Barrens, Diregraf Horde"
"40","8","Red/Blue","RU Spellslinger","Spells, Humans","11","12","17","2.39","Hard Evidence, Cloudkin Seer, Phantom Interference, Frost Trickster, Izzet Boilerworks, Gitaxian Probe, Mulldrifter, Firebrand Archer, Opt, Firebolt, Moon-Circuit Hacker, Pestermite, Bloodwater Entity, Mountain, Mountain, Mountain, Mountain, Archaeomancer, Fireball, Island, Island, Island, Island, Island, Island, Island, Island, Island, Island, Island, Island, Jhessian Thief, Into the Roil, Counterspell, Brimstone Volley, Incinerate, Murmuring Mystic, Scholar of Combustion, Impulse, Abrade","Retrofitted Transmogrant, Rakdos Carnarium, Vulshok Morningstar, Mardu Skullhunter, Seething Landscape, Night Market, Mire Triton, Titan's Grave, Wrangle, Cavern Harpy, Furnace Strider, Inspiring Paladin, Carnophage, Raven's Crime, Blightning, Orzhov Basilica, Ghostly Flicker, Sparksmith, Seize Opportunity, Snarling Gorehound, Spellbook Seeker"
"41","1","White","W Weenie","Soldiers","13","10","17","2.61","Kor Skyfisher, Aerie Auxiliary, Trapped in the Screen, Rally the Peasants, Triplicate Spirits, Soltari Trooper, Salt Road Packbeast, You Hear Something on Watch, Raise the Alarm, Savannah Lions, Planar Disruption, Porcelain Legionnaire, Cathar Commando, Haunted Fengraf, Thraben Charm, Greatsword of Tyr, Boros Garrison, Rhox Veteran, Elite Vanguard, Plains, Plains, Plains, Plains, Plains, Plains, Plains, Plains, Plains, Plains, Plains, Plains, Plains, Plains, Mandibular Kite, Suture Priest, Abraded Bluffs, Thraben Inspector, Seeker of the Way, Battle Screech, Ardenvale Tactician","Conduit Goblin, Riling Dawnbreaker, Putrid Goblin, Tenth District Legionnaire, Imperial Oath, Scurrilous Sentry, Doom Blade, Focus Fire, Witherbloom Campus, Dreg Mangler, Syndic of Tithes, Doomed Traveler, Searing Spear, Phantom Nomad, Brimstone Volley, Perilous Landscape, Borrowed Grace, Galvanic Discharge, Lightning Strike"
"41","2","Red","R Burn","Spells","14","9","17","2.39","Desert, Rimrock Knight, Burning-Tree Emissary, Witty Roastmaster, Clockwork Percussionist, Bogardan Dragonheart, Bonesplitter, Reckless Impulse, Wrangle, Wildfire Elemental, Mogg War Marshal, Rally at the Hornburg, Goblin Bushwhacker, Ironhoof Boar, Molten Gatekeeper, Fireblast, Underworld Rage-Hound, Mountain, Mountain, Mountain, Mountain, Mountain, Mountain, Mountain, Mountain, Mountain, Mountain, Mountain, Mountain, Mountain, Mountain, Mountain, Mountain, Burst Lightning, Plasma Bolt, Incinerate, Scorched Rusalka, Scholar of Combustion, Mayhem Patrol, Abrade","Dauthi Horror, Dog Walker, Zephyr Winder, Oliphaunt, Ardent Elementalist, Ninja of the Deep Hours, Unwilling Ingredient, Cindering Cutthroat, Vendetta, Blood Aspirant, Moon-Circuit Hacker, Bloodwater Entity, Dinrova Horror, Faerie Seer, Tolarian Terror, Iron Apprentice, Vampire Lacerator, Spellbook Seeker, Brambleback Brute, Perilous Myr, Sulfurous Blast"
"41","3","Red","R Burn","Spells, Humans","13","10","17","1.83","Fireslinger, Vulshok Morningstar, Dark-Dweller Oracle, Improvised Club, Tuskeri Firewalker, Lightning Bolt, Reckless Charge, Teetering Peaks, Fireblade Artist, Scrapwork Mutt, Ominous Asylum, Frenzied Goblin, Boiling Rock Prison, Goblin Surprise, Basilisk Gate, Aether Chaser, Flame Slash, Grim Initiate, Jackal Pup, Rolling Thunder, Mountain, Mountain, Mountain, Mountain, Mountain, Mountain, Mountain, Mountain, Mountain, Mountain, Mountain, Mountain, Mountain, Blightning, Fireball, Seize Opportunity, Fanatical Firebrand, Monastery Swiftspear, Goblin Motivator, Beetleback Chief","Izzet Boilerworks, Troll of Khazad-dûm, Gixian Infiltrator, Ecstatic Awakener, Seething Landscape, Go for the Throat, Soul Manipulation, Consider, Okiba Reckoner Raid, Serrated Arrows, Shattered Landscape, Carnophage, Scoured Barrens, Pulse of Murasa, Elite Interceptor, Kyoshi Village, Twisted Landscape, Silver Drake"
"41","4","Green","G Ramp","Green","14","9","17","2.87","Contagious Vorrac, Hickory Woodlot, Elvish Mystic, Horrific Assault, Monstrous Emergence, Llanowar Elves, Trumpeting Herd, Wild Growth, Hooting Mandrills, Yavimaya Elder, Krosan Tusker, Rancor, Nest Invader, Basking Broodscale, Greater Tanuki, Forest, Forest, Forest, Forest, Forest, Forest, Forest, Forest, Forest, Forest, Forest, Forest, Forest, Forest, Forest, Forest, Tamiyo's Safekeeping, Bushwhack, You Meet in a Tavern, Sylvan Might, Blastoderm, Bramble Wurm, Gnarlid Colony, Llanowar Visionary, Mother Bear","Gnawing Crescendo, Hard Evidence, Branching Bolt, Bountiful Landscape, Abundant Harvest, Falkenrath Noble, Conduit Pylons, Flayer Husk, Wary Farmer, Sinister Hideout, Cryoshatter, Undying Malice, Glimmerlight, Death Denied, Bristling Backwoods, Snap, Sparksmith, Foreboding Landscape, Mind Stone, Visionary's Dance, Goblin Anarchomancer"
"41","5","Green","G Ramp","Creatures","17","6","17","3.09","Flesh Burrower, Temperamental Oozewagg, Champion of Dusan, Evolution Witness, Colossal Dreadmask, Faithful Watchdog, Phantom Tiger, Rubblebelt Maverick, Treetop Snarespinner, Priest of Titania, Wall of Roots, Nyxborn Hydra, Winding Way, Ulamog's Crusher, Bonder's Ornament, Vines of Vastwood, Jade Guardian, Eldrazi Repurposer, Forest, Forest, Forest, Forest, Forest, Forest, Forest, Forest, Forest, Forest, Forest, Forest, Forest, Forest, Forest, Forest, Forest, Generous Ent, Urban Daggertooth, Grapple with the Past, Captured by Lagacs, Sakura-Tribe Elder","Escape Tunnel, Savage Mansion, Homestead Courage, Journey to Nowhere, Blessed Hippogriff, Spectacle Summit, Forum of Amity, Dread Return, Expanding Ooze, Wolf Cove Villager, Sheltering Landscape, Paradox Gardens, Ainok Bond-Kin, Voracious Vermin, Fields of Strife, Stormfront Pegasus, Jhessian Thief, Gideon's Lawkeeper, Cruel Witness, Tranquil Landscape, Unbounded Potential, Tragic Slip"
"41","6","Green/Blue","GU Ramp","Spells","9","14","17","2.91","Peregrine Drake, Mist Raven, Frost Trickster, Quandrix Campus, Mystic Sanctuary, Growth Spiral, Unable to Scream, Weakstone's Subjugation, Serum Visions, Deep Analysis, Lórien Revealed, Repulse, Opt, Capsize, Condescend, Preordain, Remove Soul, Repeal, Island, Island, Island, Island, Island, Island, Island, Island, Island, Island, Island, Island, Island, Island, Looter il-Kor, Mirrorshell Crab, Malevolent Rumble, Sword Coast Serpent, Preening Champion, Snapping Voidcraw, Quicksand, Young Blue Dragon","Utopia Sprawl, Golgari Rot Farm, Snakeskin Veil, Entourage of Trest, Deluge Virtuoso, Night Market, Coiling Oracle, Vermin Gorger, Candy Trail, Werebear, Deranged Assistant, Raven's Crime, Blood Fountain, Lys Alana Informant, Filigree Familiar, Voracious Varmint, Coalition Honor Guard, Conclave Naturalists, Fertile Ground"
"41","7","Black","B Midrange","Spells","9","14","17","3.22","Gravedigger, Liliana's Specter, Gurmag Angler, Snuff Out, Dimir Aqueduct, Gray Merchant of Asphodel, Vampire Sovereign, Unearth, Faceless Butcher, Swamp, Swamp, Swamp, Swamp, Swamp, Swamp, Swamp, Swamp, Swamp, Swamp, Swamp, Swamp, Swamp, Swamp, Swamp, Swamp, Resentful Revelation, Disfigure, Night's Whisper, Cavern Harpy, Tithing Blade, Ashes to Ashes, Candy Grapple, Stab Wound, Chitin Gravestalker, Arms of Hadar, Cast Down, Wither and Bloom, Pestilence, Okiba-Gang Shinobi, Tortured Existence","Faerie Guidemother, Rakdos Carnarium, Clawing Torment, Cryogen Relic, Pristine Talisman, Kingpin's Pet, Gitaxian Probe, Desecrator Hag, Village Rites, Meeting of Minds, Titan's Grave, Treasure Cruise, Renegade Freighter, Vault Skirge, Merfolk Looter, Pillory of the Sleepless, Carrion Feeder, Carrier Thrall, Nested Shambler, Plagued Rusalka, Gift of Orzhova"
"41","8","Blue/White","UW Control","Spells, Wizards","13","10","17","3.30","Ponder, Custodi Squire, Cloudkin Seer, Phantom Interference, Ephemerate, Azorius Chancery, Lyev Skyknight, Guardian of the Guildpact, Mulldrifter, Faith's Fetters, Settle Beyond Reality, Man-o'-War, Miscalculation, University Campus, Momentary Blink, Exclude, Archaeomancer, Island, Island, Island, Island, Island, Island, Island, Island, Island, Island, Island, Eldrazi Skyspawner, Plains, Plains, Plains, Plains, Oblivion Ring, Palace Sentinels, Inspiring Overseer, Shipwreck Dowser, Murmuring Mystic, Eagles of the North, Impulse","Mocking Sprite, Starbreach Whale, Heliod's Pilgrim, Deceptive Landscape, Judge's Familiar, Contaminated Landscape, Sunlance, Tempest Angler, Gruul Turf, Raffine's Informant, Pestermite, Eroded Canyon, Furnace Strider, Search Party Captain, Deftblade Elite, Orzhov Basilica, Pinnacle Kill-Ship, Dog Umbra, Petrify, Militia Bugler"
"42","1","Green","G Ramp","Green","15","8","17","2.43","Simic Growth Chamber, Champion of Dusan, Evolution Witness, Colossal Dreadmask, Rubblebelt Maverick, Snakeskin Veil, Wall of Roots, Ram Through, Nyxborn Hydra, Monstrous Emergence, Paradox Gardens, Llanowar Elves, Trumpeting Herd, Hooting Mandrills, Experiment One, River Boa, Rancor, Forest, Forest, Forest, Forest, Forest, Forest, Forest, Forest, Forest, Forest, Forest, Forest, Forest, Forest, Forest, Voracious Varmint, Sylvan Might, Malevolent Rumble, Blastoderm, Sakura-Tribe Elder, Snapping Voidcraw, Llanowar Visionary, Mother Bear","Flesh Burrower, Deceptive Landscape, Savage Mansion, Pristine Talisman, Gixian Infiltrator, Putrid Goblin, Forum of Amity, Village Rites, Hidden Grotto, Deluge Virtuoso, Vault Skirge, Ominous Asylum, Wrangle, Witherbloom Campus, Carnophage, Bristling Backwoods, Deranged Assistant, Foreboding Landscape, Urban Daggertooth, Accursed Marauder"
"42","2","Red/Blue","RU Spellslinger","Spells","6","17","17","2.52","Hard Evidence, Izzet Boilerworks, Gitaxian Probe, Brainstorm, Lightning Bolt, Teetering Peaks, Serum Visions, Reckless Impulse, Treasure Cruise, Tempest Angler, Pestermite, Eroded Canyon, Rolling Thunder, Izzet Charm, Spelleater Wolverine, Mountain, Mountain, Mountain, Mountain, Mountain, Mountain, Exclude, Tocasia's Dig Site, Fireball, Searing Spear, Burst Lightning, Island, Island, Island, Island, Island, Island, Faerie Seer, Jhessian Thief, Mana Leak, Sword Coast Serpent, Behold the Multiverse, Quicksand, Sulfurous Blast, Lightning Strike","Bountiful Landscape, Tenth District Legionnaire, Growth Spiral, Winding Way, Striped Riverwinder, Aether Poisoner, Wildfire Elemental, Hissing Iguanar, Shardless Outlander, Furnace Strider, Quandrix Pledgemage, Barbed Batterfist, Grim Initiate, University Campus, Visionary's Dance, Seize Opportunity, Petrify"
"42","3","White","W Weenie","Humans, Creatures","16","7","17","2.35","Kor Skyfisher, Blessed Hippogriff, Sunlance, Triplicate Spirits, Savannah Lions, Cathar Commando, Thraben Charm, Greatsword of Tyr, Raffine's Informant, Search Party Captain, Mana Tithe, Territorial Hammerskull, Stormfront Pegasus, Elite Vanguard, Plains, Plains, Plains, Plains, Plains, Plains, Plains, Plains, Plains, Plains, Plains, Plains, Plains, Plains, Plains, Plains, Plains, Novice Inspector, Suture Priest, Palace Sentinels, Seeker of the Way, Dog Umbra, Battle Screech, Ardenvale Tactician, Miner's Guidewing, Fortress Kin-Guard","Custodi Squire, Ephemerate, Vulshok Morningstar, Faithful Watchdog, Lyev Skyknight, Kingpin's Pet, Gurmag Angler, Imperial Oath, You Hear Something on Watch, Ulamog's Crusher, Raise the Alarm, Focus Fire, Pillory of the Sleepless, Syndic of Tithes, Glimmerlight, Inspiring Paladin, Orzhov Basilica, Dauthi Slayer, Unbounded Potential, Dauntless Unity, Gift of Orzhova, Eagles of the North"
"42","4","Red","R Burn","Spells, Goblins","12","11","17","2.22","Fireslinger, Rimrock Knight, Burning-Tree Emissary, Witty Roastmaster, Clockwork Percussionist, Gruul Turf, Frenzied Goblin, Goblin Surprise, Mogg War Marshal, Rally at the Hornburg, Chain Lightning, Goblin Bushwhacker, Flame Slash, Fireblast, Underworld Rage-Hound, Mountain, Mountain, Mountain, Mountain, Mountain, Mountain, Mountain, Mountain, Mountain, Mountain, Mountain, Mountain, Mountain, Mountain, Mountain, Mountain, Hordeling Outburst, Wrenn's Resolve, Skewer the Critics, Brimstone Volley, Fanatical Firebrand, Incinerate, Beetleback Chief, Mayhem Patrol, Abrade","Prophetic Prism, Oliphaunt, Thriving Grubs, Rally the Peasants, Cindering Cutthroat, Fireblade Artist, Scrapwork Mutt, Sheltering Landscape, Flayer Husk, Loathsome Curator, Voracious Vermin, Ironhoof Boar, Death Denied, Deftblade Elite, Guttersnipe, Leonin Bola, Twisted Landscape, Goblin Motivator, Gnarlid Colony, Scholar of Combustion, Tortured Existence"
"42","5","Blue/White","UW Control","Humans","13","10","17","3.13","Starbreach Whale, Aerie Auxiliary, Phantom Interference, Heliod's Pilgrim, Cryogen Relic, Ninja of the Deep Hours, Riling Dawnbreaker, Guardian of the Guildpact, Mulldrifter, Journey to Nowhere, Settle Beyond Reality, Displace, Cradle of the Accursed, Consider, Planar Disruption, Haunted Fengraf, Moon-Circuit Hacker, Basilisk Gate, Momentary Blink, Archaeomancer, Ghostly Flicker, Island, Island, Island, Island, Island, Island, Island, Island, Island, Island, Eldrazi Skyspawner, Plains, Plains, Plains, Plains, Oblivion Ring, Thraben Inspector, Inspiring Overseer, Shipwreck Dowser","Rakdos Carnarium, Gravedigger, Improvised Club, Contaminated Landscape, Go for the Throat, Spectacle Summit, Coiling Oracle, Boiling Rock Prison, Vermin Gorger, Shock Brigade, Prismatic Strands, Doomed Traveler, Blightning, Thorn of the Black Rose, Iron Apprentice, Scoured Barrens, Elite Interceptor, Pestilence, Okiba-Gang Shinobi"
"42","6","Black","B Midrange","Spells","9","14","17","3.13","Crypt Rats, Liliana's Specter, Bone Picker, Snuff Out, Dread Return, Dimir Aqueduct, Gray Merchant of Asphodel, Grim Bauble, Vampire Sovereign, Vendetta, Scurrilous Sentry, Swamp, Swamp, Swamp, Swamp, Swamp, Swamp, Swamp, Swamp, Swamp, Swamp, Swamp, Swamp, Swamp, Swamp, Witch's Cottage, Disfigure, Night's Whisper, Tithing Blade, Ashes to Ashes, Candy Grapple, Raven's Crime, Stab Wound, Dinrova Horror, Arms of Hadar, Wither and Bloom, Diregraf Horde, First-Sphere Gargantua, Serpent's Pass, Tragic Slip","Gnawing Crescendo, Tithe Drinker, Azorius Chancery, Mechanozoa, Seething Landscape, Falkenrath Noble, Mire Triton, Bonder's Ornament, Ainok Wayfarer, Cryoshatter, Undying Malice, Miscalculation, Fields of Strife, Preordain, Repeal, Tolarian Terror, Nested Shambler, Body Dropper, Mirrorshell Crab"
"42","7","Green","G Stompy","Green","15","8","17","3.22","Utopia Sprawl, Temperamental Oozewagg, Owlbear, Phantom Tiger, Contagious Vorrac, Treetop Snarespinner, Priest of Titania, Arbor Elf, Jewel Thief, Horrific Assault, Sprout Swarm, Annoyed Altisaur, Eldrazi Repurposer, Greater Tanuki, Forest, Forest, Forest, Forest, Forest, Forest, Forest, Forest, Forest, Forest, Forest, Forest, Forest, Forest, Forest, Forest, Forest, Generous Ent, Tamiyo's Safekeeping, Bushwhack, You Meet in a Tavern, Conclave Naturalists, Fertile Ground, Grapple with the Past, Bannerhide Krushok, Sarulf's Packmate","Retrofitted Transmogrant, Putrid Leech, Quandrix Campus, Golgari Rot Farm, Desecrator Hag, Abundant Harvest, Conduit Pylons, Bogardan Dragonheart, Okiba Reckoner Raid, Giant Growth, Dreg Mangler, Candy Trail, Shattered Landscape, Boros Garrison, Molten Gatekeeper, Carrion Feeder, Chitin Gravestalker, Pinnacle Kill-Ship, Mutagenic Growth, Pulse of Murasa, Plagued Rusalka, Captured by Lagacs"
"42","8","Blue","U Control","Spells","9","14","17","2.65","Escape Tunnel, Ponder, Cloudkin Seer, Peregrine Drake, Dimir Guildmage, Lose Focus, Judge's Familiar, Meeting of Minds, Unable to Scream, Weakstone's Subjugation, Deep Analysis, Serrated Arrows, Lórien Revealed, Man-o'-War, Vizier of Tumbling Sands, Repulse, Opt, Capsize, Witness Protection, Snap, Remove Soul, Island, Island, Island, Island, Island, Island, Island, Island, Island, Island, Island, Island, Island, Island, Island, Plains, Murmuring Mystic, Preening Champion, Silver Drake","Conduit Goblin, Gingerbrute, Ecstatic Awakener, Mardu Skullhunter, Faith's Fetters, Tuskeri Firewalker, Soul Manipulation, Salt Road Packbeast, Renegade Freighter, Porcelain Legionnaire, Guardian Idol, Ainok Bond-Kin, Ancestral Blade, Filigree Familiar, Mandibular Kite, Coalition Honor Guard, Abraded Bluffs, Tranquil Landscape, Bramble Wurm, Perilous Landscape, Brambleback Brute"
"43","1","Black/Green","BG Graveyard","Creatures","18","5","17","2.61","Savage Mansion, Golgari Rot Farm, Contagious Vorrac, Troll of Khazad-dûm, Putrid Goblin, Go for the Throat, Treetop Snarespinner, Winding Way, Mire Triton, Expanding Ooze, Swamp, Swamp, Swamp, Swamp, Swamp, Titan's Grave, Gruul Turf, Llanowar Elves, Witch's Cottage, Witherbloom Campus, Dreg Mangler, Guildsworn Prowler, Sagu Wildling, Yavimaya Elder, River Boa, Sprout Swarm, Death Denied, Bristling Backwoods, Rancor, Carrion Feeder, Nest Invader, Forest, Forest, Forest, Forest, Forest, Writhing Chrysalis, Accursed Marauder, Bannerhide Krushok, Mother Bear","Flesh Burrower, Dark-Dweller Oracle, Izzet Boilerworks, Gixian Infiltrator, Scrapwork Mutt, Hissing Iguanar, Inspiring Paladin, Grim Initiate, Blightning, Plasma Bolt, Voracious Varmint, Conclave Naturalists, Twisted Landscape, Dog Umbra, Goblin Anarchomancer"
"43","2","Black/Blue","BU Tempo","Black/Blue","13","10","17","2.78","Mocking Sprite, Dauthi Horror, Phantom Interference, Cryogen Relic, Frost Trickster, Dimir Guildmage, Gurmag Angler, Brainstorm, Dimir Aqueduct, Unearth, Okiba Reckoner Raid, Swamp, Swamp, Swamp, Swamp, Swamp, Swamp, Swamp, Man-o'-War, Moon-Circuit Hacker, Sinister Hideout, Cavern Harpy, Cryoshatter, Tithing Blade, Ashes to Ashes, Stab Wound, Dinrova Horror, Island, Island, Island, Island, Island, Island, Island, Arms of Hadar, Looter il-Kor, Sword Coast Serpent, Vampire Lacerator, Okiba-Gang Shinobi, Serpent's Pass","Raid Bombardment, Mardu Skullhunter, Unwilling Ingredient, Ominous Asylum, Vizier of Tumbling Sands, Frenzied Goblin, Furnace Strider, Deftblade Elite, Raven's Crime, Chitin Gravestalker, Sparksmith, Carrier Thrall, Eldrazi Skyspawner, Gideon's Lawkeeper, Phantom Nomad, Iron Apprentice, Malevolent Rumble, Elite Interceptor, Ardenvale Tactician"
"43","3","White","W Weenie","Soldiers","13","10","17","2.26","Faerie Guidemother, Guardian of the Guildpact, Journey to Nowhere, Sunlance, Bonesplitter, Gods Willing, Salt Road Packbeast, You Hear Something on Watch, Savannah Lions, Planar Disruption, Porcelain Legionnaire, Cathar Commando, Greatsword of Tyr, Search Party Captain, Mana Tithe, Rhox Veteran, Elite Vanguard, Plains, Plains, Plains, Plains, Plains, Plains, Plains, Plains, Plains, Plains, Plains, Plains, Plains, Plains, Plains, Plains, Plains, Novice Inspector, Suture Priest, Palace Sentinels, Battle Screech, Miner's Guidewing, Petrify","Escape Tunnel, Tithe Drinker, Kingpin's Pet, Tenth District Legionnaire, Soltari Trooper, Raise the Alarm, Wary Farmer, Ainok Bond-Kin, Flame Slash, Prismatic Strands, Boros Garrison, Oblivion Ring, Visionary's Dance, Abraded Bluffs, Cast Down, Scoured Barrens, Dauntless Unity, Gift of Orzhova, Goblin Motivator, Borrowed Grace, Lightning Strike, Mayhem Patrol"
"43","4","Blue/White","UW Control","Spells","14","9","17","3.04","Kor Skyfisher, Starbreach Whale, Custodi Squire, Ephemerate, Heliod's Pilgrim, Lyev Skyknight, Desert, Judge's Familiar, Mulldrifter, Settle Beyond Reality, Displace, Deep Analysis, Tranquil Cove, Raffine's Informant, Condescend, Momentary Blink, Ghostly Flicker, Remove Soul, Island, Island, Island, Island, Island, Faerie Seer, Plains, Plains, Plains, Plains, Plains, Plains, Plains, Plains, Plains, Plains, Preening Champion, Eagles of the North, Silver Drake, Militia Bugler, Impulse, Young Blue Dragon","Quandrix Campus, Deceptive Landscape, Contaminated Landscape, Hidden Grotto, Deluge Virtuoso, Coiling Oracle, Focus Fire, Suburban Sanctuary, Syndic of Tithes, Doomed Traveler, Orzhov Basilica, Stormfront Pegasus, Jhessian Thief, Tamiyo's Safekeeping, Coalition Honor Guard, Seize Opportunity, Grapple with the Past, Unbounded Potential, Bramble Wurm, Brambleback Brute"
"43","5","Black/Red","BR Aristocrats","Creatures","16","7","17","2.09","Gnawing Crescendo, Retrofitted Transmogrant, Improvised Club, Ecstatic Awakener, Snuff Out, Witty Roastmaster, Village Rites, Falkenrath Noble, Bogardan Dragonheart, Lightning Bolt, Fireblade Artist, Swamp, Swamp, Swamp, Swamp, Swamp, Swamp, Wrangle, Blood Aspirant, Mogg War Marshal, Shock Brigade, Goblin Bushwhacker, Voracious Vermin, Molten Gatekeeper, Mountain, Mountain, Mountain, Mountain, Mountain, Mountain, Mountain, Mountain, Mountain, Mountain, Hordeling Outburst, Tocasia's Dig Site, Nested Shambler, Body Dropper, Snarling Gorehound, Scorched Rusalka","Faithful Watchdog, Dread Return, Tuskeri Firewalker, Grim Bauble, Vampire Sovereign, Night Market, Scurrilous Sentry, Flayer Husk, Resentful Revelation, Night's Whisper, Undying Malice, Carnophage, Blood Fountain, Dauthi Slayer, Wither and Bloom, Fanatical Firebrand, Leonin Bola, Diregraf Horde, Kyoshi Village, Abrade, Tortured Existence"
"43","6","Red","R Burn","Spells","8","15","17","2.26","Fireslinger, Gitaxian Probe, Rimrock Knight, Spectacle Summit, Reckless Charge, Consider, Reckless Impulse, Wildfire Elemental, Goblin Surprise, Firebolt, Rally at the Hornburg, Eroded Canyon, Chain Lightning, Aether Chaser, Fireblast, Spelleater Wolverine, Mountain, Mountain, Mountain, Mountain, Mountain, Mountain, Mountain, Mountain, Mountain, Mountain, Mountain, Mountain, Mountain, Mountain, Mountain, Wrenn's Resolve, Fireball, Searing Spear, Skewer the Critics, Guttersnipe, Brimstone Volley, Incinerate, Monastery Swiftspear, Beetleback Chief","Armadillo Cloak, Ardent Elementalist, Ninja of the Deep Hours, Bountiful Landscape, Growth Spiral, Unable to Scream, Weakstone's Subjugation, Wolf Cove Villager, Shattered Landscape, Quandrix Pledgemage, Miscalculation, Jade Guardian, Barbed Batterfist, Rolling Thunder, Witness Protection, Pinnacle Kill-Ship, Mutagenic Growth, Cruel Witness, Shipwreck Dowser, Perilous Landscape"
"43","7","Red/Blue","RU Spellslinger","Spells, Wizards","11","12","17","3.13","Zephyr Winder, Mystic Sanctuary, Oliphaunt, Pristine Talisman, Meeting of Minds, Serum Visions, Serrated Arrows, Merfolk Looter, Opt, Striped Riverwinder, Haunted Fengraf, Guardian Idol, Basilisk Gate, Serum Visionary, Bloodwater Entity, Mountain, Archaeomancer, Preordain, Snap, Repeal, Island, Island, Island, Island, Island, Island, Island, Island, Island, Island, Island, Island, Filigree Familiar, Tolarian Terror, Mana Leak, Counterspell, Murmuring Mystic, Scholar of Combustion, Quicksand, Sulfurous Blast","Simic Growth Chamber, Rakdos Carnarium, Branching Bolt, Seething Landscape, Thriving Grubs, Rally the Peasants, Ulamog's Crusher, Boiling Rock Prison, Disfigure, Loathsome Curator, Jackal Pup, Deranged Assistant, Fields of Strife, Greater Tanuki, Pestilence, First-Sphere Gargantua, Gnarlid Colony, Warship Scout"
"43","8","Green","G Ramp","Creatures","18","5","17","3.09","Utopia Sprawl, Champion of Dusan, Evolution Witness, Owlbear, Snakeskin Veil, Hickory Woodlot, Entourage of Trest, Priest of Titania, Wall of Roots, Arbor Elf, Jewel Thief, Ram Through, Nyxborn Hydra, Trumpeting Herd, Krosan Tusker, Experiment One, Basking Broodscale, Annoyed Altisaur, Eldrazi Repurposer, Forest, Forest, Forest, Forest, Forest, Forest, Forest, Forest, Forest, Forest, Forest, Forest, Forest, Forest, Forest, Forest, Generous Ent, Bushwhack, Blastoderm, Sarulf's Packmate, Llanowar Visionary","Selesnya Sanctuary, Temperamental Oozewagg, Aerie Auxiliary, Homestead Courage, Desecrator Hag, Abundant Harvest, Teetering Peaks, Renegade Freighter, Bonder's Ornament, Hooting Mandrills, Vermin Gorger, Candy Trail, Ainok Wayfarer, Shardless Outlander, Vines of Vastwood, University Campus, Lys Alana Informant, Foreboding Landscape, You Meet in a Tavern, Sylvan Might, Urban Daggertooth"
"44","1","Red/White","RW Aggro","Humans, Creatures","16","7","17","2.13","Faerie Guidemother, Conduit Goblin, Dog Walker, Tenth District Legionnaire, Rally the Peasants, Bonesplitter, Triplicate Spirits, Salt Road Packbeast, Raise the Alarm, Porcelain Legionnaire, Cathar Commando, Thraben Charm, Raffine's Informant, Shock Brigade, Goblin Bushwhacker, Molten Gatekeeper, Mountain, Mountain, Mountain, Mountain, Mountain, Mountain, Searing Spear, Plains, Plains, Plains, Plains, Plains, Plains, Plains, Plains, Plains, Plains, Mandibular Kite, Novice Inspector, Abraded Bluffs, Thraben Inspector, Monastery Swiftspear, Seeker of the Way, Miner's Guidewing","Aerie Auxiliary, Savage Mansion, Homestead Courage, Guardian of the Guildpact, Trapped in the Screen, Faith's Fetters, Journey to Nowhere, Blessed Hippogriff, Reckless Charge, Gods Willing, Soltari Trooper, Boiling Rock Prison, Firebolt, Fireblast, Rhox Veteran, Ancestral Blade, Gideon's Lawkeeper, Coalition Honor Guard, Visionary's Dance, Elite Interceptor, Abrade"
"44","2","Black/Blue","BU Tempo","Spells","7","16","17","3.13","Crypt Rats, Gitaxian Probe, Troll of Khazad-dûm, Soul Manipulation, Vendetta, Faceless Butcher, Swamp, Swamp, Swamp, Treasure Cruise, Lórien Revealed, Merfolk Looter, Resentful Revelation, Haunted Fengraf, Cavern Harpy, Cryoshatter, Condescend, Preordain, Snap, Ghostly Flicker, Island, Island, Island, Island, Island, Island, Island, Island, Island, Island, Island, Island, Arms of Hadar, Counterspell, Mirrorshell Crab, Wither and Bloom, Sword Coast Serpent, Behold the Multiverse, Serpent's Pass, Tortured Existence","Putrid Leech, Deceptive Landscape, Golgari Rot Farm, Seething Landscape, Displace, Growth Spiral, Wall of Roots, Unwilling Ingredient, Mire Triton, Expanding Ooze, You Hear Something on Watch, Witherbloom Campus, Search Party Captain, Deftblade Elite, Foreboding Landscape, You Meet in a Tavern, Snarling Gorehound, Tranquil Landscape, Pulse of Murasa, Sakura-Tribe Elder"
"44","3","Red/Blue","RU Spellslinger","Spells","8","15","17","2.65","Ponder, Lose Focus, Rimrock Knight, Meeting of Minds, Deep Analysis, Reckless Impulse, Tempest Angler, Man-o'-War, Repulse, Eroded Canyon, Basilisk Gate, Bloodwater Entity, Izzet Charm, Spelleater Wolverine, Mountain, Mountain, Mountain, Mountain, Mountain, Mountain, Mountain, Mountain, Hordeling Outburst, Wrenn's Resolve, Tocasia's Dig Site, Remove Soul, Island, Island, Island, Island, Island, Island, Jhessian Thief, Into the Roil, Skewer the Critics, Guttersnipe, Brimstone Volley, Incinerate, Murmuring Mystic, Lightning Strike","Cloudkin Seer, Oliphaunt, Thriving Grubs, Burning-Tree Emissary, Witty Roastmaster, Weakstone's Subjugation, Tranquil Cove, Renegade Freighter, Wary Farmer, Pestermite, Quandrix Pledgemage, Boros Garrison, Barbed Batterfist, Nested Shambler, Mutagenic Growth, Suture Priest, Seize Opportunity, Fanatical Firebrand, Mayhem Patrol"
"44","4","Black/Red","BR Aristocrats","Black/Red","15","8","17","2.04","Gnawing Crescendo, Raid Bombardment, Ecstatic Awakener, Putrid Goblin, Bone Picker, Falkenrath Noble, Clockwork Percussionist, Bogardan Dragonheart, Lightning Bolt, Fireblade Artist, Swamp, Swamp, Swamp, Swamp, Swamp, Swamp, Ominous Asylum, Wrangle, Goblin Surprise, Mogg War Marshal, Hissing Iguanar, Flame Slash, Grim Initiate, Jackal Pup, Underworld Rage-Hound, Mountain, Mountain, Mountain, Mountain, Mountain, Mountain, Mountain, Mountain, Mountain, Mountain, Blightning, Burst Lightning, Body Dropper, Vampire Lacerator, Scorched Rusalka","Fireslinger, Gingerbrute, Snakeskin Veil, Gurmag Angler, Unearth, Wolf Cove Villager, Scrapwork Mutt, Titan's Grave, Frenzied Goblin, Wildfire Elemental, Shattered Landscape, Furnace Strider, Tithing Blade, Syndic of Tithes, Territorial Hammerskull, Sparksmith, Looter il-Kor, Iron Apprentice, Plagued Rusalka, Spellbook Seeker, Okiba-Gang Shinobi"
"44","5","Blue","U Control","Spells, Wizards","11","12","17","2.61","Hard Evidence, Phantom Interference, Mist Raven, Azorius Chancery, Desert, Ninja of the Deep Hours, Judge's Familiar, Brainstorm, Unable to Scream, Consider, Serum Visions, Opt, Striped Riverwinder, Capsize, Deranged Assistant, Witness Protection, Exclude, Archaeomancer, Repeal, Island, Island, Island, Island, Island, Island, Island, Island, Island, Island, Island, Island, Island, Island, Island, Faerie Seer, Eldrazi Skyspawner, Tolarian Terror, Mana Leak, Shipwreck Dowser, Young Blue Dragon","Ephemerate, Prophetic Prism, Lyev Skyknight, Snuff Out, Tuskeri Firewalker, Sunlance, Deluge Virtuoso, Vampire Sovereign, Doom Blade, Sinister Hideout, Dinrova Horror, Oblivion Ring, Cast Down, Alabaster Host Intercessor, Scoured Barrens, Perilous Landscape, Eagles of the North, Borrowed Grace, Warship Scout, Sulfurous Blast"
"44","6","Green/White","GW Counters","Creatures","16","7","17","2.83","Temperamental Oozewagg, Champion of Dusan, Evolution Witness, Owlbear, Faithful Watchdog, Armadillo Cloak, Phantom Tiger, Hickory Woodlot, Entourage of Trest, Treetop Snarespinner, Cradle of the Accursed, Elvish Mystic, Ram Through, Nyxborn Hydra, Vines of Vastwood, Ainok Bond-Kin, Sprout Swarm, Jade Guardian, Rancor, Forest, Forest, Forest, Forest, Forest, Forest, Forest, Forest, Forest, Forest, Forest, Forest, Forest, Plains, Plains, Sylvan Might, Blastoderm, Captured by Lagacs, Bannerhide Krushok, Gnarlid Colony, Sarulf's Packmate","Dauthi Horror, Mardu Skullhunter, Abundant Harvest, Forum of Amity, Pillory of the Sleepless, Yavimaya Elder, Mana Tithe, Death Denied, Inspiring Paladin, Stormfront Pegasus, Lys Alana Informant, Tamiyo's Safekeeping, Fertile Ground, Malevolent Rumble, Inspiring Overseer, Unbounded Potential, Bramble Wurm, Brambleback Brute, Petrify, Fortress Kin-Guard"
"44","7","Green/Red","GR Stompy","Green/Red","15","8","17","3.00","Utopia Sprawl, Flesh Burrower, Colossal Dreadmask, Branching Bolt, Contagious Vorrac, Arbor Elf, Bonder's Ornament, Llanowar Elves, Trumpeting Herd, Sagu Wildling, Krosan Tusker, River Boa, Chain Lightning, Werebear, Rolling Thunder, Bristling Backwoods, Mountain, Mountain, Nest Invader, Basking Broodscale, Annoyed Altisaur, Eldrazi Repurposer, Forest, Forest, Forest, Forest, Forest, Forest, Forest, Forest, Forest, Forest, Forest, Forest, Forest, Forest, Conclave Naturalists, Writhing Chrysalis, Goblin Anarchomancer, Galvanic Discharge","Simic Growth Chamber, Tithe Drinker, Custodi Squire, Rakdos Carnarium, Rubblebelt Maverick, Improvised Club, Desecrator Hag, Spectacle Summit, Imperial Oath, Giant Growth, Sheltering Landscape, Coiling Oracle, Focus Fire, Aether Poisoner, Fields of Strife, Twisted Landscape, Dauntless Unity, Goblin Motivator, Snapping Voidcraw, Ardenvale Tactician, Scholar of Combustion"
"44","8","Black","B Midrange","Artifacts, Zombies","12","11","17","2.52","Retrofitted Transmogrant, Gravedigger, Liliana's Specter, Go for the Throat, Dread Return, Village Rites, Gray Merchant of Asphodel, Grim Bauble, Scurrilous Sentry, Okiba Reckoner Raid, Swamp, Swamp, Swamp, Swamp, Swamp, Swamp, Swamp, Swamp, Swamp, Swamp, Swamp, Swamp, Swamp, Swamp, Swamp, Swamp, Vault Skirge, Witch's Cottage, Guildsworn Prowler, Disfigure, Night's Whisper, Ashes to Ashes, Carrion Feeder, Blood Fountain, Chitin Gravestalker, Filigree Familiar, Mind Stone, Accursed Marauder, First-Sphere Gargantua, Tragic Slip","Clawing Torment, Heliod's Pilgrim, Vulshok Morningstar, Gixian Infiltrator, Ulamog's Crusher, Serrated Arrows, Vizier of Tumbling Sands, Candy Trail, Moon-Circuit Hacker, Shardless Outlander, Guardian Idol, Undying Malice, Glimmerlight, Carnophage, Doomed Traveler, Momentary Blink, Orzhov Basilica, Pinnacle Kill-Ship, Phantom Nomad, Palace Sentinels, Leonin Bola"
"45","1","Green","G Ramp","Enchantments, Elves, Creatures","16","7","17","2.70","Evolution Witness, Owlbear, Hickory Woodlot, Entourage of Trest, Priest of Titania, Wall of Roots, Nyxborn Hydra, Winding Way, Llanowar Elves, Wild Growth, Sprout Swarm, Werebear, Rancor, Basking Broodscale, Annoyed Altisaur, Eldrazi Repurposer, Greater Tanuki, Forest, Forest, Forest, Forest, Forest, Forest, Forest, Forest, Forest, Forest, Forest, Forest, Forest, Forest, Forest, Forest, Voracious Varmint, Bushwhack, Conclave Naturalists, Fertile Ground, Grapple with the Past, Sakura-Tribe Elder, Llanowar Visionary","Selesnya Sanctuary, Putrid Leech, Phantom Tiger, Rubblebelt Maverick, Snakeskin Veil, Abundant Harvest, Falkenrath Noble, Conduit Pylons, Bonesplitter, Ulamog's Crusher, Coiling Oracle, Witherbloom Campus, Blood Aspirant, River Boa, Jade Guardian, Tamiyo's Safekeeping, Writhing Chrysalis, Tranquil Landscape, Unbounded Potential, Pestilence, Gnarlid Colony"
"45","2","Black/Green","BG Graveyard","Creatures","16","7","17","3.26","Escape Tunnel, Champion of Dusan, Crypt Rats, Golgari Rot Farm, Troll of Khazad-dûm, Desecrator Hag, Go for the Throat, Elvish Mystic, Jewel Thief, Monstrous Emergence, Swamp, Swamp, Swamp, Swamp, Swamp, Swamp, Swamp, Swamp, Dreg Mangler, Disfigure, Sagu Wildling, Yavimaya Elder, Ainok Wayfarer, Krosan Tusker, Death Denied, Candy Grapple, Nest Invader, Thorn of the Black Rose, Forest, Forest, Forest, Forest, Forest, Forest, Forest, Generous Ent, Wither and Bloom, Bramble Wurm, Sarulf's Packmate, Tortured Existence","Vampire Sovereign, Horrific Assault, Expanding Ooze, Fireblade Artist, Flayer Husk, Gruul Turf, Hooting Mandrills, Candy Trail, Vines of Vastwood, Ashes to Ashes, Bristling Backwoods, Carrion Feeder, Raven's Crime, Carrier Thrall, Lys Alana Informant, Nested Shambler, Snarling Gorehound, Plagued Rusalka, Blastoderm, Bannerhide Krushok"
"45","3","Blue","U Spellslinger","Spells","11","12","17","3.00","Hard Evidence, Cloudkin Seer, Phantom Interference, Desert, Lose Focus, Gitaxian Probe, Ninja of the Deep Hours, Brainstorm, Weakstone's Subjugation, Man-o'-War, Opt, Striped Riverwinder, Capsize, Quandrix Pledgemage, Remove Soul, Island, Island, Island, Island, Island, Island, Island, Island, Island, Island, Island, Island, Island, Island, Island, Into the Roil, Mana Leak, Looter il-Kor, Mirrorshell Crab, Sword Coast Serpent, Behold the Multiverse, Shipwreck Dowser, Murmuring Mystic, Preening Champion, Quicksand","Rakdos Carnarium, Gingerbrute, Colossal Dreadmask, Savage Mansion, Dimir Guildmage, Mardu Skullhunter, Seething Landscape, Deluge Virtuoso, Soul Manipulation, Renegade Freighter, Bonder's Ornament, Resentful Revelation, Aether Poisoner, Vermin Gorger, Sinister Hideout, Cavern Harpy, Deranged Assistant, Spelleater Wolverine, Spellbook Seeker, Snapping Voidcraw"
"45","4","Black","B Midrange","Creatures","17","6","17","2.65","Tithe Drinker, Dauthi Horror, Gravedigger, Liliana's Specter, Kingpin's Pet, Gixian Infiltrator, Ecstatic Awakener, Putrid Goblin, Bone Picker, Village Rites, Gray Merchant of Asphodel, Unearth, Vendetta, Scurrilous Sentry, Swamp, Swamp, Swamp, Swamp, Swamp, Swamp, Swamp, Swamp, Swamp, Swamp, Swamp, Swamp, Swamp, Swamp, Swamp, Swamp, Guildsworn Prowler, Loathsome Curator, Voracious Vermin, Arms of Hadar, Dauthi Slayer, Cast Down, Scoured Barrens, Diregraf Horde, Accursed Marauder, Tragic Slip","Clawing Torment, Vulshok Morningstar, Armadillo Cloak, Riling Dawnbreaker, Unwilling Ingredient, Ram Through, Mire Triton, Raise the Alarm, Shattered Landscape, Syndic of Tithes, Mana Tithe, Territorial Hammerskull, Suture Priest, Thraben Inspector, Palace Sentinels, Inspiring Overseer, Gift of Orzhova, Goblin Anarchomancer, Militia Bugler, Okiba-Gang Shinobi, Fortress Kin-Guard"
"45","5","Red","R Burn","Spells, Goblins","12","11","17","1.87","Gnawing Crescendo, Raid Bombardment, Improvised Club, Rimrock Knight, Burning-Tree Emissary, Clockwork Percussionist, Lightning Bolt, Reckless Charge, Goblin Surprise, Mogg War Marshal, Rally at the Hornburg, Shock Brigade, Chain Lightning, Goblin Bushwhacker, Aether Chaser, Grim Initiate, Jackal Pup, Underworld Rage-Hound, Mountain, Mountain, Mountain, Mountain, Mountain, Mountain, Mountain, Mountain, Mountain, Mountain, Mountain, Mountain, Mountain, Mountain, Mountain, Mountain, Mountain, Searing Spear, Burst Lightning, Sparksmith, Beetleback Chief, Abrade","Conduit Goblin, Fireslinger, Homestead Courage, Tuskeri Firewalker, Bogardan Dragonheart, Grim Bauble, Giant Growth, Scrapwork Mutt, Titan's Grave, Sheltering Landscape, Wrangle, Glimmerlight, Barbed Batterfist, Filigree Familiar, Jhessian Thief, Iron Apprentice, Brimstone Volley, Elite Interceptor, Captured by Lagacs, Twisted Landscape, Goblin Motivator, Mayhem Patrol"
"45","6","Red/Blue","RU Spellslinger","Spells","13","10","17","3.22","Mocking Sprite, Peregrine Drake, Mechanozoa, Izzet Boilerworks, Ardent Elementalist, Meeting of Minds, Teetering Peaks, Tempest Angler, Lórien Revealed, Merfolk Looter, Firebolt, Eroded Canyon, Miscalculation, Bloodwater Entity, Condescend, Exclude, Preordain, Repeal, Island, Island, Island, Island, Island, Island, Island, Island, Island, Island, Island, Island, Island, Island, Faerie Seer, Tolarian Terror, Cruel Witness, Guttersnipe, Scholar of Combustion, Sulfurous Blast, Impulse, Young Blue Dragon","Flesh Burrower, Cryogen Relic, Deceptive Landscape, Forum of Amity, Hidden Grotto, Reckless Impulse, Paradox Gardens, Ominous Asylum, Vizier of Tumbling Sands, Focus Fire, Suburban Sanctuary, Night's Whisper, Hordeling Outburst, Eldrazi Skyspawner, Body Dropper, Mind Stone, Seize Opportunity, Scorched Rusalka, Perilous Myr"
"45","7","Blue/White","UW Control","Enchantments, Birds","12","11","17","3.35","Kor Skyfisher, Starbreach Whale, Custodi Squire, Aerie Auxiliary, Ephemerate, Mist Raven, Frost Trickster, Lyev Skyknight, Trapped in the Screen, Faith's Fetters, Journey to Nowhere, Settle Beyond Reality, Cradle of the Accursed, Sunlance, Deep Analysis, Tranquil Cove, Moon-Circuit Hacker, Cryoshatter, Momentary Blink, Archaeomancer, Tocasia's Dig Site, Ghostly Flicker, Island, Island, Island, Island, Plains, Plains, Plains, Plains, Plains, Plains, Plains, Plains, Plains, Plains, Alabaster Host Intercessor, Eagles of the North, Battle Screech, Silver Drake","Simic Growth Chamber, Temperamental Oozewagg, Quandrix Campus, Pristine Talisman, Contagious Vorrac, Contaminated Landscape, Okiba Reckoner Raid, Greatsword of Tyr, Shardless Outlander, Doomed Traveler, Rhox Veteran, Elite Vanguard, Gideon's Lawkeeper, Kyoshi Village, Perilous Landscape, Borrowed Grace, Miner's Guidewing, Brambleback Brute, Warship Scout"
"45","8","White","W Weenie","Humans, Creatures","16","7","17","2.43","Faerie Guidemother, Heliod's Pilgrim, Guardian of the Guildpact, Judge's Familiar, Blessed Hippogriff, Soltari Trooper, Salt Road Packbeast, You Hear Something on Watch, Savannah Lions, Porcelain Legionnaire, Thraben Charm, Raffine's Informant, Search Party Captain, Basilisk Gate, Ainok Bond-Kin, Prismatic Strands, Deftblade Elite, Ancestral Blade, Plains, Plains, Plains, Plains, Plains, Plains, Plains, Plains, Plains, Plains, Plains, Plains, Plains, Plains, Plains, Plains, Mandibular Kite, Phantom Nomad, Coalition Honor Guard, Dauntless Unity, Seeker of the Way, Dog Umbra","Dog Walker, Zephyr Winder, Branching Bolt, Bountiful Landscape, Wolf Cove Villager, Wary Farmer, Vault Skirge, Trumpeting Herd, Witch's Cottage, Boiling Rock Prison, Pillory of the Sleepless, Wildfire Elemental, Hissing Iguanar, Furnace Strider, Undying Malice, Molten Gatekeeper, Stab Wound, Visionary's Dance, Abraded Bluffs, Leonin Bola, Galvanic Discharge"
"46","1","Black","B Midrange","Creatures","16","7","17","2.74","Crypt Rats, Gravedigger, Liliana's Specter, Gixian Infiltrator, Putrid Goblin, Bone Picker, Snuff Out, Dread Return, Village Rites, Falkenrath Noble, Gray Merchant of Asphodel, Swamp, Swamp, Swamp, Swamp, Swamp, Swamp, Swamp, Swamp, Swamp, Swamp, Swamp, Swamp, Swamp, Swamp, Swamp, Swamp, Witch's Cottage, Resentful Revelation, Vermin Gorger, Tithing Blade, Voracious Vermin, Ashes to Ashes, Candy Grapple, Chitin Gravestalker, Carrier Thrall, Nested Shambler, Dauthi Slayer, Snarling Gorehound, Plagued Rusalka","Escape Tunnel, Faerie Guidemother, Tithe Drinker, Clawing Torment, Kingpin's Pet, Judge's Familiar, Mardu Skullhunter, Cindering Cutthroat, Expanding Ooze, Ulamog's Crusher, Boiling Rock Prison, Dreg Mangler, Shattered Landscape, Furnace Strider, Fields of Strife, Generous Ent, Phantom Nomad, Visionary's Dance, Dauntless Unity, Eagles of the North, Okiba-Gang Shinobi"
"46","2","Blue/White","UW Control","Humans","12","11","17","2.83","Mocking Sprite, Custodi Squire, Ephemerate, Mechanozoa, Guardian of the Guildpact, Sunlance, Tranquil Cove, Planar Disruption, Cathar Commando, Basilisk Gate, University Campus, Momentary Blink, Exclude, Preordain, Island, Island, Island, Jhessian Thief, Gideon's Lawkeeper, Plains, Plains, Plains, Plains, Plains, Plains, Plains, Plains, Plains, Plains, Plains, Oblivion Ring, Mana Leak, Alabaster Host Intercessor, Inspiring Overseer, Preening Champion, Dog Umbra, Battle Screech, Ardenvale Tactician, Petrify, Militia Bugler","Utopia Sprawl, Contaminated Landscape, Treetop Snarespinner, Gods Willing, Imperial Oath, Trumpeting Herd, Greatsword of Tyr, Jade Guardian, Deranged Assistant, Raven's Crime, Filigree Familiar, Cruel Witness, Bushwhack, Coalition Honor Guard, Scoured Barrens, Tranquil Landscape, Leonin Bola, Perilous Landscape, Sulfurous Blast"
"46","3","Red","R Burn","Artifacts, Spells","12","11","17","2.09","Gnawing Crescendo, Desert, Improvised Club, Firebrand Archer, Thriving Grubs, Burning-Tree Emissary, Bonesplitter, Porcelain Legionnaire, Wrangle, Suburban Sanctuary, Wildfire Elemental, Goblin Surprise, Firebolt, Mogg War Marshal, Haunted Fengraf, Rally at the Hornburg, Shock Brigade, Boros Garrison, Molten Gatekeeper, Barbed Batterfist, Rolling Thunder, Underworld Rage-Hound, Mountain, Mountain, Mountain, Mountain, Mountain, Mountain, Mountain, Mountain, Mountain, Mountain, Mountain, Mountain, Mountain, Skewer the Critics, Iron Apprentice, Monastery Swiftspear, Scorched Rusalka, Lightning Strike","Temperamental Oozewagg, Conduit Goblin, Dog Walker, Snakeskin Veil, Horrific Assault, Savannah Lions, Candy Trail, Ainok Bond-Kin, Glimmerlight, Inspiring Paladin, Werebear, Deftblade Elite, Carnophage, Rhox Veteran, Ancestral Blade, Lys Alana Informant, Mandibular Kite, Urban Daggertooth"
"46","4","Green","G Ramp","Creatures","18","5","17","3.00","Evolution Witness, Owlbear, Priest of Titania, Wall of Roots, Arbor Elf, Jewel Thief, Nyxborn Hydra, Monstrous Emergence, Llanowar Elves, Wild Growth, Sagu Wildling, Yavimaya Elder, Krosan Tusker, Rancor, Annoyed Altisaur, Eldrazi Repurposer, Forest, Forest, Forest, Forest, Forest, Forest, Forest, Forest, Forest, Forest, Forest, Forest, Forest, Forest, Forest, Forest, Voracious Varmint, Fertile Ground, Malevolent Rumble, Bramble Wurm, Sakura-Tribe Elder, Quicksand, Sarulf's Packmate, Llanowar Visionary","Flesh Burrower, Deceptive Landscape, Rubblebelt Maverick, Abundant Harvest, Ram Through, Wary Farmer, Hooting Mandrills, Disfigure, Ainok Wayfarer, Shardless Outlander, Experiment One, River Boa, Undying Malice, Serum Visionary, Nest Invader, Thorn of the Black Rose, Accursed Marauder, Elite Interceptor, First-Sphere Gargantua, Gnarlid Colony, Mother Bear"
"46","5","Black/Blue","BU Tempo","Wizards","14","9","17","3.22","Starbreach Whale, Cloudkin Seer, Cryogen Relic, Frost Trickster, Dimir Guildmage, Ninja of the Deep Hours, Mulldrifter, Go for the Throat, Gurmag Angler, Dimir Aqueduct, Soul Manipulation, Weakstone's Subjugation, Consider, Swamp, Moon-Circuit Hacker, Sinister Hideout, Cavern Harpy, Cryoshatter, Miscalculation, Archaeomancer, Tocasia's Dig Site, Snap, Island, Island, Island, Island, Island, Island, Island, Island, Island, Island, Island, Island, Island, Arms of Hadar, Looter il-Kor, Sword Coast Serpent, Shipwreck Dowser, Young Blue Dragon","Hard Evidence, Quandrix Campus, Phantom Tiger, Golgari Rot Farm, Pristine Talisman, Desecrator Hag, Unwilling Ingredient, Mire Triton, Scurrilous Sentry, Paradox Gardens, Aether Poisoner, Sprout Swarm, Witness Protection, Basking Broodscale, Foreboding Landscape, Writhing Chrysalis, Blastoderm, Twisted Landscape, Snapping Voidcraw"
"46","6","Red/Blue","RU Spellslinger","Spells","8","15","17","2.91","Peregrine Drake, Phantom Interference, Mystic Sanctuary, Izzet Boilerworks, Gitaxian Probe, Ardent Elementalist, Brainstorm, Deep Analysis, Treasure Cruise, Tempest Angler, Man-o'-War, Repulse, Opt, Eroded Canyon, Flame Slash, Bloodwater Entity, Condescend, Izzet Charm, Mountain, Mountain, Mountain, Mountain, Mountain, Plasma Bolt, Ghostly Flicker, Remove Soul, Island, Island, Island, Island, Island, Island, Island, Island, Island, Tolarian Terror, Guttersnipe, Behold the Multiverse, Incinerate, Murmuring Mystic","Simic Growth Chamber, Fireslinger, Azorius Chancery, Lyev Skyknight, Bountiful Landscape, Displace, Growth Spiral, Hidden Grotto, Unable to Scream, Deluge Virtuoso, Giant Growth, Serrated Arrows, Pestermite, Faerie Seer, Mind Stone, Seize Opportunity, Pulse of Murasa, Captured by Lagacs, Spellbook Seeker"
"46","7","Black/White","BW Aristocrats","Enchantments","9","14","17","2.61","Retrofitted Transmogrant, Trapped in the Screen, Faith's Fetters, Settle Beyond Reality, Grim Bauble, Vampire Sovereign, Vendetta, Faceless Butcher, Okiba Reckoner Raid, Swamp, Swamp, Swamp, Swamp, Swamp, Swamp, Swamp, Swamp, Swamp, Swamp, Pillory of the Sleepless, Night's Whisper, Syndic of Tithes, Orzhov Basilica, Stab Wound, Blood Fountain, Plains, Plains, Plains, Plains, Plains, Plains, Suture Priest, Thraben Inspector, Cast Down, Palace Sentinels, Diregraf Horde, Pestilence, Gift of Orzhova, Fortress Kin-Guard, Tragic Slip","Aerie Auxiliary, Putrid Leech, Entourage of Trest, Blessed Hippogriff, Rally the Peasants, Night Market, Salt Road Packbeast, Raise the Alarm, Flayer Husk, Bonder's Ornament, Coiling Oracle, Search Party Captain, Vines of Vastwood, Death Denied, Carrion Feeder, Pinnacle Kill-Ship, Dinrova Horror, Stormfront Pegasus, Vampire Lacerator, Seeker of the Way, Brambleback Brute"
"46","8","Red","R Burn","Spells, Goblins","14","9","17","2.17","Rakdos Carnarium, Gingerbrute, Dark-Dweller Oracle, Clockwork Percussionist, Bogardan Dragonheart, Reckless Charge, Reckless Impulse, Scrapwork Mutt, Ominous Asylum, Frenzied Goblin, Blood Aspirant, Chain Lightning, Ironhoof Boar, Jackal Pup, Fireblast, Mountain, Mountain, Mountain, Mountain, Mountain, Mountain, Mountain, Mountain, Mountain, Mountain, Mountain, Mountain, Mountain, Mountain, Mountain, Hordeling Outburst, Wrenn's Resolve, Fireball, Searing Spear, Sparksmith, Body Dropper, Goblin Motivator, Beetleback Chief, Mayhem Patrol, Abrade","Dauthi Horror, Vulshok Morningstar, Branching Bolt, Seething Landscape, Fireblade Artist, Doom Blade, Renegade Freighter, Gruul Turf, Focus Fire, Loathsome Curator, Spelleater Wolverine, Blightning, Tamiyo's Safekeeping, Mutagenic Growth, Sylvan Might, Abraded Bluffs, Grapple with the Past, Bannerhide Krushok, Goblin Anarchomancer, Perilous Myr"
"47","1","Black/Green","BG Graveyard","Spells","14","9","17","2.39","Flesh Burrower, Evolution Witness, Putrid Leech, Golgari Rot Farm, Rubblebelt Maverick, Cradle of the Accursed, Arbor Elf, Ram Through, Monstrous Emergence, Titan's Grave, Doom Blade, Llanowar Elves, Trumpeting Herd, Witherbloom Campus, Dreg Mangler, Ainok Wayfarer, Krosan Tusker, Experiment One, Werebear, Rancor, Basking Broodscale, Eldrazi Repurposer, Forest, Forest, Forest, Forest, Forest, Forest, Forest, Forest, Forest, Forest, Forest, Forest, Forest, Mutagenic Growth, You Meet in a Tavern, Grapple with the Past, Pulse of Murasa, Bannerhide Krushok","Gurmag Angler, Burning-Tree Emissary, Scurrilous Sentry, Renegade Freighter, Tempest Angler, Vault Skirge, Vermin Gorger, Shattered Landscape, Night's Whisper, Shardless Outlander, Undying Malice, Boros Garrison, Chitin Gravestalker, Carrier Thrall, Body Dropper, Tranquil Landscape, Captured by Lagacs, Warship Scout"
"47","2","Green/Blue","GU Ramp","Green/Blue","11","12","17","2.65","Escape Tunnel, Utopia Sprawl, Starbreach Whale, Peregrine Drake, Cryogen Relic, Zephyr Winder, Mulldrifter, Unable to Scream, Weakstone's Subjugation, Serum Visions, Lórien Revealed, Man-o'-War, Vizier of Tumbling Sands, Opt, Capsize, Haunted Fengraf, Deranged Assistant, Exclude, Preordain, Island, Island, Island, Island, Island, Island, Island, Island, Island, Island, Island, Island, Forest, Forest, Jhessian Thief, Voracious Varmint, Fertile Ground, Shipwreck Dowser, Snapping Voidcraw, Quicksand, Impulse","Owlbear, Ephemerate, Lyev Skyknight, Contagious Vorrac, Bountiful Landscape, Winding Way, You Hear Something on Watch, Giant Growth, Sheltering Landscape, Tranquil Cove, Wrangle, Wild Growth, Yavimaya Elder, Furnace Strider, Ancestral Blade, Lys Alana Informant, Vampire Lacerator, Brambleback Brute, Llanowar Visionary"
"47","3","Black/White","BW Aristocrats","Creatures","16","7","17","2.48","Kor Skyfisher, Tithe Drinker, Desert, Gravedigger, Liliana's Specter, Guardian of the Guildpact, Go for the Throat, Grim Bauble, Faceless Butcher, Swamp, Swamp, Swamp, Swamp, Swamp, Swamp, Swamp, Swamp, Swamp, Savannah Lions, Planar Disruption, Witch's Cottage, Guildsworn Prowler, Pillory of the Sleepless, Voracious Vermin, Syndic of Tithes, Orzhov Basilica, Stab Wound, Plains, Plains, Plains, Plains, Plains, Suture Priest, Cast Down, Snarling Gorehound, Inspiring Overseer, Accursed Marauder, Militia Bugler, Okiba-Gang Shinobi, Tragic Slip","Dauthi Horror, Vulshok Morningstar, Savage Mansion, Imperial Oath, Salt Road Packbeast, Raise the Alarm, Paradox Gardens, Wary Farmer, Suburban Sanctuary, Moon-Circuit Hacker, Loathsome Curator, Ainok Bond-Kin, Carnophage, Underworld Rage-Hound, Doomed Traveler, Gideon's Lawkeeper, Visionary's Dance, Seeker of the Way, Silver Drake"
"47","4","Blue","U Tempo","Spells","12","11","17","3.22","Simic Growth Chamber, Frost Trickster, Mystic Sanctuary, Mechanozoa, Displace, Brainstorm, Deep Analysis, Treasure Cruise, Merfolk Looter, Striped Riverwinder, Cryoshatter, Quandrix Pledgemage, Miscalculation, Serum Visionary, Condescend, Snap, Remove Soul, Island, Island, Island, Island, Island, Island, Island, Island, Island, Island, Island, Island, Island, Island, Island, Faerie Seer, Cruel Witness, Mana Leak, Looter il-Kor, Counterspell, Mirrorshell Crab, Preening Champion, Young Blue Dragon","Selesnya Sanctuary, Raid Bombardment, Pristine Talisman, Dimir Guildmage, Kingpin's Pet, Witty Roastmaster, Coiling Oracle, Frenzied Goblin, Hooting Mandrills, Sagu Wildling, Goblin Bushwhacker, Dinrova Horror, Sparksmith, Greater Tanuki, Generous Ent, Bushwhack, Fanatical Firebrand, Spellbook Seeker, Perilous Myr, Sarulf's Packmate"
"47","5","Green/Red","GR Stompy","Spells","12","11","17","2.70","Colossal Dreadmask, Branching Bolt, Oliphaunt, Hickory Woodlot, Abundant Harvest, Wall of Roots, Jewel Thief, Teetering Peaks, Horrific Assault, Nyxborn Hydra, Gruul Turf, River Boa, Sprout Swarm, Flame Slash, Rolling Thunder, Bristling Backwoods, Mountain, Mountain, Nest Invader, Annoyed Altisaur, Searing Spear, Burst Lightning, Forest, Forest, Forest, Forest, Forest, Forest, Forest, Forest, Forest, Forest, Forest, Tamiyo's Safekeeping, Conclave Naturalists, Writhing Chrysalis, Malevolent Rumble, Blastoderm, Goblin Anarchomancer, Mother Bear","Prophetic Prism, Armadillo Cloak, Mardu Skullhunter, Thriving Grubs, Tuskeri Firewalker, Bonder's Ornament, Wildfire Elemental, Guardian Idol, Barbed Batterfist, Grim Initiate, Jackal Pup, Spelleater Wolverine, Wrenn's Resolve, Nested Shambler, Kyoshi Village, Goblin Motivator, Gnarlid Colony, Beetleback Chief"
"47","6","Black","B Midrange","Zombies","13","10","17","2.96","Retrofitted Transmogrant, Crypt Rats, Troll of Khazad-dûm, Ecstatic Awakener, Bone Picker, Snuff Out, Dread Return, Falkenrath Noble, Gray Merchant of Asphodel, Vampire Sovereign, Unearth, Mire Triton, Swamp, Swamp, Swamp, Swamp, Swamp, Swamp, Swamp, Swamp, Swamp, Swamp, Swamp, Swamp, Swamp, Swamp, Swamp, Swamp, Swamp, Resentful Revelation, Tithing Blade, Candy Grapple, Carrion Feeder, Blood Fountain, Dauthi Slayer, Wither and Bloom, Diregraf Horde, Pestilence, First-Sphere Gargantua, Tortured Existence","Gixian Infiltrator, Putrid Goblin, Dimir Aqueduct, Underworld Charger, Unwilling Ingredient, Cindering Cutthroat, Fireblade Artist, Okiba Reckoner Raid, Ulamog's Crusher, Flayer Husk, Boiling Rock Prison, Blood Aspirant, Aether Poisoner, Sinister Hideout, Shock Brigade, Aether Chaser, Death Denied, Raven's Crime, Blightning, Phantom Nomad, Twisted Landscape, Gift of Orzhova"
"47","7","Red/Blue","RU Spellslinger","Spells, Humans","8","15","17","2.35","Mocking Sprite, Ponder, Hard Evidence, Phantom Interference, Izzet Boilerworks, Lose Focus, Gitaxian Probe, Firebrand Archer, Consider, Repulse, Firebolt, Eroded Canyon, Chain Lightning, Bloodwater Entity, Fireblast, Izzet Charm, Mountain, Mountain, Mountain, Mountain, Mountain, Mountain, Mountain, Mountain, Archaeomancer, Plasma Bolt, Repeal, Island, Island, Island, Island, Island, Island, Island, Tolarian Terror, Monastery Swiftspear, Murmuring Mystic, Scholar of Combustion, Lightning Strike, Abrade","Cloudkin Seer, Fireslinger, Improvised Club, Seething Landscape, Reckless Charge, Scrapwork Mutt, Mogg War Marshal, Hissing Iguanar, Candy Trail, Rally at the Hornburg, Cavern Harpy, Pestermite, Glimmerlight, Fields of Strife, Witness Protection, Territorial Hammerskull, Seize Opportunity, Perilous Landscape, Sulfurous Blast, Mayhem Patrol"
"47","8","White","W Weenie","Soldiers","14","9","17","2.61","Aerie Auxiliary, Riling Dawnbreaker, Homestead Courage, Judge's Familiar, Blessed Hippogriff, Sunlance, Triplicate Spirits, Soltari Trooper, Porcelain Legionnaire, Cathar Commando, Greatsword of Tyr, Raffine's Informant, Search Party Captain, Rhox Veteran, Tocasia's Dig Site, Elite Vanguard, Plains, Plains, Plains, Plains, Plains, Plains, Plains, Plains, Plains, Plains, Plains, Plains, Plains, Plains, Plains, Plains, Mandibular Kite, Oblivion Ring, Novice Inspector, Dog Umbra, Battle Screech, Ardenvale Tactician, Petrify, Fortress Kin-Guard","Conduit Goblin, Heliod's Pilgrim, Dog Walker, Faith's Fetters, Clockwork Percussionist, Rally the Peasants, Gods Willing, Ominous Asylum, Focus Fire, Molten Gatekeeper, Deftblade Elite, Momentary Blink, Ghostly Flicker, Skewer the Critics, Abraded Bluffs, Iron Apprentice, Leonin Bola, Elite Interceptor, Unbounded Potential, Borrowed Grace, Galvanic Discharge"
"48","1","Red","R Burn","Goblins, Creatures","16","7","17","2.00","Gingerbrute, Raid Bombardment, Improvised Club, Witty Roastmaster, Bogardan Dragonheart, Lightning Bolt, Frenzied Goblin, Goblin Surprise, Mogg War Marshal, Hissing Iguanar, Shock Brigade, Goblin Bushwhacker, Aether Chaser, Grim Initiate, Jackal Pup, Mountain, Mountain, Mountain, Mountain, Mountain, Mountain, Mountain, Mountain, Mountain, Mountain, Mountain, Mountain, Mountain, Mountain, Mountain, Mountain, Mountain, Hordeling Outburst, Sparksmith, Fanatical Firebrand, Incinerate, Scorched Rusalka, Lightning Strike, Beetleback Chief, Mayhem Patrol","Faerie Guidemother, Tithe Drinker, Vulshok Morningstar, Dark-Dweller Oracle, Gixian Infiltrator, Putrid Goblin, Bonesplitter, Cindering Cutthroat, Raise the Alarm, Flayer Husk, Vault Skirge, Boiling Rock Prison, Cathar Commando, Thraben Charm, Deftblade Elite, Underworld Rage-Hound, Fields of Strife, Phantom Nomad, Iron Apprentice, Plagued Rusalka, Dauntless Unity, Fortress Kin-Guard"
"48","2","Red/Blue","RU Spellslinger","Spells, Humans","11","12","17","2.78","Rakdos Carnarium, Oliphaunt, Ardent Elementalist, Firebrand Archer, Swamp, Treasure Cruise, Tempest Angler, Merfolk Looter, Ominous Asylum, Firebolt, Rally at the Hornburg, Eroded Canyon, Chain Lightning, Flame Slash, Bloodwater Entity, Rolling Thunder, Izzet Charm, Spelleater Wolverine, Mountain, Mountain, Mountain, Mountain, Mountain, Mountain, Mountain, Mountain, Mountain, Blightning, Plasma Bolt, Remove Soul, Island, Island, Island, Jhessian Thief, Cruel Witness, Guttersnipe, Brimstone Volley, Monastery Swiftspear, Quicksand, Sulfurous Blast","Heliod's Pilgrim, Prophetic Prism, Troll of Khazad-dûm, Mardu Skullhunter, Bountiful Landscape, Tuskeri Firewalker, Underworld Charger, Clockwork Percussionist, Unwilling Ingredient, Witch's Cottage, Striped Riverwinder, Wildfire Elemental, Guardian Idol, Ashes to Ashes, Visionary's Dance, Alabaster Host Intercessor, Perilous Landscape, Warship Scout"
"48","3","Black/Green","BG Graveyard","Spells, Zombies","14","9","17","3.43","Crypt Rats, Putrid Leech, Gravedigger, Golgari Rot Farm, Gurmag Angler, Dread Return, Mire Triton, Swamp, Swamp, Swamp, Swamp, Swamp, Swamp, Swamp, Titan's Grave, Doom Blade, Witherbloom Campus, Dreg Mangler, Resentful Revelation, Disfigure, Haunted Fengraf, Yavimaya Elder, Krosan Tusker, Candy Grapple, Werebear, Chitin Gravestalker, Greater Tanuki, Forest, Forest, Forest, Forest, Forest, Forest, Grapple with the Past, Malevolent Rumble, Pulse of Murasa, Bramble Wurm, First-Sphere Gargantua, Sakura-Tribe Elder, Tortured Existence","Selesnya Sanctuary, Gnawing Crescendo, Deceptive Landscape, Desecrator Hag, Gray Merchant of Asphodel, Expanding Ooze, Voracious Vermin, Carrion Feeder, Raven's Crime, Carrier Thrall, Filigree Familiar, Body Dropper, Bushwhack, Conclave Naturalists, Fertile Ground, Snarling Gorehound, Goblin Motivator, Perilous Myr"
"48","4","Green/Blue","GU Ramp","Green/Blue","15","8","17","3.13","Utopia Sprawl, Simic Growth Chamber, Flesh Burrower, Temperamental Oozewagg, Quandrix Campus, Hickory Woodlot, Abundant Harvest, Growth Spiral, Cradle of the Accursed, Priest of Titania, Jewel Thief, Ram Through, Monstrous Emergence, Bonder's Ornament, Paradox Gardens, Trumpeting Herd, Coiling Oracle, Hooting Mandrills, Sagu Wildling, Experiment One, Deranged Assistant, Annoyed Altisaur, Eldrazi Repurposer, Forest, Forest, Forest, Forest, Forest, Forest, Forest, Forest, Forest, Forest, Forest, Forest, Lys Alana Informant, You Meet in a Tavern, Mirrorshell Crab, Blastoderm, Snapping Voidcraw","Aerie Auxiliary, Dog Walker, Savage Mansion, Thriving Grubs, Forum of Amity, Teetering Peaks, Night Market, Renegade Freighter, Wary Farmer, Shardless Outlander, Prismatic Strands, Burst Lightning, Urban Daggertooth, Captured by Lagacs, Twisted Landscape, Spellbook Seeker, Scholar of Combustion"
"48","5","Black/Blue","BU Tempo","Spells","10","13","17","3.17","Mocking Sprite, Ponder, Hard Evidence, Mist Raven, Mystic Sanctuary, Desert, Pristine Talisman, Dimir Guildmage, Mulldrifter, Brainstorm, Dimir Aqueduct, Vampire Sovereign, Faceless Butcher, Swamp, Deep Analysis, Serrated Arrows, Lórien Revealed, Opt, Witness Protection, Tocasia's Dig Site, Preordain, Snap, Island, Island, Island, Island, Island, Island, Island, Island, Island, Island, Island, Tolarian Terror, Looter il-Kor, Behold the Multiverse, Pestilence, Murmuring Mystic, Serpent's Pass, Young Blue Dragon","Dauthi Horror, Guardian of the Guildpact, Trapped in the Screen, Faith's Fetters, Village Rites, Triplicate Spirits, Gods Willing, Okiba Reckoner Raid, Tranquil Cove, Pillory of the Sleepless, Undying Malice, Mana Tithe, Dauthi Slayer, Sylvan Might, Diregraf Horde, Vampire Lacerator, Silver Drake"
"48","6","Green/Red","GR Stompy","Green/Red","15","8","17","2.39","Champion of Dusan, Evolution Witness, Owlbear, Branching Bolt, Phantom Tiger, Entourage of Trest, Treetop Snarespinner, Burning-Tree Emissary, Horrific Assault, Nyxborn Hydra, Giant Growth, Gruul Turf, River Boa, Vines of Vastwood, Sprout Swarm, Bristling Backwoods, Rancor, Nest Invader, Basking Broodscale, Searing Spear, Forest, Forest, Forest, Forest, Forest, Forest, Forest, Forest, Forest, Forest, Forest, Forest, Forest, Forest, Forest, Mutagenic Growth, Bannerhide Krushok, Gnarlid Colony, Goblin Anarchomancer, Llanowar Visionary","Escape Tunnel, Kingpin's Pet, Spectacle Summit, Deluge Virtuoso, Reckless Charge, Scrapwork Mutt, Sheltering Landscape, Porcelain Legionnaire, Suburban Sanctuary, Candy Trail, Raffine's Informant, Boros Garrison, Ironhoof Boar, Jade Guardian, Elite Vanguard, Foreboding Landscape, Nested Shambler, Seize Opportunity, Unbounded Potential, Brambleback Brute"
"48","7","Blue/White","UW Control","Spells, Humans","10","13","17","2.09","Cloudkin Seer, Ephemerate, Frost Trickster, Azorius Chancery, Lyev Skyknight, Gitaxian Probe, Journey to Nowhere, Unable to Scream, Consider, Serum Visions, Man-o'-War, Miscalculation, University Campus, Momentary Blink, Ghostly Flicker, Repeal, Island, Island, Island, Island, Island, Island, Island, Island, Faerie Seer, Plains, Plains, Plains, Plains, Plains, Plains, Plains, Novice Inspector, Mana Leak, Thraben Inspector, Counterspell, Inspiring Overseer, Eagles of the North, Petrify, Militia Bugler","Zephyr Winder, Riling Dawnbreaker, Homestead Courage, Tenth District Legionnaire, Blessed Hippogriff, Conduit Pylons, Rally the Peasants, Soltari Trooper, You Hear Something on Watch, Focus Fire, Search Party Captain, Glimmerlight, Rhox Veteran, Territorial Hammerskull, Suture Priest, Tranquil Landscape, Leonin Bola, Dog Umbra, Battle Screech, Borrowed Grace"
"48","8","Black/Blue","BU Tempo","Spells","9","14","17","3.04","Starbreach Whale, Peregrine Drake, Liliana's Specter, Lose Focus, Snuff Out, Meeting of Minds, Soul Manipulation, Grim Bauble, Swamp, Swamp, Swamp, Swamp, Swamp, Swamp, Swamp, Repulse, Capsize, Moon-Circuit Hacker, Night's Whisper, Cavern Harpy, Basilisk Gate, Tithing Blade, Condescend, Exclude, Archaeomancer, Dinrova Horror, Island, Island, Island, Island, Island, Island, Island, Island, Island, Into the Roil, Wither and Bloom, Shipwreck Dowser, Okiba-Gang Shinobi, Tragic Slip","Kor Skyfisher, Custodi Squire, Clawing Torment, Falkenrath Noble, Hidden Grotto, Sunlance, Scurrilous Sentry, Wolf Cove Villager, Ulamog's Crusher, Vermin Gorger, Loathsome Curator, Death Denied, Orzhov Basilica, Fireball, Gideon's Lawkeeper, Oblivion Ring, Palace Sentinels, Scoured Barrens, Elite Interceptor, Seeker of the Way, Ardenvale Tactician"
"49","1","Black","B Midrange","Black","13","10","17","2.26","Retrofitted Transmogrant, Clawing Torment, Crypt Rats, Gravedigger, Liliana's Specter, Ecstatic Awakener, Bone Picker, Snuff Out, Village Rites, Underworld Charger, Vampire Sovereign, Unearth, Okiba Reckoner Raid, Swamp, Swamp, Swamp, Swamp, Swamp, Swamp, Swamp, Swamp, Swamp, Swamp, Swamp, Swamp, Swamp, Doom Blade, Vault Skirge, Witch's Cottage, Haunted Fengraf, Moon-Circuit Hacker, Ashes to Ashes, Carnophage, Raven's Crime, Thorn of the Black Rose, Stab Wound, Blood Fountain, Island, Snarling Gorehound, Serpent's Pass","Zephyr Winder, Mechanozoa, Desecrator Hag, Forum of Amity, Witty Roastmaster, Tuskeri Firewalker, Imperial Oath, Weakstone's Subjugation, Deep Analysis, Bonder's Ornament, Hooting Mandrills, Opt, Witness Protection, Looter il-Kor, Mind Stone, Mirrorshell Crab, Leonin Bola, Plagued Rusalka, Spellbook Seeker"
"49","2","Red","R Burn","Spells, Goblins","10","13","17","2.30","Gnawing Crescendo, Raid Bombardment, Improvised Club, Rimrock Knight, Burning-Tree Emissary, Bogardan Dragonheart, Goblin Surprise, Mogg War Marshal, Rally at the Hornburg, Chain Lightning, Goblin Bushwhacker, Aether Chaser, Fireblast, Mountain, Mountain, Mountain, Mountain, Mountain, Mountain, Mountain, Mountain, Mountain, Mountain, Mountain, Mountain, Mountain, Mountain, Mountain, Mountain, Mountain, Hordeling Outburst, Searing Spear, Plasma Bolt, Sparksmith, Skewer the Critics, Fanatical Firebrand, Incinerate, Monastery Swiftspear, Lightning Strike, Beetleback Chief","Flesh Burrower, Conduit Goblin, Fireslinger, Vulshok Morningstar, Ardent Elementalist, Homestead Courage, Thriving Grubs, Unable to Scream, Bonesplitter, You Hear Something on Watch, Scrapwork Mutt, Wildfire Elemental, Pestermite, Eroded Canyon, Furnace Strider, Syndic of Tithes, Boros Garrison, University Campus, Izzet Charm, Spelleater Wolverine, Fireball, Unbounded Potential"
"49","3","Black/Red","BR Aristocrats","Creatures","19","4","17","2.22","Dauthi Horror, Rakdos Carnarium, Dark-Dweller Oracle, Gixian Infiltrator, Putrid Goblin, Mardu Skullhunter, Go for the Throat, Clockwork Percussionist, Cindering Cutthroat, Faceless Butcher, Fireblade Artist, Swamp, Swamp, Swamp, Swamp, Swamp, Swamp, Swamp, Swamp, Swamp, Swamp, Swamp, Blood Aspirant, Disfigure, Vermin Gorger, Hissing Iguanar, Voracious Vermin, Carrion Feeder, Mountain, Mountain, Mountain, Mountain, Mountain, Blightning, Carrier Thrall, Nested Shambler, Body Dropper, Diregraf Horde, Accursed Marauder, Abrade","Putrid Leech, Oliphaunt, Dimir Guildmage, Gray Merchant of Asphodel, Reckless Charge, Expanding Ooze, Reckless Impulse, Wary Farmer, Focus Fire, Aether Poisoner, Candy Trail, Shattered Landscape, River Boa, Prismatic Strands, Coalition Honor Guard, Iron Apprentice, Seize Opportunity, Elite Interceptor, Captured by Lagacs, Brambleback Brute, Warship Scout"
"49","4","White","W Weenie","Soldiers, Creatures","18","5","17","2.30","Faerie Guidemother, Kor Skyfisher, Aerie Auxiliary, Desert, Guardian of the Guildpact, Journey to Nowhere, Triplicate Spirits, Savannah Lions, Planar Disruption, Cathar Commando, Raffine's Informant, Mana Tithe, Rhox Veteran, Stormfront Pegasus, Elite Vanguard, Gideon's Lawkeeper, Plains, Plains, Plains, Plains, Plains, Plains, Plains, Plains, Plains, Plains, Plains, Plains, Plains, Plains, Plains, Plains, Phantom Nomad, Novice Inspector, Thraben Inspector, Seeker of the Way, Battle Screech, Ardenvale Tactician, Militia Bugler, Fortress Kin-Guard","Selesnya Sanctuary, Faithful Watchdog, Lyev Skyknight, Kingpin's Pet, Trapped in the Screen, Gods Willing, Soltari Trooper, Wolf Cove Villager, Merfolk Looter, Shardless Outlander, Ainok Bond-Kin, Inspiring Paladin, Doomed Traveler, Territorial Hammerskull, Ancestral Blade, Lys Alana Informant, Oblivion Ring, Suture Priest, Abraded Bluffs, Dog Umbra, Galvanic Discharge"
"49","5","Black/Blue","BU Tempo","Spells, Wizards","9","14","17","3.43","Frost Trickster, Troll of Khazad-dûm, Dimir Aqueduct, Soul Manipulation, Consider, Swamp, Treasure Cruise, Resentful Revelation, Striped Riverwinder, Sinister Hideout, Miscalculation, Exclude, Archaeomancer, Snap, Remove Soul, Dinrova Horror, Island, Island, Island, Island, Island, Island, Island, Island, Island, Island, Island, Island, Island, Island, Faerie Seer, Tolarian Terror, Cruel Witness, Into the Roil, Counterspell, Cast Down, Behold the Multiverse, Shipwreck Dowser, Impulse, Tragic Slip","Tithe Drinker, Prophetic Prism, Armadillo Cloak, Izzet Boilerworks, Riling Dawnbreaker, Hickory Woodlot, Seething Landscape, Tenth District Legionnaire, Titan's Grave, Serrated Arrows, Suburban Sanctuary, Undying Malice, Bloodwater Entity, Rolling Thunder, Deranged Assistant, Fields of Strife, Conclave Naturalists, Snapping Voidcraw, Petrify, Okiba-Gang Shinobi"
"49","6","Blue","U Control","Spells, Humans","11","12","17","2.96","Ponder, Cloudkin Seer, Peregrine Drake, Phantom Interference, Ephemerate, Mystic Sanctuary, Azorius Chancery, Lose Focus, Ninja of the Deep Hours, Mulldrifter, Meeting of Minds, Serum Visions, Tranquil Cove, Lórien Revealed, Man-o'-War, Vizier of Tumbling Sands, Repulse, Capsize, Basilisk Gate, Serum Visionary, Preordain, Ghostly Flicker, Island, Island, Island, Island, Island, Island, Island, Island, Island, Island, Island, Island, Jhessian Thief, Mana Leak, Murmuring Mystic, Preening Champion, Quicksand, Young Blue Dragon","Simic Growth Chamber, Savage Mansion, Pristine Talisman, Spectacle Summit, Abundant Harvest, Growth Spiral, Sunlance, Horrific Assault, Tempest Angler, Deftblade Elite, Momentary Blink, Filigree Familiar, Mandibular Kite, Palace Sentinels, Tranquil Landscape, Kyoshi Village, Borrowed Grace"
"49","7","Green","G Ramp","Creatures","17","6","17","3.35","Champion of Dusan, Quandrix Campus, Snakeskin Veil, Entourage of Trest, Treetop Snarespinner, Wall of Roots, Elvish Mystic, Winding Way, Monstrous Emergence, Ulamog's Crusher, Coiling Oracle, Sagu Wildling, Ainok Wayfarer, Krosan Tusker, Werebear, Basking Broodscale, Greater Tanuki, Forest, Forest, Forest, Forest, Forest, Forest, Forest, Forest, Forest, Forest, Forest, Forest, Forest, Forest, Forest, Forest, Voracious Varmint, Urban Daggertooth, Grapple with the Past, Malevolent Rumble, Pulse of Murasa, Bramble Wurm, Llanowar Visionary","Branching Bolt, Dread Return, Hidden Grotto, Unwilling Ingredient, Mire Triton, Ominous Asylum, Witherbloom Campus, Dreg Mangler, Pillory of the Sleepless, Guardian Idol, Tithing Blade, Loathsome Curator, Ironhoof Boar, Death Denied, Candy Grapple, Chitin Gravestalker, Foreboding Landscape, Alabaster Host Intercessor, First-Sphere Gargantua, Gnarlid Colony, Tortured Existence"
"49","8","Green","G Stompy","Creatures","17","6","17","2.57","Utopia Sprawl, Temperamental Oozewagg, Evolution Witness, Owlbear, Phantom Tiger, Priest of Titania, Jewel Thief, Nyxborn Hydra, Llanowar Elves, Trumpeting Herd, Yavimaya Elder, Experiment One, Jade Guardian, Rancor, Nest Invader, Forest, Forest, Forest, Forest, Forest, Forest, Forest, Forest, Forest, Forest, Forest, Forest, Forest, Forest, Forest, Forest, Forest, Tamiyo's Safekeeping, You Meet in a Tavern, Sylvan Might, Blastoderm, Bannerhide Krushok, Sakura-Tribe Elder, Goblin Anarchomancer, Mother Bear","Dog Walker, Rubblebelt Maverick, Firebrand Archer, Bountiful Landscape, Deluge Virtuoso, Sheltering Landscape, Renegade Freighter, Paradox Gardens, Quandrix Pledgemage, Molten Gatekeeper, Barbed Batterfist, Underworld Rage-Hound, Wrenn's Resolve, Guttersnipe, Visionary's Dance, Fertile Ground, Brimstone Volley, Twisted Landscape, Gift of Orzhova, Scorched Rusalka, Goblin Motivator, Scholar of Combustion"
"50","1","Green","G Ramp","Spells, Druids","14","9","17","2.39","Champion of Dusan, Owlbear, Hickory Woodlot, Treetop Snarespinner, Priest of Titania, Elvish Mystic, Ram Through, Monstrous Emergence, Giant Growth, Llanowar Elves, Trumpeting Herd, Yavimaya Elder, Sprout Swarm, Werebear, Nest Invader, Basking Broodscale, Eldrazi Repurposer, Forest, Forest, Forest, Forest, Forest, Forest, Forest, Forest, Forest, Forest, Forest, Forest, Forest, Forest, Forest, Forest, Lys Alana Informant, Bushwhack, You Meet in a Tavern, Sylvan Might, Fertile Ground, Snapping Voidcraw, Mother Bear","Flesh Burrower, Dauthi Horror, Putrid Leech, Golgari Rot Farm, Pristine Talisman, Desecrator Hag, Abundant Harvest, Forum of Amity, Night Market, Wolf Cove Villager, Serrated Arrows, Coiling Oracle, Vines of Vastwood, Ainok Bond-Kin, Mandibular Kite, Foreboding Landscape, Visionary's Dance, Tranquil Landscape, Sword Coast Serpent, Captured by Lagacs, Gnarlid Colony"
"50","2","Black","B Midrange","Zombies","13","10","17","2.78","Retrofitted Transmogrant, Liliana's Specter, Troll of Khazad-dûm, Bone Picker, Snuff Out, Falkenrath Noble, Gray Merchant of Asphodel, Grim Bauble, Mire Triton, Vendetta, Faceless Butcher, Swamp, Swamp, Swamp, Swamp, Swamp, Swamp, Swamp, Swamp, Swamp, Swamp, Swamp, Swamp, Swamp, Swamp, Witch's Cottage, Resentful Revelation, Guildsworn Prowler, Tithing Blade, Ashes to Ashes, Candy Grapple, Raven's Crime, Thorn of the Black Rose, Tocasia's Dig Site, Carrier Thrall, Snarling Gorehound, Diregraf Horde, Pestilence, Quicksand, Tortured Existence","Rakdos Carnarium, Mardu Skullhunter, Tenth District Legionnaire, Dimir Aqueduct, Underworld Charger, Meeting of Minds, Gods Willing, Fireblade Artist, Aether Poisoner, Shattered Landscape, Cavern Harpy, Undying Malice, Voracious Vermin, Grim Initiate, Orzhov Basilica, Dinrova Horror, Elite Interceptor, Vampire Lacerator, Scorched Rusalka"
"50","3","Green/Red","GR Stompy","Creatures","16","7","17","3.43","Utopia Sprawl, Evolution Witness, Colossal Dreadmask, Branching Bolt, Phantom Tiger, Savage Mansion, Entourage of Trest, Wall of Roots, Arbor Elf, Nyxborn Hydra, Winding Way, Gruul Turf, Wild Growth, Hooting Mandrills, Firebolt, Bristling Backwoods, Annoyed Altisaur, Burst Lightning, Greater Tanuki, Forest, Forest, Forest, Forest, Forest, Forest, Forest, Forest, Forest, Forest, Forest, Forest, Forest, Forest, Generous Ent, Voracious Varmint, Conclave Naturalists, Blastoderm, Bramble Wurm, Bannerhide Krushok, Sakura-Tribe Elder","Escape Tunnel, Dog Walker, Bountiful Landscape, Renegade Freighter, Boiling Rock Prison, Witherbloom Campus, Suburban Sanctuary, Wildfire Elemental, Candy Trail, Guardian Idol, Eroded Canyon, Furnace Strider, Ironhoof Boar, Fireblast, Underworld Rage-Hound, Territorial Hammerskull, Novice Inspector, Miner's Guidewing, Perilous Myr"
"50","4","Blue/White","UW Control","Spells","11","12","17","2.43","Hard Evidence, Frost Trickster, Mystic Sanctuary, Gitaxian Probe, Ninja of the Deep Hours, Judge's Familiar, Mulldrifter, Displace, Unable to Scream, Rally the Peasants, Consider, Serum Visions, Tempest Angler, Man-o'-War, Repulse, Pestermite, Boros Garrison, Serum Visionary, Condescend, Fields of Strife, Exclude, Snap, Island, Island, Island, Island, Island, Island, Island, Island, Island, Island, Island, Island, Island, Island, Jhessian Thief, Cruel Witness, Mind Stone, Seeker of the Way","Custodi Squire, Conduit Goblin, Vulshok Morningstar, Riling Dawnbreaker, Improvised Club, Trapped in the Screen, Thriving Grubs, Sunlance, Triplicate Spirits, You Hear Something on Watch, Shardless Outlander, Hordeling Outburst, Elite Vanguard, Body Dropper, Suture Priest, Scoured Barrens, Leonin Bola, Petrify, Militia Bugler"
"50","5","Red","R Burn","Creatures","17","6","17","2.35","Gnawing Crescendo, Raid Bombardment, Oliphaunt, Rimrock Knight, Burning-Tree Emissary, Tuskeri Firewalker, Clockwork Percussionist, Bogardan Dragonheart, Teetering Peaks, Porcelain Legionnaire, Blood Aspirant, Mogg War Marshal, Goblin Bushwhacker, Aether Chaser, Molten Gatekeeper, Barbed Batterfist, Jackal Pup, Rancor, Mountain, Mountain, Mountain, Mountain, Mountain, Mountain, Mountain, Mountain, Mountain, Mountain, Mountain, Mountain, Mountain, Mountain, Sparksmith, Forest, Forest, Brimstone Volley, Goblin Motivator, Beetleback Chief, Mayhem Patrol, Abrade","Faerie Guidemother, Temperamental Oozewagg, Faithful Watchdog, Contagious Vorrac, Rubblebelt Maverick, Ardent Elementalist, Unwilling Ingredient, Okiba Reckoner Raid, Titan's Grave, Sheltering Landscape, Experiment One, Jade Guardian, Pinnacle Kill-Ship, Tamiyo's Safekeeping, Mutagenic Growth, Iron Apprentice, Writhing Chrysalis, Battle Screech, Brambleback Brute, Warship Scout, Llanowar Visionary"
"50","6","Blue/White","UW Control","Blue/White","14","9","17","3.04","Kor Skyfisher, Cloudkin Seer, Peregrine Drake, Aerie Auxiliary, Ephemerate, Heliod's Pilgrim, Cryogen Relic, Mist Raven, Lyev Skyknight, Lose Focus, Guardian of the Guildpact, Faith's Fetters, Journey to Nowhere, Settle Beyond Reality, Tranquil Cove, Raffine's Informant, Momentary Blink, Archaeomancer, Ghostly Flicker, Island, Island, Island, Island, Island, Faerie Seer, Plains, Plains, Plains, Plains, Plains, Plains, Plains, Plains, Plains, Plains, Plains, Mana Leak, Alabaster Host Intercessor, Inspiring Overseer, Silver Drake","Armadillo Cloak, Quandrix Campus, Ecstatic Awakener, Contaminated Landscape, Blessed Hippogriff, Conduit Pylons, Soul Manipulation, Imperial Oath, Weakstone's Subjugation, Merfolk Looter, Opt, Search Party Captain, Quandrix Pledgemage, Prismatic Strands, Witness Protection, Ancestral Blade, Repeal, Gideon's Lawkeeper, Unbounded Potential, Kyoshi Village, Ardenvale Tactician"
"50","7","Black/Blue","BU Tempo","Spells","11","12","17","2.87","Ponder, Starbreach Whale, Dimir Guildmage, Putrid Goblin, Brainstorm, Unearth, Swamp, Swamp, Swamp, Swamp, Swamp, Doom Blade, Lórien Revealed, Striped Riverwinder, Moon-Circuit Hacker, Sinister Hideout, Cryoshatter, Miscalculation, Carrion Feeder, Preordain, Island, Island, Island, Island, Island, Island, Island, Island, Island, Island, Island, Tolarian Terror, Looter il-Kor, Counterspell, Mirrorshell Crab, Cast Down, Wither and Bloom, Okiba-Gang Shinobi, Tragic Slip, Young Blue Dragon","Simic Growth Chamber, Gravedigger, Gixian Infiltrator, Spectacle Summit, Dread Return, Village Rites, Deluge Virtuoso, Flayer Husk, Focus Fire, Ainok Wayfarer, Death Denied, Carnophage, Deranged Assistant, Blightning, Chitin Gravestalker, Filigree Familiar, Nested Shambler, Coalition Honor Guard, Palace Sentinels, Plagued Rusalka, First-Sphere Gargantua"
"50","8","Red/Blue","RU Spellslinger","Spells","7","16","17","2.70","Mocking Sprite, Izzet Boilerworks, Firebrand Archer, Lightning Bolt, Reckless Charge, Deep Analysis, Treasure Cruise, Capsize, Basilisk Gate, Chain Lightning, Flame Slash, Bloodwater Entity, Rolling Thunder, Mountain, Mountain, Mountain, Mountain, Mountain, Mountain, Mountain, Mountain, Mountain, Mountain, Mountain, Mountain, Mountain, Wrenn's Resolve, Searing Spear, Plasma Bolt, Island, Island, Skewer the Critics, Guttersnipe, Incinerate, Shipwreck Dowser, Murmuring Mystic, Scholar of Combustion, Galvanic Discharge, Sulfurous Blast, Lightning Strike","Fireslinger, Dark-Dweller Oracle, Deceptive Landscape, Mechanozoa, Kingpin's Pet, Seething Landscape, Witty Roastmaster, Hidden Grotto, Savannah Lions, Vault Skirge, Ominous Asylum, Frenzied Goblin, Wrangle, Goblin Surprise, Hissing Iguanar, Syndic of Tithes, Eldrazi Skyspawner, Twisted Landscape, Perilous Landscape, Dog Umbra"