"Draft","Seat","Colors","Archetype","Themes","Creatures","Noncreatures","Lands","Avg MV","Mainboard","Sideboard"
"1","1","Green","G Stompy","Enchantments","13","10","17","3.26","Survival of the Fittest, Survival of the Fittest, Genesis, Plow Under, Eternal Witness, Eternal Witness, Wall of Roots, Blinkmoth Nexus, Llanowar Elves, Uktabi Orangutan, Saproling Burst, Rampant Growth, Sylvan Library, Symbiotic Wurm, Rancor, Tranquil Thicket, Basking Rootwalla, Basking Rootwalla, Forest, Forest, Forest, Forest, Forest, Forest, Forest, Forest, Forest, Forest, Forest, Treetop Village, Roar of the Wurm, Roar of the Wurm, Karplusan Forest, Karplusan Forest, Karplusan Forest, Birds of Paradise, Blastoderm, Arrogant Wurm, Fires of Yavimaya, Wild Mongrel","Wildfire, Wonder, Last Rites, Llanowar Wastes, Starstorm, Gempalm Incinerator, Spike Feeder, Masticore, Goblin Taskmaster, Reflecting Pool, Stone Rain, Pouncing Jaguar, Astral Slide, Spike Weaver, Black Knight, Thunderscape Battlemage, Flametongue Kavu, Spite // Malice, Mogg Flunkies, Hydroblast, Cephalid Coliseum, Avalanche Riders, Elfhame Palace, Tradewind Rider, Rising Waters, Siege-Gang Commander, Fires of Yavimaya, Parallax Tide, Pyroclasm, Soltari Priest, Bloodstained Mire"
"1","2","Blue","U Artifacts","Artifacts, Spells","0","23","17","2.74","Talisman of Progress, Talisman of Progress, Voltaic Key, Winter Orb, Sky Diamond, Grim Monolith, Grim Monolith, Tinker, Tinker, Yavimaya Coast, Yavimaya Coast, Fact or Fiction, Fact or Fiction, Fact or Fiction, Upheaval, Miscalculation, Miscalculation, Thran Dynamo, Worn Powerstone, Island, Island, Island, Island, Island, Island, Island, Island, Island, Island, Island, Island, Memory Lapse, Mana Leak, Counterspell, Counterspell, Counterspell, Thoughtcast, Adarkar Wastes, Flooded Strand, Cloudpost","Ancient Den, Simoon, Gush, Frantic Search, Accumulated Knowledge, Llanowar Wastes, Brainstorm, Yavimaya Coast, Deep Analysis, Dismiss, Attunement, Soltari Monk, Merfolk Looter, Man-o'-War, Man-o'-War, Llanowar Elves, Mishra's Helix, Repulse, Capsize, Force Spike, Arcanis the Omnipotent, Thirst for Knowledge, Fellwar Stone, Nevinyrral's Disk, Condescend, Akroma's Vengeance, Wing Shards, Thawing Glaciers, Control Magic, Wall of Blossoms, Seal of Removal, Impulse"
"1","3","Green","G Stompy","Green","15","8","17","2.91","Albino Troll, Albino Troll, Nimble Mongoose, Overrun, Squirrel Nest, Eternal Witness, Weatherseed Treefolk, Elvish Archers, Giant Growth, Creeping Mold, Creeping Mold, Viridian Shaman, Centaur Garden, Masticore, Saproling Burst, Gaea's Cradle, River Boa, Werebear, Phantom Centaur, Rancor, Tranquil Thicket, Tranquil Thicket, Forest, Forest, Forest, Forest, Forest, Forest, Forest, Forest, Forest, Forest, Forest, Forest, Karplusan Forest, Birds of Paradise, Erhnam Djinn, Blastoderm, Wild Mongrel, Call of the Herd","Wildfire, Shivan Reef, Warrior en-Kor, Llanowar Wastes, Spiritmonger, Yavimaya Coast, Gempalm Incinerator, Wax // Wane, Aquamoeba, Attunement, Arcbound Worker, Arcbound Worker, Daze, Wild Dogs, Soltari Visionary, Kavu Chameleon, Shatter, Mirari's Wake, Thornscape Battlemage, Barbed Sextant, Cloudchaser Eagle, Flametongue Kavu, Sparksmith, Mogg Flunkies, Stitch Together, Karplusan Forest, Opposition, Misdirection, Ironclaw Orcs, Myr Incubator, Anger, Crumbling Sanctuary"
"1","4","Black/Red","BR Aristocrats","Spells","7","16","17","2.39","Cabal Therapy, Urborg Volcano, Diabolic Edict, Shivan Reef, Shivan Reef, Shadowblood Ridge, Phyrexian Tower, Patriarch's Bidding, Ravenous Rats, Duress, Lightning Bolt, Blazing Specter, Undead Gladiator, Dark Ritual, Dark Ritual, Swamp, Swamp, Swamp, Swamp, Swamp, Swamp, Swamp, Swamp, Swamp, Swamp, Terminate, Innocent Blood, Volrath's Stronghold, Hypnotic Specter, Hypnotic Specter, Necropotence, Necropotence, Recurring Nightmare, Shock, Smother, Stupor, Nekrataal, Nekrataal, Drain Life, Bloodstained Mire","Aeolipile, Shivan Reef, Doomed Necromancer, Firestorm, Hammer of Bogardan, Urza's Rage, Addle, Somber Hoverguard, Heart of Ramos, Serum Visions, Deep Analysis, Reflecting Pool, Salt Marsh, Ball Lightning, Ball Lightning, Mogg Fanatic, Quiet Speculation, Earthquake, Akroma's Vengeance, Zombify, Skirk Prospector, Howling Mine, Goblin Sharpshooter, Phantom Nishoba, Chrome Mox, Staunch Defenders, Phyrexian Negator, City of Brass, Yawgmoth's Bargain, Soltari Priest"
"1","5","Red","R Burn","Artifacts, Spells, Goblins","11","12","17","2.04","Wasteland, Pillage, Goblin Warchief, Goblin Warchief, Blinkmoth Nexus, Lightning Bolt, Lightning Bolt, Lightning Bolt, Goblin Piledriver, Cursed Scroll, Cranial Plating, Sulfuric Vortex, Jackal Pup, Jackal Pup, Ghitu Encampment, Fireblast, Ornithopter, Mountain, Mountain, Mountain, Mountain, Mountain, Mountain, Mountain, Mountain, Mountain, Fireball, Goblin Sledder, Goblin Sledder, Mogg Flunkies, Tangle Wire, Ironclaw Orcs, Shrapnel Blast, Incinerate, Siege-Gang Commander, City of Traitors, Rishadan Port, Great Furnace, Great Furnace, Sulfurous Springs","Ancient Den, Dark Banishing, Phyrexian Processor, Phyrexian Processor, Yavimaya Coast, Scrabbling Claws, Goblin Grappler, Plague Spitter, Krark-Clan Ironworks, Krark-Clan Ironworks, Arcbound Worker, Arcbound Worker, Astral Slide, Soltari Visionary, Fire Diamond, Disenchant, Frogmite, Opposition, Covetous Dragon, Covetous Dragon, Evincar's Justice, Disciple of the Vault, Elfhame Palace, Order of Leitbur, Order of Leitbur, Welding Jar, Saprazzan Skerry, Aura of Silence, City of Brass"
"1","6","White","W Control","Spells, Enchantments","5","18","17","3.48","Eternal Dragon, Eternal Dragon, Parallax Wave, Parallax Wave, Balance, Ancient Tomb, Windswept Heath, Exalted Angel, Wrath of God, Wrath of God, Wrath of God, Replenish, Replenish, Opalescence, Opalescence, Brushland, Decree of Justice, Decree of Justice, Secluded Steppe, Secluded Steppe, Swords to Plowshares, Swords to Plowshares, Swords to Plowshares, Swords to Plowshares, Plains, Plains, Plains, Plains, Plains, Plains, Plains, Plains, Plains, Plains, Plains, Enlightened Tutor, Land Tax, Academy Rector, Academy Rector, Cloudpost","Warrior en-Kor, Recoil, Squirrel Nest, Exalted Angel, Llanowar Wastes, Glory, Wall of Roots, Serra Angel, Brushland, Pacifism, Skycloud Expanse, Verdant Force, Tree of Tales, Seal of Cleansing, Renewed Faith, Cataclysm, Waterfront Bouncer, Nomads en-Kor, Nomads en-Kor, Anurid Brushhopper, Autumn Willow, Mind Stone, Armageddon, Ghazbán Ogre, Birds of Paradise, Birds of Paradise, Krosan Verge, Empyrial Armor, Empyrial Armor, Call of the Herd, Wall of Blossoms"
"1","7","Black/Blue","BU Artifacts","Artifacts","13","10","17","2.96","Vault of Whispers, Voltaic Key, Voltaic Key, Grim Monolith, Icy Manipulator, Seat of the Synod, Seat of the Synod, Somber Hoverguard, Darkwater Catacombs, Talisman of Dominance, Swamp, Swamp, Mishra's Factory, Crystal Vein, Arcbound Ravager, Arcbound Ravager, Arcbound Ravager, Cranial Plating, Underground River, Karn, Silver Golem, Darksteel Citadel, Metalworker, Metalworker, Ornithopter, Frogmite, Frogmite, Frogmite, Worn Powerstone, Island, Island, Island, Island, Island, Tangle Wire, Disciple of the Vault, Mind Stone, Phyrexian Colossus, Thoughtcast, Cloudpost, Cloudpost","Shivan Reef, Frantic Search, Accumulated Knowledge, Defense Grid, Order of the Ebon Hand, Llanowar Wastes, Icy Manipulator, Temporal Aperture, Bottle Gnomes, Deep Analysis, Pentad Prism, Skycloud Expanse, Jester's Cap, Miscalculation, Thirst for Knowledge, Force of Will, Thran Dynamo, Renewed Faith, Fire // Ice, Circular Logic, Powder Keg, Counterspell, Ivory Tower, Confiscate, Psychatog, Arrogant Wurm, Paladin en-Vec"
"1","8","Black/Blue","BU Reanimator","Spells","3","20","17","2.65","Vault of Whispers, Dance of the Dead, Tinker, Entomb, Yawgmoth's Will, Yawgmoth's Will, Barren Moor, Careful Study, Dark Ritual, Dark Ritual, Swamp, Swamp, Swamp, Swamp, Swamp, Swamp, Swamp, Swamp, Swamp, Mishra's Factory, Opt, Spirit of the Night, Visara the Dreadful, Buried Alive, Underground River, Underground River, Necropotence, Force of Will, Force of Will, Hymn to Tourach, Recurring Nightmare, Circular Logic, Island, Island, Island, Psychatog, Ghastly Demise, Chrome Mox, Vampiric Tutor, Mystical Tutor","Zuran Orb, Gemstone Mine, Ray of Distortion, Accumulated Knowledge, Accumulated Knowledge, Patriarch's Bidding, Rapid Decay, Order of the Ebon Hand, Contagion, Fallen Askari, Vendetta, Vendetta, Nightscape Familiar, Serrated Arrows, Soltari Monk, Undermine, Forbid, Chainer's Edict, Chainer's Edict, Kjeldoran Outpost, Knight of Stromgald, Secluded Steppe, Black Knight, Barbed Sextant, Phyrexian Scuta, Order of Leitbur, White Knight, Black Vise, Drain Life, Phyrexian Arena, Flooded Strand, Reprisal"
"2","1","Black/Blue","BU Tempo","Spells","4","19","17","3.30","Vault of Whispers, Shivan Reef, Accumulated Knowledge, Barren Moor, Fact or Fiction, Vendetta, Swamp, Swamp, Mishra's Factory, Dismiss, Crystal Vein, Masticore, Volrath's Stronghold, Chainer's Edict, Miscalculation, Miscalculation, Force of Will, Force of Will, Force of Will, Condescend, Circular Logic, Circular Logic, Island, Island, Island, Island, Island, Island, Island, Island, Island, Spite // Malice, Mana Leak, Powder Keg, Control Magic, Nekrataal, Confiscate, Psychatog, Psychatog, Vampiric Tutor","Talisman of Progress, Wildfire, Shivan Reef, Shadowblood Ridge, Gush, Order of the Ebon Hand, Last Rites, Urza's Rage, Phyrexian Processor, Phyrexian Processor, Yavimaya Coast, Talisman of Dominance, Temporal Aperture, Attunement, Reflecting Pool, Astral Slide, Ball Lightning, Hypnotic Specter, Saproling Burst, Black Knight, Recurring Nightmare, Frogmite, Fire // Ice, Anurid Brushhopper, Opposition, Evincar's Justice, Rising Waters, Order of Leitbur, Black Vise, Parallax Tide, Drain Life"
"2","2","Blue","U Artifacts","Artifacts","6","17","17","2.91","Voltaic Key, Winter Orb, Grim Monolith, Grim Monolith, Tinker, Icy Manipulator, Yavimaya Coast, Yavimaya Coast, Yavimaya Coast, Scrabbling Claws, Llanowar Elves, Krark-Clan Ironworks, Upheaval, Karn, Silver Golem, Thirst for Knowledge, Fellwar Stone, Metalworker, Ornithopter, Thran Dynamo, Frogmite, Worn Powerstone, Worn Powerstone, Island, Island, Island, Island, Island, Island, Forest, Forest, Forest, Forest, Mind Stone, Phyrexian Colossus, Thoughtcast, Chrome Mox, Cloudpost, Cloudpost, Cloudpost, Cloudpost","Vault of Whispers, Nimble Mongoose, Warrior en-Kor, Accumulated Knowledge, Plow Under, Order of the Ebon Hand, Wall of Roots, Weatherseed Treefolk, Elvish Archers, Deep Analysis, Creeping Mold, Creeping Mold, Viridian Shaman, Centaur Garden, Arcbound Worker, Pouncing Jaguar, Spike Weaver, Gaea's Cradle, Kavu Chameleon, Jester's Cap, Tree of Tales, Sylvan Library, Memory Lapse, Covetous Dragon, Birds of Paradise, Blastoderm, Order of Leitbur, Welding Jar, Call of the Herd, Phyrexian Negator"
"2","3","White","W Weenie","Artifacts, Soltaris, Creatures","16","7","17","2.04","Ancient Den, Ancient Den, Ancient Tomb, Cursed Scroll, Swamp, Mishra's Factory, Soltari Monk, Soltari Monk, Arcbound Ravager, Arcbound Ravager, Arcbound Ravager, Arcbound Worker, Arcbound Worker, Cranial Plating, Cranial Plating, Soltari Visionary, Soltari Visionary, Kjeldoran Outpost, Darksteel Citadel, Secluded Steppe, Secluded Steppe, Ornithopter, Disenchant, Frogmite, Frogmite, Swords to Plowshares, Plains, Plains, Plains, Plains, Plains, Plains, Plains, Armageddon, White Knight, Chrome Mox, Great Furnace, Soltari Priest, Soltari Priest, Paladin en-Vec","Aeolipile, Parallax Wave, Parallax Wave, Wildfire, Simoon, Wrath of God, Wrath of God, Glory, Somber Hoverguard, Goblin Grappler, Serra Angel, Heart of Ramos, Pacifism, Goblin Taskmaster, Krark-Clan Ironworks, Ghitu Encampment, Seal of Cleansing, Renewed Faith, Cataclysm, Covetous Dragon, Disciple of the Vault, Autumn Willow, Order of Leitbur, Aura of Silence, Anger, Empyrial Armor, Great Furnace, Sulfurous Springs"
"2","4","Green/White","GW Counters","Humans","13","10","17","2.65","Survival of the Fittest, Exalted Angel, Eternal Witness, Eternal Witness, Eternal Witness, Llanowar Wastes, Wall of Roots, Replenish, Replenish, Opalescence, Opalescence, Brushland, Brushland, Llanowar Elves, Mirari's Wake, Rampant Growth, Tranquil Thicket, Tranquil Thicket, Swords to Plowshares, Swords to Plowshares, Forest, Forest, Forest, Forest, Forest, Plains, Plains, Plains, Plains, Plains, Enlightened Tutor, Elfhame Palace, Elfhame Palace, Birds of Paradise, Birds of Paradise, Birds of Paradise, Academy Rector, Academy Rector, Wall of Blossoms, Wall of Blossoms","Ray of Distortion, Overrun, Squirrel Nest, Squirrel Nest, Llanowar Wastes, Wrath of God, Wax // Wane, Spike Feeder, Man-o'-War, Decree of Justice, Reflecting Pool, Wild Dogs, Verdant Force, River Boa, Phantom Centaur, Rancor, Akroma's Vengeance, Wing Shards, Nomads en-Kor, Nomads en-Kor, Opposition, Thawing Glaciers, Tradewind Rider, Adarkar Wastes, Krosan Verge, Arrogant Wurm, Staunch Defenders, Empyrial Armor, City of Brass, Reprisal"
"2","5","Black/Blue","BU Combo","Artifacts, Spells","1","22","17","2.57","Voltaic Key, Shivan Reef, Frantic Search, Frantic Search, Sky Diamond, Tinker, Yawgmoth's Will, Yawgmoth's Will, Duress, Brainstorm, Seat of the Synod, Fact or Fiction, Dark Ritual, Dark Ritual, Swamp, Swamp, Swamp, Pentad Prism, Underground River, Underground River, Thirst for Knowledge, Necropotence, Necropotence, Metalworker, Island, Island, Island, Island, Island, Island, Misdirection, Cephalid Coliseum, Counterspell, Counterspell, Howling Mine, Saprazzan Skerry, City of Traitors, Rishadan Port, Impulse, Yawgmoth's Bargain","Albino Troll, Eternal Dragon, Gemstone Mine, Shivan Reef, Recoil, Starstorm, Icy Manipulator, Contagion, Fallen Askari, Bottle Gnomes, Giant Growth, Attunement, Man-o'-War, Undermine, Forbid, Astral Slide, Barbed Sextant, Barbed Sextant, Tranquil Thicket, Phyrexian Scuta, Basking Rootwalla, Hydroblast, Karplusan Forest, Disciple of the Vault, Erhnam Djinn, Phantom Nishoba, Pyroclasm, Phyrexian Arena, City of Brass"
"2","6","Black/Blue","BU Tempo","Spells","8","15","17","2.87","Diabolic Edict, Doomed Necromancer, Dance of the Dead, Entomb, Llanowar Wastes, Careful Study, Darkwater Catacombs, Undead Gladiator, Dark Ritual, Dark Ritual, Aquamoeba, Swamp, Swamp, Swamp, Swamp, Swamp, Swamp, Swamp, Swamp, Swamp, Swamp, Swamp, Swamp, Deep Analysis, Innocent Blood, Salt Marsh, Spirit of the Night, Visara the Dreadful, Buried Alive, Underground River, Symbiotic Wurm, Recurring Nightmare, Smother, Island, Waterfront Bouncer, Zombify, Stitch Together, Nekrataal, Ghastly Demise, Mystical Tutor","Cabal Therapy, Dark Banishing, Survival of the Fittest, Firestorm, Genesis, Wonder, Patriarch's Bidding, Exalted Angel, Ravenous Rats, Addle, Spiritmonger, Blazing Specter, Vendetta, Nightscape Familiar, Plague Spitter, Terminate, Uktabi Orangutan, Hypnotic Specter, Chainer's Edict, Arcanis the Omnipotent, Knight of Stromgald, Miscalculation, Black Knight, Necropotence, Nevinyrral's Disk, Werebear, Hymn to Tourach, Thunderscape Battlemage, Stupor, Ironclaw Orcs, Drain Life, Wild Mongrel, Wild Mongrel"
"2","7","Blue/White","UW Artifacts","Artifacts, Spells","1","22","17","2.52","Talisman of Progress, Voltaic Key, Balance, Accumulated Knowledge, Accumulated Knowledge, Grim Monolith, Tinker, Seat of the Synod, Blinkmoth Nexus, Fact or Fiction, Serum Visions, Deep Analysis, Masticore, Mishra's Helix, Repulse, Daze, Opt, Skycloud Expanse, Skycloud Expanse, Capsize, Force Spike, Secluded Steppe, Thran Dynamo, Swords to Plowshares, Island, Island, Island, Island, Island, Island, Island, Island, Island, Island, Mind Stone, Counterspell, Counterspell, Thoughtcast, Flooded Strand, Flooded Strand","Eternal Dragon, Zuran Orb, Shivan Reef, Warrior en-Kor, Defense Grid, Windswept Heath, Rapid Decay, Llanowar Wastes, Somber Hoverguard, Yavimaya Coast, Serrated Arrows, Merfolk Looter, Decree of Justice, Shatter, Quiet Speculation, Fire Diamond, Renewed Faith, Cloudchaser Eagle, Akroma's Vengeance, Roar of the Wurm, Roar of the Wurm, Myr Incubator, Land Tax, Ivory Tower, Goblin Sharpshooter, Arrogant Wurm, Siege-Gang Commander, Fires of Yavimaya, Seal of Removal, Crumbling Sanctuary"
"2","8","Red","R Burn","Spells, Goblins","14","9","17","2.26","Wasteland, Hammer of Bogardan, Goblin Warchief, Goblin Warchief, Blinkmoth Nexus, Lightning Bolt, Lightning Bolt, Lightning Bolt, Lightning Bolt, Gempalm Incinerator, Gempalm Incinerator, Goblin Piledriver, Ball Lightning, Sulfuric Vortex, Mogg Fanatic, Jackal Pup, Jackal Pup, Fireblast, Mountain, Mountain, Mountain, Mountain, Mountain, Mountain, Mountain, Mountain, Mountain, Mountain, Mountain, Shock, Sparksmith, Mogg Flunkies, Mogg Flunkies, Mogg Flunkies, Karplusan Forest, Karplusan Forest, Karplusan Forest, Incinerate, Siege-Gang Commander, Bloodstained Mire","Urborg Volcano, Albino Troll, Pillage, Phyrexian Tower, Patriarch's Bidding, Llanowar Wastes, Arcbound Worker, Stone Rain, Saproling Burst, Thornscape Battlemage, Earthquake, Rancor, Fireball, Goblin Sledder, Goblin Sledder, Flametongue Kavu, Flametongue Kavu, Basking Rootwalla, Treetop Village, Karplusan Forest, Skirk Prospector, Tangle Wire, Tangle Wire, Ironclaw Orcs, Avalanche Riders, Ghazbán Ogre, Shrapnel Blast, Blastoderm, Fires of Yavimaya, Call of the Herd, Bloodstained Mire"
"3","1","Red","R Combo","Artifacts","5","18","17","2.87","Wasteland, Wildfire, Wildfire, Grim Monolith, Grim Monolith, Ancient Tomb, Icy Manipulator, Icy Manipulator, Phyrexian Processor, Lightning Bolt, Scrabbling Claws, Mishra's Factory, Arcbound Ravager, Arcbound Ravager, Krark-Clan Ironworks, Mishra's Helix, Fire Diamond, Metalworker, Ornithopter, Mountain, Mountain, Mountain, Mountain, Mountain, Mountain, Mountain, Mountain, Mountain, Thran Dynamo, Covetous Dragon, Tangle Wire, Mind Stone, Howling Mine, Shrapnel Blast, Chrome Mox, City of Traitors, Great Furnace, Great Furnace, Cloudpost, Cloudpost","Zuran Orb, Warrior en-Kor, Recoil, Goblin Warchief, Somber Hoverguard, Gempalm Incinerator, Goblin Grappler, Temporal Aperture, Creeping Mold, Brushland, Pacifism, Arcbound Worker, Soltari Visionary, Saproling Burst, Shatter, Thornscape Battlemage, Sylvan Library, Disenchant, Cataclysm, Flametongue Kavu, Wing Shards, Karplusan Forest, Anurid Brushhopper, Myr Incubator, Ghazbán Ogre, Siege-Gang Commander, Pyroclasm, Anger, City of Brass"
"3","2","Blue","U Artifacts","Artifacts, Spells","4","19","17","3.09","Talisman of Progress, Voltaic Key, Gush, Winter Orb, Tinker, Seat of the Synod, Seat of the Synod, Somber Hoverguard, Fact or Fiction, Serum Visions, Skycloud Expanse, Skycloud Expanse, Upheaval, Darksteel Citadel, Miscalculation, Miscalculation, Miscalculation, Thirst for Knowledge, Ornithopter, Frogmite, Frogmite, Worn Powerstone, Island, Island, Island, Island, Island, Island, Island, Island, Memory Lapse, Tangle Wire, Cephalid Coliseum, Mind Stone, Thoughtcast, Thoughtcast, Parallax Tide, Saprazzan Skerry, Rishadan Port, Cloudpost","Frantic Search, Accumulated Knowledge, Defense Grid, Squirrel Nest, Wall of Roots, Yavimaya Coast, Blazing Specter, Replenish, Nightscape Familiar, Centaur Garden, Decree of Justice, Reflecting Pool, Astral Slide, Capsize, Force Spike, Kjeldoran Outpost, Secluded Steppe, Condescend, Roar of the Wurm, Nomads en-Kor, Misdirection, Tradewind Rider, Land Tax, Ivory Tower, Order of Leitbur, Arrogant Wurm, Welding Jar, Aura of Silence"
"3","3","Red","R Burn","Goblins, Creatures","17","6","17","2.35","Hammer of Bogardan, Goblin Warchief, Lightning Bolt, Gempalm Incinerator, Goblin Piledriver, Ball Lightning, Ball Lightning, Sulfuric Vortex, Mogg Fanatic, Jackal Pup, Jackal Pup, Ghitu Encampment, Fireblast, Mountain, Mountain, Mountain, Mountain, Mountain, Mountain, Mountain, Mountain, Mountain, Mountain, Mountain, Mountain, Mountain, Mountain, Shock, Fireball, Goblin Sledder, Goblin Sledder, Flametongue Kavu, Mogg Flunkies, Mogg Flunkies, Karplusan Forest, Karplusan Forest, Ironclaw Orcs, Ironclaw Orcs, Goblin Sharpshooter, Siege-Gang Commander","Urborg Volcano, Pillage, Gemstone Mine, Shivan Reef, Warrior en-Kor, Firestorm, Starstorm, Urza's Rage, Wax // Wane, Heart of Ramos, Cursed Scroll, Deep Analysis, Deep Analysis, Serrated Arrows, Soltari Monk, Arcbound Worker, Kavu Chameleon, Knight of Stromgald, Force of Will, Earthquake, Thunderscape Battlemage, Renewed Faith, Karplusan Forest, Covetous Dragon, Thawing Glaciers, Counterspell, Blastoderm, White Knight, Black Vise, Call of the Herd, Call of the Herd, Sulfurous Springs, Soltari Priest, Crumbling Sanctuary"
"3","4","Blue","U Artifacts","Artifacts","7","16","17","2.87","Talisman of Progress, Ancient Den, Vault of Whispers, Voltaic Key, Voltaic Key, Sky Diamond, Grim Monolith, Tinker, Tinker, Phyrexian Processor, Blinkmoth Nexus, Swamp, Masticore, Arcbound Ravager, Krark-Clan Ironworks, Pentad Prism, Cranial Plating, Cranial Plating, Underground River, Karn, Silver Golem, Metalworker, Thran Dynamo, Frogmite, Frogmite, Worn Powerstone, Island, Island, Island, Island, Island, Island, Island, Island, Island, Powder Keg, Phyrexian Colossus, Adarkar Wastes, Chrome Mox, Flooded Strand, Cloudpost","Ancient Den, Vault of Whispers, Parallax Wave, Patriarch's Bidding, Windswept Heath, Wrath of God, Replenish, Attunement, Soltari Monk, Undermine, Arcbound Worker, Jester's Cap, Tree of Tales, Barbed Sextant, Barbed Sextant, Symbiotic Wurm, Smother, Cloudchaser Eagle, Akroma's Vengeance, Swords to Plowshares, Sparksmith, Disciple of the Vault, Disciple of the Vault, Armageddon, Drain Life, Staunch Defenders, Vampiric Tutor, Seal of Removal, Phyrexian Negator, Soltari Priest"
"3","5","Green","G Ramp","Creatures","19","4","17","2.39","Albino Troll, Survival of the Fittest, Genesis, Plow Under, Squirrel Nest, Eternal Witness, Eternal Witness, Llanowar Wastes, Wall of Roots, Yavimaya Coast, Yavimaya Coast, Yavimaya Coast, Weatherseed Treefolk, Viridian Shaman, Crystal Vein, Llanowar Elves, Llanowar Elves, Gaea's Cradle, River Boa, Werebear, Rancor, Tranquil Thicket, Tranquil Thicket, Forest, Forest, Forest, Forest, Forest, Forest, Forest, Forest, Treetop Village, Birds of Paradise, Birds of Paradise, Birds of Paradise, Birds of Paradise, Arrogant Wurm, Wild Mongrel, Wild Mongrel, Wall of Blossoms","Albino Troll, Nimble Mongoose, Llanowar Wastes, Brainstorm, Yavimaya Coast, Bottle Gnomes, Giant Growth, Deep Analysis, Creeping Mold, Spike Feeder, Attunement, Man-o'-War, Salt Marsh, Uktabi Orangutan, Arcbound Worker, Stone Rain, Pouncing Jaguar, Spike Weaver, Rampant Growth, Karplusan Forest, Opposition, Mana Leak, Autumn Willow, Elfhame Palace, Control Magic, Erhnam Djinn, Fires of Yavimaya, Drain Life"
"3","6","Blue","U Spellslinger","Spells","3","20","17","2.83","Shivan Reef, Shivan Reef, Shivan Reef, Accumulated Knowledge, Accumulated Knowledge, Accumulated Knowledge, Blinkmoth Nexus, Fact or Fiction, Fact or Fiction, Mishra's Factory, Dismiss, Merfolk Looter, Man-o'-War, Forbid, Repulse, Daze, Opt, Force of Will, Force of Will, Circular Logic, Circular Logic, Island, Island, Island, Island, Island, Island, Island, Island, Island, Island, Island, Island, Waterfront Bouncer, Counterspell, Counterspell, Counterspell, Confiscate, Impulse, Mystical Tutor","Cabal Therapy, Shivan Reef, Frantic Search, Wonder, Rapid Decay, Careful Study, Wrath of God, Glory, Lightning Bolt, Darkwater Catacombs, Fallen Askari, Opalescence, Masticore, Goblin Taskmaster, Decree of Justice, Chainer's Edict, Underground River, Secluded Steppe, Quiet Speculation, Thirst for Knowledge, Fire // Ice, Mogg Flunkies, Hydroblast, Opposition, Evincar's Justice, Avalanche Riders, Rising Waters, Psychatog, Incinerate, Academy Rector, Empyrial Armor, Empyrial Armor"
"3","7","Black/Green","BG Graveyard","Spells","10","13","17","2.78","Dark Banishing, Survival of the Fittest, Phyrexian Tower, Ravenous Rats, Eternal Witness, Llanowar Wastes, Llanowar Wastes, Llanowar Wastes, Spiritmonger, Contagion, Undead Gladiator, Vendetta, Dark Ritual, Dark Ritual, Dark Ritual, Dark Ritual, Swamp, Swamp, Swamp, Swamp, Swamp, Swamp, Swamp, Swamp, Swamp, Swamp, Swamp, Innocent Blood, Volrath's Stronghold, Hypnotic Specter, Hypnotic Specter, Chainer's Edict, Verdant Force, Necropotence, Necropotence, Tranquil Thicket, Recurring Nightmare, Phyrexian Scuta, Nekrataal, Wall of Blossoms","Diabolic Edict, Aeolipile, Parallax Wave, Simoon, Overrun, Patriarch's Bidding, Order of the Ebon Hand, Yawgmoth's Will, Yawgmoth's Will, Serra Angel, Elvish Archers, Plague Spitter, Terminate, Wild Dogs, Soltari Visionary, Saproling Burst, Secluded Steppe, Black Knight, Black Knight, Necropotence, Phantom Centaur, Rancor, Basking Rootwalla, Basking Rootwalla, Roar of the Wurm, Skirk Prospector, Elfhame Palace, Order of Leitbur, Krosan Verge, Yawgmoth's Bargain, Bloodstained Mire"
"3","8","Black/White","BW Midrange","Spells","8","15","17","3.39","Eternal Dragon, Eternal Dragon, Doomed Necromancer, Dance of the Dead, Entomb, Exalted Angel, Exalted Angel, Barren Moor, Duress, Wrath of God, Vendetta, Swamp, Swamp, Swamp, Swamp, Swamp, Swamp, Swamp, Swamp, Swamp, Swamp, Spirit of the Night, Visara the Dreadful, Buried Alive, Hymn to Tourach, Recurring Nightmare, Swords to Plowshares, Swords to Plowshares, Swords to Plowshares, Zombify, Stitch Together, Plains, Plains, Plains, Plains, Plains, Plains, Stupor, Nekrataal, Ghastly Demise","Shadowblood Ridge, Balance, Ray of Distortion, Order of the Ebon Hand, Last Rites, Addle, Lightning Bolt, Talisman of Dominance, Aquamoeba, Opalescence, Brushland, Reflecting Pool, Astral Slide, Mirari's Wake, Underground River, Arcanis the Omnipotent, Fellwar Stone, Nevinyrral's Disk, Seal of Cleansing, Renewed Faith, Akroma's Vengeance, Spite // Malice, Nomads en-Kor, Enlightened Tutor, Blastoderm, Psychatog, Order of Leitbur, Fires of Yavimaya, Academy Rector, Phantom Nishoba, Phyrexian Arena, City of Brass, Flooded Strand, Reprisal, Bloodstained Mire, Paladin en-Vec"
"4","1","Blue","U Artifacts","Artifacts, Spells","2","21","17","2.35","Frantic Search, Frantic Search, Accumulated Knowledge, Tinker, Tinker, Careful Study, Brainstorm, Seat of the Synod, Blinkmoth Nexus, Fact or Fiction, Talisman of Dominance, Deep Analysis, Deep Analysis, Mishra's Factory, Upheaval, Underground River, Miscalculation, Miscalculation, Condescend, Ornithopter, Ornithopter, Island, Island, Island, Island, Island, Island, Island, Island, Island, Island, Island, Memory Lapse, Misdirection, Counterspell, Counterspell, Counterspell, Saprazzan Skerry, Chrome Mox, Rishadan Port","Cabal Therapy, Vault of Whispers, Shivan Reef, Accumulated Knowledge, Rapid Decay, Phyrexian Processor, Gempalm Incinerator, Wax // Wane, Undead Gladiator, Giant Growth, Brushland, Masticore, Arcbound Ravager, Merfolk Looter, Mishra's Helix, Arcbound Worker, Cranial Plating, Mirari's Wake, Arcanis the Omnipotent, Thirst for Knowledge, Thirst for Knowledge, Black Knight, Fellwar Stone, Thran Dynamo, Goblin Sledder, Hydroblast, Opposition, Thoughtcast, Psychatog, Parallax Tide, Pyroclasm"
"4","2","Blue/White","UW Control","Spells","4","19","17","3.91","Talisman of Progress, Ancient Den, Eternal Dragon, Eternal Dragon, Parallax Wave, Shivan Reef, Shivan Reef, Exalted Angel, Exalted Angel, Wrath of God, Wrath of God, Wrath of God, Replenish, Replenish, Deep Analysis, Dismiss, Decree of Justice, Astral Slide, Skycloud Expanse, Skycloud Expanse, Secluded Steppe, Secluded Steppe, Force of Will, Akroma's Vengeance, Akroma's Vengeance, Swords to Plowshares, Swords to Plowshares, Swords to Plowshares, Island, Island, Plains, Plains, Plains, Plains, Plains, Plains, Plains, Land Tax, Adarkar Wastes, Impulse","Aeolipile, Shivan Reef, Accumulated Knowledge, Sky Diamond, Patriarch's Bidding, Windswept Heath, Lightning Bolt, Goblin Piledriver, Opalescence, Opalescence, Attunement, Forbid, Stone Rain, Repulse, Spirit of the Night, Thran Dynamo, Renewed Faith, Fire // Ice, Wing Shards, Waterfront Bouncer, Skirk Prospector, Enlightened Tutor, Thawing Glaciers, Powder Keg, Rising Waters, Confiscate, Academy Rector, Empyrial Armor, Reprisal"
"4","3","Black/Blue","BU Tempo","Spells","5","18","17","3.09","Recoil, Duress, Fact or Fiction, Fact or Fiction, Swamp, Swamp, Swamp, Swamp, Swamp, Serum Visions, Man-o'-War, Man-o'-War, Salt Marsh, Undermine, Daze, Chainer's Edict, Underground River, Underground River, Miscalculation, Force of Will, Force of Will, Hymn to Tourach, Circular Logic, Island, Island, Island, Island, Island, Island, Island, Island, Island, Spite // Malice, Mana Leak, Counterspell, Control Magic, Nekrataal, Nekrataal, Psychatog, Ghastly Demise","Dark Banishing, Gush, Accumulated Knowledge, Winter Orb, Wonder, Ravenous Rats, Somber Hoverguard, Yavimaya Coast, Contagion, Fallen Askari, Vendetta, Cursed Scroll, Dark Ritual, Nightscape Familiar, Wild Dogs, Opt, Hypnotic Specter, Hypnotic Specter, Capsize, Shatter, Force Spike, Thornscape Battlemage, Quiet Speculation, Necropotence, Smother, Circular Logic, Mogg Flunkies, Opposition, Evincar's Justice, Ironclaw Orcs, Tradewind Rider, Erhnam Djinn, Drain Life, City of Brass"
"4","4","Black/Green","BG Graveyard","Creatures","17","6","17","2.65","Doomed Necromancer, Genesis, Eternal Witness, Eternal Witness, Eternal Witness, Llanowar Wastes, Barren Moor, Wall of Roots, Wall of Roots, Weatherseed Treefolk, Swamp, Swamp, Viridian Shaman, Centaur Garden, Llanowar Elves, Llanowar Elves, Chainer's Edict, Verdant Force, Buried Alive, Sylvan Library, Werebear, Tranquil Thicket, Recurring Nightmare, Basking Rootwalla, Forest, Forest, Forest, Forest, Forest, Forest, Forest, Forest, Forest, Treetop Village, Stitch Together, Karplusan Forest, Birds of Paradise, Birds of Paradise, Wild Mongrel, Call of the Herd","Albino Troll, Overrun, Plow Under, Squirrel Nest, Addle, Goblin Warchief, Yavimaya Coast, Blazing Specter, Elvish Archers, Dark Ritual, Dark Ritual, Spike Feeder, Reflecting Pool, Saproling Burst, Saproling Burst, Kavu Chameleon, Rampant Growth, River Boa, Kjeldoran Outpost, Jackal Pup, Phantom Centaur, Fireblast, Flametongue Kavu, Karplusan Forest, Stupor, Myr Incubator, Ghazbán Ogre, Blastoderm, Incinerate, Phantom Nishoba, Yawgmoth's Bargain"
"4","5","Blue","U Artifacts","Artifacts","8","15","17","2.61","Talisman of Progress, Voltaic Key, Voltaic Key, Voltaic Key, Grim Monolith, Ancient Tomb, Tinker, Icy Manipulator, Seat of the Synod, Somber Hoverguard, Scrabbling Claws, Darkwater Catacombs, Mishra's Factory, Arcbound Ravager, Arcbound Ravager, Krark-Clan Ironworks, Pentad Prism, Darksteel Citadel, Metalworker, Frogmite, Frogmite, Frogmite, Island, Island, Island, Island, Island, Island, Island, Tangle Wire, Tangle Wire, Cephalid Coliseum, Disciple of the Vault, Mind Stone, Thoughtcast, Welding Jar, Flooded Strand, Cloudpost, Cloudpost, Cloudpost","Zuran Orb, Vault of Whispers, Pillage, Shivan Reef, Shadowblood Ridge, Defense Grid, Order of the Ebon Hand, Starstorm, Glory, Yavimaya Coast, Heart of Ramos, Dark Ritual, Temporal Aperture, Aquamoeba, Arcbound Worker, Knight of Stromgald, Black Knight, Ghitu Encampment, Phyrexian Scuta, Karplusan Forest, Disciple of the Vault, Ivory Tower, Order of Leitbur, Black Vise, Drain Life, Anger, Phyrexian Negator"
"4","6","Black/Green","BG Graveyard","Spells","11","12","17","3.17","Diabolic Edict, Wasteland, Nimble Mongoose, Survival of the Fittest, Survival of the Fittest, Dance of the Dead, Phyrexian Tower, Entomb, Llanowar Wastes, Llanowar Wastes, Llanowar Wastes, Llanowar Wastes, Spiritmonger, Vendetta, Swamp, Swamp, Swamp, Volrath's Stronghold, Visara the Dreadful, Gaea's Cradle, Symbiotic Wurm, Tranquil Thicket, Tranquil Thicket, Recurring Nightmare, Basking Rootwalla, Forest, Forest, Forest, Forest, Roar of the Wurm, Roar of the Wurm, Zombify, Birds of Paradise, Arrogant Wurm, Arrogant Wurm, Wild Mongrel, Vampiric Tutor, Call of the Herd, Wall of Blossoms, Wall of Blossoms","Albino Troll, Simoon, Patriarch's Bidding, Squirrel Nest, Yawgmoth's Will, Yawgmoth's Will, Gempalm Incinerator, Creeping Mold, Creeping Mold, Attunement, Plague Spitter, Uktabi Orangutan, Pouncing Jaguar, Ball Lightning, Spike Weaver, Soltari Visionary, Necropotence, Necropotence, Rancor, Rancor, Nomads en-Kor, Autumn Willow, Blastoderm, Krosan Verge, Phyrexian Arena, Crumbling Sanctuary, Paladin en-Vec"
"4","7","Red/White","RW Burn","Goblins","12","11","17","2.04","Parallax Wave, Urza's Rage, Lightning Bolt, Lightning Bolt, Lightning Bolt, Pacifism, Sulfuric Vortex, Mogg Fanatic, Jackal Pup, Mountain, Mountain, Mountain, Mountain, Mountain, Mountain, Mountain, Mountain, Shock, Goblin Sledder, Swords to Plowshares, Flametongue Kavu, Sparksmith, Mogg Flunkies, Plains, Plains, Plains, Plains, Plains, Plains, Karplusan Forest, Ironclaw Orcs, Avalanche Riders, Armageddon, Elfhame Palace, Goblin Sharpshooter, White Knight, Chrome Mox, Soltari Priest, Soltari Priest, Bloodstained Mire","Gemstone Mine, Warrior en-Kor, Warrior en-Kor, Firestorm, Ray of Distortion, Yavimaya Coast, Serra Angel, Brushland, Soltari Monk, Soltari Monk, Decree of Justice, Reflecting Pool, Soltari Visionary, Seal of Cleansing, Disenchant, Renewed Faith, Cloudchaser Eagle, Cataclysm, Nomads en-Kor, Karplusan Forest, Anurid Brushhopper, Elfhame Palace, Birds of Paradise, Order of Leitbur, Order of Leitbur, Fires of Yavimaya, Academy Rector, Aura of Silence, Staunch Defenders, Empyrial Armor, Seal of Removal, City of Brass, Flooded Strand, Bloodstained Mire"
"4","8","Red","R Artifacts","Artifacts","7","16","17","3.43","Urborg Volcano, Wildfire, Wildfire, Grim Monolith, Grim Monolith, Icy Manipulator, Phyrexian Processor, Blinkmoth Nexus, Crystal Vein, Masticore, Krark-Clan Ironworks, Cranial Plating, Karn, Silver Golem, Fire Diamond, Barbed Sextant, Barbed Sextant, Metalworker, Mountain, Mountain, Mountain, Mountain, Mountain, Mountain, Mountain, Mountain, Mountain, Frogmite, Worn Powerstone, Worn Powerstone, Covetous Dragon, Covetous Dragon, Mind Stone, Phyrexian Colossus, Howling Mine, Shrapnel Blast, City of Traitors, Great Furnace, Great Furnace, Sulfurous Springs, Cloudpost","Ancient Den, Balance, Order of the Ebon Hand, Hammer of Bogardan, Last Rites, Goblin Warchief, Yavimaya Coast, Goblin Grappler, Bottle Gnomes, Serrated Arrows, Terminate, Goblin Taskmaster, Innocent Blood, Arcbound Worker, Arcbound Worker, Astral Slide, Ball Lightning, Jester's Cap, Tree of Tales, Secluded Steppe, Nevinyrral's Disk, Earthquake, Thunderscape Battlemage, Fireball, Mogg Flunkies, Siege-Gang Commander, Siege-Gang Commander, Fires of Yavimaya, Mystical Tutor"
"5","1","Blue","U Tempo","Spells","2","21","17","3.00","Shivan Reef, Gush, Accumulated Knowledge, Accumulated Knowledge, Fact or Fiction, Fact or Fiction, Deep Analysis, Deep Analysis, Man-o'-War, Man-o'-War, Forbid, Repulse, Opt, Underground River, Miscalculation, Miscalculation, Miscalculation, Force of Will, Force of Will, Thran Dynamo, Island, Island, Island, Island, Island, Island, Island, Island, Island, Island, Island, Island, Island, Island, Island, Counterspell, Counterspell, Control Magic, Impulse, Mystical Tutor","Voltaic Key, Wildfire, Shivan Reef, Accumulated Knowledge, Sky Diamond, Defense Grid, Tinker, Patriarch's Bidding, Rapid Decay, Careful Study, Starstorm, Lightning Bolt, Blazing Specter, Underground River, Arcanis the Omnipotent, Thirst for Knowledge, Thirst for Knowledge, Fire Diamond, Ornithopter, Shock, Nomads en-Kor, Anurid Brushhopper, Covetous Dragon, Disciple of the Vault, Powder Keg, Tradewind Rider, Ghazbán Ogre, Ivory Tower, Order of Leitbur, Order of Leitbur, Siege-Gang Commander, Welding Jar, Staunch Defenders, City of Brass, Great Furnace"
"5","2","White","W Artifacts","Artifacts","6","17","17","2.87","Ancient Den, Vault of Whispers, Voltaic Key, Balance, Wrath of God, Phyrexian Processor, Phyrexian Processor, Seat of the Synod, Blinkmoth Nexus, Arcbound Ravager, Arcbound Ravager, Arcbound Ravager, Krark-Clan Ironworks, Krark-Clan Ironworks, Mishra's Helix, Secluded Steppe, Fellwar Stone, Disenchant, Frogmite, Frogmite, Frogmite, Swords to Plowshares, Swords to Plowshares, Swords to Plowshares, Worn Powerstone, Island, Plains, Plains, Plains, Plains, Plains, Plains, Plains, Plains, Plains, Plains, Tangle Wire, Mind Stone, Thoughtcast, Cloudpost","Vault of Whispers, Wildfire, Shivan Reef, Warrior en-Kor, Icy Manipulator, Glory, Seat of the Synod, Somber Hoverguard, Yavimaya Coast, Scrabbling Claws, Goblin Grappler, Creeping Mold, Soltari Monk, Reflecting Pool, Arcbound Worker, Cranial Plating, Cranial Plating, Soltari Visionary, Necropotence, Nevinyrral's Disk, Thunderscape Battlemage, Seal of Cleansing, Cloudchaser Eagle, Akroma's Vengeance, Cataclysm, Covetous Dragon, Disciple of the Vault, Autumn Willow, Myr Incubator, Aura of Silence, Soltari Priest"
"5","3","Black","B Midrange","Spells","7","16","17","2.35","Cabal Therapy, Diabolic Edict, Dance of the Dead, Entomb, Llanowar Wastes, Duress, Undead Gladiator, Dark Ritual, Dark Ritual, Dark Ritual, Dark Ritual, Swamp, Swamp, Swamp, Swamp, Swamp, Swamp, Swamp, Swamp, Swamp, Swamp, Swamp, Swamp, Swamp, Swamp, Swamp, Innocent Blood, Salt Marsh, Hypnotic Specter, Hypnotic Specter, Visara the Dreadful, Buried Alive, Necropotence, Zombify, Stupor, Nekrataal, Psychatog, Psychatog, Ghastly Demise, Phyrexian Arena","Shadowblood Ridge, Frantic Search, Patriarch's Bidding, Order of the Ebon Hand, Ravenous Rats, Last Rites, Llanowar Wastes, Brainstorm, Contagion, Gempalm Incinerator, Fallen Askari, Vendetta, Vendetta, Nightscape Familiar, Plague Spitter, Daze, Skycloud Expanse, Chainer's Edict, Chainer's Edict, Kavu Chameleon, Knight of Stromgald, Black Knight, Symbiotic Wurm, Circular Logic, Circular Logic, Waterfront Bouncer, Karplusan Forest, Opposition, Cephalid Coliseum, Erhnam Djinn, Blastoderm, Saprazzan Skerry, Drain Life, Call of the Herd, Yawgmoth's Bargain"
"5","4","Black/Green","BG Graveyard","Creatures","19","4","17","2.83","Wasteland, Survival of the Fittest, Doomed Necromancer, Eternal Witness, Eternal Witness, Llanowar Wastes, Llanowar Wastes, Llanowar Wastes, Spiritmonger, Wall of Roots, Wall of Roots, Weatherseed Treefolk, Swamp, Llanowar Elves, Volrath's Stronghold, Verdant Force, Gaea's Cradle, Tranquil Thicket, Recurring Nightmare, Basking Rootwalla, Basking Rootwalla, Forest, Forest, Forest, Forest, Forest, Forest, Forest, Forest, Forest, Stitch Together, Birds of Paradise, Birds of Paradise, Birds of Paradise, Nekrataal, Arrogant Wurm, Arrogant Wurm, Wild Mongrel, Call of the Herd, Wall of Blossoms","Zuran Orb, Warrior en-Kor, Recoil, Overrun, Grim Monolith, Wonder, Plow Under, Elvish Archers, Bottle Gnomes, Giant Growth, Creeping Mold, Spike Feeder, Brushland, Arcbound Worker, Arcbound Worker, Wild Dogs, Spike Weaver, Soltari Visionary, River Boa, Black Knight, Necropotence, Hymn to Tourach, Spite // Malice, Tangle Wire, Thawing Glaciers, Elfhame Palace, Blastoderm, Drain Life, Phyrexian Negator, Bloodstained Mire"
"5","5","Green/White","GW Counters","Enchantments","11","12","17","3.70","Eternal Dragon, Eternal Dragon, Parallax Wave, Parallax Wave, Survival of the Fittest, Windswept Heath, Exalted Angel, Exalted Angel, Eternal Witness, Replenish, Replenish, Opalescence, Opalescence, Brushland, Pacifism, Llanowar Elves, Mirari's Wake, Kjeldoran Outpost, Secluded Steppe, Sylvan Library, Forest, Forest, Forest, Forest, Treetop Village, Plains, Plains, Plains, Plains, Plains, Enlightened Tutor, Elfhame Palace, Land Tax, Birds of Paradise, Academy Rector, Academy Rector, Phantom Nishoba, Wall of Blossoms, Flooded Strand, Flooded Strand","Albino Troll, Albino Troll, Simoon, Squirrel Nest, Squirrel Nest, Wrath of God, Wax // Wane, Serra Angel, Soltari Monk, Decree of Justice, Decree of Justice, Reflecting Pool, Uktabi Orangutan, Astral Slide, Werebear, Phantom Centaur, Renewed Faith, Wing Shards, Nomads en-Kor, Opposition, Armageddon, Krosan Verge, White Knight, Chrome Mox, Empyrial Armor, Empyrial Armor, Seal of Removal, City of Brass, Reprisal"
"5","6","Black/Blue","BU Combo","Spells","1","22","17","2.43","Urborg Volcano, Shivan Reef, Shivan Reef, Frantic Search, Accumulated Knowledge, Grim Monolith, Tinker, Yawgmoth's Will, Yawgmoth's Will, Fact or Fiction, Darkwater Catacombs, Talisman of Dominance, Serum Visions, Deep Analysis, Dismiss, Merfolk Looter, Undermine, Pentad Prism, Underground River, Force Spike, Force of Will, Condescend, Fire // Ice, Island, Island, Island, Island, Island, Island, Island, Island, Island, Island, Island, Mana Leak, Counterspell, Counterspell, Chrome Mox, Vampiric Tutor, Sulfurous Springs","Dark Banishing, Order of the Ebon Hand, Urza's Rage, Addle, Yavimaya Coast, Lightning Bolt, Heart of Ramos, Aquamoeba, Attunement, Terminate, Stone Rain, Spirit of the Night, Capsize, Shatter, Barbed Sextant, Earthquake, Ghitu Encampment, Recurring Nightmare, Renewed Faith, Smother, Hydroblast, Karplusan Forest, Evincar's Justice, Skirk Prospector, Rising Waters, Confiscate, Order of Leitbur, Fires of Yavimaya, Great Furnace, Soltari Priest, Bloodstained Mire"
"5","7","Blue","U Artifacts","Artifacts","9","14","17","3.35","Talisman of Progress, Talisman of Progress, Voltaic Key, Winter Orb, Grim Monolith, Tinker, Icy Manipulator, Somber Hoverguard, Yavimaya Coast, Yavimaya Coast, Blinkmoth Nexus, Mishra's Factory, Serrated Arrows, Masticore, Masticore, Skycloud Expanse, Upheaval, Karn, Silver Golem, Darksteel Citadel, Barbed Sextant, Metalworker, Metalworker, Ornithopter, Thran Dynamo, Frogmite, Worn Powerstone, Island, Island, Island, Island, Island, Island, Mind Stone, Phyrexian Colossus, Thoughtcast, Adarkar Wastes, City of Traitors, Cloudpost, Cloudpost, Cloudpost","Ancient Den, Aeolipile, Genesis, Ray of Distortion, Barren Moor, Wrath of God, Yavimaya Coast, Temporal Aperture, Centaur Garden, Attunement, Arcbound Worker, Astral Slide, Saproling Burst, Saproling Burst, Rampant Growth, Jester's Cap, Secluded Steppe, Quiet Speculation, Tranquil Thicket, Akroma's Vengeance, Phyrexian Scuta, Swords to Plowshares, Roar of the Wurm, Memory Lapse, Misdirection, Parallax Tide"
"5","8","Red","R Burn","Goblins, Creatures","17","6","17","2.61","Ancient Tomb, Hammer of Bogardan, Goblin Warchief, Goblin Warchief, Lightning Bolt, Lightning Bolt, Gempalm Incinerator, Goblin Piledriver, Mishra's Factory, Crystal Vein, Ball Lightning, Ball Lightning, Sulfuric Vortex, Mogg Fanatic, Jackal Pup, Jackal Pup, Fireblast, Mountain, Mountain, Mountain, Mountain, Mountain, Mountain, Mountain, Mountain, Mountain, Mountain, Mountain, Flametongue Kavu, Flametongue Kavu, Sparksmith, Mogg Flunkies, Mogg Flunkies, Mogg Flunkies, Karplusan Forest, Karplusan Forest, Goblin Sharpshooter, Incinerate, Siege-Gang Commander, Rishadan Port","Pillage, Gemstone Mine, Nimble Mongoose, Firestorm, Phyrexian Tower, Cursed Scroll, Viridian Shaman, Goblin Taskmaster, Pouncing Jaguar, Tree of Tales, Thornscape Battlemage, Rancor, Rancor, Tranquil Thicket, Fireball, Goblin Sledder, Goblin Sledder, Roar of the Wurm, Karplusan Forest, Ironclaw Orcs, Ironclaw Orcs, Avalanche Riders, Howling Mine, Shrapnel Blast, Black Vise, Fires of Yavimaya, Pyroclasm, Wild Mongrel, Anger, Crumbling Sanctuary, Paladin en-Vec"
"6","1","Black/Blue","BU Artifacts","Artifacts","3","20","17","2.78","Talisman of Progress, Vault of Whispers, Voltaic Key, Frantic Search, Winter Orb, Grim Monolith, Grim Monolith, Grim Monolith, Defense Grid, Tinker, Yawgmoth's Will, Barren Moor, Seat of the Synod, Somber Hoverguard, Blinkmoth Nexus, Swamp, Swamp, Crystal Vein, Krark-Clan Ironworks, Salt Marsh, Volrath's Stronghold, Underground River, Underground River, Miscalculation, Thirst for Knowledge, Metalworker, Worn Powerstone, Island, Island, Island, Island, Island, Spite // Malice, Disciple of the Vault, Mind Stone, Powder Keg, Ivory Tower, Vampiric Tutor, Cloudpost, Yawgmoth's Bargain","Wildfire, Dance of the Dead, Order of the Ebon Hand, Last Rites, Addle, Contagion, Undead Gladiator, Bottle Gnomes, Plague Spitter, Terminate, Reflecting Pool, Astral Slide, Hypnotic Specter, Chainer's Edict, Black Knight, Necropotence, Jackal Pup, Tranquil Thicket, Akroma's Vengeance, Karplusan Forest, Ironclaw Orcs, Thawing Glaciers, Order of Leitbur, Phantom Nishoba, Pyroclasm, Drain Life, Paladin en-Vec"
"6","2","Black/Blue","BU Tempo","Spells","8","15","17","3.04","Diabolic Edict, Doomed Necromancer, Wonder, Entomb, Fact or Fiction, Dark Ritual, Dark Ritual, Dark Ritual, Aquamoeba, Swamp, Swamp, Swamp, Swamp, Swamp, Swamp, Swamp, Swamp, Swamp, Swamp, Swamp, Swamp, Deep Analysis, Spirit of the Night, Visara the Dreadful, Buried Alive, Underground River, Force of Will, Recurring Nightmare, Recurring Nightmare, Island, Island, Island, Island, Zombify, Stitch Together, Nekrataal, Psychatog, Psychatog, Ghastly Demise, Mystical Tutor","Cabal Therapy, Dark Banishing, Recoil, Ray of Distortion, Vendetta, Giant Growth, Centaur Garden, Attunement, Soltari Monk, Goblin Taskmaster, Undermine, Daze, Hypnotic Specter, Sulfuric Vortex, Soltari Visionary, Chainer's Edict, Saproling Burst, Knight of Stromgald, Black Knight, Necropotence, Hymn to Tourach, Symbiotic Wurm, Fireblast, Seal of Cleansing, Fire // Ice, Basking Rootwalla, Nomads en-Kor, Evincar's Justice, Autumn Willow, Nekrataal, Erhnam Djinn, Order of Leitbur, Siege-Gang Commander, Call of the Herd, Flooded Strand, Crumbling Sanctuary"
"6","3","White","W Weenie","Spells, Clerics","8","15","17","2.83","Ancient Den, Eternal Dragon, Warrior en-Kor, Exalted Angel, Blinkmoth Nexus, Cursed Scroll, Replenish, Opalescence, Mishra's Factory, Mishra's Factory, Brushland, Decree of Justice, Soltari Visionary, Kjeldoran Outpost, Secluded Steppe, Secluded Steppe, Renewed Faith, Cataclysm, Swords to Plowshares, Swords to Plowshares, Swords to Plowshares, Plains, Plains, Plains, Plains, Plains, Plains, Plains, Enlightened Tutor, Armageddon, Land Tax, Order of Leitbur, Academy Rector, Empyrial Armor, Empyrial Armor, City of Traitors, Rishadan Port, Soltari Priest, Soltari Priest, Reprisal","Albino Troll, Squirrel Nest, Phyrexian Processor, Wall of Roots, Scrabbling Claws, Elvish Archers, Viridian Shaman, Brushland, Masticore, Arcbound Ravager, Arcbound Worker, Arcbound Worker, Arcbound Worker, Skycloud Expanse, Thornscape Battlemage, Nevinyrral's Disk, Rancor, Tranquil Thicket, Goblin Sledder, Karplusan Forest, Anurid Brushhopper, Tangle Wire, Mind Stone, Elfhame Palace, Ghazbán Ogre, Blastoderm, Fires of Yavimaya"
"6","4","Black/Blue","BU Artifacts","Artifacts, Spells","2","21","17","2.52","Talisman of Progress, Zuran Orb, Vault of Whispers, Wasteland, Shivan Reef, Shivan Reef, Frantic Search, Phyrexian Tower, Accumulated Knowledge, Ancient Tomb, Tinker, Yawgmoth's Will, Duress, Icy Manipulator, Fact or Fiction, Talisman of Dominance, Dark Ritual, Swamp, Swamp, Swamp, Swamp, Swamp, Mishra's Helix, Pentad Prism, Capsize, Upheaval, Necropotence, Fellwar Stone, Condescend, Barbed Sextant, Ornithopter, Worn Powerstone, Island, Island, Island, Phyrexian Colossus, Welding Jar, Cloudpost, Cloudpost, Bloodstained Mire","Albino Troll, Aeolipile, Wildfire, Shivan Reef, Rapid Decay, Llanowar Wastes, Starstorm, Spiritmonger, Lightning Bolt, Lightning Bolt, Gempalm Incinerator, Fallen Askari, Temporal Aperture, Attunement, Innocent Blood, Kavu Chameleon, Earthquake, Tranquil Thicket, Cloudchaser Eagle, Sparksmith, Basking Rootwalla, Stupor, Confiscate, Arrogant Wurm, Drain Life, City of Brass, Sulfurous Springs, Bloodstained Mire"
"6","5","Blue/White","UW Control","Spells, Enchantments","4","19","17","3.26","Eternal Dragon, Parallax Wave, Parallax Wave, Balance, Exalted Angel, Wrath of God, Wrath of God, Wrath of God, Fact or Fiction, Replenish, Serum Visions, Opalescence, Pacifism, Man-o'-War, Man-o'-War, Decree of Justice, Skycloud Expanse, Force Spike, Secluded Steppe, Miscalculation, Island, Island, Island, Island, Plains, Plains, Plains, Plains, Plains, Plains, Plains, Plains, Plains, Counterspell, Counterspell, Counterspell, Adarkar Wastes, Parallax Tide, Flooded Strand, Impulse","Warrior en-Kor, Gush, Accumulated Knowledge, Overrun, Windswept Heath, Squirrel Nest, Llanowar Wastes, Careful Study, Glory, Goblin Warchief, Darkwater Catacombs, Serra Angel, Deep Analysis, Merfolk Looter, Reflecting Pool, Forbid, Repulse, Mirari's Wake, Jester's Cap, Disenchant, Renewed Faith, Wing Shards, Nomads en-Kor, Mogg Flunkies, Misdirection, Myr Incubator, Blastoderm, Arrogant Wurm, Siege-Gang Commander, Academy Rector, Staunch Defenders, Seal of Removal, City of Brass"
"6","6","Blue","U Artifacts","Artifacts","8","15","17","3.04","Voltaic Key, Voltaic Key, Shivan Reef, Shivan Reef, Sky Diamond, Tinker, Icy Manipulator, Phyrexian Processor, Seat of the Synod, Somber Hoverguard, Lightning Bolt, Swamp, Masticore, Arcbound Ravager, Cranial Plating, Darksteel Citadel, Thirst for Knowledge, Force of Will, Ornithopter, Thran Dynamo, Frogmite, Frogmite, Frogmite, Island, Island, Island, Island, Island, Island, Island, Island, Island, Island, Covetous Dragon, Cephalid Coliseum, Thoughtcast, Thoughtcast, Black Vise, Saprazzan Skerry, Chrome Mox","Ancient Den, Gemstone Mine, Nimble Mongoose, Simoon, Firestorm, Accumulated Knowledge, Brainstorm, Yavimaya Coast, Heart of Ramos, Weatherseed Treefolk, Creeping Mold, Uktabi Orangutan, Astral Slide, Shatter, Arcanis the Omnipotent, Miscalculation, Barbed Sextant, Ghitu Encampment, Akroma's Vengeance, Swords to Plowshares, Mogg Flunkies, Mogg Flunkies, Hydroblast, Karplusan Forest, Elfhame Palace, Shrapnel Blast, Rising Waters, Incinerate, White Knight, Aura of Silence, Wall of Blossoms"
"6","7","Green","G Ramp","Green","15","8","17","2.96","Survival of the Fittest, Survival of the Fittest, Genesis, Plow Under, Eternal Witness, Eternal Witness, Eternal Witness, Llanowar Wastes, Wall of Roots, Yavimaya Coast, Yavimaya Coast, Yavimaya Coast, Llanowar Elves, Llanowar Elves, Verdant Force, Gaea's Cradle, Rampant Growth, Sylvan Library, Werebear, Phantom Centaur, Forest, Forest, Forest, Forest, Forest, Forest, Forest, Forest, Forest, Forest, Forest, Treetop Village, Roar of the Wurm, Roar of the Wurm, Birds of Paradise, Birds of Paradise, Birds of Paradise, Birds of Paradise, Call of the Herd, Wall of Blossoms","Accumulated Knowledge, Patriarch's Bidding, Llanowar Wastes, Yavimaya Coast, Blazing Specter, Deep Analysis, Creeping Mold, Spike Feeder, Dismiss, Pouncing Jaguar, Wild Dogs, Opt, Ball Lightning, Spike Weaver, Saproling Burst, River Boa, Quiet Speculation, Force of Will, Rancor, Circular Logic, Circular Logic, Waterfront Bouncer, Memory Lapse, Opposition, Opposition, Mana Leak, Counterspell, Control Magic, Tradewind Rider, Wild Mongrel, Wild Mongrel"
"6","8","Red","R Burn","Artifacts, Goblins","13","10","17","2.26","Urborg Volcano, Pillage, Shadowblood Ridge, Hammer of Bogardan, Urza's Rage, Goblin Warchief, Lightning Bolt, Gempalm Incinerator, Goblin Piledriver, Stone Rain, Ball Lightning, Cranial Plating, Mogg Fanatic, Jackal Pup, Mountain, Mountain, Mountain, Mountain, Mountain, Mountain, Mountain, Mountain, Mountain, Mountain, Mountain, Shock, Fireball, Goblin Sledder, Flametongue Kavu, Flametongue Kavu, Karplusan Forest, Skirk Prospector, Tangle Wire, Ironclaw Orcs, Avalanche Riders, Goblin Sharpshooter, Chrome Mox, Great Furnace, Great Furnace, Cloudpost","Patriarch's Bidding, Order of the Ebon Hand, Ravenous Rats, Llanowar Wastes, Wax // Wane, Goblin Grappler, Vendetta, Nightscape Familiar, Serrated Arrows, Soltari Monk, Arcbound Ravager, Krark-Clan Ironworks, Arcbound Worker, Karn, Silver Golem, Tree of Tales, Fire Diamond, Thunderscape Battlemage, Metalworker, Thran Dynamo, Frogmite, Smother, Phyrexian Scuta, Karplusan Forest, Covetous Dragon, Disciple of the Vault, Howling Mine, Krosan Verge, Fires of Yavimaya, Anger, Phyrexian Arena, Phyrexian Negator"
"7","1","Black/Blue","BU Reanimator","Spells","6","17","17","2.65","Shivan Reef, Shivan Reef, Shivan Reef, Doomed Necromancer, Dance of the Dead, Frantic Search, Entomb, Barren Moor, Careful Study, Fact or Fiction, Fact or Fiction, Darkwater Catacombs, Dark Ritual, Dark Ritual, Dark Ritual, Swamp, Swamp, Swamp, Swamp, Swamp, Swamp, Swamp, Swamp, Swamp, Swamp, Merfolk Looter, Spirit of the Night, Visara the Dreadful, Buried Alive, Underground River, Recurring Nightmare, Recurring Nightmare, Waterfront Bouncer, Zombify, Stitch Together, Psychatog, Ghastly Demise, Vampiric Tutor, Mystical Tutor, Bloodstained Mire","Urborg Volcano, Diabolic Edict, Shivan Reef, Survival of the Fittest, Gush, Balance, Llanowar Wastes, Brainstorm, Addle, Glory, Yavimaya Coast, Heart of Ramos, Deep Analysis, Attunement, Innocent Blood, Soltari Visionary, Chainer's Edict, Chainer's Edict, Verdant Force, Secluded Steppe, Force of Will, Symbiotic Wurm, Smother, Cataclysm, Circular Logic, Drain Life, Phyrexian Arena, Phyrexian Negator, Flooded Strand, Bloodstained Mire"
"7","2","Green/Red","GR Stompy","Green/Red","13","10","17","2.30","Albino Troll, Albino Troll, Wasteland, Overrun, Eternal Witness, Lightning Bolt, Lightning Bolt, Centaur Garden, Crystal Vein, River Boa, Sylvan Library, Phantom Centaur, Rancor, Tranquil Thicket, Basking Rootwalla, Forest, Forest, Forest, Forest, Forest, Forest, Forest, Forest, Treetop Village, Karplusan Forest, Karplusan Forest, Karplusan Forest, Karplusan Forest, Birds of Paradise, Birds of Paradise, Birds of Paradise, Blastoderm, Blastoderm, Incinerate, Fires of Yavimaya, Fires of Yavimaya, Wild Mongrel, Wild Mongrel, Call of the Herd, Call of the Herd","Wildfire, Nimble Mongoose, Survival of the Fittest, Plow Under, Hammer of Bogardan, Starstorm, Wall of Roots, Weatherseed Treefolk, Giant Growth, Creeping Mold, Creeping Mold, Stone Rain, Pouncing Jaguar, Shatter, Fellwar Stone, Nevinyrral's Disk, Fire Diamond, Fireblast, Fireball, Nomads en-Kor, Hydroblast, Ghazbán Ogre, Arrogant Wurm, Arrogant Wurm, Siege-Gang Commander, Saprazzan Skerry, Staunch Defenders, Reprisal"
"7","3","Blue","U Artifacts","Artifacts","7","16","17","2.83","Voltaic Key, Voltaic Key, Grim Monolith, Tinker, Tinker, Tinker, Icy Manipulator, Phyrexian Processor, Seat of the Synod, Seat of the Synod, Yavimaya Coast, Yavimaya Coast, Talisman of Dominance, Swamp, Mishra's Factory, Masticore, Arcbound Ravager, Krark-Clan Ironworks, Krark-Clan Ironworks, Darksteel Citadel, Metalworker, Metalworker, Ornithopter, Ornithopter, Thran Dynamo, Worn Powerstone, Island, Island, Island, Island, Island, Island, Island, Tangle Wire, Tangle Wire, Mind Stone, Phyrexian Colossus, Cloudpost, Cloudpost, Cloudpost","Aeolipile, Gemstone Mine, Shivan Reef, Simoon, Accumulated Knowledge, Eternal Witness, Last Rites, Llanowar Wastes, Yawgmoth's Will, Yavimaya Coast, Viridian Shaman, Dismiss, Arcbound Worker, Forbid, Saproling Burst, Saproling Burst, Kavu Chameleon, Tree of Tales, Black Knight, Tranquil Thicket, Phyrexian Scuta, Stupor, Disciple of the Vault, Disciple of the Vault, Order of Leitbur, Chrome Mox, Chrome Mox, Paladin en-Vec"
"7","4","Black/Blue","BU Tempo","Spells","5","18","17","2.74","Recoil, Duress, Dark Ritual, Swamp, Swamp, Swamp, Swamp, Swamp, Serum Visions, Deep Analysis, Mishra's Factory, Salt Marsh, Undermine, Hypnotic Specter, Hypnotic Specter, Underground River, Force Spike, Miscalculation, Miscalculation, Force of Will, Condescend, Hymn to Tourach, Island, Island, Island, Island, Island, Island, Island, Spite // Malice, Mana Leak, Cephalid Coliseum, Counterspell, Counterspell, Control Magic, Nekrataal, Nekrataal, Psychatog, Flooded Strand, Impulse","Accumulated Knowledge, Wonder, Patriarch's Bidding, Order of the Ebon Hand, Order of the Ebon Hand, Ravenous Rats, Spiritmonger, Somber Hoverguard, Yavimaya Coast, Blazing Specter, Undead Gladiator, Vendetta, Aquamoeba, Nightscape Familiar, Soltari Monk, Soltari Monk, Plague Spitter, Man-o'-War, Capsize, Spike Weaver, Jester's Cap, Knight of Stromgald, Black Knight, Necropotence, Necropotence, Renewed Faith, Akroma's Vengeance, Evincar's Justice, Thawing Glaciers, Drain Life, Seal of Removal, Yawgmoth's Bargain"
"7","5","Green/White","GW Counters","Enchantments","9","14","17","2.74","Parallax Wave, Windswept Heath, Squirrel Nest, Squirrel Nest, Eternal Witness, Llanowar Wastes, Wrath of God, Wrath of God, Wall of Roots, Replenish, Opalescence, Opalescence, Spike Feeder, Brushland, Brushland, Reflecting Pool, Llanowar Elves, Llanowar Elves, Gaea's Cradle, Mirari's Wake, Rampant Growth, Secluded Steppe, Tranquil Thicket, Swords to Plowshares, Swords to Plowshares, Forest, Forest, Forest, Forest, Plains, Plains, Plains, Enlightened Tutor, Elfhame Palace, Elfhame Palace, Land Tax, Birds of Paradise, Phantom Nishoba, Wall of Blossoms, Wall of Blossoms","Cabal Therapy, Eternal Dragon, Eternal Dragon, Warrior en-Kor, Warrior en-Kor, Genesis, Ray of Distortion, Llanowar Wastes, Wax // Wane, Bottle Gnomes, Decree of Justice, Reflecting Pool, Astral Slide, Astral Slide, Soltari Visionary, Werebear, Rancor, Seal of Cleansing, Cloudchaser Eagle, Akroma's Vengeance, Wing Shards, Anurid Brushhopper, Armageddon, Erhnam Djinn, Krosan Verge, City of Brass, Soltari Priest"
"7","6","Blue/White","UW Control","Spells","3","20","17","3.22","Ancient Den, Parallax Wave, Accumulated Knowledge, Accumulated Knowledge, Sky Diamond, Exalted Angel, Exalted Angel, Fact or Fiction, Deep Analysis, Pacifism, Man-o'-War, Decree of Justice, Repulse, Daze, Opt, Skycloud Expanse, Skycloud Expanse, Kjeldoran Outpost, Miscalculation, Force of Will, Disenchant, Swords to Plowshares, Island, Island, Island, Island, Island, Island, Island, Island, Island, Plains, Plains, Plains, Misdirection, Counterspell, Counterspell, Confiscate, Adarkar Wastes, Parallax Tide","Shadowblood Ridge, Frantic Search, Grim Monolith, Defense Grid, Patriarch's Bidding, Scrabbling Claws, Serra Angel, Replenish, Arcanis the Omnipotent, Quiet Speculation, Thirst for Knowledge, Ghitu Encampment, Renewed Faith, Circular Logic, Basking Rootwalla, Nomads en-Kor, Karplusan Forest, Opposition, Opposition, Skirk Prospector, Autumn Willow, Tradewind Rider, Myr Incubator, Howling Mine, Ivory Tower, Rising Waters, Order of Leitbur, White Knight, Academy Rector, Academy Rector, Aura of Silence, Empyrial Armor"
"7","7","Blue","U Combo","Artifacts, Frogs","9","14","17","3.30","Talisman of Progress, Vault of Whispers, Voltaic Key, Icy Manipulator, Phyrexian Processor, Somber Hoverguard, Blinkmoth Nexus, Blinkmoth Nexus, Masticore, Arcbound Ravager, Arcbound Ravager, Mishra's Helix, Volrath's Stronghold, Cranial Plating, Cranial Plating, Underground River, Karn, Silver Golem, Thran Dynamo, Frogmite, Frogmite, Frogmite, Frogmite, Worn Powerstone, Island, Island, Island, Island, Island, Island, Island, Island, Island, Island, Plains, Mind Stone, Powder Keg, Thoughtcast, Thoughtcast, Welding Jar, Cloudpost","Talisman of Progress, Ancient Den, Zuran Orb, Vault of Whispers, Dark Banishing, Phyrexian Tower, Llanowar Wastes, Yawgmoth's Will, Wrath of God, Contagion, Fallen Askari, Elvish Archers, Attunement, Serrated Arrows, Terminate, Arcbound Worker, Arcbound Worker, Arcbound Worker, Pentad Prism, Upheaval, Secluded Steppe, Thirst for Knowledge, Necropotence, Barbed Sextant, Barbed Sextant, Swords to Plowshares, Roar of the Wurm, Memory Lapse, Empyrial Armor, Sulfurous Springs, Crumbling Sanctuary"
"7","8","Red","R Burn","Goblins, Creatures","18","5","17","2.35","Ancient Tomb, Goblin Warchief, Goblin Warchief, Lightning Bolt, Lightning Bolt, Gempalm Incinerator, Gempalm Incinerator, Goblin Piledriver, Cursed Scroll, Ball Lightning, Ball Lightning, Sulfuric Vortex, Mogg Fanatic, Jackal Pup, Jackal Pup, Mountain, Mountain, Mountain, Mountain, Mountain, Mountain, Mountain, Mountain, Mountain, Mountain, Mountain, Mountain, Shock, Flametongue Kavu, Flametongue Kavu, Sparksmith, Mogg Flunkies, Mogg Flunkies, Mogg Flunkies, Goblin Sharpshooter, Siege-Gang Commander, City of Traitors, Rishadan Port, Great Furnace, Great Furnace","Pillage, Wildfire, Firestorm, Winter Orb, Grim Monolith, Rapid Decay, Urza's Rage, Goblin Grappler, Vendetta, Temporal Aperture, Goblin Taskmaster, Uktabi Orangutan, Wild Dogs, Thornscape Battlemage, Earthquake, Thunderscape Battlemage, Fire // Ice, Goblin Sledder, Goblin Sledder, Roar of the Wurm, Covetous Dragon, Covetous Dragon, Ironclaw Orcs, Ironclaw Orcs, Avalanche Riders, Shrapnel Blast, Order of Leitbur, Black Vise, Pyroclasm, Anger, City of Brass, Soltari Priest"
"8","1","Black","B Midrange","Spells","5","18","17","2.22","Cabal Therapy, Diabolic Edict, Dark Banishing, Phyrexian Tower, Order of the Ebon Hand, Ravenous Rats, Barren Moor, Duress, Contagion, Dark Ritual, Dark Ritual, Dark Ritual, Dark Ritual, Swamp, Swamp, Swamp, Swamp, Swamp, Swamp, Swamp, Swamp, Swamp, Swamp, Swamp, Swamp, Swamp, Innocent Blood, Volrath's Stronghold, Hypnotic Specter, Chainer's Edict, Underground River, Necropotence, Necropotence, Smother, Stupor, Nekrataal, Nekrataal, Ghastly Demise, Drain Life, Phyrexian Arena","Urborg Volcano, Parallax Wave, Shadowblood Ridge, Firestorm, Dance of the Dead, Frantic Search, Glory, Darkwater Catacombs, Vendetta, Vendetta, Bottle Gnomes, Nightscape Familiar, Attunement, Plague Spitter, Reflecting Pool, Salt Marsh, Repulse, Astral Slide, Opt, Visara the Dreadful, Underground River, Fellwar Stone, Recurring Nightmare, Sparksmith, Powder Keg, Myr Incubator, Psychatog, Psychatog, Order of Leitbur, Academy Rector, Staunch Defenders, Yawgmoth's Bargain, Soltari Priest"
"8","2","Red/Blue","RU Artifacts","Artifacts","7","16","17","2.96","Voltaic Key, Shivan Reef, Shivan Reef, Shivan Reef, Grim Monolith, Grim Monolith, Tinker, Phyrexian Processor, Seat of the Synod, Somber Hoverguard, Blinkmoth Nexus, Lightning Bolt, Lightning Bolt, Mishra's Factory, Crystal Vein, Masticore, Masticore, Arcbound Worker, Cranial Plating, Force of Will, Fire Diamond, Ornithopter, Mountain, Worn Powerstone, Island, Island, Island, Island, Island, Island, Covetous Dragon, Tangle Wire, Phyrexian Colossus, Counterspell, Thoughtcast, Ivory Tower, Rising Waters, Saprazzan Skerry, City of Traitors, Sulfurous Springs","Eternal Dragon, Vault of Whispers, Yawgmoth's Will, Yawgmoth's Will, Goblin Grappler, Replenish, Attunement, Terminate, Goblin Taskmaster, Undermine, Stone Rain, Secluded Steppe, Quiet Speculation, Fireball, Fire // Ice, Cataclysm, Flametongue Kavu, Roar of the Wurm, Hydroblast, Karplusan Forest, Opposition, Fires of Yavimaya, Academy Rector, Phantom Nishoba, Flooded Strand, Reprisal, Mystical Tutor"
"8","3","Red","R Burn","Goblins, Creatures","17","6","17","2.61","Wasteland, Hammer of Bogardan, Goblin Warchief, Goblin Warchief, Lightning Bolt, Gempalm Incinerator, Gempalm Incinerator, Goblin Piledriver, Ball Lightning, Ball Lightning, Sulfuric Vortex, Mogg Fanatic, Jackal Pup, Jackal Pup, Ghitu Encampment, Fireblast, Tranquil Thicket, Mountain, Mountain, Mountain, Mountain, Mountain, Mountain, Mountain, Mountain, Mountain, Mountain, Mountain, Mountain, Shock, Goblin Sledder, Flametongue Kavu, Mogg Flunkies, Mogg Flunkies, Mogg Flunkies, Karplusan Forest, Karplusan Forest, Incinerate, Siege-Gang Commander, Siege-Gang Commander","Albino Troll, Pillage, Warrior en-Kor, Wrath of God, Urza's Rage, Cursed Scroll, Elvish Archers, Centaur Garden, Soltari Visionary, Shatter, Thornscape Battlemage, Sylvan Library, Earthquake, Thunderscape Battlemage, Rancor, Tranquil Thicket, Renewed Faith, Basking Rootwalla, Wing Shards, Karplusan Forest, Skirk Prospector, Tangle Wire, Ironclaw Orcs, Ironclaw Orcs, Avalanche Riders, Elfhame Palace, Erhnam Djinn, Arrogant Wurm, Anger, Chrome Mox, Chrome Mox, Bloodstained Mire"
"8","4","Black/Green","BG Graveyard","Black/Green","14","9","17","3.35","Survival of the Fittest, Doomed Necromancer, Entomb, Eternal Witness, Eternal Witness, Llanowar Wastes, Llanowar Wastes, Llanowar Wastes, Llanowar Wastes, Llanowar Wastes, Spiritmonger, Wall of Roots, Wall of Roots, Swamp, Swamp, Swamp, Swamp, Swamp, Swamp, Brushland, Llanowar Elves, Spirit of the Night, Verdant Force, Buried Alive, Symbiotic Wurm, Recurring Nightmare, Forest, Forest, Forest, Forest, Forest, Roar of the Wurm, Zombify, Stitch Together, Birds of Paradise, Wild Mongrel, Vampiric Tutor, Call of the Herd, Wall of Blossoms, Wall of Blossoms","Gemstone Mine, Simoon, Patriarch's Bidding, Squirrel Nest, Last Rites, Addle, Fallen Askari, Heart of Ramos, Undead Gladiator, Giant Growth, Creeping Mold, Viridian Shaman, Spike Feeder, Brushland, Hypnotic Specter, Soltari Visionary, Chainer's Edict, Kavu Chameleon, Knight of Stromgald, Black Knight, Necropotence, Hymn to Tourach, Phyrexian Scuta, Basking Rootwalla, Nomads en-Kor, Anurid Brushhopper, Elfhame Palace, Arrogant Wurm, Drain Life, Empyrial Armor, City of Brass"
"8","5","Blue/White","UW Control","Artifacts, Spells","0","23","17","2.74","Talisman of Progress, Tinker, Windswept Heath, Wrath of God, Wrath of God, Brainstorm, Decree of Justice, Decree of Justice, Skycloud Expanse, Skycloud Expanse, Upheaval, Kjeldoran Outpost, Secluded Steppe, Secluded Steppe, Miscalculation, Miscalculation, Force of Will, Thran Dynamo, Thran Dynamo, Disenchant, Swords to Plowshares, Swords to Plowshares, Swords to Plowshares, Worn Powerstone, Island, Island, Island, Island, Island, Island, Island, Memory Lapse, Plains, Plains, Plains, Mind Stone, Mind Stone, Counterspell, Impulse, Cloudpost","Eternal Dragon, Parallax Wave, Ray of Distortion, Accumulated Knowledge, Plow Under, Exalted Angel, Exalted Angel, Icy Manipulator, Blazing Specter, Deep Analysis, Opalescence, Opalescence, Reflecting Pool, Forbid, Wild Dogs, Capsize, Saproling Burst, Rampant Growth, Thirst for Knowledge, Nevinyrral's Disk, Seal of Cleansing, Misdirection, Control Magic, Land Tax, Ghazbán Ogre, Birds of Paradise, Goblin Sharpshooter, Order of Leitbur, White Knight, Parallax Tide"
"8","6","Black/Blue/White","BUW Artifacts","Artifacts, Frogs","12","11","17","2.48","Ancient Den, Ancient Den, Vault of Whispers, Voltaic Key, Balance, Sky Diamond, Ancient Tomb, Tinker, Phyrexian Processor, Seat of the Synod, Somber Hoverguard, Blinkmoth Nexus, Swamp, Swamp, Swamp, Mishra's Factory, Arcbound Ravager, Arcbound Ravager, Krark-Clan Ironworks, Arcbound Worker, Cranial Plating, Darksteel Citadel, Metalworker, Ornithopter, Frogmite, Frogmite, Frogmite, Frogmite, Swords to Plowshares, Island, Island, Island, Enlightened Tutor, Disciple of the Vault, Disciple of the Vault, Thoughtcast, Adarkar Wastes, Welding Jar, Cloudpost, Cloudpost","Shivan Reef, Warrior en-Kor, Recoil, Accumulated Knowledge, Accumulated Knowledge, Order of the Ebon Hand, Serra Angel, Temporal Aperture, Deep Analysis, Soltari Monk, Arcbound Worker, Arcbound Worker, Astral Slide, Saproling Burst, Jester's Cap, Miscalculation, Black Knight, Barbed Sextant, Barbed Sextant, Nomads en-Kor, Evincar's Justice, Armageddon, Black Vise, Aura of Silence, Soltari Priest, Paladin en-Vec"
"8","7","Red/Blue","RU Artifacts","Artifacts","4","19","17","2.87","Talisman of Progress, Zuran Orb, Voltaic Key, Wildfire, Wildfire, Shivan Reef, Winter Orb, Grim Monolith, Icy Manipulator, Lightning Bolt, Scrabbling Claws, Talisman of Dominance, Serrated Arrows, Arcbound Ravager, Krark-Clan Ironworks, Mishra's Helix, Pentad Prism, Karn, Silver Golem, Thirst for Knowledge, Metalworker, Mountain, Mountain, Mountain, Mountain, Mountain, Mountain, Island, Island, Island, Island, Island, Island, Covetous Dragon, Howling Mine, Shrapnel Blast, Pyroclasm, Rishadan Port, Great Furnace, Great Furnace, Cloudpost","Albino Troll, Aeolipile, Frantic Search, Accumulated Knowledge, Wonder, Starstorm, Yavimaya Coast, Fact or Fiction, Fact or Fiction, Wax // Wane, Replenish, Serum Visions, Creeping Mold, Merfolk Looter, Mirari's Wake, Arcanis the Omnipotent, Tree of Tales, Force of Will, Renewed Faith, Akroma's Vengeance, Akroma's Vengeance, Circular Logic, Spite // Malice, Karplusan Forest, Thawing Glaciers, Order of Leitbur, Krosan Verge, Empyrial Armor, Seal of Removal, City of Brass, Crumbling Sanctuary, Bloodstained Mire"
"8","8","Green/Blue","GU Ramp","Spells","13","10","17","2.52","Genesis, Eternal Witness, Yavimaya Coast, Yavimaya Coast, Yavimaya Coast, Yavimaya Coast, Fact or Fiction, Aquamoeba, Deep Analysis, Man-o'-War, Man-o'-War, Llanowar Elves, Daze, Gaea's Cradle, River Boa, Werebear, Condescend, Tranquil Thicket, Circular Logic, Island, Island, Island, Island, Island, Island, Island, Forest, Forest, Waterfront Bouncer, Treetop Village, Opposition, Mana Leak, Cephalid Coliseum, Counterspell, Counterspell, Tradewind Rider, Birds of Paradise, Birds of Paradise, Wild Mongrel, Call of the Herd","Nimble Mongoose, Survival of the Fittest, Gush, Overrun, Defense Grid, Patriarch's Bidding, Rapid Decay, Squirrel Nest, Careful Study, Weatherseed Treefolk, Dismiss, Pacifism, Soltari Monk, Uktabi Orangutan, Pouncing Jaguar, Spike Weaver, Underground River, Force Spike, Phantom Centaur, Rancor, Cloudchaser Eagle, Goblin Sledder, Autumn Willow, Confiscate, Blastoderm, Blastoderm, Fires of Yavimaya, Phyrexian Negator, Flooded Strand"
"9","1","Green/Red","GR Stompy","Enchantments","12","11","17","2.87","Albino Troll, Overrun, Plow Under, Windswept Heath, Wall of Roots, Elvish Archers, Giant Growth, Centaur Garden, Reflecting Pool, Llanowar Elves, Uktabi Orangutan, Pouncing Jaguar, Saproling Burst, Saproling Burst, Gaea's Cradle, River Boa, Thornscape Battlemage, Sylvan Library, Rancor, Tranquil Thicket, Tranquil Thicket, Flametongue Kavu, Flametongue Kavu, Forest, Forest, Forest, Forest, Forest, Forest, Forest, Forest, Karplusan Forest, Karplusan Forest, Karplusan Forest, Blastoderm, Fires of Yavimaya, Fires of Yavimaya, Wild Mongrel, Call of the Herd, Call of the Herd","Pillage, Firestorm, Squirrel Nest, Llanowar Wastes, Goblin Warchief, Blazing Specter, Creeping Mold, Spike Feeder, Reflecting Pool, Arcbound Worker, Stone Rain, Wild Dogs, Sulfuric Vortex, Verdant Force, Kavu Chameleon, Rampant Growth, Shock, Renewed Faith, Fireball, Basking Rootwalla, Covetous Dragon, Skirk Prospector, Stupor, Order of Leitbur, Siege-Gang Commander, City of Brass, Bloodstained Mire, Paladin en-Vec"
"9","2","White","W Control","Spells","3","20","17","3.30","Talisman of Progress, Ancient Den, Eternal Dragon, Eternal Dragon, Parallax Wave, Parallax Wave, Balance, Grim Monolith, Ancient Tomb, Exalted Angel, Wrath of God, Wrath of God, Wrath of God, Blinkmoth Nexus, Replenish, Mishra's Factory, Decree of Justice, Decree of Justice, Skycloud Expanse, Skycloud Expanse, Secluded Steppe, Disenchant, Akroma's Vengeance, Swords to Plowshares, Swords to Plowshares, Swords to Plowshares, Plains, Plains, Plains, Plains, Enlightened Tutor, Counterspell, Land Tax, Adarkar Wastes, Aura of Silence, City of Traitors, Flooded Strand, Cloudpost, Cloudpost, Cloudpost","Warrior en-Kor, Last Rites, Llanowar Wastes, Creeping Mold, Pacifism, Serrated Arrows, Arcbound Ravager, Mishra's Helix, Repulse, Cranial Plating, Spike Weaver, Soltari Visionary, Metalworker, Metalworker, Thran Dynamo, Seal of Cleansing, Frogmite, Elfhame Palace, Thoughtcast, Order of Leitbur, White Knight, Academy Rector, Chrome Mox, Staunch Defenders"
"9","3","Red/Blue","RU Artifacts","Artifacts","3","20","17","3.30","Wildfire, Shivan Reef, Shivan Reef, Shivan Reef, Shivan Reef, Shadowblood Ridge, Sky Diamond, Defense Grid, Tinker, Icy Manipulator, Phyrexian Processor, Seat of the Synod, Seat of the Synod, Scrabbling Claws, Talisman of Dominance, Deep Analysis, Deep Analysis, Mishra's Factory, Krark-Clan Ironworks, Pentad Prism, Volrath's Stronghold, Underground River, Karn, Silver Golem, Darksteel Citadel, Barbed Sextant, Earthquake, Mountain, Mountain, Thran Dynamo, Fire // Ice, Worn Powerstone, Island, Covetous Dragon, Mind Stone, Phyrexian Colossus, Howling Mine, Rising Waters, Great Furnace, Great Furnace, Sulfurous Springs","Vault of Whispers, Phyrexian Tower, Wonder, Order of the Ebon Hand, Yawgmoth's Will, Duress, Dark Ritual, Dark Ritual, Nightscape Familiar, Terminate, Goblin Taskmaster, Undermine, Astral Slide, Knight of Stromgald, Quiet Speculation, Black Knight, Necropotence, Thunderscape Battlemage, Goblin Sledder, Nomads en-Kor, Myr Incubator, Drain Life, Yawgmoth's Bargain"
"9","4","Red","R Burn","Goblins","15","8","17","2.26","Wasteland, Hammer of Bogardan, Goblin Warchief, Lightning Bolt, Lightning Bolt, Lightning Bolt, Lightning Bolt, Gempalm Incinerator, Gempalm Incinerator, Goblin Piledriver, Ball Lightning, Ball Lightning, Mogg Fanatic, Jackal Pup, Jackal Pup, Ghitu Encampment, Rancor, Fireblast, Mountain, Mountain, Mountain, Mountain, Mountain, Mountain, Mountain, Mountain, Mountain, Mountain, Mountain, Mountain, Mountain, Mogg Flunkies, Mogg Flunkies, Mogg Flunkies, Karplusan Forest, Karplusan Forest, Ironclaw Orcs, Goblin Sharpshooter, Incinerate, Siege-Gang Commander","Wildfire, Simoon, Eternal Witness, Eternal Witness, Starstorm, Urza's Rage, Glory, Wax // Wane, Fallen Askari, Cursed Scroll, Viridian Shaman, Brushland, Soltari Monk, Llanowar Elves, Arcbound Worker, Shatter, Mirari's Wake, Nevinyrral's Disk, Werebear, Tranquil Thicket, Cloudchaser Eagle, Goblin Sledder, Ironclaw Orcs, Avalanche Riders, Ghazbán Ogre, Birds of Paradise, Birds of Paradise, Erhnam Djinn, Blastoderm, Anger, Empyrial Armor, Phyrexian Negator, Soltari Priest"
"9","5","Blue","U Combo","Artifacts","10","13","17","2.65","Voltaic Key, Winter Orb, Grim Monolith, Grim Monolith, Tinker, Phyrexian Processor, Somber Hoverguard, Swamp, Crystal Vein, Masticore, Arcbound Ravager, Arcbound Ravager, Krark-Clan Ironworks, Salt Marsh, Cranial Plating, Underground River, Ornithopter, Ornithopter, Frogmite, Frogmite, Frogmite, Worn Powerstone, Island, Island, Island, Island, Island, Island, Island, Island, Island, Island, Island, Tangle Wire, Tangle Wire, Disciple of the Vault, Thoughtcast, Welding Jar, Rishadan Port, Cloudpost","Vault of Whispers, Gemstone Mine, Dark Banishing, Shivan Reef, Accumulated Knowledge, Accumulated Knowledge, Yavimaya Coast, Contagion, Serra Angel, Temporal Aperture, Bottle Gnomes, Arcbound Worker, Arcbound Worker, Capsize, Arcanis the Omnipotent, Tree of Tales, Fellwar Stone, Fire Diamond, Akroma's Vengeance, Circular Logic, Sparksmith, Wing Shards, Anurid Brushhopper, Elfhame Palace, Tradewind Rider, Shrapnel Blast, Nekrataal, Krosan Verge, Parallax Tide, Soltari Priest, Crumbling Sanctuary, Reprisal"
"9","6","Black/Blue","BU Reanimator","Spells","7","16","17","2.91","Doomed Necromancer, Dance of the Dead, Frantic Search, Entomb, Llanowar Wastes, Llanowar Wastes, Blinkmoth Nexus, Fact or Fiction, Fact or Fiction, Darkwater Catacombs, Dark Ritual, Swamp, Swamp, Swamp, Swamp, Swamp, Swamp, Swamp, Merfolk Looter, Spirit of the Night, Buried Alive, Secluded Steppe, Miscalculation, Recurring Nightmare, Recurring Nightmare, Circular Logic, Island, Island, Island, Island, Island, Waterfront Bouncer, Zombify, Stitch Together, Psychatog, Psychatog, Ghastly Demise, Phantom Nishoba, Vampiric Tutor, Mystical Tutor","Cabal Therapy, Warrior en-Kor, Recoil, Patriarch's Bidding, Patriarch's Bidding, Rapid Decay, Ravenous Rats, Brainstorm, Addle, Fact or Fiction, Vendetta, Replenish, Serum Visions, Dismiss, Innocent Blood, Forbid, Astral Slide, Chainer's Edict, Force Spike, Secluded Steppe, Force of Will, Force of Will, Hymn to Tourach, Symbiotic Wurm, Renewed Faith, Cataclysm, Memory Lapse, Misdirection, Counterspell, Order of Leitbur, Phyrexian Arena, Seal of Removal"
"9","7","Green/Blue","GU Ramp","Creatures","16","7","17","3.13","Nimble Mongoose, Survival of the Fittest, Survival of the Fittest, Genesis, Eternal Witness, Wall of Roots, Yavimaya Coast, Yavimaya Coast, Yavimaya Coast, Yavimaya Coast, Aquamoeba, Deep Analysis, Man-o'-War, Man-o'-War, Phantom Centaur, Basking Rootwalla, Forest, Forest, Forest, Forest, Forest, Forest, Forest, Forest, Forest, Forest, Treetop Village, Roar of the Wurm, Roar of the Wurm, Opposition, Cephalid Coliseum, Control Magic, Birds of Paradise, Birds of Paradise, Arrogant Wurm, Arrogant Wurm, Saprazzan Skerry, Wild Mongrel, Wall of Blossoms, Wall of Blossoms","Urborg Volcano, Albino Troll, Aeolipile, Zuran Orb, Gush, Squirrel Nest, Exalted Angel, Llanowar Wastes, Careful Study, Goblin Grappler, Weatherseed Treefolk, Opalescence, Attunement, Brushland, Soltari Monk, Miscalculation, Miscalculation, Condescend, Barbed Sextant, Spite // Malice, Hydroblast, Thawing Glaciers, Autumn Willow, Armageddon, Confiscate, Black Vise, Academy Rector, Empyrial Armor, City of Brass, Flooded Strand"
"9","8","Black/Blue","BU Artifacts","Artifacts, Spells","0","23","17","2.30","Talisman of Progress, Diabolic Edict, Voltaic Key, Voltaic Key, Frantic Search, Accumulated Knowledge, Accumulated Knowledge, Tinker, Barren Moor, Icy Manipulator, Dark Ritual, Opt, Chainer's Edict, Upheaval, Underground River, Thirst for Knowledge, Thirst for Knowledge, Force of Will, Island, Island, Island, Island, Island, Island, Island, Island, Island, Island, Island, Island, Island, Island, Island, Mana Leak, Mind Stone, Powder Keg, Counterspell, Counterspell, Chrome Mox, Impulse","Ancient Den, Ray of Distortion, Order of the Ebon Hand, Yawgmoth's Will, Spiritmonger, Somber Hoverguard, Heart of Ramos, Undead Gladiator, Vendetta, Opalescence, Attunement, Plague Spitter, Masticore, Daze, Hypnotic Specter, Hypnotic Specter, Soltari Visionary, Visara the Dreadful, Jester's Cap, Kjeldoran Outpost, Black Knight, Necropotence, Necropotence, Smother, Phyrexian Scuta, Swords to Plowshares, Nomads en-Kor, Opposition, Evincar's Justice, Disciple of the Vault, Nekrataal, Ivory Tower, Pyroclasm, Drain Life, Bloodstained Mire"
"10","1","Green","G Ramp","Creatures","17","6","17","2.91","Survival of the Fittest, Overrun, Eternal Witness, Eternal Witness, Weatherseed Treefolk, Viridian Shaman, Llanowar Elves, Llanowar Elves, Verdant Force, Gaea's Cradle, River Boa, Sylvan Library, Werebear, Phantom Centaur, Rancor, Rancor, Tranquil Thicket, Tranquil Thicket, Basking Rootwalla, Forest, Forest, Forest, Forest, Forest, Forest, Forest, Forest, Forest, Forest, Forest, Forest, Forest, Treetop Village, Birds of Paradise, Birds of Paradise, Blastoderm, Blastoderm, Arrogant Wurm, Arrogant Wurm, Call of the Herd","Albino Troll, Warrior en-Kor, Patriarch's Bidding, Squirrel Nest, Ravenous Rats, Llanowar Wastes, Spiritmonger, Goblin Warchief, Wall of Roots, Gempalm Incinerator, Goblin Piledriver, Elvish Archers, Creeping Mold, Spike Feeder, Uktabi Orangutan, Arcbound Worker, Spirit of the Night, Volrath's Stronghold, Hypnotic Specter, Spike Weaver, Saproling Burst, Kavu Chameleon, Black Knight, Necropotence, Symbiotic Wurm, Mogg Flunkies, Autumn Willow, Elfhame Palace, Ghazbán Ogre, Order of Leitbur, Ghastly Demise, Drain Life, Wall of Blossoms"
"10","2","Blue","U Artifacts","Artifacts","8","15","17","3.04","Voltaic Key, Ancient Tomb, Tinker, Tinker, Tinker, Icy Manipulator, Phyrexian Processor, Seat of the Synod, Blinkmoth Nexus, Darkwater Catacombs, Talisman of Dominance, Mishra's Factory, Arcbound Ravager, Arcbound Ravager, Krark-Clan Ironworks, Krark-Clan Ironworks, Salt Marsh, Cranial Plating, Darksteel Citadel, Thirst for Knowledge, Metalworker, Metalworker, Ornithopter, Thran Dynamo, Frogmite, Frogmite, Worn Powerstone, Island, Island, Island, Island, Island, Island, Island, Island, Island, Island, Phyrexian Colossus, Thoughtcast, Chrome Mox","Urborg Volcano, Ancient Den, Dark Banishing, Nimble Mongoose, Simoon, Frantic Search, Accumulated Knowledge, Defense Grid, Yavimaya Coast, Wax // Wane, Goblin Grappler, Heart of Ramos, Cursed Scroll, Temporal Aperture, Undermine, Ball Lightning, Rampant Growth, Tree of Tales, Miscalculation, Quiet Speculation, Necropotence, Force of Will, Barbed Sextant, Shock, Skirk Prospector, Counterspell, Howling Mine, Ivory Tower, Psychatog, Fires of Yavimaya"
"10","3","Black/Blue","BU Combo","Artifacts","13","10","17","2.52","Vault of Whispers, Vault of Whispers, Winter Orb, Grim Monolith, Grim Monolith, Icy Manipulator, Seat of the Synod, Somber Hoverguard, Somber Hoverguard, Blinkmoth Nexus, Swamp, Swamp, Crystal Vein, Masticore, Arcbound Ravager, Arcbound Worker, Arcbound Worker, Arcbound Worker, Cranial Plating, Underground River, Karn, Silver Golem, Ornithopter, Frogmite, Frogmite, Island, Island, Island, Island, Island, Island, Island, Tangle Wire, Disciple of the Vault, Disciple of the Vault, Powder Keg, Thoughtcast, Welding Jar, Chrome Mox, Cloudpost, Cloudpost","Ancient Den, Zuran Orb, Recoil, Sky Diamond, Last Rites, Glory, Yavimaya Coast, Gempalm Incinerator, Brushland, Astral Slide, Wild Dogs, Pentad Prism, Hypnotic Specter, Capsize, Soltari Visionary, Upheaval, Jester's Cap, Arcanis the Omnipotent, Thirst for Knowledge, Black Knight, Fellwar Stone, Nevinyrral's Disk, Barbed Sextant, Goblin Sledder, Circular Logic, Waterfront Bouncer, Hydroblast, Phyrexian Negator, Flooded Strand"
"10","4","Red","R Stompy","Artifacts, Spells","7","16","17","3.00","Wasteland, Voltaic Key, Voltaic Key, Pillage, Wildfire, Wildfire, Starstorm, Lightning Bolt, Masticore, Stone Rain, Fire Diamond, Earthquake, Ghitu Encampment, Mountain, Mountain, Mountain, Mountain, Mountain, Mountain, Mountain, Mountain, Mountain, Fireball, Worn Powerstone, Flametongue Kavu, Flametongue Kavu, Karplusan Forest, Karplusan Forest, Karplusan Forest, Covetous Dragon, Covetous Dragon, Avalanche Riders, Mind Stone, Mind Stone, Shrapnel Blast, Siege-Gang Commander, Pyroclasm, Great Furnace, Great Furnace, Cloudpost","Firestorm, Plow Under, Urza's Rage, Goblin Warchief, Yavimaya Coast, Bottle Gnomes, Sulfuric Vortex, Saproling Burst, Shatter, Thornscape Battlemage, Jackal Pup, Jackal Pup, Akroma's Vengeance, Akroma's Vengeance, Goblin Sledder, Sparksmith, Karplusan Forest, Armageddon, Elfhame Palace, Myr Incubator, Birds of Paradise, Erhnam Djinn, Goblin Sharpshooter, Fires of Yavimaya, Wild Mongrel, Anger, City of Brass, Crumbling Sanctuary, Bloodstained Mire"
"10","5","Black/Green","BG Graveyard","Spells","9","14","17","2.52","Cabal Therapy, Survival of the Fittest, Doomed Necromancer, Genesis, Dance of the Dead, Entomb, Eternal Witness, Llanowar Wastes, Llanowar Wastes, Llanowar Wastes, Llanowar Wastes, Barren Moor, Undead Gladiator, Dark Ritual, Dark Ritual, Swamp, Swamp, Swamp, Swamp, Swamp, Swamp, Swamp, Swamp, Swamp, Swamp, Chainer's Edict, Visara the Dreadful, Buried Alive, Tranquil Thicket, Recurring Nightmare, Recurring Nightmare, Forest, Zombify, Stitch Together, Birds of Paradise, Nekrataal, Wild Mongrel, Vampiric Tutor, Call of the Herd, Wall of Blossoms","Albino Troll, Patriarch's Bidding, Rapid Decay, Order of the Ebon Hand, Order of the Ebon Hand, Yawgmoth's Will, Careful Study, Yavimaya Coast, Fallen Askari, Vendetta, Giant Growth, Creeping Mold, Attunement, Soltari Monk, Plague Spitter, Goblin Taskmaster, Pouncing Jaguar, Ball Lightning, Necropotence, Smother, Phyrexian Scuta, Basking Rootwalla, Spite // Malice, Roar of the Wurm, Stupor, Psychatog, Phantom Nishoba, Empyrial Armor, Empyrial Armor, Phyrexian Arena, Yawgmoth's Bargain"
"10","6","Black/Red/Blue","BRU Tempo","Spells","2","21","17","2.35","Shivan Reef, Shivan Reef, Shivan Reef, Shivan Reef, Shivan Reef, Shadowblood Ridge, Frantic Search, Phyrexian Tower, Accumulated Knowledge, Accumulated Knowledge, Accumulated Knowledge, Duress, Brainstorm, Fact or Fiction, Lightning Bolt, Lightning Bolt, Serum Visions, Nightscape Familiar, Terminate, Merfolk Looter, Forbid, Underground River, Underground River, Miscalculation, Miscalculation, Force of Will, Force of Will, Mountain, Fire // Ice, Circular Logic, Island, Island, Mana Leak, Cephalid Coliseum, Incinerate, Saprazzan Skerry, Flooded Strand, Rishadan Port, Sulfurous Springs, Impulse","Diabolic Edict, Hammer of Bogardan, Yawgmoth's Will, Blazing Specter, Vendetta, Dark Ritual, Dark Ritual, Aquamoeba, Innocent Blood, Chainer's Edict, Mogg Fanatic, Mirari's Wake, Knight of Stromgald, Hymn to Tourach, Thunderscape Battlemage, Fireblast, Mogg Flunkies, Evincar's Justice, Tradewind Rider, Nekrataal, Order of Leitbur, Drain Life, Bloodstained Mire"
"10","7","Blue/White","UW Control","Spells","4","19","17","2.91","Talisman of Progress, Grim Monolith, Exalted Angel, Replenish, Deep Analysis, Deep Analysis, Mishra's Factory, Dismiss, Man-o'-War, Man-o'-War, Decree of Justice, Repulse, Opt, Skycloud Expanse, Force Spike, Secluded Steppe, Cataclysm, Swords to Plowshares, Island, Island, Island, Island, Island, Island, Plains, Plains, Plains, Plains, Plains, Plains, Enlightened Tutor, Counterspell, Counterspell, Land Tax, Confiscate, Adarkar Wastes, Parallax Tide, Academy Rector, Cloudpost, Mystical Tutor","Aeolipile, Gemstone Mine, Gush, Windswept Heath, Squirrel Nest, Phyrexian Processor, Wall of Roots, Yavimaya Coast, Scrabbling Claws, Centaur Garden, Brushland, Mishra's Helix, Daze, Renewed Faith, Renewed Faith, Wing Shards, Roar of the Wurm, Nomads en-Kor, Nomads en-Kor, Karplusan Forest, Anurid Brushhopper, Opposition, Opposition, Tangle Wire, Thawing Glaciers, Rising Waters, Order of Leitbur, Krosan Verge, Black Vise, Aura of Silence, Staunch Defenders, Soltari Priest"
"10","8","Blue/White","UW Control","Spells, Enchantments","3","20","17","3.35","Talisman of Progress, Eternal Dragon, Eternal Dragon, Parallax Wave, Parallax Wave, Balance, Exalted Angel, Wrath of God, Wrath of God, Wrath of God, Fact or Fiction, Fact or Fiction, Pacifism, Decree of Justice, Reflecting Pool, Skycloud Expanse, Kjeldoran Outpost, Secluded Steppe, Secluded Steppe, Condescend, Seal of Cleansing, Swords to Plowshares, Swords to Plowshares, Swords to Plowshares, Island, Island, Island, Memory Lapse, Plains, Plains, Plains, Plains, Plains, Plains, Plains, Plains, Misdirection, Counterspell, Control Magic, City of Traitors","Warrior en-Kor, Ray of Distortion, Wonder, Addle, Contagion, Lightning Bolt, Serra Angel, Replenish, Deep Analysis, Opalescence, Opalescence, Attunement, Serrated Arrows, Soltari Monk, Reflecting Pool, Astral Slide, Soltari Visionary, Thran Dynamo, Disenchant, Cloudchaser Eagle, Mogg Flunkies, Ironclaw Orcs, Ironclaw Orcs, White Knight, Siege-Gang Commander, Academy Rector, Seal of Removal, City of Brass, Soltari Priest, Reprisal, Paladin en-Vec"
"11","1","Black","B Midrange","Spells, Enchantments","6","17","17","2.96","Vault of Whispers, Dark Banishing, Doomed Necromancer, Entomb, Yawgmoth's Will, Undead Gladiator, Vendetta, Dark Ritual, Dark Ritual, Swamp, Swamp, Swamp, Swamp, Swamp, Swamp, Swamp, Swamp, Swamp, Swamp, Swamp, Swamp, Swamp, Swamp, Swamp, Spirit of the Night, Volrath's Stronghold, Chainer's Edict, Visara the Dreadful, Buried Alive, Necropotence, Necropotence, Necropotence, Hymn to Tourach, Recurring Nightmare, Smother, Zombify, Nekrataal, Nekrataal, Ghastly Demise, Phyrexian Arena","Urborg Volcano, Eternal Dragon, Simoon, Recoil, Ray of Distortion, Overrun, Grim Monolith, Wonder, Patriarch's Bidding, Rapid Decay, Last Rites, Icy Manipulator, Goblin Warchief, Blazing Specter, Aquamoeba, Plague Spitter, Terminate, Goblin Taskmaster, Undermine, Skycloud Expanse, Knight of Stromgald, Fellwar Stone, Disenchant, Phyrexian Scuta, Spite // Malice, Mogg Flunkies, Anurid Brushhopper, Evincar's Justice, Autumn Willow, Avalanche Riders, Erhnam Djinn, Psychatog, Goblin Sharpshooter, Drain Life, Drain Life"
"11","2","Green","G Counters","Enchantments","15","8","17","2.65","Plow Under, Windswept Heath, Squirrel Nest, Squirrel Nest, Eternal Witness, Eternal Witness, Wall of Roots, Wall of Roots, Weatherseed Treefolk, Viridian Shaman, Spike Feeder, Centaur Garden, Brushland, Gaea's Cradle, River Boa, Sylvan Library, Werebear, Phantom Centaur, Rancor, Rancor, Tranquil Thicket, Tranquil Thicket, Tranquil Thicket, Forest, Forest, Forest, Forest, Forest, Forest, Forest, Treetop Village, Elfhame Palace, Birds of Paradise, Birds of Paradise, Birds of Paradise, Blastoderm, Blastoderm, Call of the Herd, Call of the Herd, Rishadan Port","Albino Troll, Albino Troll, Eternal Dragon, Parallax Wave, Nimble Mongoose, Gempalm Incinerator, Creeping Mold, Brushland, Soltari Monk, Reflecting Pool, Uktabi Orangutan, Saproling Burst, Saproling Burst, Mirari's Wake, Rampant Growth, Jackal Pup, Renewed Faith, Roar of the Wurm, Nomads en-Kor, Skirk Prospector, Elfhame Palace, Ghazbán Ogre, Rising Waters, Parallax Tide, Academy Rector, Wall of Blossoms, City of Brass"
"11","3","Black/Green","BG Graveyard","Black/Green","14","9","17","2.78","Cabal Therapy, Survival of the Fittest, Survival of the Fittest, Genesis, Dance of the Dead, Eternal Witness, Llanowar Wastes, Llanowar Wastes, Llanowar Wastes, Llanowar Wastes, Llanowar Wastes, Barren Moor, Spiritmonger, Vendetta, Swamp, Swamp, Swamp, Swamp, Llanowar Elves, Llanowar Elves, Chainer's Edict, Verdant Force, Symbiotic Wurm, Recurring Nightmare, Basking Rootwalla, Basking Rootwalla, Forest, Forest, Forest, Forest, Forest, Forest, Forest, Stitch Together, Birds of Paradise, Arrogant Wurm, Arrogant Wurm, Wild Mongrel, Vampiric Tutor, Wall of Blossoms","Aeolipile, Warrior en-Kor, Order of the Ebon Hand, Ravenous Rats, Icy Manipulator, Goblin Warchief, Contagion, Replenish, Bottle Gnomes, Giant Growth, Creeping Mold, Soltari Monk, Salt Marsh, Pouncing Jaguar, Hypnotic Specter, Hypnotic Specter, Spike Weaver, Soltari Visionary, Secluded Steppe, Black Knight, Thunderscape Battlemage, Fireblast, Flametongue Kavu, Karplusan Forest, Stupor, Disciple of the Vault, Phantom Nishoba, Anger, Phyrexian Negator, Crumbling Sanctuary, Bloodstained Mire"
"11","4","Blue","U Artifacts","Spells","1","22","17","2.70","Voltaic Key, Voltaic Key, Frantic Search, Accumulated Knowledge, Accumulated Knowledge, Accumulated Knowledge, Tinker, Careful Study, Yavimaya Coast, Fact or Fiction, Deep Analysis, Deep Analysis, Mishra's Factory, Dismiss, Crystal Vein, Man-o'-War, Opt, Upheaval, Miscalculation, Force of Will, Condescend, Thran Dynamo, Island, Island, Island, Island, Island, Island, Island, Island, Island, Island, Island, Island, Memory Lapse, Counterspell, Control Magic, Saprazzan Skerry, Cloudpost, Mystical Tutor","Diabolic Edict, Warrior en-Kor, Firestorm, Yavimaya Coast, Darkwater Catacombs, Goblin Piledriver, Replenish, Nightscape Familiar, Attunement, Masticore, Merfolk Looter, Pentad Prism, Underground River, Jester's Cap, Thornscape Battlemage, Renewed Faith, Circular Logic, Circular Logic, Waterfront Bouncer, Opposition, Tangle Wire, Powder Keg, Thoughtcast, Myr Incubator, Howling Mine, Psychatog, White Knight, Empyrial Armor, Flooded Strand, Great Furnace, Sulfurous Springs, Reprisal"
"11","5","White","W Artifacts","Artifacts, Spells","5","18","17","2.96","Talisman of Progress, Ancient Den, Winter Orb, Grim Monolith, Exalted Angel, Wrath of God, Wrath of God, Wrath of God, Phyrexian Processor, Masticore, Decree of Justice, Decree of Justice, Skycloud Expanse, Karn, Silver Golem, Kjeldoran Outpost, Darksteel Citadel, Secluded Steppe, Metalworker, Metalworker, Thran Dynamo, Swords to Plowshares, Swords to Plowshares, Swords to Plowshares, Swords to Plowshares, Worn Powerstone, Worn Powerstone, Island, Plains, Plains, Plains, Plains, Plains, Plains, Plains, Plains, Enlightened Tutor, Mind Stone, Adarkar Wastes, Cloudpost, Cloudpost","Sky Diamond, Glory, Lightning Bolt, Serra Angel, Heart of Ramos, Temporal Aperture, Reflecting Pool, Astral Slide, Kavu Chameleon, Shatter, Seal of Cleansing, Frogmite, Akroma's Vengeance, Cataclysm, Wing Shards, Karplusan Forest, Covetous Dragon, Armageddon, Land Tax, Order of Leitbur, Black Vise, Fires of Yavimaya, Fires of Yavimaya, Pyroclasm, Aura of Silence, Chrome Mox, Staunch Defenders, Soltari Priest, Soltari Priest"
"11","6","Red/Blue","RU Spellslinger","Spells","2","21","17","2.39","Shivan Reef, Shivan Reef, Shivan Reef, Shivan Reef, Shivan Reef, Gush, Accumulated Knowledge, Brainstorm, Seat of the Synod, Seat of the Synod, Fact or Fiction, Fact or Fiction, Lightning Bolt, Lightning Bolt, Lightning Bolt, Deep Analysis, Mishra's Factory, Man-o'-War, Forbid, Repulse, Daze, Force Spike, Miscalculation, Fireball, Fire // Ice, Flametongue Kavu, Island, Island, Island, Island, Island, Island, Karplusan Forest, Karplusan Forest, Mana Leak, Cephalid Coliseum, Counterspell, Counterspell, Seal of Removal, Impulse","Talisman of Progress, Pillage, Gemstone Mine, Wildfire, Shadowblood Ridge, Defense Grid, Somber Hoverguard, Elvish Archers, Attunement, Stone Rain, Ball Lightning, Sulfuric Vortex, Fire Diamond, Barbed Sextant, Goblin Sledder, Sparksmith, Karplusan Forest, Opposition, Covetous Dragon, Ironclaw Orcs, Ironclaw Orcs, Thawing Glaciers, Tradewind Rider, Confiscate, Wild Mongrel, City of Brass"
"11","7","Black/Red","BR Burn","Artifacts, Creatures","16","7","17","1.70","Vault of Whispers, Wasteland, Phyrexian Tower, Blinkmoth Nexus, Blinkmoth Nexus, Cursed Scroll, Swamp, Swamp, Swamp, Arcbound Ravager, Arcbound Ravager, Arcbound Ravager, Arcbound Worker, Arcbound Worker, Arcbound Worker, Arcbound Worker, Cranial Plating, Cranial Plating, Mogg Fanatic, Jackal Pup, Ghitu Encampment, Ornithopter, Mountain, Mountain, Mountain, Mountain, Mountain, Mountain, Frogmite, Frogmite, Frogmite, Shock, Mogg Flunkies, Mogg Flunkies, Disciple of the Vault, Shrapnel Blast, Incinerate, Chrome Mox, City of Traitors, Great Furnace","Ancient Den, Voltaic Key, Wildfire, Order of the Ebon Hand, Starstorm, Urza's Rage, Phyrexian Processor, Addle, Scrabbling Claws, Gempalm Incinerator, Wax // Wane, Goblin Grappler, Krark-Clan Ironworks, Mishra's Helix, Ball Lightning, Soltari Visionary, Tree of Tales, Barbed Sextant, Earthquake, Cloudchaser Eagle, Phyrexian Colossus, Ivory Tower, Order of Leitbur, Order of Leitbur, Krosan Verge, Siege-Gang Commander, Siege-Gang Commander, Welding Jar, Paladin en-Vec"
"11","8","Blue","U Artifacts","Artifacts, Spells","3","20","17","3.17","Frantic Search, Balance, Grim Monolith, Ancient Tomb, Tinker, Tinker, Somber Hoverguard, Yavimaya Coast, Yavimaya Coast, Talisman of Dominance, Serum Visions, Serrated Arrows, Krark-Clan Ironworks, Underground River, Underground River, Miscalculation, Thirst for Knowledge, Thirst for Knowledge, Force of Will, Force of Will, Nevinyrral's Disk, Ornithopter, Island, Island, Island, Island, Island, Island, Island, Island, Island, Plains, Misdirection, Tangle Wire, Mind Stone, Counterspell, Thoughtcast, Academy Rector, Flooded Strand, Cloudpost","Zuran Orb, Parallax Wave, Patriarch's Bidding, Exalted Angel, Hammer of Bogardan, Yawgmoth's Will, Duress, Yavimaya Coast, Fallen Askari, Dark Ritual, Dark Ritual, Opalescence, Opalescence, Pacifism, Innocent Blood, Astral Slide, Wild Dogs, Capsize, Arcanis the Omnipotent, Secluded Steppe, Quiet Speculation, Black Knight, Akroma's Vengeance, Goblin Sledder, Roar of the Wurm, Nomads en-Kor, Hydroblast, Empyrial Armor, Yawgmoth's Bargain, Bloodstained Mire"
"12","1","Red","R Artifacts","Artifacts","6","17","17","2.96","Ancient Den, Voltaic Key, Voltaic Key, Voltaic Key, Wildfire, Shivan Reef, Winter Orb, Grim Monolith, Tinker, Phyrexian Processor, Somber Hoverguard, Serrated Arrows, Masticore, Arcbound Ravager, Krark-Clan Ironworks, Mishra's Helix, Cranial Plating, Underground River, Karn, Silver Golem, Darksteel Citadel, Fire Diamond, Metalworker, Mountain, Mountain, Mountain, Mountain, Mountain, Worn Powerstone, Island, Island, Covetous Dragon, Mind Stone, Ivory Tower, Chrome Mox, City of Traitors, Great Furnace, Great Furnace, Sulfurous Springs, Cloudpost, Cloudpost","Ancient Den, Zuran Orb, Vault of Whispers, Simoon, Frantic Search, Wrath of God, Urza's Rage, Yavimaya Coast, Fallen Askari, Replenish, Bottle Gnomes, Aquamoeba, Serum Visions, Brushland, Decree of Justice, Kavu Chameleon, Jester's Cap, Necropotence, Earthquake, Hydroblast, Thawing Glaciers, Autumn Willow, Elfhame Palace, Counterspell, Land Tax, Confiscate, Order of Leitbur"
"12","2","Red","R Burn","Spells, Goblins","14","9","17","2.39","Hammer of Bogardan, Goblin Warchief, Goblin Warchief, Blinkmoth Nexus, Lightning Bolt, Lightning Bolt, Lightning Bolt, Lightning Bolt, Gempalm Incinerator, Gempalm Incinerator, Goblin Piledriver, Mishra's Factory, Ball Lightning, Sulfuric Vortex, Mogg Fanatic, Jackal Pup, Jackal Pup, Ghitu Encampment, Fireblast, Mountain, Mountain, Mountain, Mountain, Mountain, Mountain, Mountain, Mountain, Mountain, Mountain, Mountain, Mountain, Mountain, Shock, Flametongue Kavu, Mogg Flunkies, Mogg Flunkies, Goblin Sharpshooter, Incinerate, Siege-Gang Commander, Bloodstained Mire","Pillage, Wildfire, Shadowblood Ridge, Ray of Distortion, Rapid Decay, Squirrel Nest, Order of the Ebon Hand, Order of the Ebon Hand, Ravenous Rats, Starstorm, Yavimaya Coast, Vendetta, Cursed Scroll, Daze, Ball Lightning, Shatter, Tree of Tales, Black Knight, Fire // Ice, Goblin Sledder, Goblin Sledder, Sparksmith, Mogg Flunkies, Evincar's Justice, Skirk Prospector, Ironclaw Orcs, Avalanche Riders, Shrapnel Blast, Pyroclasm, Anger, Phyrexian Arena, Crumbling Sanctuary, Bloodstained Mire"
"12","3","White","W Weenie","Enchantments, Clerics","13","10","17","2.74","Wasteland, Parallax Wave, Parallax Wave, Exalted Angel, Exalted Angel, Serra Angel, Mishra's Factory, Pacifism, Soltari Monk, Soltari Monk, Soltari Visionary, Soltari Visionary, Kjeldoran Outpost, Secluded Steppe, Secluded Steppe, Ornithopter, Seal of Cleansing, Swords to Plowshares, Swords to Plowshares, Plains, Plains, Plains, Plains, Plains, Plains, Plains, Plains, Plains, Plains, Plains, Enlightened Tutor, Armageddon, Order of Leitbur, White Knight, Aura of Silence, Empyrial Armor, Rishadan Port, Soltari Priest, Soltari Priest, Paladin en-Vec","Eternal Dragon, Shivan Reef, Warrior en-Kor, Warrior en-Kor, Wax // Wane, Heart of Ramos, Opalescence, Opalescence, Arcbound Ravager, Man-o'-War, Decree of Justice, Astral Slide, Hypnotic Specter, Chainer's Edict, Sylvan Library, Quiet Speculation, Frogmite, Renewed Faith, Renewed Faith, Cloudchaser Eagle, Akroma's Vengeance, Nomads en-Kor, Stitch Together, Tangle Wire, Myr Incubator, Academy Rector, Academy Rector, Chrome Mox, Staunch Defenders, City of Brass, Reprisal"
"12","4","Black/Blue","BU Combo","Artifacts","8","15","17","1.91","Vault of Whispers, Phyrexian Tower, Grim Monolith, Grim Monolith, Ancient Tomb, Phyrexian Processor, Seat of the Synod, Scrabbling Claws, Darkwater Catacombs, Talisman of Dominance, Dark Ritual, Dark Ritual, Dark Ritual, Swamp, Swamp, Swamp, Swamp, Swamp, Swamp, Swamp, Swamp, Arcbound Ravager, Salt Marsh, Arcbound Worker, Arcbound Worker, Arcbound Worker, Cranial Plating, Underground River, Underground River, Ornithopter, Frogmite, Tangle Wire, Disciple of the Vault, Disciple of the Vault, Mind Stone, Thoughtcast, Thoughtcast, Black Vise, Saprazzan Skerry, Vampiric Tutor","Urborg Volcano, Aeolipile, Dark Banishing, Shivan Reef, Duress, Yavimaya Coast, Contagion, Goblin Grappler, Undead Gladiator, Nightscape Familiar, Merfolk Looter, Undermine, Arcbound Worker, Pouncing Jaguar, Pentad Prism, Hypnotic Specter, Knight of Stromgald, Necropotence, Hymn to Tourach, Circular Logic, Spite // Malice, Opposition, Nekrataal, Psychatog, Ghastly Demise, Drain Life, Drain Life, Wall of Blossoms"
"12","5","Blue","U Artifacts","Artifacts, Spells","4","19","17","3.52","Talisman of Progress, Talisman of Progress, Tinker, Tinker, Icy Manipulator, Brainstorm, Seat of the Synod, Yavimaya Coast, Blinkmoth Nexus, Fact or Fiction, Fact or Fiction, Masticore, Krark-Clan Ironworks, Skycloud Expanse, Upheaval, Thirst for Knowledge, Fellwar Stone, Force of Will, Force of Will, Metalworker, Thran Dynamo, Thran Dynamo, Frogmite, Worn Powerstone, Island, Island, Island, Island, Island, Island, Island, Island, Island, Cephalid Coliseum, Phyrexian Colossus, Counterspell, Howling Mine, Flooded Strand, Cloudpost, Cloudpost","Shivan Reef, Balance, Defense Grid, Wonder, Yawgmoth's Will, Addle, Somber Hoverguard, Yavimaya Coast, Temporal Aperture, Attunement, Repulse, Astral Slide, Wild Dogs, Mirari's Wake, Force Spike, Arcanis the Omnipotent, Nevinyrral's Disk, Barbed Sextant, Barbed Sextant, Tranquil Thicket, Frogmite, Akroma's Vengeance, Karplusan Forest, Covetous Dragon, Powder Keg, Krosan Verge, Welding Jar, Empyrial Armor, City of Brass"
"12","6","Black/Green","BG Graveyard","Creatures","16","7","17","3.48","Survival of the Fittest, Doomed Necromancer, Genesis, Dance of the Dead, Entomb, Eternal Witness, Eternal Witness, Llanowar Wastes, Llanowar Wastes, Llanowar Wastes, Llanowar Wastes, Llanowar Wastes, Barren Moor, Spiritmonger, Swamp, Swamp, Swamp, Centaur Garden, Volrath's Stronghold, Visara the Dreadful, Verdant Force, Buried Alive, Symbiotic Wurm, Recurring Nightmare, Recurring Nightmare, Forest, Forest, Forest, Forest, Forest, Forest, Zombify, Birds of Paradise, Birds of Paradise, Birds of Paradise, Nekrataal, Arrogant Wurm, Arrogant Wurm, Wild Mongrel, Wild Mongrel","Cabal Therapy, Diabolic Edict, Nimble Mongoose, Squirrel Nest, Last Rites, Yawgmoth's Will, Glory, Blazing Specter, Vendetta, Elvish Archers, Dark Ritual, Giant Growth, Spike Feeder, Terminate, Uktabi Orangutan, Chainer's Edict, Rampant Growth, Black Knight, Necropotence, Smother, Phyrexian Scuta, Basking Rootwalla, Basking Rootwalla, Roar of the Wurm, Stupor, Ghazbán Ogre, Blastoderm, Call of the Herd, Yawgmoth's Bargain"
"12","7","Blue","U Control","Spells","1","22","17","2.83","Accumulated Knowledge, Accumulated Knowledge, Fact or Fiction, Deep Analysis, Deep Analysis, Deep Analysis, Dismiss, Man-o'-War, Forbid, Opt, Miscalculation, Miscalculation, Miscalculation, Force of Will, Condescend, Circular Logic, Island, Island, Island, Island, Island, Island, Island, Island, Island, Island, Island, Island, Island, Island, Island, Island, Memory Lapse, Misdirection, Mana Leak, Counterspell, Counterspell, Control Magic, Flooded Strand, Impulse","Eternal Dragon, Shivan Reef, Recoil, Gush, Frantic Search, Accumulated Knowledge, Accumulated Knowledge, Sky Diamond, Patriarch's Bidding, Patriarch's Bidding, Careful Study, Wrath of God, Wrath of God, Icy Manipulator, Replenish, Attunement, Plague Spitter, Goblin Taskmaster, Reflecting Pool, Skycloud Expanse, Capsize, Secluded Steppe, Thirst for Knowledge, Disenchant, Cataclysm, Swords to Plowshares, Swords to Plowshares, Wing Shards, Waterfront Bouncer, Erhnam Djinn, Adarkar Wastes, Psychatog, Order of Leitbur, Parallax Tide, Seal of Removal, Mystical Tutor"
"12","8","Green","G Stompy","Enchantments","14","9","17","2.78","Albino Troll, Albino Troll, Survival of the Fittest, Overrun, Plow Under, Eternal Witness, Wall of Roots, Wall of Roots, Weatherseed Treefolk, Viridian Shaman, Crystal Vein, Llanowar Elves, Llanowar Elves, Saproling Burst, Saproling Burst, Gaea's Cradle, River Boa, Werebear, Phantom Centaur, Rancor, Rancor, Tranquil Thicket, Tranquil Thicket, Forest, Forest, Forest, Forest, Forest, Forest, Forest, Forest, Treetop Village, Karplusan Forest, Karplusan Forest, Karplusan Forest, Karplusan Forest, Birds of Paradise, Blastoderm, Fires of Yavimaya, Call of the Herd","Gemstone Mine, Firestorm, Windswept Heath, Creeping Mold, Creeping Mold, Brushland, Innocent Blood, Reflecting Pool, Stone Rain, Spirit of the Night, Spike Weaver, Thornscape Battlemage, Thunderscape Battlemage, Fireball, Flametongue Kavu, Roar of the Wurm, Nomads en-Kor, Anurid Brushhopper, Opposition, Ironclaw Orcs, Elfhame Palace, Tradewind Rider, Rising Waters, Siege-Gang Commander, Fires of Yavimaya, Phantom Nishoba, Wall of Blossoms, Phyrexian Negator"
"13","1","Colorless","Combo","Artifacts","14","9","17","3.43","Voltaic Key, Ancient Tomb, Tinker, Phyrexian Processor, Phyrexian Processor, Swamp, Crystal Vein, Masticore, Masticore, Arcbound Ravager, Arcbound Ravager, Krark-Clan Ironworks, Krark-Clan Ironworks, Mishra's Helix, Cranial Plating, Karn, Silver Golem, Darksteel Citadel, Metalworker, Metalworker, Ornithopter, Frogmite, Frogmite, Frogmite, Frogmite, Island, Island, Island, Island, Island, Island, Island, Disciple of the Vault, Phyrexian Colossus, Thoughtcast, City of Traitors, Cloudpost, Cloudpost, Cloudpost, Cloudpost, Bloodstained Mire","Talisman of Progress, Talisman of Progress, Ancient Den, Vault of Whispers, Wildfire, Balance, Defense Grid, Windswept Heath, Rapid Decay, Icy Manipulator, Somber Hoverguard, Elvish Archers, Temporal Aperture, Jester's Cap, Thornscape Battlemage, Thirst for Knowledge, Black Knight, Thran Dynamo, Akroma's Vengeance, Worn Powerstone, Karplusan Forest, Enlightened Tutor, Mind Stone, Blastoderm, Aura of Silence, Great Furnace, Soltari Priest, Bloodstained Mire"
"13","2","Blue/White","UW Control","Spells","0","23","17","3.00","Shivan Reef, Accumulated Knowledge, Accumulated Knowledge, Accumulated Knowledge, Wrath of God, Wrath of God, Wrath of God, Deep Analysis, Decree of Justice, Forbid, Repulse, Skycloud Expanse, Skycloud Expanse, Underground River, Secluded Steppe, Secluded Steppe, Miscalculation, Force of Will, Force of Will, Condescend, Swords to Plowshares, Swords to Plowshares, Island, Island, Island, Island, Island, Plains, Plains, Plains, Counterspell, Counterspell, Counterspell, Control Magic, Confiscate, Adarkar Wastes, Parallax Tide, Flooded Strand, Flooded Strand, Impulse","Parallax Wave, Shivan Reef, Firestorm, Sky Diamond, Grim Monolith, Grim Monolith, Yawgmoth's Will, Starstorm, Icy Manipulator, Giant Growth, Soltari Monk, Pouncing Jaguar, Astral Slide, Underground River, Barbed Sextant, Renewed Faith, Renewed Faith, Akroma's Vengeance, Fire // Ice, Flametongue Kavu, Mind Stone, Myr Incubator, Howling Mine, Land Tax, Order of Leitbur, Fires of Yavimaya, Anger, Sulfurous Springs"
"13","3","Black/Green","BG Graveyard","Black/Green","13","10","17","3.61","Survival of the Fittest, Doomed Necromancer, Genesis, Dance of the Dead, Phyrexian Tower, Entomb, Eternal Witness, Llanowar Wastes, Llanowar Wastes, Llanowar Wastes, Llanowar Wastes, Barren Moor, Spiritmonger, Undead Gladiator, Dark Ritual, Swamp, Swamp, Swamp, Swamp, Swamp, Spirit of the Night, Volrath's Stronghold, Chainer's Edict, Visara the Dreadful, Verdant Force, Gaea's Cradle, Buried Alive, Symbiotic Wurm, Recurring Nightmare, Forest, Forest, Forest, Forest, Roar of the Wurm, Zombify, Stitch Together, Birds of Paradise, Birds of Paradise, Wild Mongrel, Wall of Blossoms","Diabolic Edict, Dark Banishing, Nimble Mongoose, Patriarch's Bidding, Order of the Ebon Hand, Ravenous Rats, Blazing Specter, Weatherseed Treefolk, Vendetta, Innocent Blood, Hypnotic Specter, Saproling Burst, River Boa, Knight of Stromgald, Quiet Speculation, Black Knight, Necropotence, Werebear, Smother, Goblin Sledder, Phyrexian Scuta, Karplusan Forest, Disciple of the Vault, Psychatog, Arrogant Wurm, Fires of Yavimaya, Drain Life, Drain Life, Yawgmoth's Bargain"
"13","4","Red","R Burn","Spells, Goblins","14","9","17","2.48","Hammer of Bogardan, Goblin Warchief, Goblin Warchief, Blinkmoth Nexus, Blinkmoth Nexus, Lightning Bolt, Lightning Bolt, Lightning Bolt, Lightning Bolt, Gempalm Incinerator, Goblin Piledriver, Mishra's Factory, Mishra's Factory, Ball Lightning, Sulfuric Vortex, Mogg Fanatic, Jackal Pup, Jackal Pup, Ghitu Encampment, Fireblast, Mountain, Mountain, Mountain, Mountain, Mountain, Mountain, Mountain, Mountain, Mountain, Mountain, Mountain, Shock, Flametongue Kavu, Sparksmith, Mogg Flunkies, Goblin Sharpshooter, Incinerate, Siege-Gang Commander, Siege-Gang Commander, Great Furnace","Urborg Volcano, Pillage, Wildfire, Warrior en-Kor, Warrior en-Kor, Urza's Rage, Goblin Grappler, Cursed Scroll, Opalescence, Soltari Monk, Arcbound Ravager, Arcbound Worker, Stone Rain, Astral Slide, Soltari Visionary, Shatter, Fire Diamond, Earthquake, Fireball, Goblin Sledder, Covetous Dragon, Covetous Dragon, Skirk Prospector, Tangle Wire, Ironclaw Orcs, Ironclaw Orcs, Avalanche Riders, Shrapnel Blast, Black Vise, Pyroclasm, Phyrexian Negator"
"13","5","Blue","U Artifacts","Artifacts, Spells","2","21","17","2.91","Voltaic Key, Voltaic Key, Shivan Reef, Frantic Search, Frantic Search, Accumulated Knowledge, Winter Orb, Grim Monolith, Tinker, Tinker, Seat of the Synod, Somber Hoverguard, Yavimaya Coast, Fact or Fiction, Scrabbling Claws, Dismiss, Daze, Upheaval, Force Spike, Arcanis the Omnipotent, Miscalculation, Worn Powerstone, Island, Island, Island, Island, Island, Island, Island, Island, Island, Island, Island, Island, Island, Memory Lapse, Tangle Wire, Mana Leak, Thoughtcast, Rishadan Port","Aeolipile, Zuran Orb, Shivan Reef, Simoon, Shadowblood Ridge, Wonder, Plow Under, Yavimaya Coast, Heart of Ramos, Bottle Gnomes, Viridian Shaman, Spike Feeder, Attunement, Serrated Arrows, Man-o'-War, Man-o'-War, Salt Marsh, Arcbound Worker, Tree of Tales, Necropotence, Nevinyrral's Disk, Barbed Sextant, Circular Logic, Basking Rootwalla, Hydroblast, Karplusan Forest, Opposition, Elfhame Palace, Krosan Verge, Welding Jar, Staunch Defenders, Call of the Herd, Seal of Removal"
"13","6","Black/Blue","BU Tempo","Spells","3","20","17","2.65","Vault of Whispers, Recoil, Gush, Duress, Fact or Fiction, Darkwater Catacombs, Vendetta, Dark Ritual, Dark Ritual, Dark Ritual, Swamp, Swamp, Swamp, Swamp, Swamp, Swamp, Swamp, Swamp, Swamp, Swamp, Undermine, Hypnotic Specter, Chainer's Edict, Underground River, Miscalculation, Hymn to Tourach, Circular Logic, Island, Island, Spite // Malice, Evincar's Justice, Stupor, Cephalid Coliseum, Counterspell, Nekrataal, Psychatog, Ghastly Demise, Vampiric Tutor, Phyrexian Arena, City of Brass","Cabal Therapy, Eternal Dragon, Gemstone Mine, Ray of Distortion, Order of the Ebon Hand, Yawgmoth's Will, Contagion, Fallen Askari, Nightscape Familiar, Deep Analysis, Plague Spitter, Terminate, Goblin Taskmaster, Arcbound Worker, Opt, Ball Lightning, Cranial Plating, Spike Weaver, Necropotence, Thunderscape Battlemage, Recurring Nightmare, Waterfront Bouncer, Mogg Flunkies, Misdirection, Thawing Glaciers, Autumn Willow, Ghazbán Ogre, Ivory Tower, Chrome Mox, City of Brass, Crumbling Sanctuary, Mystical Tutor"
"13","7","Green/White","GW Counters","Enchantments","10","13","17","2.96","Ancient Den, Eternal Dragon, Wasteland, Parallax Wave, Squirrel Nest, Exalted Angel, Exalted Angel, Wall of Roots, Replenish, Opalescence, Brushland, Brushland, Pacifism, Decree of Justice, Llanowar Elves, Llanowar Elves, Mirari's Wake, Kjeldoran Outpost, Secluded Steppe, Sylvan Library, Rancor, Rancor, Tranquil Thicket, Tranquil Thicket, Seal of Cleansing, Swords to Plowshares, Swords to Plowshares, Forest, Forest, Forest, Plains, Plains, Plains, Plains, Plains, Elfhame Palace, Birds of Paradise, Academy Rector, Academy Rector, Wall of Blossoms","Overrun, Last Rites, Llanowar Wastes, Glory, Serra Angel, Replenish, Reflecting Pool, Uktabi Orangutan, Soltari Visionary, Phantom Centaur, Disenchant, Cloudchaser Eagle, Cataclysm, Wing Shards, Karplusan Forest, Anurid Brushhopper, Armageddon, Nekrataal, Erhnam Djinn, Order of Leitbur, Order of Leitbur, White Knight, Chrome Mox, Empyrial Armor, Empyrial Armor, Soltari Priest, Reprisal, Paladin en-Vec"
"13","8","Green/Blue","GU Ramp","Spells","11","12","17","2.87","Survival of the Fittest, Eternal Witness, Eternal Witness, Careful Study, Brainstorm, Seat of the Synod, Wall of Roots, Yavimaya Coast, Yavimaya Coast, Yavimaya Coast, Fact or Fiction, Aquamoeba, Serum Visions, Deep Analysis, Centaur Garden, Merfolk Looter, Capsize, Rampant Growth, Force of Will, Tranquil Thicket, Island, Island, Island, Basking Rootwalla, Forest, Forest, Forest, Forest, Forest, Forest, Treetop Village, Roar of the Wurm, Opposition, Tradewind Rider, Birds of Paradise, Blastoderm, Arrogant Wurm, Saprazzan Skerry, Wild Mongrel, Call of the Herd","Albino Troll, Albino Troll, Shivan Reef, Patriarch's Bidding, Squirrel Nest, Addle, Gempalm Incinerator, Wax // Wane, Talisman of Dominance, Creeping Mold, Creeping Mold, Attunement, Reflecting Pool, Arcbound Worker, Wild Dogs, Pentad Prism, Saproling Burst, Kavu Chameleon, Thirst for Knowledge, Fellwar Stone, Ornithopter, Thran Dynamo, Nomads en-Kor, Nomads en-Kor, Mogg Flunkies, Karplusan Forest, Powder Keg, Rising Waters, Phantom Nishoba"
"14","1","Green","G Stompy","Enchantments","15","8","17","2.96","Survival of the Fittest, Genesis, Overrun, Eternal Witness, Eternal Witness, Weatherseed Treefolk, Centaur Garden, Llanowar Elves, Verdant Force, Saproling Burst, Gaea's Cradle, Sylvan Library, Werebear, Phantom Centaur, Rancor, Rancor, Tranquil Thicket, Basking Rootwalla, Basking Rootwalla, Forest, Forest, Forest, Forest, Forest, Forest, Forest, Forest, Forest, Forest, Forest, Forest, Treetop Village, Karplusan Forest, Birds of Paradise, Blastoderm, Blastoderm, Wild Mongrel, Wild Mongrel, Call of the Herd, Call of the Herd","Albino Troll, Albino Troll, Warrior en-Kor, Ray of Distortion, Plow Under, Squirrel Nest, Lightning Bolt, Lightning Bolt, Elvish Archers, Giant Growth, Serrated Arrows, Reflecting Pool, Uktabi Orangutan, Arcbound Worker, Stone Rain, Wild Dogs, Sulfuric Vortex, Saproling Burst, Mogg Fanatic, Thornscape Battlemage, Mogg Flunkies, Karplusan Forest, Disciple of the Vault, Erhnam Djinn, Krosan Verge, Arrogant Wurm, Fires of Yavimaya, Fires of Yavimaya, Empyrial Armor, Wall of Blossoms, Phyrexian Negator, Soltari Priest"
"14","2","Black","B Midrange","Spells, Enchantments","6","17","17","2.57","Diabolic Edict, Vault of Whispers, Dark Banishing, Phyrexian Tower, Ravenous Rats, Barren Moor, Contagion, Undead Gladiator, Dark Ritual, Swamp, Swamp, Swamp, Swamp, Swamp, Swamp, Swamp, Swamp, Swamp, Swamp, Swamp, Swamp, Swamp, Innocent Blood, Volrath's Stronghold, Hypnotic Specter, Hypnotic Specter, Chainer's Edict, Chainer's Edict, Necropotence, Necropotence, Necropotence, Recurring Nightmare, Smother, Stupor, Nekrataal, Nekrataal, Ghastly Demise, Drain Life, Vampiric Tutor, Phyrexian Arena","Urborg Volcano, Aeolipile, Gemstone Mine, Frantic Search, Frantic Search, Grim Monolith, Patriarch's Bidding, Order of the Ebon Hand, Order of the Ebon Hand, Yawgmoth's Will, Gempalm Incinerator, Darkwater Catacombs, Fallen Askari, Serra Angel, Blazing Specter, Heart of Ramos, Aquamoeba, Nightscape Familiar, Plague Spitter, Salt Marsh, Astral Slide, Soltari Visionary, Visara the Dreadful, Symbiotic Wurm, Goblin Sledder, Zombify, Stitch Together, Evincar's Justice, Ironclaw Orcs, Autumn Willow, Order of Leitbur, Parallax Tide, Yawgmoth's Bargain"
"14","3","Green/Blue","GU Ramp","Spells","9","14","17","2.83","Eternal Witness, Llanowar Wastes, Wall of Roots, Wall of Roots, Yavimaya Coast, Yavimaya Coast, Yavimaya Coast, Yavimaya Coast, Yavimaya Coast, Fact or Fiction, Serum Visions, Deep Analysis, Mishra's Factory, Man-o'-War, Llanowar Elves, Forbid, Daze, Upheaval, Rampant Growth, Miscalculation, Island, Island, Island, Island, Island, Forest, Forest, Forest, Forest, Forest, Roar of the Wurm, Opposition, Opposition, Counterspell, Counterspell, Birds of Paradise, Birds of Paradise, Birds of Paradise, Confiscate, Wall of Blossoms","Survival of the Fittest, Simoon, Gush, Accumulated Knowledge, Accumulated Knowledge, Wonder, Squirrel Nest, Llanowar Wastes, Urza's Rage, Gempalm Incinerator, Wax // Wane, Bottle Gnomes, Creeping Mold, Viridian Shaman, Spike Feeder, Brushland, Reflecting Pool, Pouncing Jaguar, Ball Lightning, Mirari's Wake, River Boa, Black Knight, Circular Logic, Circular Logic, Mogg Flunkies, Rising Waters, Black Vise, Anger, City of Brass, Paladin en-Vec"
"14","4","Red","R Combo","Artifacts","9","14","17","3.30","Pillage, Wildfire, Winter Orb, Grim Monolith, Grim Monolith, Phyrexian Processor, Phyrexian Processor, Cursed Scroll, Crystal Vein, Masticore, Arcbound Ravager, Arcbound Ravager, Karn, Silver Golem, Fellwar Stone, Fire Diamond, Barbed Sextant, Mountain, Mountain, Mountain, Mountain, Mountain, Mountain, Mountain, Mountain, Mountain, Mountain, Mountain, Thran Dynamo, Frogmite, Frogmite, Worn Powerstone, Covetous Dragon, Covetous Dragon, Phyrexian Colossus, Shrapnel Blast, Rishadan Port, Great Furnace, Cloudpost, Cloudpost, Cloudpost","Ancient Den, Shivan Reef, Firestorm, Sky Diamond, Patriarch's Bidding, Hammer of Bogardan, Last Rites, Llanowar Wastes, Lightning Bolt, Lightning Bolt, Pentad Prism, Ball Lightning, Cranial Plating, Cranial Plating, Kavu Chameleon, Shatter, Tree of Tales, Jackal Pup, Jackal Pup, Thunderscape Battlemage, Shock, Fireball, Flametongue Kavu, Roar of the Wurm, Mogg Flunkies, Skirk Prospector, Avalanche Riders, Powder Keg, Howling Mine, Goblin Sharpshooter, Chrome Mox"
"14","5","Black/Blue","BU Reanimator","Spells","4","19","17","2.30","Cabal Therapy, Doomed Necromancer, Dance of the Dead, Entomb, Llanowar Wastes, Careful Study, Duress, Brainstorm, Blinkmoth Nexus, Fact or Fiction, Talisman of Dominance, Vendetta, Vendetta, Dark Ritual, Dark Ritual, Dark Ritual, Swamp, Swamp, Swamp, Swamp, Swamp, Swamp, Swamp, Swamp, Deep Analysis, Spirit of the Night, Buried Alive, Underground River, Underground River, Underground River, Force of Will, Hymn to Tourach, Recurring Nightmare, Waterfront Bouncer, Cephalid Coliseum, Psychatog, Saprazzan Skerry, Mystical Tutor, Bloodstained Mire, Bloodstained Mire","Shadowblood Ridge, Recoil, Balance, Rapid Decay, Llanowar Wastes, Yawgmoth's Will, Starstorm, Addle, Goblin Warchief, Attunement, Goblin Taskmaster, Spike Weaver, Jester's Cap, Knight of Stromgald, Black Knight, Barbed Sextant, Tranquil Thicket, Ornithopter, Fire // Ice, Phyrexian Scuta, Flametongue Kavu, Disciple of the Vault, Ghazbán Ogre, Arrogant Wurm, Drain Life, Flooded Strand, Sulfurous Springs, Crumbling Sanctuary"
"14","6","White","W Control","Spells, Enchantments","5","18","17","3.30","Talisman of Progress, Ancient Den, Eternal Dragon, Parallax Wave, Parallax Wave, Exalted Angel, Exalted Angel, Wrath of God, Opalescence, Opalescence, Mishra's Factory, Pacifism, Decree of Justice, Decree of Justice, Skycloud Expanse, Kjeldoran Outpost, Secluded Steppe, Secluded Steppe, Seal of Cleansing, Renewed Faith, Renewed Faith, Swords to Plowshares, Swords to Plowshares, Plains, Plains, Plains, Plains, Plains, Plains, Plains, Plains, Enlightened Tutor, Mind Stone, Elfhame Palace, Land Tax, Adarkar Wastes, Academy Rector, Academy Rector, Aura of Silence, Flooded Strand","Warrior en-Kor, Goblin Piledriver, Replenish, Deep Analysis, Brushland, Soltari Monk, Soltari Monk, Masticore, Man-o'-War, Undermine, Arcbound Worker, Soltari Visionary, Frogmite, Goblin Sledder, Cataclysm, Sparksmith, Wing Shards, Armageddon, Elfhame Palace, Myr Incubator, Order of Leitbur, Order of Leitbur, White Knight, Phantom Nishoba, Staunch Defenders, Empyrial Armor, Soltari Priest, Reprisal"
"14","7","Blue/White","UW Control","Artifacts, Spells","0","23","17","2.78","Talisman of Progress, Wrath of God, Wrath of God, Icy Manipulator, Icy Manipulator, Seat of the Synod, Blinkmoth Nexus, Dismiss, Opt, Skycloud Expanse, Force Spike, Secluded Steppe, Miscalculation, Miscalculation, Force of Will, Force of Will, Nevinyrral's Disk, Condescend, Swords to Plowshares, Swords to Plowshares, Island, Island, Island, Island, Island, Island, Island, Island, Island, Island, Memory Lapse, Plains, Karplusan Forest, Misdirection, Mind Stone, Counterspell, Counterspell, Control Magic, Impulse, Cloudpost","Eternal Dragon, Zuran Orb, Vault of Whispers, Voltaic Key, Accumulated Knowledge, Accumulated Knowledge, Glory, Goblin Grappler, Creeping Mold, Attunement, Terminate, Merfolk Looter, Arcbound Worker, Repulse, Astral Slide, Capsize, Arcanis the Omnipotent, Quiet Speculation, Thirst for Knowledge, Ornithopter, Frogmite, Akroma's Vengeance, Akroma's Vengeance, Spite // Malice, Nomads en-Kor, Karplusan Forest, Tradewind Rider, Ivory Tower, Psychatog, Siege-Gang Commander, Seal of Removal"
"14","8","Blue","U Artifacts","Artifacts","5","18","17","3.30","Wasteland, Voltaic Key, Voltaic Key, Wildfire, Shivan Reef, Shivan Reef, Shivan Reef, Shivan Reef, Ancient Tomb, Tinker, Tinker, Tinker, Seat of the Synod, Somber Hoverguard, Somber Hoverguard, Arcbound Ravager, Krark-Clan Ironworks, Krark-Clan Ironworks, Mishra's Helix, Darksteel Citadel, Thirst for Knowledge, Metalworker, Metalworker, Mountain, Mountain, Mountain, Mountain, Mountain, Thran Dynamo, Worn Powerstone, Island, Island, Island, Tangle Wire, Tangle Wire, Thoughtcast, Thoughtcast, Welding Jar, Chrome Mox, City of Traitors","Nimble Mongoose, Defense Grid, Windswept Heath, Spiritmonger, Goblin Warchief, Fact or Fiction, Scrabbling Claws, Replenish, Temporal Aperture, Arcbound Worker, Earthquake, Ghitu Encampment, Fireblast, Tranquil Thicket, Disenchant, Cloudchaser Eagle, Nomads en-Kor, Hydroblast, Karplusan Forest, Anurid Brushhopper, Mana Leak, Ironclaw Orcs, Thawing Glaciers, Incinerate, Siege-Gang Commander, Pyroclasm, City of Brass, Great Furnace"
"15","1","Green","G Ramp","Creatures","17","6","17","2.83","Survival of the Fittest, Genesis, Overrun, Eternal Witness, Eternal Witness, Eternal Witness, Viridian Shaman, Centaur Garden, Llanowar Elves, Llanowar Elves, Gaea's Cradle, River Boa, Tree of Tales, Sylvan Library, Werebear, Phantom Centaur, Rancor, Tranquil Thicket, Forest, Forest, Forest, Forest, Forest, Forest, Forest, Forest, Forest, Forest, Forest, Treetop Village, Birds of Paradise, Birds of Paradise, Blastoderm, Blastoderm, Arrogant Wurm, Arrogant Wurm, Wild Mongrel, Call of the Herd, Call of the Herd, Rishadan Port","Albino Troll, Albino Troll, Nimble Mongoose, Winter Orb, Squirrel Nest, Squirrel Nest, Llanowar Wastes, Spiritmonger, Wall of Roots, Gempalm Incinerator, Weatherseed Treefolk, Elvish Archers, Creeping Mold, Opalescence, Spike Feeder, Masticore, Goblin Taskmaster, Uktabi Orangutan, Arcbound Worker, Arcbound Worker, Pouncing Jaguar, Spike Weaver, Verdant Force, Saproling Burst, Cloudchaser Eagle, Flametongue Kavu, Karplusan Forest, Elfhame Palace, Erhnam Djinn, Wall of Blossoms, Great Furnace"
"15","2","Green/Red","GR Stompy","Artifacts, Spells","8","15","17","2.65","Shivan Reef, Shivan Reef, Shivan Reef, Shivan Reef, Shivan Reef, Firestorm, Plow Under, Yavimaya Coast, Yavimaya Coast, Lightning Bolt, Lightning Bolt, Giant Growth, Brushland, Serrated Arrows, Masticore, Kavu Chameleon, Rampant Growth, Thornscape Battlemage, Fellwar Stone, Force of Will, Force of Will, Fire Diamond, Ghitu Encampment, Tranquil Thicket, Forest, Forest, Forest, Forest, Karplusan Forest, Karplusan Forest, Karplusan Forest, Powder Keg, Howling Mine, Ghazbán Ogre, Birds of Paradise, Goblin Sharpshooter, Incinerate, Fires of Yavimaya, Anger, Wall of Blossoms","Frantic Search, Accumulated Knowledge, Accumulated Knowledge, Accumulated Knowledge, Tinker, Aquamoeba, Deep Analysis, Attunement, Merfolk Looter, Reflecting Pool, Opt, Arcanis the Omnipotent, Miscalculation, Force of Will, Circular Logic, Opposition, Misdirection, Cephalid Coliseum, Counterspell, Counterspell, Order of Leitbur, Krosan Verge, Saprazzan Skerry, Seal of Removal"
"15","3","Blue/White","UW Control","Spells","3","20","17","3.00","Talisman of Progress, Talisman of Progress, Eternal Dragon, Eternal Dragon, Balance, Accumulated Knowledge, Exalted Angel, Deep Analysis, Pacifism, Decree of Justice, Decree of Justice, Forbid, Kjeldoran Outpost, Secluded Steppe, Secluded Steppe, Akroma's Vengeance, Akroma's Vengeance, Swords to Plowshares, Swords to Plowshares, Swords to Plowshares, Island, Island, Island, Island, Plains, Plains, Plains, Plains, Plains, Plains, Plains, Plains, Enlightened Tutor, Mana Leak, Counterspell, Land Tax, Adarkar Wastes, Flooded Strand, Impulse, Mystical Tutor","Voltaic Key, Voltaic Key, Gush, Frantic Search, Windswept Heath, Llanowar Wastes, Yavimaya Coast, Opalescence, Soltari Monk, Undermine, Astral Slide, Capsize, Upheaval, Mirari's Wake, Jester's Cap, Thirst for Knowledge, Thran Dynamo, Renewed Faith, Goblin Sledder, Circular Logic, Worn Powerstone, Worn Powerstone, Wing Shards, Opposition, Order of Leitbur, Academy Rector, Academy Rector, Staunch Defenders, Empyrial Armor, Empyrial Armor, Soltari Priest, Reprisal"
"15","4","Blue","U Combo","Artifacts, Frogs","11","12","17","3.13","Voltaic Key, Grim Monolith, Grim Monolith, Tinker, Llanowar Wastes, Phyrexian Processor, Seat of the Synod, Seat of the Synod, Blinkmoth Nexus, Swamp, Arcbound Ravager, Arcbound Ravager, Arcbound Ravager, Krark-Clan Ironworks, Krark-Clan Ironworks, Mishra's Helix, Cranial Plating, Cranial Plating, Underground River, Karn, Silver Golem, Darksteel Citadel, Metalworker, Metalworker, Ornithopter, Frogmite, Frogmite, Frogmite, Frogmite, Island, Island, Island, Island, Island, Island, Thoughtcast, Thoughtcast, Cloudpost, Cloudpost, Cloudpost, Cloudpost","Ancient Den, Vault of Whispers, Sky Diamond, Last Rites, Llanowar Wastes, Careful Study, Icy Manipulator, Icy Manipulator, Glory, Somber Hoverguard, Somber Hoverguard, Yavimaya Coast, Talisman of Dominance, Attunement, Arcbound Worker, Pentad Prism, Soltari Visionary, Barbed Sextant, Thran Dynamo, Cataclysm, Tangle Wire, Disciple of the Vault, Autumn Willow, Mind Stone, Phyrexian Colossus, Shrapnel Blast, Welding Jar"
"15","5","Blue/White","UW Control","Spells, Enchantments","1","22","17","2.96","Ancient Den, Parallax Wave, Parallax Wave, Wrath of God, Wrath of God, Wrath of God, Fact or Fiction, Serum Visions, Deep Analysis, Dismiss, Man-o'-War, Repulse, Daze, Skycloud Expanse, Skycloud Expanse, Force Spike, Miscalculation, Miscalculation, Condescend, Disenchant, Swords to Plowshares, Island, Island, Island, Island, Island, Island, Island, Island, Island, Island, Memory Lapse, Plains, Plains, Plains, Plains, Counterspell, Control Magic, Confiscate, Parallax Tide","Warrior en-Kor, Warrior en-Kor, Ray of Distortion, Wonder, Tinker, Wall of Roots, Yavimaya Coast, Scrabbling Claws, Gempalm Incinerator, Wax // Wane, Serra Angel, Brushland, Soltari Monk, Astral Slide, Mogg Fanatic, Quiet Speculation, Thirst for Knowledge, Nevinyrral's Disk, Seal of Cleansing, Renewed Faith, Spite // Malice, Nomads en-Kor, Nomads en-Kor, Hydroblast, Thawing Glaciers, Armageddon, Elfhame Palace, Tradewind Rider, Ivory Tower, Rising Waters, White Knight, Black Vise, Aura of Silence, Chrome Mox"
"15","6","Red","R Burn","Goblins","15","8","17","2.91","Wildfire, Wildfire, Ancient Tomb, Hammer of Bogardan, Goblin Warchief, Goblin Warchief, Blinkmoth Nexus, Lightning Bolt, Lightning Bolt, Goblin Piledriver, Mishra's Factory, Mishra's Factory, Ball Lightning, Ball Lightning, Sulfuric Vortex, Jackal Pup, Jackal Pup, Fireblast, Mountain, Mountain, Mountain, Mountain, Mountain, Mountain, Mountain, Mountain, Mountain, Mountain, Mountain, Shock, Flametongue Kavu, Sparksmith, Mogg Flunkies, Mogg Flunkies, Mogg Flunkies, Ironclaw Orcs, Siege-Gang Commander, Siege-Gang Commander, City of Traitors, Great Furnace","Gemstone Mine, Survival of the Fittest, Rapid Decay, Llanowar Wastes, Starstorm, Urza's Rage, Cursed Scroll, Bottle Gnomes, Arcbound Worker, Stone Rain, Wild Dogs, Saproling Burst, Earthquake, Thunderscape Battlemage, Rancor, Tranquil Thicket, Fireball, Goblin Sledder, Roar of the Wurm, Karplusan Forest, Covetous Dragon, Skirk Prospector, Tangle Wire, Ironclaw Orcs, Avalanche Riders, Myr Incubator, Birds of Paradise, Fires of Yavimaya, Pyroclasm, Wild Mongrel, Soltari Priest"
"15","7","Black","B Midrange","Spells, Knights","10","13","17","2.30","Cabal Therapy, Vault of Whispers, Wasteland, Dark Banishing, Phyrexian Tower, Order of the Ebon Hand, Ravenous Rats, Dark Ritual, Dark Ritual, Swamp, Swamp, Swamp, Swamp, Swamp, Swamp, Swamp, Swamp, Swamp, Swamp, Swamp, Swamp, Swamp, Volrath's Stronghold, Hypnotic Specter, Hypnotic Specter, Chainer's Edict, Knight of Stromgald, Black Knight, Black Knight, Necropotence, Necropotence, Necropotence, Hymn to Tourach, Ornithopter, Smother, Phyrexian Scuta, Stupor, Nekrataal, Drain Life, Phyrexian Arena","Urborg Volcano, Diabolic Edict, Zuran Orb, Doomed Necromancer, Defense Grid, Patriarch's Bidding, Patriarch's Bidding, Yawgmoth's Will, Yawgmoth's Will, Duress, Phyrexian Processor, Darkwater Catacombs, Fallen Askari, Blazing Specter, Heart of Ramos, Replenish, Replenish, Temporal Aperture, Plague Spitter, Terminate, Salt Marsh, Buried Alive, Recurring Nightmare, Basking Rootwalla, Anurid Brushhopper, Covetous Dragon, Evincar's Justice, Disciple of the Vault, Mind Stone, Order of Leitbur, Ghastly Demise, City of Brass, Yawgmoth's Bargain"
"15","8","Black/Blue","BU Reanimator","Spells","8","15","17","2.87","Dance of the Dead, Entomb, Barren Moor, Brainstorm, Fact or Fiction, Fact or Fiction, Undead Gladiator, Vendetta, Dark Ritual, Dark Ritual, Swamp, Swamp, Swamp, Swamp, Swamp, Swamp, Swamp, Swamp, Swamp, Swamp, Swamp, Crystal Vein, Innocent Blood, Spirit of the Night, Chainer's Edict, Visara the Dreadful, Underground River, Underground River, Symbiotic Wurm, Recurring Nightmare, Waterfront Bouncer, Zombify, Stitch Together, Nekrataal, Psychatog, Psychatog, Chrome Mox, Vampiric Tutor, Bloodstained Mire, Bloodstained Mire","Aeolipile, Pillage, Simoon, Shadowblood Ridge, Recoil, Grim Monolith, Order of the Ebon Hand, Exalted Angel, Addle, Contagion, Goblin Grappler, Vendetta, Nightscape Familiar, Creeping Mold, Man-o'-War, Reflecting Pool, Soltari Visionary, Shatter, Secluded Steppe, Barbed Sextant, Fire // Ice, Basking Rootwalla, Roar of the Wurm, Phantom Nishoba, Drain Life, Phyrexian Negator, City of Brass, Flooded Strand, Sulfurous Springs, Crumbling Sanctuary, Paladin en-Vec"
"16","1","Blue/White","UW Control","Artifacts, Spells","1","22","17","2.57","Talisman of Progress, Voltaic Key, Accumulated Knowledge, Accumulated Knowledge, Sky Diamond, Tinker, Tinker, Exalted Angel, Wrath of God, Wrath of God, Wrath of God, Brainstorm, Seat of the Synod, Seat of the Synod, Fact or Fiction, Mishra's Factory, Skycloud Expanse, Underground River, Kjeldoran Outpost, Secluded Steppe, Miscalculation, Thirst for Knowledge, Thran Dynamo, Swords to Plowshares, Island, Plains, Plains, Plains, Plains, Enlightened Tutor, Counterspell, Thoughtcast, Adarkar Wastes, Chrome Mox, City of Traitors, Impulse, Cloudpost, Cloudpost, Cloudpost, Mystical Tutor","Parallax Wave, Warrior en-Kor, Yavimaya Coast, Gempalm Incinerator, Darkwater Catacombs, Talisman of Dominance, Brushland, Forbid, Spike Weaver, Underground River, Arcanis the Omnipotent, Nevinyrral's Disk, Barbed Sextant, Renewed Faith, Renewed Faith, Nomads en-Kor, Anurid Brushhopper, Opposition, Thoughtcast, Land Tax, White Knight, Academy Rector, Aura of Silence, Staunch Defenders, Reprisal"
"16","2","White","W Combo","Artifacts","9","14","17","2.43","Ancient Den, Ancient Den, Balance, Winter Orb, Grim Monolith, Swamp, Swamp, Serrated Arrows, Arcbound Ravager, Arcbound Ravager, Arcbound Ravager, Krark-Clan Ironworks, Krark-Clan Ironworks, Cranial Plating, Karn, Silver Golem, Darksteel Citadel, Fellwar Stone, Metalworker, Metalworker, Ornithopter, Frogmite, Frogmite, Swords to Plowshares, Swords to Plowshares, Worn Powerstone, Plains, Plains, Plains, Plains, Plains, Plains, Plains, Plains, Plains, Plains, Plains, Armageddon, Welding Jar, Chrome Mox, Flooded Strand","Eternal Dragon, Zuran Orb, Parallax Wave, Wildfire, Goblin Warchief, Somber Hoverguard, Somber Hoverguard, Replenish, Temporal Aperture, Centaur Garden, Pacifism, Decree of Justice, Skycloud Expanse, Soltari Visionary, Shatter, Fire Diamond, Barbed Sextant, Seal of Cleansing, Akroma's Vengeance, Cataclysm, Wing Shards, Covetous Dragon, Autumn Willow, Phyrexian Colossus, Counterspell, Ghazbán Ogre, Rising Waters, Order of Leitbur, Pyroclasm, Empyrial Armor, Phyrexian Negator, City of Brass, Great Furnace"
"16","3","Black/Green","BG Graveyard","Humans","12","11","17","3.39","Survival of the Fittest, Survival of the Fittest, Doomed Necromancer, Genesis, Dance of the Dead, Phyrexian Tower, Entomb, Eternal Witness, Eternal Witness, Eternal Witness, Llanowar Wastes, Llanowar Wastes, Llanowar Wastes, Llanowar Wastes, Swamp, Swamp, Verdant Force, Buried Alive, Symbiotic Wurm, Tranquil Thicket, Recurring Nightmare, Basking Rootwalla, Basking Rootwalla, Forest, Forest, Forest, Forest, Forest, Forest, Forest, Roar of the Wurm, Roar of the Wurm, Zombify, Stitch Together, Karplusan Forest, Karplusan Forest, Arrogant Wurm, Wild Mongrel, Wild Mongrel, Vampiric Tutor","Albino Troll, Aeolipile, Gemstone Mine, Nimble Mongoose, Overrun, Patriarch's Bidding, Rapid Decay, Squirrel Nest, Last Rites, Glory, Spiritmonger, Goblin Warchief, Wall of Roots, Wax // Wane, Weatherseed Treefolk, Vendetta, Viridian Shaman, Innocent Blood, Llanowar Elves, Salt Marsh, Chainer's Edict, Phantom Centaur, Karplusan Forest, Disciple of the Vault, Powder Keg, Myr Incubator, Blastoderm, Wall of Blossoms, Wall of Blossoms"
"16","4","Blue","U Artifacts","Artifacts","2","21","17","2.87","Talisman of Progress, Voltaic Key, Voltaic Key, Grim Monolith, Grim Monolith, Tinker, Icy Manipulator, Icy Manipulator, Phyrexian Processor, Phyrexian Processor, Yavimaya Coast, Yavimaya Coast, Yavimaya Coast, Fact or Fiction, Serum Visions, Mishra's Helix, Pentad Prism, Upheaval, Thirst for Knowledge, Ornithopter, Thran Dynamo, Frogmite, Island, Island, Island, Island, Island, Island, Island, Island, Island, Island, Island, Tangle Wire, Tangle Wire, Mind Stone, Elfhame Palace, Counterspell, Flooded Strand, Cloudpost","Eternal Dragon, Warrior en-Kor, Accumulated Knowledge, Windswept Heath, Llanowar Wastes, Wall of Roots, Yavimaya Coast, Scrabbling Claws, Fallen Askari, Goblin Piledriver, Replenish, Elvish Archers, Dismiss, Attunement, Attunement, Brushland, Arcbound Worker, Arcbound Worker, Repulse, Cranial Plating, Mirari's Wake, Rampant Growth, Tree of Tales, Quiet Speculation, Tranquil Thicket, Frogmite, Opposition, Elfhame Palace, Ivory Tower, Empyrial Armor, Crumbling Sanctuary"
"16","5","Red","R Burn","Spells, Goblins","13","10","17","2.48","Pillage, Wildfire, Shivan Reef, Shivan Reef, Shivan Reef, Firestorm, Starstorm, Lightning Bolt, Lightning Bolt, Goblin Grappler, Ball Lightning, Sulfuric Vortex, Mogg Fanatic, Jackal Pup, Ghitu Encampment, Fireblast, Mountain, Mountain, Mountain, Mountain, Mountain, Mountain, Mountain, Mountain, Mountain, Mountain, Mountain, Mountain, Mountain, Goblin Sledder, Sparksmith, Mogg Flunkies, Skirk Prospector, Ironclaw Orcs, Avalanche Riders, Shrapnel Blast, Goblin Sharpshooter, Incinerate, Siege-Gang Commander, Anger","Vault of Whispers, Shivan Reef, Frantic Search, Frantic Search, Ray of Distortion, Barren Moor, Careful Study, Blazing Specter, Heart of Ramos, Opalescence, Merfolk Looter, Man-o'-War, Decree of Justice, Daze, Astral Slide, Opt, Secluded Steppe, Miscalculation, Force of Will, Condescend, Worn Powerstone, Waterfront Bouncer, Spite // Malice, Memory Lapse, Mana Leak, Cephalid Coliseum, Counterspell, Tradewind Rider, Confiscate, Arrogant Wurm, Academy Rector, Saprazzan Skerry, City of Brass"
"16","6","Green","G Counters","Enchantments, Birds","12","11","17","2.52","Albino Troll, Wasteland, Plow Under, Squirrel Nest, Giant Growth, Creeping Mold, Mishra's Factory, Spike Feeder, Llanowar Elves, Uktabi Orangutan, Saproling Burst, Saproling Burst, Gaea's Cradle, River Boa, Sylvan Library, Werebear, Rancor, Rancor, Tranquil Thicket, Forest, Forest, Forest, Forest, Forest, Forest, Forest, Forest, Forest, Forest, Treetop Village, Karplusan Forest, Birds of Paradise, Birds of Paradise, Birds of Paradise, Birds of Paradise, Erhnam Djinn, Blastoderm, Call of the Herd, Call of the Herd, Rishadan Port","Vault of Whispers, Simoon, Recoil, Patriarch's Bidding, Yawgmoth's Will, Duress, Lightning Bolt, Lightning Bolt, Gempalm Incinerator, Serra Angel, Cursed Scroll, Creeping Mold, Masticore, Masticore, Goblin Taskmaster, Pouncing Jaguar, Wild Dogs, Kavu Chameleon, Thornscape Battlemage, Jackal Pup, Thunderscape Battlemage, Fireball, Mogg Flunkies, Karplusan Forest, Order of Leitbur, Krosan Verge, Black Vise, Fires of Yavimaya, Fires of Yavimaya, Drain Life"
"16","7","Red/Blue","RU Spellslinger","Spells","3","20","17","3.26","Shivan Reef, Gush, Accumulated Knowledge, Hammer of Bogardan, Blinkmoth Nexus, Fact or Fiction, Deep Analysis, Deep Analysis, Deep Analysis, Crystal Vein, Man-o'-War, Reflecting Pool, Capsize, Force Spike, Miscalculation, Force of Will, Force of Will, Earthquake, Mountain, Mountain, Mountain, Mountain, Shock, Fire // Ice, Circular Logic, Circular Logic, Flametongue Kavu, Flametongue Kavu, Island, Island, Island, Island, Island, Island, Island, Misdirection, Control Magic, Seal of Removal, Great Furnace, Bloodstained Mire","Wonder, Urza's Rage, Contagion, Bottle Gnomes, Aquamoeba, Soltari Monk, Reflecting Pool, Undermine, Stone Rain, Astral Slide, Visara the Dreadful, Underground River, Secluded Steppe, Disenchant, Cloudchaser Eagle, Goblin Sledder, Nomads en-Kor, Mogg Flunkies, Covetous Dragon, Evincar's Justice, Ironclaw Orcs, Thawing Glaciers, Mind Stone, Howling Mine, Psychatog, Psychatog, Siege-Gang Commander, Parallax Tide, Sulfurous Springs, Soltari Priest, Bloodstained Mire"
"16","8","Black","B Midrange","Spells, Knights","10","13","17","2.39","Cabal Therapy, Dark Banishing, Ancient Tomb, Order of the Ebon Hand, Order of the Ebon Hand, Ravenous Rats, Blinkmoth Nexus, Dark Ritual, Dark Ritual, Dark Ritual, Dark Ritual, Swamp, Swamp, Swamp, Swamp, Swamp, Swamp, Swamp, Swamp, Swamp, Swamp, Swamp, Swamp, Swamp, Swamp, Volrath's Stronghold, Hypnotic Specter, Hypnotic Specter, Black Knight, Black Knight, Necropotence, Necropotence, Necropotence, Hymn to Tourach, Smother, Phyrexian Scuta, Stupor, Nekrataal, Nekrataal, Phyrexian Arena","Urborg Volcano, Diabolic Edict, Shadowblood Ridge, Defense Grid, Exalted Angel, Yawgmoth's Will, Addle, Undead Gladiator, Vendetta, Nightscape Familiar, Opalescence, Soltari Monk, Plague Spitter, Terminate, Arcbound Worker, Arcbound Worker, Spirit of the Night, Ball Lightning, Soltari Visionary, Chainer's Edict, Jester's Cap, Knight of Stromgald, Recurring Nightmare, Akroma's Vengeance, Swords to Plowshares, Hydroblast, Disciple of the Vault, Order of Leitbur, Ghastly Demise, Phantom Nishoba, Drain Life, Yawgmoth's Bargain, Soltari Priest, Paladin en-Vec"
"17","1","Red/Blue","RU Artifacts","Artifacts","5","18","17","3.35","Talisman of Progress, Talisman of Progress, Voltaic Key, Voltaic Key, Pillage, Ancient Tomb, Tinker, Icy Manipulator, Phyrexian Processor, Phyrexian Processor, Crystal Vein, Arcbound Ravager, Krark-Clan Ironworks, Krark-Clan Ironworks, Mishra's Helix, Pentad Prism, Upheaval, Darksteel Citadel, Fire Diamond, Metalworker, Mountain, Mountain, Mountain, Thran Dynamo, Frogmite, Frogmite, Worn Powerstone, Island, Island, Island, Island, Island, Island, Plains, Plains, Covetous Dragon, Thoughtcast, Great Furnace, Cloudpost, Cloudpost","Ancient Den, Zuran Orb, Warrior en-Kor, Firestorm, Goblin Warchief, Somber Hoverguard, Lightning Bolt, Scrabbling Claws, Heart of Ramos, Serrated Arrows, Stone Rain, Astral Slide, Ball Lightning, Cranial Plating, Sulfuric Vortex, Chainer's Edict, Shatter, Thirst for Knowledge, Nevinyrral's Disk, Jackal Pup, Renewed Faith, Swords to Plowshares, Nomads en-Kor, Mogg Flunkies, Hydroblast, Opposition, Skirk Prospector, Avalanche Riders, Powder Keg, Howling Mine, Goblin Sharpshooter"
"17","2","Green/Blue","GU Ramp","Green/Blue","14","9","17","2.70","Nimble Mongoose, Plow Under, Eternal Witness, Eternal Witness, Wall of Roots, Yavimaya Coast, Yavimaya Coast, Yavimaya Coast, Yavimaya Coast, Yavimaya Coast, Viridian Shaman, Man-o'-War, Llanowar Elves, Rampant Growth, River Boa, Tree of Tales, Sylvan Library, Condescend, Rancor, Basking Rootwalla, Forest, Forest, Forest, Forest, Forest, Forest, Forest, Forest, Forest, Forest, Forest, Roar of the Wurm, Opposition, Control Magic, Tradewind Rider, Birds of Paradise, Arrogant Wurm, Call of the Herd, Wall of Blossoms, Wall of Blossoms","Albino Troll, Warrior en-Kor, Simoon, Gush, Overrun, Lightning Bolt, Serra Angel, Weatherseed Treefolk, Giant Growth, Creeping Mold, Attunement, Soltari Monk, Terminate, Uktabi Orangutan, Ball Lightning, Capsize, Saproling Burst, Kavu Chameleon, Fellwar Stone, Barbed Sextant, Jackal Pup, Fire // Ice, Circular Logic, Nomads en-Kor, Karplusan Forest, Erhnam Djinn, Krosan Verge, Fires of Yavimaya, Parallax Tide, Seal of Removal, City of Brass"
"17","3","Red","R Artifacts","Artifacts, Spells","6","17","17","2.78","Wildfire, Shivan Reef, Shivan Reef, Shivan Reef, Shivan Reef, Shivan Reef, Winter Orb, Grim Monolith, Grim Monolith, Tinker, Hammer of Bogardan, Icy Manipulator, Lightning Bolt, Lightning Bolt, Karn, Silver Golem, Barbed Sextant, Earthquake, Ghitu Encampment, Ornithopter, Mountain, Mountain, Mountain, Mountain, Mountain, Mountain, Mountain, Mountain, Mountain, Mountain, Thran Dynamo, Flametongue Kavu, Flametongue Kavu, Island, Covetous Dragon, Tangle Wire, Phyrexian Colossus, Shrapnel Blast, Incinerate, Pyroclasm, Chrome Mox","Parallax Wave, Gemstone Mine, Accumulated Knowledge, Accumulated Knowledge, Urza's Rage, Brainstorm, Gempalm Incinerator, Gempalm Incinerator, Replenish, Opalescence, Soltari Monk, Man-o'-War, Salt Marsh, Arcbound Worker, Arcbound Worker, Repulse, Opt, Miscalculation, Force of Will, Fireball, Swords to Plowshares, Wing Shards, Memory Lapse, Mana Leak, Cephalid Coliseum, Counterspell, Order of Leitbur, Empyrial Armor, Impulse, Mystical Tutor, Paladin en-Vec"
"17","4","Black/Blue","BU Midrange","Spells","6","17","17","2.83","Cabal Therapy, Doomed Necromancer, Dance of the Dead, Frantic Search, Phyrexian Tower, Entomb, Llanowar Wastes, Llanowar Wastes, Llanowar Wastes, Llanowar Wastes, Llanowar Wastes, Careful Study, Undead Gladiator, Vendetta, Dark Ritual, Dark Ritual, Swamp, Swamp, Swamp, Swamp, Swamp, Swamp, Swamp, Swamp, Deep Analysis, Deep Analysis, Innocent Blood, Spirit of the Night, Volrath's Stronghold, Chainer's Edict, Visara the Dreadful, Buried Alive, Underground River, Thirst for Knowledge, Symbiotic Wurm, Island, Stitch Together, Nekrataal, Ghastly Demise, Vampiric Tutor","Urborg Volcano, Survival of the Fittest, Accumulated Knowledge, Patriarch's Bidding, Order of the Ebon Hand, Last Rites, Fallen Askari, Serum Visions, Reflecting Pool, Astral Slide, Soltari Visionary, Jester's Cap, Kjeldoran Outpost, Thornscape Battlemage, Sparksmith, Basking Rootwalla, Karplusan Forest, Evincar's Justice, Disciple of the Vault, Birds of Paradise, Siege-Gang Commander, Phantom Nishoba, Aura of Silence, Wild Mongrel, Wild Mongrel, Staunch Defenders, Yawgmoth's Bargain, Soltari Priest, Bloodstained Mire"
"17","5","Black","B Combo","Artifacts","10","13","17","1.91","Vault of Whispers, Vault of Whispers, Dark Banishing, Ravenous Rats, Duress, Blinkmoth Nexus, Cursed Scroll, Dark Ritual, Dark Ritual, Swamp, Swamp, Swamp, Swamp, Swamp, Swamp, Swamp, Swamp, Swamp, Mishra's Factory, Mishra's Factory, Masticore, Arcbound Ravager, Arcbound Worker, Arcbound Worker, Cranial Plating, Hypnotic Specter, Necropotence, Necropotence, Necropotence, Ornithopter, Frogmite, Phyrexian Scuta, Karplusan Forest, Tangle Wire, Disciple of the Vault, Black Vise, Welding Jar, Chrome Mox, Rishadan Port, Cloudpost","Aeolipile, Wildfire, Shadowblood Ridge, Grim Monolith, Rapid Decay, Order of the Ebon Hand, Yawgmoth's Will, Contagion, Vendetta, Temporal Aperture, Goblin Taskmaster, Mogg Fanatic, Knight of Stromgald, Black Knight, Fireblast, Smother, Akroma's Vengeance, Goblin Sledder, Goblin Sledder, Cataclysm, Mogg Flunkies, Karplusan Forest, Rising Waters, Order of Leitbur, Drain Life, Phyrexian Arena, Great Furnace, Sulfurous Springs, Bloodstained Mire"
"17","6","Blue/White","UW Artifacts","Artifacts, Spells","5","18","17","2.83","Ancient Den, Voltaic Key, Balance, Sky Diamond, Defense Grid, Tinker, Wrath of God, Wrath of God, Wrath of God, Seat of the Synod, Seat of the Synod, Somber Hoverguard, Blinkmoth Nexus, Talisman of Dominance, Masticore, Arcbound Ravager, Decree of Justice, Decree of Justice, Skycloud Expanse, Skycloud Expanse, Secluded Steppe, Secluded Steppe, Metalworker, Frogmite, Swords to Plowshares, Worn Powerstone, Island, Plains, Plains, Plains, Enlightened Tutor, Mind Stone, Thoughtcast, Land Tax, Ivory Tower, Adarkar Wastes, Saprazzan Skerry, City of Traitors, Flooded Strand, Cloudpost","Eternal Dragon, Parallax Wave, Accumulated Knowledge, Starstorm, Goblin Grappler, Replenish, Bottle Gnomes, Dismiss, Pacifism, Soltari Visionary, Seal of Cleansing, Disenchant, Renewed Faith, Cloudchaser Eagle, Akroma's Vengeance, Thawing Glaciers, Armageddon, Myr Incubator, Order of Leitbur, Academy Rector, Academy Rector, Empyrial Armor, Soltari Priest, Reprisal"
"17","7","Green","G Counters","Creatures","17","6","17","3.09","Albino Troll, Wasteland, Genesis, Windswept Heath, Squirrel Nest, Squirrel Nest, Eternal Witness, Wall of Roots, Elvish Archers, Creeping Mold, Spike Feeder, Centaur Garden, Brushland, Llanowar Elves, Pouncing Jaguar, Spike Weaver, Verdant Force, Saproling Burst, Gaea's Cradle, Werebear, Phantom Centaur, Rancor, Tranquil Thicket, Tranquil Thicket, Tranquil Thicket, Forest, Forest, Forest, Forest, Forest, Forest, Forest, Treetop Village, Elfhame Palace, Birds of Paradise, Birds of Paradise, Blastoderm, Blastoderm, Arrogant Wurm, Call of the Herd","Eternal Dragon, Ray of Distortion, Exalted Angel, Exalted Angel, Glory, Wax // Wane, Goblin Piledriver, Opalescence, Brushland, Reflecting Pool, Wild Dogs, Hypnotic Specter, Mirari's Wake, Secluded Steppe, Recurring Nightmare, Shock, Swords to Plowshares, Roar of the Wurm, Mogg Flunkies, Karplusan Forest, Anurid Brushhopper, Mind Stone, Elfhame Palace, Ghazbán Ogre, White Knight, Fires of Yavimaya, City of Brass"
"17","8","Black/Blue","BU Tempo","Spells","3","20","17","3.39","Recoil, Barren Moor, Fact or Fiction, Fact or Fiction, Fact or Fiction, Darkwater Catacombs, Deep Analysis, Merfolk Looter, Undermine, Forbid, Daze, Underground River, Underground River, Force Spike, Miscalculation, Miscalculation, Force of Will, Force of Will, Circular Logic, Island, Island, Island, Island, Island, Island, Island, Island, Island, Island, Island, Island, Spite // Malice, Misdirection, Counterspell, Counterspell, Counterspell, Confiscate, Psychatog, Psychatog, Flooded Strand","Diabolic Edict, Survival of the Fittest, Frantic Search, Wonder, Patriarch's Bidding, Yawgmoth's Will, Addle, Spiritmonger, Goblin Warchief, Blazing Specter, Aquamoeba, Nightscape Familiar, Attunement, Plague Spitter, Arcanis the Omnipotent, Quiet Speculation, Black Knight, Hymn to Tourach, Thunderscape Battlemage, Recurring Nightmare, Waterfront Bouncer, Zombify, Stupor, Ironclaw Orcs, Ironclaw Orcs, Autumn Willow, Nekrataal, Siege-Gang Commander, Drain Life, Anger, Phyrexian Negator, Crumbling Sanctuary"
"18","1","Black/Blue","BU Tempo","Spells","2","21","17","3.13","Wasteland, Recoil, Accumulated Knowledge, Llanowar Wastes, Duress, Fact or Fiction, Fact or Fiction, Fact or Fiction, Darkwater Catacombs, Swamp, Swamp, Swamp, Dismiss, Undermine, Forbid, Repulse, Skycloud Expanse, Chainer's Edict, Underground River, Underground River, Miscalculation, Condescend, Hymn to Tourach, Smother, Island, Island, Island, Island, Island, Island, Island, Spite // Malice, Mana Leak, Counterspell, Counterspell, Control Magic, Nekrataal, Nekrataal, Confiscate, Flooded Strand","Eternal Dragon, Diabolic Edict, Parallax Wave, Dark Banishing, Entomb, Rapid Decay, Last Rites, Llanowar Wastes, Contagion, Wax // Wane, Vendetta, Vendetta, Replenish, Dark Ritual, Astral Slide, Hypnotic Specter, Skycloud Expanse, Arcanis the Omnipotent, Black Knight, Symbiotic Wurm, Recurring Nightmare, Renewed Faith, Swords to Plowshares, Swords to Plowshares, Swords to Plowshares, Opposition, Evincar's Justice, Phantom Nishoba, Seal of Removal, Reprisal"
"18","2","Black/Red","BR Aristocrats","Spells, Enchantments","8","15","17","2.35","Cabal Therapy, Urborg Volcano, Shadowblood Ridge, Phyrexian Tower, Order of the Ebon Hand, Ravenous Rats, Barren Moor, Blinkmoth Nexus, Blazing Specter, Undead Gladiator, Dark Ritual, Dark Ritual, Dark Ritual, Swamp, Swamp, Swamp, Swamp, Swamp, Swamp, Terminate, Hypnotic Specter, Chainer's Edict, Mogg Fanatic, Necropotence, Necropotence, Necropotence, Ghitu Encampment, Recurring Nightmare, Shock, Phyrexian Scuta, Flametongue Kavu, Stupor, Incinerate, Drain Life, Phyrexian Arena, Great Furnace, Great Furnace, Sulfurous Springs, Bloodstained Mire, Bloodstained Mire","Parallax Wave, Shivan Reef, Patriarch's Bidding, Llanowar Wastes, Icy Manipulator, Addle, Heart of Ramos, Replenish, Nightscape Familiar, Brushland, Soltari Monk, Arcbound Worker, Ball Lightning, Spike Weaver, Soltari Visionary, Black Knight, Jackal Pup, Earthquake, Fireball, Mogg Flunkies, Stitch Together, Disciple of the Vault, Avalanche Riders, Academy Rector, City of Brass, Soltari Priest"
"18","3","Red","R Burn","Spells, Goblins","15","8","17","2.48","Pillage, Hammer of Bogardan, Urza's Rage, Goblin Warchief, Goblin Warchief, Lightning Bolt, Lightning Bolt, Lightning Bolt, Gempalm Incinerator, Gempalm Incinerator, Goblin Piledriver, Crystal Vein, Jackal Pup, Fireblast, Mountain, Mountain, Mountain, Mountain, Mountain, Mountain, Mountain, Mountain, Mountain, Mountain, Mountain, Mountain, Mountain, Mountain, Mountain, Goblin Sledder, Sparksmith, Mogg Flunkies, Mogg Flunkies, Skirk Prospector, Ironclaw Orcs, Ironclaw Orcs, Armageddon, Goblin Sharpshooter, Siege-Gang Commander, City of Traitors","Simoon, Firestorm, Ray of Distortion, Exalted Angel, Wrath of God, Starstorm, Icy Manipulator, Scrabbling Claws, Goblin Grappler, Weatherseed Treefolk, Giant Growth, Opalescence, Pacifism, Goblin Taskmaster, Uktabi Orangutan, Arcbound Worker, Arcbound Worker, Pouncing Jaguar, Wild Dogs, Thornscape Battlemage, Seal of Cleansing, Swords to Plowshares, Karplusan Forest, Anurid Brushhopper, Thawing Glaciers, Elfhame Palace, Land Tax, Order of Leitbur, Order of Leitbur, Black Vise, Aura of Silence, Anger, Empyrial Armor, City of Brass, Paladin en-Vec"
"18","4","Blue","U Artifacts","Artifacts","9","14","17","2.74","Voltaic Key, Voltaic Key, Winter Orb, Grim Monolith, Ancient Tomb, Tinker, Tinker, Seat of the Synod, Seat of the Synod, Somber Hoverguard, Swamp, Masticore, Arcbound Ravager, Krark-Clan Ironworks, Salt Marsh, Volrath's Stronghold, Cranial Plating, Darksteel Citadel, Ornithopter, Ornithopter, Frogmite, Frogmite, Island, Island, Island, Island, Island, Island, Island, Island, Island, Tangle Wire, Disciple of the Vault, Mind Stone, Mind Stone, Phyrexian Colossus, Thoughtcast, Thoughtcast, Chrome Mox, Cloudpost","Talisman of Progress, Vault of Whispers, Gush, Balance, Accumulated Knowledge, Sky Diamond, Careful Study, Somber Hoverguard, Bottle Gnomes, Brushland, Serrated Arrows, Plague Spitter, Astral Slide, Visara the Dreadful, Jester's Cap, Kjeldoran Outpost, Tree of Tales, Knight of Stromgald, Disenchant, Cloudchaser Eagle, Wing Shards, Hydroblast, Memory Lapse, Rising Waters, Adarkar Wastes, Psychatog, Staunch Defenders, Empyrial Armor, Yawgmoth's Bargain, Soltari Priest"
"18","5","Green","G Ramp","Creatures","17","6","17","2.70","Survival of the Fittest, Survival of the Fittest, Genesis, Eternal Witness, Eternal Witness, Wall of Roots, Yavimaya Coast, Yavimaya Coast, Mishra's Factory, Mishra's Factory, Llanowar Elves, Llanowar Elves, Verdant Force, Gaea's Cradle, Werebear, Phantom Centaur, Rancor, Basking Rootwalla, Basking Rootwalla, Forest, Forest, Forest, Forest, Forest, Forest, Forest, Forest, Forest, Forest, Treetop Village, Roar of the Wurm, Birds of Paradise, Birds of Paradise, Birds of Paradise, Blastoderm, Blastoderm, Wild Mongrel, Call of the Herd, Call of the Herd, Rishadan Port","Warrior en-Kor, Wonder, Windswept Heath, Order of the Ebon Hand, Llanowar Wastes, Spiritmonger, Yavimaya Coast, Fallen Askari, Elvish Archers, Aquamoeba, Creeping Mold, Viridian Shaman, Attunement, Man-o'-War, Capsize, Saproling Burst, Mirari's Wake, Rampant Growth, Quiet Speculation, Waterfront Bouncer, Nomads en-Kor, Opposition, Autumn Willow, Elfhame Palace, Tradewind Rider, Ivory Tower, Erhnam Djinn, Psychatog, Chrome Mox, Wall of Blossoms"
"18","6","Green/Red","GR Stompy","Enchantments","12","11","17","3.26","Albino Troll, Albino Troll, Shivan Reef, Overrun, Plow Under, Eternal Witness, Wall of Roots, Lightning Bolt, Centaur Garden, Masticore, Stone Rain, Sulfuric Vortex, Saproling Burst, River Boa, Sylvan Library, Rancor, Tranquil Thicket, Tranquil Thicket, Tranquil Thicket, Flametongue Kavu, Forest, Forest, Forest, Forest, Forest, Forest, Forest, Forest, Roar of the Wurm, Karplusan Forest, Karplusan Forest, Karplusan Forest, Karplusan Forest, Birds of Paradise, Arrogant Wurm, Arrogant Wurm, Siege-Gang Commander, Fires of Yavimaya, Fires of Yavimaya, Wild Mongrel","Aeolipile, Wildfire, Shivan Reef, Nimble Mongoose, Squirrel Nest, Yavimaya Coast, Serra Angel, Cursed Scroll, Temporal Aperture, Spike Feeder, Reflecting Pool, Ball Lightning, Soltari Visionary, Shatter, Fire Diamond, Barbed Sextant, Thunderscape Battlemage, Akroma's Vengeance, Fire // Ice, Goblin Sledder, Nomads en-Kor, Tangle Wire, Myr Incubator, Shrapnel Blast, Krosan Verge, White Knight, Academy Rector, Wall of Blossoms"
"18","7","Blue","U Control","Spells","2","21","17","2.70","Accumulated Knowledge, Brainstorm, Serum Visions, Deep Analysis, Deep Analysis, Deep Analysis, Merfolk Looter, Man-o'-War, Daze, Opt, Force Spike, Secluded Steppe, Miscalculation, Miscalculation, Force of Will, Force of Will, Force of Will, Circular Logic, Circular Logic, Island, Island, Island, Island, Island, Island, Island, Island, Island, Island, Island, Island, Island, Misdirection, Cephalid Coliseum, Counterspell, Counterspell, Saprazzan Skerry, Flooded Strand, Impulse, Mystical Tutor","Vault of Whispers, Warrior en-Kor, Doomed Necromancer, Dance of the Dead, Frantic Search, Frantic Search, Accumulated Knowledge, Grim Monolith, Patriarch's Bidding, Squirrel Nest, Llanowar Wastes, Yawgmoth's Will, Yawgmoth's Will, Glory, Talisman of Dominance, Opalescence, Attunement, Soltari Monk, Innocent Blood, Reflecting Pool, Mishra's Helix, Spirit of the Night, Buried Alive, Underground River, Secluded Steppe, Thirst for Knowledge, Thirst for Knowledge, Zombify, Ghastly Demise, Parallax Tide, Drain Life, Vampiric Tutor, Phyrexian Negator"
"18","8","Blue","U Artifacts","Artifacts","7","16","17","3.04","Talisman of Progress, Ancient Den, Voltaic Key, Shivan Reef, Grim Monolith, Tinker, Phyrexian Processor, Phyrexian Processor, Blinkmoth Nexus, Arcbound Ravager, Arcbound Ravager, Krark-Clan Ironworks, Pentad Prism, Upheaval, Karn, Silver Golem, Fellwar Stone, Metalworker, Metalworker, Thran Dynamo, Thran Dynamo, Frogmite, Frogmite, Worn Powerstone, Worn Powerstone, Island, Island, Island, Island, Island, Plains, Plains, Plains, Plains, Plains, Plains, Enlightened Tutor, Powder Keg, Cloudpost, Cloudpost, Cloudpost","Ancient Den, Eternal Dragon, Zuran Orb, Gemstone Mine, Wildfire, Shivan Reef, Defense Grid, Exalted Angel, Wrath of God, Wrath of God, Yavimaya Coast, Creeping Mold, Decree of Justice, Decree of Justice, Arcbound Worker, Cranial Plating, Kavu Chameleon, Secluded Steppe, Nevinyrral's Disk, Barbed Sextant, Renewed Faith, Akroma's Vengeance, Cataclysm, Covetous Dragon, Covetous Dragon, Howling Mine, Ghazbán Ogre, Order of Leitbur, Welding Jar, Pyroclasm, Crumbling Sanctuary"
"19","1","Blue","U Artifacts","Artifacts","7","16","17","3.22","Talisman of Progress, Winter Orb, Grim Monolith, Grim Monolith, Ancient Tomb, Tinker, Icy Manipulator, Phyrexian Processor, Seat of the Synod, Somber Hoverguard, Serrated Arrows, Crystal Vein, Masticore, Arcbound Ravager, Krark-Clan Ironworks, Krark-Clan Ironworks, Cranial Plating, Upheaval, Karn, Silver Golem, Darksteel Citadel, Thirst for Knowledge, Metalworker, Ornithopter, Thran Dynamo, Thran Dynamo, Frogmite, Island, Island, Island, Island, Island, Island, Island, Island, Elfhame Palace, Welding Jar, Rishadan Port, Cloudpost, Cloudpost, Cloudpost","Ancient Den, Simoon, Squirrel Nest, Wrath of God, Yavimaya Coast, Replenish, Temporal Aperture, Deep Analysis, Creeping Mold, Brushland, Uktabi Orangutan, Arcbound Worker, Mirari's Wake, Rampant Growth, Jester's Cap, Tree of Tales, Force of Will, Renewed Faith, Cataclysm, Basking Rootwalla, Misdirection, Mana Leak, Elfhame Palace, Black Vise, Phantom Nishoba, Empyrial Armor, Empyrial Armor, Wall of Blossoms"
"19","2","Red/White","RW Burn","Artifacts, Spells","10","13","17","1.87","Ancient Den, Pillage, Urza's Rage, Blinkmoth Nexus, Lightning Bolt, Cursed Scroll, Swamp, Mishra's Factory, Arcbound Ravager, Arcbound Ravager, Arcbound Worker, Arcbound Worker, Cranial Plating, Jackal Pup, Ghitu Encampment, Ornithopter, Mountain, Mountain, Mountain, Mountain, Mountain, Disenchant, Frogmite, Frogmite, Frogmite, Shock, Swords to Plowshares, Swords to Plowshares, Swords to Plowshares, Mogg Flunkies, Plains, Plains, Plains, Plains, Plains, Armageddon, Shrapnel Blast, Chrome Mox, Great Furnace, Great Furnace","Parallax Wave, Warrior en-Kor, Warrior en-Kor, Defense Grid, Patriarch's Bidding, Icy Manipulator, Scrabbling Claws, Wax // Wane, Replenish, Opalescence, Viridian Shaman, Soltari Monk, Soltari Monk, Decree of Justice, Mishra's Helix, Soltari Visionary, Soltari Visionary, Quiet Speculation, Thunderscape Battlemage, Renewed Faith, Nomads en-Kor, Anurid Brushhopper, Opposition, Enlightened Tutor, Order of Leitbur, Order of Leitbur, Order of Leitbur, Phyrexian Arena, Soltari Priest, Soltari Priest, Paladin en-Vec"
"19","3","Green","G Ramp","Creatures","16","7","17","2.96","Survival of the Fittest, Survival of the Fittest, Genesis, Eternal Witness, Eternal Witness, Eternal Witness, Llanowar Wastes, Llanowar Wastes, Wall of Roots, Wall of Roots, Yavimaya Coast, Llanowar Elves, Verdant Force, Gaea's Cradle, Sylvan Library, Werebear, Phantom Centaur, Rancor, Tranquil Thicket, Tranquil Thicket, Basking Rootwalla, Forest, Forest, Forest, Forest, Forest, Forest, Forest, Forest, Forest, Forest, Forest, Roar of the Wurm, Roar of the Wurm, Birds of Paradise, Birds of Paradise, Blastoderm, Wild Mongrel, Wild Mongrel, Call of the Herd","Albino Troll, Ray of Distortion, Overrun, Patriarch's Bidding, Llanowar Wastes, Yavimaya Coast, Gempalm Incinerator, Weatherseed Treefolk, Elvish Archers, Creeping Mold, Reflecting Pool, Pouncing Jaguar, Wild Dogs, Saproling Burst, Saproling Burst, Kavu Chameleon, River Boa, Thornscape Battlemage, Cloudchaser Eagle, Nomads en-Kor, Karplusan Forest, Tangle Wire, Avalanche Riders, Goblin Sharpshooter, Krosan Verge, Siege-Gang Commander, Fires of Yavimaya, Academy Rector, Anger, Wall of Blossoms, Bloodstained Mire"
"19","4","Black/Blue","BU Artifacts","Artifacts","4","19","17","2.48","Vault of Whispers, Vault of Whispers, Voltaic Key, Voltaic Key, Voltaic Key, Tinker, Tinker, Phyrexian Processor, Brainstorm, Seat of the Synod, Darkwater Catacombs, Talisman of Dominance, Underground River, Underground River, Thirst for Knowledge, Barbed Sextant, Barbed Sextant, Metalworker, Worn Powerstone, Island, Island, Island, Island, Island, Island, Island, Island, Island, Island, Tangle Wire, Disciple of the Vault, Disciple of the Vault, Mind Stone, Mind Stone, Powder Keg, Phyrexian Colossus, Thoughtcast, Thoughtcast, Howling Mine, Cloudpost","Gemstone Mine, Recoil, Careful Study, Addle, Glory, Spiritmonger, Contagion, Dark Ritual, Bottle Gnomes, Nightscape Familiar, Deep Analysis, Opalescence, Attunement, Plague Spitter, Undermine, Repulse, Black Knight, Necropotence, Necropotence, Earthquake, Phyrexian Scuta, Wing Shards, Hydroblast, Opposition, Control Magic, Ghazbán Ogre, Ivory Tower, Rising Waters, Drain Life, City of Brass"
"19","5","Blue/White","UW Control","Spells, Enchantments","4","19","17","3.17","Talisman of Progress, Eternal Dragon, Eternal Dragon, Parallax Wave, Balance, Exalted Angel, Exalted Angel, Wrath of God, Wrath of God, Blinkmoth Nexus, Mishra's Factory, Pacifism, Decree of Justice, Daze, Skycloud Expanse, Force Spike, Kjeldoran Outpost, Secluded Steppe, Secluded Steppe, Secluded Steppe, Miscalculation, Force of Will, Condescend, Seal of Cleansing, Swords to Plowshares, Island, Island, Island, Plains, Plains, Plains, Plains, Counterspell, Counterspell, Land Tax, Adarkar Wastes, Parallax Tide, Flooded Strand, Flooded Strand, Impulse","Aeolipile, Accumulated Knowledge, Sky Diamond, Wonder, Order of the Ebon Hand, Somber Hoverguard, Serra Angel, Spike Feeder, Centaur Garden, Man-o'-War, Astral Slide, Astral Slide, Arcanis the Omnipotent, Akroma's Vengeance, Akroma's Vengeance, Circular Logic, Waterfront Bouncer, Covetous Dragon, Confiscate, White Knight, Pyroclasm, Aura of Silence, Staunch Defenders, City of Brass, Crumbling Sanctuary, Reprisal, Mystical Tutor"
"19","6","Red","R Burn","Goblins","14","9","17","2.39","Wasteland, Shivan Reef, Shivan Reef, Hammer of Bogardan, Goblin Warchief, Goblin Warchief, Lightning Bolt, Lightning Bolt, Gempalm Incinerator, Ball Lightning, Ball Lightning, Sulfuric Vortex, Mogg Fanatic, Jackal Pup, Rancor, Fireblast, Mountain, Mountain, Mountain, Fireball, Goblin Sledder, Flametongue Kavu, Flametongue Kavu, Forest, Forest, Forest, Forest, Forest, Forest, Mogg Flunkies, Karplusan Forest, Karplusan Forest, Karplusan Forest, Karplusan Forest, Ironclaw Orcs, Ironclaw Orcs, Incinerate, Siege-Gang Commander, Chrome Mox, City of Traitors","Albino Troll, Zuran Orb, Wildfire, Wildfire, Shivan Reef, Shadowblood Ridge, Firestorm, Plow Under, Windswept Heath, Llanowar Wastes, Goblin Grappler, Blazing Specter, Giant Growth, Masticore, Goblin Taskmaster, Llanowar Elves, Arcbound Worker, Stone Rain, Tranquil Thicket, Treetop Village, Covetous Dragon, Myr Incubator, Birds of Paradise, Birds of Paradise, Erhnam Djinn, Blastoderm, Arrogant Wurm, Fires of Yavimaya, Call of the Herd"
"19","7","Black","B Midrange","Spells","5","18","17","2.52","Cabal Therapy, Diabolic Edict, Doomed Necromancer, Dance of the Dead, Phyrexian Tower, Entomb, Barren Moor, Duress, Undead Gladiator, Dark Ritual, Dark Ritual, Swamp, Swamp, Swamp, Swamp, Swamp, Swamp, Swamp, Swamp, Swamp, Swamp, Swamp, Swamp, Swamp, Swamp, Swamp, Innocent Blood, Spirit of the Night, Chainer's Edict, Chainer's Edict, Visara the Dreadful, Buried Alive, Hymn to Tourach, Recurring Nightmare, Recurring Nightmare, Zombify, Stitch Together, Nekrataal, Ghastly Demise, Vampiric Tutor","Dark Banishing, Shivan Reef, Nimble Mongoose, Frantic Search, Grim Monolith, Squirrel Nest, Order of the Ebon Hand, Ravenous Rats, Last Rites, Yawgmoth's Will, Starstorm, Yavimaya Coast, Fact or Fiction, Lightning Bolt, Fallen Askari, Vendetta, Hypnotic Specter, Hypnotic Specter, Spike Weaver, Shatter, Knight of Stromgald, Black Knight, Necropotence, Nevinyrral's Disk, Symbiotic Wurm, Smother, Spite // Malice, Stupor, Nekrataal, Psychatog, Psychatog, Arrogant Wurm, Academy Rector, Sulfurous Springs, Yawgmoth's Bargain"
"19","8","Blue","U Tempo","Spells","2","21","17","2.70","Gush, Frantic Search, Accumulated Knowledge, Accumulated Knowledge, Accumulated Knowledge, Fact or Fiction, Fact or Fiction, Serum Visions, Deep Analysis, Dismiss, Merfolk Looter, Man-o'-War, Forbid, Opt, Capsize, Miscalculation, Miscalculation, Force of Will, Circular Logic, Island, Island, Island, Island, Island, Island, Island, Island, Island, Island, Island, Island, Island, Island, Island, Memory Lapse, Cephalid Coliseum, Counterspell, Counterspell, Saprazzan Skerry, Seal of Removal","Urborg Volcano, Shivan Reef, Rapid Decay, Llanowar Wastes, Yawgmoth's Will, Yavimaya Coast, Heart of Ramos, Goblin Piledriver, Vendetta, Dark Ritual, Aquamoeba, Attunement, Brushland, Terminate, Reflecting Pool, Salt Marsh, Pentad Prism, Volrath's Stronghold, Skycloud Expanse, Underground River, Fellwar Stone, Fire Diamond, Fire // Ice, Goblin Sledder, Worn Powerstone, Sparksmith, Mogg Flunkies, Evincar's Justice, Skirk Prospector, Thawing Glaciers, Autumn Willow, Tradewind Rider, Drain Life, Phyrexian Negator, Bloodstained Mire"
"20","1","Green","G Graveyard","Creatures","17","6","17","3.17","Nimble Mongoose, Survival of the Fittest, Genesis, Dance of the Dead, Eternal Witness, Eternal Witness, Llanowar Wastes, Llanowar Wastes, Llanowar Wastes, Llanowar Wastes, Wall of Roots, Swamp, Viridian Shaman, Centaur Garden, Llanowar Elves, Verdant Force, Werebear, Symbiotic Wurm, Tranquil Thicket, Recurring Nightmare, Basking Rootwalla, Forest, Forest, Forest, Forest, Forest, Forest, Forest, Forest, Forest, Forest, Roar of the Wurm, Roar of the Wurm, Birds of Paradise, Birds of Paradise, Birds of Paradise, Arrogant Wurm, Wild Mongrel, Call of the Herd, Wall of Blossoms","Albino Troll, Albino Troll, Warrior en-Kor, Phyrexian Tower, Overrun, Rapid Decay, Yavimaya Coast, Goblin Piledriver, Weatherseed Treefolk, Elvish Archers, Giant Growth, Opalescence, Spike Feeder, Pacifism, Reflecting Pool, Pouncing Jaguar, Spike Weaver, Saproling Burst, Saproling Burst, River Boa, Phantom Centaur, Tangle Wire, Autumn Willow, Elfhame Palace, Myr Incubator, Blastoderm, Blastoderm, Phantom Nishoba, Soltari Priest, Crumbling Sanctuary, Bloodstained Mire"
"20","2","Red","R Burn","Goblins","15","8","17","2.43","Hammer of Bogardan, Goblin Warchief, Lightning Bolt, Lightning Bolt, Cursed Scroll, Mishra's Factory, Stone Rain, Mogg Fanatic, Jackal Pup, Jackal Pup, Fireblast, Mountain, Mountain, Mountain, Mountain, Mountain, Mountain, Mountain, Mountain, Mountain, Mountain, Mountain, Mountain, Mountain, Mountain, Mountain, Shock, Goblin Sledder, Flametongue Kavu, Flametongue Kavu, Mogg Flunkies, Mogg Flunkies, Skirk Prospector, Ironclaw Orcs, Ironclaw Orcs, Shrapnel Blast, Siege-Gang Commander, Siege-Gang Commander, Anger, Great Furnace","Diabolic Edict, Vault of Whispers, Gemstone Mine, Shadowblood Ridge, Defense Grid, Starstorm, Phyrexian Processor, Dark Ritual, Bottle Gnomes, Attunement, Masticore, Terminate, Arcbound Ravager, Arcbound Ravager, Arcbound Worker, Arcbound Worker, Hypnotic Specter, Knight of Stromgald, Black Knight, Necropotence, Necropotence, Thunderscape Battlemage, Karplusan Forest, Covetous Dragon, Evincar's Justice, Tangle Wire, Disciple of the Vault, Disciple of the Vault, Nekrataal, Erhnam Djinn, Order of Leitbur, Aura of Silence, Phyrexian Arena, City of Brass, Soltari Priest"
"20","3","Green/White","GW Counters","Enchantments","9","14","17","2.74","Ancient Den, Parallax Wave, Survival of the Fittest, Plow Under, Windswept Heath, Squirrel Nest, Squirrel Nest, Exalted Angel, Exalted Angel, Eternal Witness, Wall of Roots, Serra Angel, Brushland, Llanowar Elves, Gaea's Cradle, Mirari's Wake, Rampant Growth, Tree of Tales, Sylvan Library, Rancor, Rancor, Tranquil Thicket, Tranquil Thicket, Swords to Plowshares, Swords to Plowshares, Forest, Forest, Forest, Forest, Forest, Forest, Treetop Village, Plains, Plains, Anurid Brushhopper, Enlightened Tutor, Elfhame Palace, Birds of Paradise, Call of the Herd, Wall of Blossoms","Eternal Dragon, Eternal Dragon, Zuran Orb, Llanowar Wastes, Wrath of God, Somber Hoverguard, Yavimaya Coast, Creeping Mold, Decree of Justice, Decree of Justice, Uktabi Orangutan, Arcbound Worker, Kavu Chameleon, Black Knight, Disenchant, Renewed Faith, Renewed Faith, Cloudchaser Eagle, Cataclysm, Worn Powerstone, Basking Rootwalla, Wing Shards, Krosan Verge, Fires of Yavimaya, Drain Life, Wild Mongrel, Empyrial Armor, Reprisal"
"20","4","Black/Red","BR Aristocrats","Spells, Goblins","12","11","17","2.35","Urborg Volcano, Wasteland, Barren Moor, Duress, Urza's Rage, Goblin Warchief, Lightning Bolt, Lightning Bolt, Gempalm Incinerator, Gempalm Incinerator, Blazing Specter, Undead Gladiator, Swamp, Swamp, Swamp, Volrath's Stronghold, Ball Lightning, Ball Lightning, Sulfuric Vortex, Chainer's Edict, Chainer's Edict, Hymn to Tourach, Ghitu Encampment, Mountain, Mountain, Mountain, Mountain, Mountain, Mountain, Smother, Goblin Sledder, Sparksmith, Mogg Flunkies, Karplusan Forest, Avalanche Riders, Goblin Sharpshooter, Incinerate, Vampiric Tutor, Sulfurous Springs, Bloodstained Mire","Wildfire, Firestorm, Ray of Distortion, Wonder, Patriarch's Bidding, Patriarch's Bidding, Entomb, Order of the Ebon Hand, Yawgmoth's Will, Addle, Spiritmonger, Contagion, Wax // Wane, Heart of Ramos, Vendetta, Plague Spitter, Wild Dogs, Spirit of the Night, Cranial Plating, Visara the Dreadful, Buried Alive, Recurring Nightmare, Hydroblast, Zombify, Karplusan Forest, Stupor, Mind Stone, Drain Life, City of Brass"
"20","5","Blue/White","UW Control","Spells","1","22","17","2.65","Talisman of Progress, Accumulated Knowledge, Accumulated Knowledge, Accumulated Knowledge, Wrath of God, Fact or Fiction, Fact or Fiction, Fact or Fiction, Serum Visions, Deep Analysis, Dismiss, Merfolk Looter, Daze, Opt, Skycloud Expanse, Skycloud Expanse, Secluded Steppe, Secluded Steppe, Secluded Steppe, Miscalculation, Force of Will, Condescend, Swords to Plowshares, Island, Island, Island, Island, Island, Island, Island, Island, Island, Island, Misdirection, Counterspell, Counterspell, Control Magic, Saprazzan Skerry, Flooded Strand, Mystical Tutor","Parallax Wave, Shivan Reef, Warrior en-Kor, Frantic Search, Somber Hoverguard, Yavimaya Coast, Replenish, Aquamoeba, Man-o'-War, Reflecting Pool, Astral Slide, Astral Slide, Capsize, Soltari Visionary, Soltari Visionary, Jester's Cap, Quiet Speculation, Nevinyrral's Disk, Seal of Cleansing, Akroma's Vengeance, Fire // Ice, Circular Logic, Worn Powerstone, Opposition, Thawing Glaciers, Mind Stone, Land Tax, White Knight, Empyrial Armor, Yawgmoth's Bargain"
"20","6","Black/Blue","BU Tempo","Spells","7","16","17","2.74","Dark Banishing, Recoil, Gush, Frantic Search, Accumulated Knowledge, Ravenous Rats, Darkwater Catacombs, Vendetta, Dark Ritual, Dark Ritual, Dark Ritual, Swamp, Swamp, Swamp, Swamp, Swamp, Nightscape Familiar, Deep Analysis, Mishra's Factory, Man-o'-War, Salt Marsh, Undermine, Repulse, Hypnotic Specter, Underground River, Underground River, Underground River, Miscalculation, Island, Island, Island, Island, Island, Spite // Malice, Mana Leak, Cephalid Coliseum, Nekrataal, Psychatog, Psychatog, Ghastly Demise","Cabal Therapy, Ancient Den, Shivan Reef, Simoon, Order of the Ebon Hand, Last Rites, Careful Study, Icy Manipulator, Glory, Goblin Grappler, Fallen Askari, Creeping Mold, Innocent Blood, Pentad Prism, Arcanis the Omnipotent, Necropotence, Fellwar Stone, Ornithopter, Akroma's Vengeance, Phyrexian Scuta, Stitch Together, Karplusan Forest, Opposition, Tradewind Rider, Ghazbán Ogre, Arrogant Wurm, Academy Rector, Pyroclasm, Seal of Removal, Phyrexian Negator"
"20","7","White","W Artifacts","Artifacts","7","16","17","2.91","Talisman of Progress, Voltaic Key, Voltaic Key, Voltaic Key, Balance, Winter Orb, Grim Monolith, Grim Monolith, Wrath of God, Seat of the Synod, Blinkmoth Nexus, Crystal Vein, Krark-Clan Ironworks, Krark-Clan Ironworks, Upheaval, Karn, Silver Golem, Darksteel Citadel, Metalworker, Metalworker, Ornithopter, Thran Dynamo, Thran Dynamo, Frogmite, Frogmite, Frogmite, Swords to Plowshares, Plains, Plains, Plains, Plains, Plains, Plains, Plains, Plains, Armageddon, Adarkar Wastes, City of Traitors, Cloudpost, Cloudpost, Cloudpost","Aeolipile, Vault of Whispers, Wildfire, Phyrexian Processor, Seat of the Synod, Scrabbling Claws, Talisman of Dominance, Replenish, Opalescence, Brushland, Soltari Monk, Arcbound Worker, Thornscape Battlemage, Thirst for Knowledge, Thirst for Knowledge, Barbed Sextant, Barbed Sextant, Fireball, Covetous Dragon, Powder Keg, Phyrexian Colossus, Howling Mine, Order of Leitbur, Order of Leitbur, Academy Rector, Staunch Defenders, Impulse, Paladin en-Vec"
"20","8","Blue","U Combo","Artifacts, Spells","3","20","17","2.87","Shivan Reef, Shivan Reef, Shivan Reef, Sky Diamond, Grim Monolith, Ancient Tomb, Tinker, Tinker, Tinker, Icy Manipulator, Yavimaya Coast, Blinkmoth Nexus, Temporal Aperture, Serrated Arrows, Masticore, Arcbound Ravager, Mishra's Helix, Cranial Plating, Force of Will, Force of Will, Fire Diamond, Frogmite, Island, Island, Island, Island, Island, Island, Island, Island, Island, Counterspell, Counterspell, Thoughtcast, Thoughtcast, Welding Jar, Chrome Mox, Chrome Mox, Rishadan Port, Cloudpost","Pillage, Doomed Necromancer, Yawgmoth's Will, Brainstorm, Yavimaya Coast, Deep Analysis, Attunement, Soltari Monk, Goblin Taskmaster, Forbid, Shatter, Force Spike, Kjeldoran Outpost, Miscalculation, Earthquake, Circular Logic, Waterfront Bouncer, Nomads en-Kor, Nomads en-Kor, Memory Lapse, Karplusan Forest, Ivory Tower, Rising Waters, Confiscate, Black Vise, Fires of Yavimaya, Parallax Tide, Flooded Strand, Great Furnace"
"21","1","Blue/White","UW Artifacts","Artifacts, Spells","5","18","17","2.39","Talisman of Progress, Ancient Den, Wasteland, Accumulated Knowledge, Accumulated Knowledge, Winter Orb, Grim Monolith, Ancient Tomb, Tinker, Icy Manipulator, Seat of the Synod, Seat of the Synod, Fact or Fiction, Scrabbling Claws, Serum Visions, Mishra's Factory, Man-o'-War, Man-o'-War, Skycloud Expanse, Miscalculation, Ornithopter, Ornithopter, Frogmite, Swords to Plowshares, Worn Powerstone, Island, Island, Island, Island, Island, Island, Island, Opposition, Opposition, Misdirection, Enlightened Tutor, Cephalid Coliseum, Counterspell, City of Traitors, Rishadan Port","Parallax Wave, Simoon, Frantic Search, Order of the Ebon Hand, Exalted Angel, Wrath of God, Starstorm, Yavimaya Coast, Serra Angel, Bottle Gnomes, Deep Analysis, Deep Analysis, Brushland, Merfolk Looter, Arcbound Worker, Capsize, Quiet Speculation, Nevinyrral's Disk, Barbed Sextant, Cloudchaser Eagle, Hydroblast, Elfhame Palace, Order of Leitbur, White Knight, Pyroclasm, Empyrial Armor, Soltari Priest"
"21","2","White","W Control","Spells, Enchantments","5","18","17","3.70","Eternal Dragon, Eternal Dragon, Parallax Wave, Balance, Exalted Angel, Wrath of God, Wrath of God, Replenish, Opalescence, Opalescence, Pacifism, Crystal Vein, Decree of Justice, Decree of Justice, Kjeldoran Outpost, Secluded Steppe, Secluded Steppe, Seal of Cleansing, Akroma's Vengeance, Akroma's Vengeance, Swords to Plowshares, Swords to Plowshares, Plains, Plains, Plains, Plains, Plains, Plains, Plains, Plains, Plains, Plains, Plains, Counterspell, Counterspell, Land Tax, Adarkar Wastes, Academy Rector, Academy Rector, Flooded Strand","Frantic Search, Accumulated Knowledge, Accumulated Knowledge, Windswept Heath, Llanowar Wastes, Glory, Yavimaya Coast, Attunement, Attunement, Soltari Monk, Soltari Monk, Masticore, Pouncing Jaguar, Astral Slide, Opt, Soltari Visionary, Thirst for Knowledge, Condescend, Tranquil Thicket, Disenchant, Cataclysm, Waterfront Bouncer, Spite // Malice, Mind Stone, Confiscate, Krosan Verge, Parallax Tide, Phantom Nishoba, Aura of Silence, Staunch Defenders, Seal of Removal"
"21","3","Black/Red","BR Aristocrats","Goblins, Creatures","16","7","17","2.48","Cabal Therapy, Urborg Volcano, Vault of Whispers, Shadowblood Ridge, Goblin Warchief, Lightning Bolt, Gempalm Incinerator, Blazing Specter, Goblin Piledriver, Swamp, Terminate, Goblin Taskmaster, Stone Rain, Ball Lightning, Chainer's Edict, Hymn to Tourach, Jackal Pup, Mountain, Mountain, Mountain, Mountain, Mountain, Mountain, Mountain, Mountain, Mountain, Mountain, Goblin Sledder, Goblin Sledder, Sparksmith, Mogg Flunkies, Nekrataal, Nekrataal, Goblin Sharpshooter, Incinerate, Siege-Gang Commander, Siege-Gang Commander, City of Brass, Great Furnace, Sulfurous Springs","Diabolic Edict, Warrior en-Kor, Patriarch's Bidding, Rapid Decay, Order of the Ebon Hand, Last Rites, Addle, Wall of Roots, Yavimaya Coast, Contagion, Fallen Askari, Heart of Ramos, Nightscape Familiar, Arcbound Ravager, Uktabi Orangutan, Cranial Plating, Black Knight, Black Knight, Necropotence, Smother, Phyrexian Scuta, Basking Rootwalla, Nomads en-Kor, Disciple of the Vault, Myr Incubator, Ghazbán Ogre, Birds of Paradise, Phyrexian Arena, Wall of Blossoms, City of Brass, Yawgmoth's Bargain"
"21","4","Blue","U Artifacts","Artifacts","6","17","17","3.35","Talisman of Progress, Voltaic Key, Voltaic Key, Grim Monolith, Tinker, Tinker, Icy Manipulator, Phyrexian Processor, Somber Hoverguard, Blinkmoth Nexus, Talisman of Dominance, Mishra's Factory, Masticore, Salt Marsh, Pentad Prism, Skycloud Expanse, Upheaval, Karn, Silver Golem, Darksteel Citadel, Metalworker, Thran Dynamo, Frogmite, Frogmite, Island, Island, Island, Island, Island, Island, Island, Island, Island, Island, Island, Tangle Wire, Mind Stone, Thoughtcast, Thoughtcast, Howling Mine, Cloudpost","Zuran Orb, Shivan Reef, Defense Grid, Llanowar Wastes, Brainstorm, Wax // Wane, Cursed Scroll, Temporal Aperture, Aquamoeba, Creeping Mold, Arcbound Worker, Arcbound Worker, Forbid, Kavu Chameleon, Jester's Cap, Force Spike, Arcanis the Omnipotent, Miscalculation, Miscalculation, Force of Will, Phantom Centaur, Renewed Faith, Circular Logic, Mana Leak, Thawing Glaciers, Tradewind Rider, Rising Waters, Blastoderm, Order of Leitbur, Welding Jar, Empyrial Armor"
"21","5","Black/Green","BG Graveyard","Enchantments","14","9","17","3.43","Survival of the Fittest, Survival of the Fittest, Genesis, Dance of the Dead, Phyrexian Tower, Entomb, Eternal Witness, Eternal Witness, Spiritmonger, Swamp, Swamp, Swamp, Swamp, Spirit of the Night, Volrath's Stronghold, Visara the Dreadful, Verdant Force, Gaea's Cradle, Buried Alive, Sylvan Library, Symbiotic Wurm, Tranquil Thicket, Recurring Nightmare, Recurring Nightmare, Basking Rootwalla, Forest, Forest, Forest, Forest, Forest, Forest, Forest, Forest, Forest, Stitch Together, Birds of Paradise, Birds of Paradise, Arrogant Wurm, Wild Mongrel, Wild Mongrel","Dark Banishing, Patriarch's Bidding, Squirrel Nest, Squirrel Nest, Ravenous Rats, Wall of Roots, Vendetta, Elvish Archers, Dark Ritual, Dark Ritual, Spike Feeder, Brushland, Plague Spitter, Innocent Blood, Hypnotic Specter, Hypnotic Specter, Spike Weaver, Chainer's Edict, Saproling Burst, Knight of Stromgald, Werebear, Rancor, Rancor, Stupor, Tangle Wire, Autumn Willow, Blastoderm, Order of Leitbur, Call of the Herd, Call of the Herd, Wall of Blossoms, Phyrexian Negator, Paladin en-Vec"
"21","6","Red","R Artifacts","Artifacts","8","15","17","3.48","Voltaic Key, Wildfire, Wildfire, Shivan Reef, Sky Diamond, Grim Monolith, Phyrexian Processor, Somber Hoverguard, Blinkmoth Nexus, Swamp, Arcbound Ravager, Arcbound Ravager, Krark-Clan Ironworks, Krark-Clan Ironworks, Mishra's Helix, Cranial Plating, Fellwar Stone, Fire Diamond, Metalworker, Mountain, Mountain, Mountain, Mountain, Mountain, Mountain, Mountain, Mountain, Thran Dynamo, Worn Powerstone, Island, Covetous Dragon, Covetous Dragon, Disciple of the Vault, Powder Keg, Phyrexian Colossus, Great Furnace, Cloudpost, Cloudpost, Cloudpost, Bloodstained Mire","Ancient Den, Aeolipile, Vault of Whispers, Pillage, Warrior en-Kor, Firestorm, Hammer of Bogardan, Lightning Bolt, Serrated Arrows, Astral Slide, Soltari Visionary, Shatter, Mirari's Wake, Secluded Steppe, Necropotence, Earthquake, Thunderscape Battlemage, Tranquil Thicket, Swords to Plowshares, Wing Shards, Karplusan Forest, Anurid Brushhopper, Skirk Prospector, Armageddon, Shrapnel Blast, Ivory Tower, Black Vise, Saprazzan Skerry, Crumbling Sanctuary, Reprisal"
"21","7","Green/Red","GR Stompy","Green/Red","14","9","17","2.48","Albino Troll, Albino Troll, Overrun, Eternal Witness, Lightning Bolt, Lightning Bolt, Weatherseed Treefolk, Giant Growth, Viridian Shaman, Centaur Garden, Llanowar Elves, Llanowar Elves, Rampant Growth, River Boa, Thornscape Battlemage, Ghitu Encampment, Mountain, Mountain, Shock, Fireball, Flametongue Kavu, Flametongue Kavu, Forest, Forest, Forest, Forest, Forest, Forest, Forest, Treetop Village, Karplusan Forest, Karplusan Forest, Karplusan Forest, Karplusan Forest, Avalanche Riders, Elfhame Palace, Birds of Paradise, Erhnam Djinn, Fires of Yavimaya, Fires of Yavimaya","Gemstone Mine, Nimble Mongoose, Doomed Necromancer, Ray of Distortion, Urza's Rage, Goblin Warchief, Yavimaya Coast, Gempalm Incinerator, Goblin Grappler, Creeping Mold, Reflecting Pool, Arcbound Worker, Wild Dogs, Ball Lightning, Sulfuric Vortex, Mogg Fanatic, Barbed Sextant, Jackal Pup, Fireblast, Roar of the Wurm, Roar of the Wurm, Mogg Flunkies, Mogg Flunkies, Ironclaw Orcs, Ironclaw Orcs, Arrogant Wurm, Anger, Chrome Mox, Soltari Priest"
"21","8","Black/Blue","BU Tempo","Spells","2","21","17","2.83","Shivan Reef, Shivan Reef, Recoil, Gush, Llanowar Wastes, Llanowar Wastes, Barren Moor, Duress, Fact or Fiction, Fact or Fiction, Darkwater Catacombs, Swamp, Swamp, Swamp, Swamp, Swamp, Deep Analysis, Dismiss, Undermine, Repulse, Daze, Underground River, Underground River, Underground River, Force of Will, Force of Will, Circular Logic, Island, Island, Memory Lapse, Counterspell, Control Magic, Psychatog, Psychatog, Ghastly Demise, Chrome Mox, Vampiric Tutor, Flooded Strand, Impulse, Mystical Tutor","Shivan Reef, Wonder, Plow Under, Llanowar Wastes, Yawgmoth's Will, Yawgmoth's Will, Careful Study, Yavimaya Coast, Undead Gladiator, Vendetta, Replenish, Dark Ritual, Dark Ritual, Reflecting Pool, Saproling Burst, Tree of Tales, Thirst for Knowledge, Necropotence, Frogmite, Renewed Faith, Fire // Ice, Nomads en-Kor, Zombify, Evincar's Justice, Drain Life, Drain Life, Bloodstained Mire"
"22","1","Red/Blue","RU Spellslinger","Spells","0","23","17","2.52","Wasteland, Wildfire, Shivan Reef, Shivan Reef, Shivan Reef, Shivan Reef, Gush, Frantic Search, Accumulated Knowledge, Sky Diamond, Wrath of God, Wrath of God, Brainstorm, Fact or Fiction, Lightning Bolt, Lightning Bolt, Lightning Bolt, Serum Visions, Deep Analysis, Opt, Skycloud Expanse, Miscalculation, Island, Island, Island, Island, Island, Island, Island, Island, Memory Lapse, Misdirection, Mana Leak, Cephalid Coliseum, Mind Stone, Counterspell, Incinerate, Saprazzan Skerry, Great Furnace, Mystical Tutor","Eternal Dragon, Pillage, Warrior en-Kor, Balance, Hammer of Bogardan, Starstorm, Urza's Rage, Glory, Replenish, Brushland, Astral Slide, Secluded Steppe, Earthquake, Shock, Goblin Sledder, Circular Logic, Karplusan Forest, Opposition, Avalanche Riders, Tradewind Rider, Howling Mine, Ivory Tower, Erhnam Djinn, Rising Waters, Siege-Gang Commander, Siege-Gang Commander, Welding Jar, City of Brass"
"22","2","Black","B Midrange","Artifacts","7","16","17","2.35","Vault of Whispers, Vault of Whispers, Ancient Tomb, Llanowar Wastes, Phyrexian Processor, Addle, Dark Ritual, Swamp, Swamp, Swamp, Swamp, Swamp, Swamp, Swamp, Swamp, Swamp, Swamp, Mishra's Factory, Plague Spitter, Crystal Vein, Masticore, Arcbound Ravager, Volrath's Stronghold, Cranial Plating, Knight of Stromgald, Necropotence, Necropotence, Necropotence, Hymn to Tourach, Ornithopter, Smother, Phyrexian Scuta, Stupor, Tangle Wire, Nekrataal, Black Vise, Drain Life, Chrome Mox, Vampiric Tutor, Phyrexian Arena","Gemstone Mine, Ray of Distortion, Rapid Decay, Llanowar Wastes, Goblin Warchief, Gempalm Incinerator, Giant Growth, Soltari Monk, Arcbound Worker, Arcbound Worker, Buried Alive, Quiet Speculation, Recurring Nightmare, Recurring Nightmare, Thran Dynamo, Frogmite, Frogmite, Akroma's Vengeance, Cataclysm, Zombify, Stitch Together, Opposition, Skirk Prospector, Mind Stone, Shrapnel Blast, White Knight, Aura of Silence, Empyrial Armor, City of Brass, Sulfurous Springs"
"22","3","Blue/White","UW Control","Spells, Enchantments","5","18","17","3.61","Talisman of Progress, Ancient Den, Parallax Wave, Parallax Wave, Exalted Angel, Exalted Angel, Wrath of God, Blinkmoth Nexus, Serra Angel, Replenish, Deep Analysis, Opalescence, Opalescence, Pacifism, Decree of Justice, Decree of Justice, Skycloud Expanse, Secluded Steppe, Fellwar Stone, Seal of Cleansing, Disenchant, Akroma's Vengeance, Swords to Plowshares, Plains, Plains, Plains, Plains, Plains, Plains, Plains, Plains, Plains, Elfhame Palace, Land Tax, Parallax Tide, Academy Rector, Academy Rector, Flooded Strand, Cloudpost, Cloudpost","Voltaic Key, Voltaic Key, Windswept Heath, Eternal Witness, Icy Manipulator, Icy Manipulator, Yavimaya Coast, Serrated Arrows, Reflecting Pool, Ball Lightning, Saproling Burst, Mirari's Wake, Rampant Growth, Sylvan Library, Barbed Sextant, Wing Shards, Nomads en-Kor, Nomads en-Kor, Karplusan Forest, Thawing Glaciers, Armageddon, Elfhame Palace, Thoughtcast, Ghazbán Ogre, Birds of Paradise, Birds of Paradise, Staunch Defenders, Empyrial Armor, Soltari Priest"
"22","4","Black/Red/Blue","BRU Tempo","Spells","4","19","17","3.13","Urborg Volcano, Diabolic Edict, Shivan Reef, Recoil, Accumulated Knowledge, Barren Moor, Duress, Fact or Fiction, Blazing Specter, Talisman of Dominance, Swamp, Swamp, Swamp, Swamp, Nightscape Familiar, Dismiss, Terminate, Undermine, Underground River, Miscalculation, Force of Will, Force of Will, Ghitu Encampment, Fire // Ice, Island, Island, Island, Island, Island, Island, Spite // Malice, Karplusan Forest, Counterspell, Counterspell, Counterspell, Control Magic, Nekrataal, Psychatog, Impulse, Bloodstained Mire","Zuran Orb, Wildfire, Dark Banishing, Defense Grid, Patriarch's Bidding, Last Rites, Llanowar Wastes, Goblin Grappler, Goblin Piledriver, Undead Gladiator, Vendetta, Dark Ritual, Bottle Gnomes, Reflecting Pool, Uktabi Orangutan, Pouncing Jaguar, Spirit of the Night, Ball Lightning, Hypnotic Specter, Capsize, Jester's Cap, Thunderscape Battlemage, Fireball, Flametongue Kavu, Flametongue Kavu, Karplusan Forest, Anurid Brushhopper, Ironclaw Orcs, Psychatog, Crumbling Sanctuary"
"22","5","Blue","U Artifacts","Artifacts","8","15","17","3.22","Talisman of Progress, Winter Orb, Grim Monolith, Grim Monolith, Tinker, Tinker, Tinker, Seat of the Synod, Seat of the Synod, Somber Hoverguard, Swamp, Mishra's Factory, Arcbound Ravager, Arcbound Ravager, Krark-Clan Ironworks, Krark-Clan Ironworks, Mishra's Helix, Cranial Plating, Karn, Silver Golem, Darksteel Citadel, Metalworker, Metalworker, Thran Dynamo, Frogmite, Frogmite, Worn Powerstone, Worn Powerstone, Island, Island, Island, Island, Island, Island, Island, Island, Tangle Wire, Adarkar Wastes, City of Traitors, Cloudpost, Cloudpost","Ancient Den, Eternal Dragon, Warrior en-Kor, Firestorm, Yavimaya Coast, Scrabbling Claws, Temporal Aperture, Soltari Monk, Goblin Taskmaster, Arcbound Worker, Stone Rain, Astral Slide, Kavu Chameleon, Shatter, Tree of Tales, Thornscape Battlemage, Thirst for Knowledge, Barbed Sextant, Jackal Pup, Renewed Faith, Cloudchaser Eagle, Goblin Sledder, Mogg Flunkies, Covetous Dragon, Covetous Dragon, Disciple of the Vault, Order of Leitbur, Krosan Verge, Great Furnace"
"22","6","Blue","U Tempo","Spells","5","18","17","2.74","Frantic Search, Accumulated Knowledge, Accumulated Knowledge, Careful Study, Yavimaya Coast, Yavimaya Coast, Blinkmoth Nexus, Fact or Fiction, Aquamoeba, Deep Analysis, Merfolk Looter, Man-o'-War, Man-o'-War, Forbid, Repulse, Daze, Underground River, Force Spike, Arcanis the Omnipotent, Miscalculation, Thirst for Knowledge, Force of Will, Condescend, Circular Logic, Island, Island, Island, Island, Island, Island, Island, Island, Island, Island, Island, Island, Hydroblast, Confiscate, Seal of Removal, Flooded Strand","Albino Troll, Dance of the Dead, Wonder, Entomb, Llanowar Wastes, Yavimaya Coast, Gempalm Incinerator, Wax // Wane, Darkwater Catacombs, Creeping Mold, Spike Feeder, Attunement, Attunement, Brushland, Salt Marsh, Upheaval, Underground River, Werebear, Fire Diamond, Sparksmith, Basking Rootwalla, Basking Rootwalla, Waterfront Bouncer, Karplusan Forest, Powder Keg, Thoughtcast, Myr Incubator, Blastoderm, Arrogant Wurm, Ghastly Demise, Call of the Herd, Wall of Blossoms"
"22","7","Black","B Midrange","Spells, Knights","9","14","17","2.43","Cabal Therapy, Phyrexian Tower, Order of the Ebon Hand, Order of the Ebon Hand, Ravenous Rats, Yawgmoth's Will, Yawgmoth's Will, Contagion, Fallen Askari, Dark Ritual, Dark Ritual, Swamp, Swamp, Swamp, Swamp, Swamp, Swamp, Swamp, Swamp, Swamp, Swamp, Swamp, Swamp, Swamp, Swamp, Swamp, Innocent Blood, Hypnotic Specter, Chainer's Edict, Chainer's Edict, Visara the Dreadful, Black Knight, Black Knight, Nevinyrral's Disk, Ornithopter, Evincar's Justice, Drain Life, Chrome Mox, Rishadan Port, Yawgmoth's Bargain","Doomed Necromancer, Shadowblood Ridge, Grim Monolith, Patriarch's Bidding, Llanowar Wastes, Phyrexian Processor, Goblin Warchief, Somber Hoverguard, Heart of Ramos, Cursed Scroll, Masticore, Arcbound Worker, Pentad Prism, Sulfuric Vortex, Soltari Visionary, Soltari Visionary, Kjeldoran Outpost, Secluded Steppe, Jackal Pup, Renewed Faith, Swords to Plowshares, Swords to Plowshares, Swords to Plowshares, Mogg Flunkies, Enlightened Tutor, Disciple of the Vault, Goblin Sharpshooter, Order of Leitbur, Order of Leitbur, Phantom Nishoba, Pyroclasm, Phyrexian Negator, Reprisal, Bloodstained Mire, Paladin en-Vec"
"22","8","Green","G Ramp","Creatures","16","7","17","3.04","Albino Troll, Survival of the Fittest, Genesis, Overrun, Eternal Witness, Eternal Witness, Weatherseed Treefolk, Viridian Shaman, Centaur Garden, Llanowar Elves, Llanowar Elves, Gaea's Cradle, River Boa, Phantom Centaur, Rancor, Rancor, Tranquil Thicket, Tranquil Thicket, Tranquil Thicket, Forest, Forest, Forest, Forest, Forest, Forest, Forest, Forest, Forest, Forest, Forest, Treetop Village, Roar of the Wurm, Roar of the Wurm, Birds of Paradise, Birds of Paradise, Blastoderm, Arrogant Wurm, Wild Mongrel, Wild Mongrel, Call of the Herd","Aeolipile, Voltaic Key, Nimble Mongoose, Survival of the Fittest, Simoon, Plow Under, Squirrel Nest, Squirrel Nest, Spiritmonger, Wall of Roots, Wall of Roots, Lightning Bolt, Vendetta, Elvish Archers, Creeping Mold, Wild Dogs, Spike Weaver, Verdant Force, Saproling Burst, Mogg Fanatic, Symbiotic Wurm, Fireblast, Mogg Flunkies, Ironclaw Orcs, Autumn Willow, Phyrexian Colossus, Fires of Yavimaya, Fires of Yavimaya, Anger, Wall of Blossoms, Soltari Priest"
"23","1","Green/White","GW Counters","Enchantments","12","11","17","3.35","Eternal Dragon, Parallax Wave, Windswept Heath, Squirrel Nest, Exalted Angel, Exalted Angel, Eternal Witness, Wrath of God, Serra Angel, Replenish, Opalescence, Opalescence, Spike Feeder, Brushland, Pacifism, Llanowar Elves, Secluded Steppe, Secluded Steppe, Secluded Steppe, Sylvan Library, Tranquil Thicket, Tranquil Thicket, Swords to Plowshares, Forest, Forest, Forest, Plains, Plains, Plains, Plains, Plains, Plains, Anurid Brushhopper, Enlightened Tutor, Elfhame Palace, Birds of Paradise, Academy Rector, Academy Rector, Call of the Herd, Wall of Blossoms","Nimble Mongoose, Warrior en-Kor, Ray of Distortion, Grim Monolith, Glory, Weatherseed Treefolk, Elvish Archers, Soltari Monk, Wild Dogs, Barbed Sextant, Phantom Centaur, Renewed Faith, Renewed Faith, Akroma's Vengeance, Cataclysm, Wing Shards, Tangle Wire, Tangle Wire, Ironclaw Orcs, Ghazbán Ogre, Order of Leitbur, Krosan Verge, White Knight, Wild Mongrel, Staunch Defenders, Empyrial Armor, Empyrial Armor, Soltari Priest, Paladin en-Vec"
"23","2","Red/Blue","RU Spellslinger","Spells","3","20","17","2.74","Shivan Reef, Shivan Reef, Shivan Reef, Tinker, Tinker, Seat of the Synod, Blinkmoth Nexus, Lightning Bolt, Lightning Bolt, Serum Visions, Deep Analysis, Dismiss, Crystal Vein, Merfolk Looter, Man-o'-War, Forbid, Repulse, Arcanis the Omnipotent, Miscalculation, Force of Will, Ghitu Encampment, Fire // Ice, Circular Logic, Circular Logic, Island, Island, Island, Island, Island, Island, Island, Island, Mana Leak, Cephalid Coliseum, Counterspell, Control Magic, Seal of Removal, Rishadan Port, Impulse, Mystical Tutor","Pillage, Overrun, Urza's Rage, Spiritmonger, Goblin Grappler, Goblin Piledriver, Goblin Taskmaster, Uktabi Orangutan, Stone Rain, Ball Lightning, Sulfuric Vortex, Skycloud Expanse, Saproling Burst, Jackal Pup, Fireblast, Ornithopter, Shock, Roar of the Wurm, Mogg Flunkies, Skirk Prospector, Avalanche Riders, Thoughtcast, Erhnam Djinn, Rising Waters, Goblin Sharpshooter, Welding Jar, Chrome Mox, Bloodstained Mire"
"23","3","Black/Green/Blue","BGU Value","Spells","7","16","17","3.39","Survival of the Fittest, Doomed Necromancer, Dance of the Dead, Entomb, Llanowar Wastes, Llanowar Wastes, Yavimaya Coast, Fact or Fiction, Fact or Fiction, Dark Ritual, Dark Ritual, Swamp, Swamp, Swamp, Swamp, Swamp, Swamp, Swamp, Swamp, Swamp, Deep Analysis, Deep Analysis, Centaur Garden, Man-o'-War, Spirit of the Night, Verdant Force, Buried Alive, Underground River, Underground River, Recurring Nightmare, Recurring Nightmare, Island, Waterfront Bouncer, Spite // Malice, Zombify, Stitch Together, Nekrataal, Saprazzan Skerry, Wild Mongrel, Vampiric Tutor","Diabolic Edict, Dark Banishing, Shivan Reef, Recoil, Accumulated Knowledge, Wonder, Order of the Ebon Hand, Brainstorm, Contagion, Vendetta, Nightscape Familiar, Creeping Mold, Attunement, Attunement, Daze, Chainer's Edict, Mogg Fanatic, Necropotence, Disenchant, Goblin Sledder, Basking Rootwalla, Roar of the Wurm, Hydroblast, Memory Lapse, Opposition, Misdirection, Counterspell, Adarkar Wastes, Phyrexian Arena, City of Brass"
"23","4","Green/White","GW Counters","Spells, Enchantments","8","15","17","2.96","Eternal Dragon, Wasteland, Parallax Wave, Survival of the Fittest, Ancient Tomb, Eternal Witness, Llanowar Wastes, Wrath of God, Wrath of God, Wall of Roots, Wall of Roots, Replenish, Brushland, Decree of Justice, Decree of Justice, Llanowar Elves, Gaea's Cradle, Mirari's Wake, Kjeldoran Outpost, Seal of Cleansing, Swords to Plowshares, Swords to Plowshares, Forest, Forest, Treetop Village, Plains, Plains, Plains, Plains, Plains, Armageddon, Elfhame Palace, Land Tax, Birds of Paradise, Phantom Nishoba, Chrome Mox, Call of the Herd, Wall of Blossoms, Flooded Strand, Cloudpost","Albino Troll, Llanowar Wastes, Yavimaya Coast, Creeping Mold, Viridian Shaman, Masticore, Reflecting Pool, Astral Slide, Skycloud Expanse, Soltari Visionary, Soltari Visionary, Kavu Chameleon, Knight of Stromgald, Barbed Sextant, Thunderscape Battlemage, Rancor, Rancor, Cloudchaser Eagle, Akroma's Vengeance, Basking Rootwalla, Nomads en-Kor, Nomads en-Kor, Karplusan Forest, Howling Mine, Arrogant Wurm, Aura of Silence, Flooded Strand"
"23","5","Red/Blue","RU Artifacts","Artifacts, Spells","5","18","17","3.26","Talisman of Progress, Talisman of Progress, Ancient Den, Voltaic Key, Voltaic Key, Wildfire, Wildfire, Shivan Reef, Winter Orb, Sky Diamond, Grim Monolith, Tinker, Phyrexian Processor, Somber Hoverguard, Temporal Aperture, Arcbound Ravager, Thirst for Knowledge, Force of Will, Metalworker, Mountain, Thran Dynamo, Island, Island, Island, Island, Island, Island, Island, Island, Island, Island, Island, Covetous Dragon, Covetous Dragon, Counterspell, Counterspell, Thoughtcast, Great Furnace, Great Furnace, Cloudpost","Ancient Den, Gemstone Mine, Simoon, Gush, Accumulated Knowledge, Patriarch's Bidding, Rapid Decay, Starstorm, Fact or Fiction, Lightning Bolt, Fallen Askari, Blazing Specter, Heart of Ramos, Cursed Scroll, Arcbound Worker, Arcbound Worker, Astral Slide, Ball Lightning, Capsize, Shatter, Miscalculation, Miscalculation, Nevinyrral's Disk, Jackal Pup, Earthquake, Fireball, Goblin Sledder, Mogg Flunkies, Order of Leitbur, Parallax Tide, City of Brass, Reprisal"
"23","6","Colorless","Combo","Artifacts","7","16","17","3.04","Zuran Orb, Voltaic Key, Grim Monolith, Icy Manipulator, Phyrexian Processor, Scrabbling Claws, Swamp, Swamp, Serrated Arrows, Masticore, Krark-Clan Ironworks, Mishra's Helix, Arcbound Worker, Pentad Prism, Upheaval, Metalworker, Thran Dynamo, Frogmite, Frogmite, Worn Powerstone, Island, Island, Island, Island, Island, Island, Island, Island, Island, Karplusan Forest, Karplusan Forest, Karplusan Forest, Disciple of the Vault, Mind Stone, Mind Stone, Powder Keg, Phyrexian Colossus, City of Traitors, Cloudpost, Cloudpost","Albino Troll, Warrior en-Kor, Firestorm, Genesis, Plow Under, Patriarch's Bidding, Squirrel Nest, Eternal Witness, Llanowar Wastes, Seat of the Synod, Yavimaya Coast, Giant Growth, Reflecting Pool, Pouncing Jaguar, Saproling Burst, Rampant Growth, River Boa, Thornscape Battlemage, Black Knight, Werebear, Symbiotic Wurm, Tranquil Thicket, Flametongue Kavu, Sparksmith, Karplusan Forest, Autumn Willow, Birds of Paradise, Birds of Paradise, Blastoderm, Fires of Yavimaya, Pyroclasm"
"23","7","Black/Blue","BU Midrange","Spells","8","15","17","2.52","Cabal Therapy, Ravenous Rats, Duress, Yavimaya Coast, Darkwater Catacombs, Undead Gladiator, Vendetta, Dark Ritual, Dark Ritual, Swamp, Swamp, Swamp, Swamp, Swamp, Swamp, Swamp, Swamp, Swamp, Swamp, Swamp, Swamp, Innocent Blood, Salt Marsh, Undermine, Volrath's Stronghold, Hypnotic Specter, Hypnotic Specter, Chainer's Edict, Visara the Dreadful, Underground River, Necropotence, Necropotence, Force of Will, Hymn to Tourach, Smother, Evincar's Justice, Nekrataal, Psychatog, Psychatog, Ghastly Demise","Shadowblood Ridge, Frantic Search, Frantic Search, Accumulated Knowledge, Accumulated Knowledge, Order of the Ebon Hand, Yawgmoth's Will, Yawgmoth's Will, Careful Study, Yavimaya Coast, Wax // Wane, Talisman of Dominance, Aquamoeba, Opt, Spike Weaver, Force Spike, Quiet Speculation, Thirst for Knowledge, Black Knight, Condescend, Phyrexian Scuta, Opposition, Tradewind Rider, Confiscate, Blastoderm, Order of Leitbur, Arrogant Wurm, Fires of Yavimaya, Drain Life, Drain Life, Yawgmoth's Bargain, Crumbling Sanctuary"
"23","8","Black/Red","BR Aristocrats","Artifacts","11","12","17","2.61","Urborg Volcano, Vault of Whispers, Vault of Whispers, Phyrexian Tower, Hammer of Bogardan, Barren Moor, Icy Manipulator, Blinkmoth Nexus, Lightning Bolt, Swamp, Mishra's Factory, Mishra's Factory, Terminate, Arcbound Ravager, Arcbound Ravager, Krark-Clan Ironworks, Arcbound Worker, Cranial Plating, Cranial Plating, Karn, Silver Golem, Darksteel Citadel, Fellwar Stone, Fire Diamond, Ornithopter, Mountain, Mountain, Mountain, Mountain, Mountain, Frogmite, Frogmite, Flametongue Kavu, Disciple of the Vault, Shrapnel Blast, Incinerate, Siege-Gang Commander, Siege-Gang Commander, Black Vise, Sulfurous Springs, Bloodstained Mire","Aeolipile, Balance, Defense Grid, Last Rites, Addle, Goblin Warchief, Goblin Warchief, Somber Hoverguard, Gempalm Incinerator, Gempalm Incinerator, Bottle Gnomes, Soltari Monk, Plague Spitter, Jester's Cap, Tree of Tales, Swords to Plowshares, Worn Powerstone, Mogg Flunkies, Stupor, Ironclaw Orcs, Thawing Glaciers, Myr Incubator, Ivory Tower, Anger, Phyrexian Negator, Soltari Priest"
"24","1","Black","B Midrange","Spells, Enchantments","6","17","17","2.96","Cabal Therapy, Wasteland, Dark Banishing, Doomed Necromancer, Dance of the Dead, Entomb, Ravenous Rats, Yawgmoth's Will, Contagion, Undead Gladiator, Vendetta, Swamp, Swamp, Swamp, Swamp, Swamp, Swamp, Swamp, Swamp, Swamp, Swamp, Swamp, Swamp, Swamp, Swamp, Swamp, Innocent Blood, Spirit of the Night, Volrath's Stronghold, Chainer's Edict, Necropotence, Necropotence, Recurring Nightmare, Recurring Nightmare, Zombify, Stitch Together, Stupor, Nekrataal, Nekrataal, Phyrexian Arena","Albino Troll, Albino Troll, Genesis, Grim Monolith, Rapid Decay, Order of the Ebon Hand, Icy Manipulator, Addle, Glory, Scrabbling Claws, Gempalm Incinerator, Centaur Garden, Plague Spitter, Reflecting Pool, Black Knight, Black Knight, Barbed Sextant, Jackal Pup, Phyrexian Scuta, Wing Shards, Waterfront Bouncer, Mogg Flunkies, Skirk Prospector, Ironclaw Orcs, Cephalid Coliseum, Psychatog, Psychatog, Order of Leitbur, Black Vise, Fires of Yavimaya, Academy Rector, Drain Life, Wall of Blossoms, Yawgmoth's Bargain, Bloodstained Mire"
"24","2","Black/Blue","BU Artifacts","Artifacts, Spells","2","21","17","2.78","Aeolipile, Voltaic Key, Shivan Reef, Shivan Reef, Frantic Search, Accumulated Knowledge, Grim Monolith, Defense Grid, Ancient Tomb, Tinker, Yawgmoth's Will, Barren Moor, Seat of the Synod, Blinkmoth Nexus, Talisman of Dominance, Mishra's Factory, Krark-Clan Ironworks, Opt, Pentad Prism, Force Spike, Arcanis the Omnipotent, Force of Will, Frogmite, Worn Powerstone, Island, Island, Island, Island, Island, Misdirection, Mind Stone, Thoughtcast, Rising Waters, Saprazzan Skerry, Vampiric Tutor, Great Furnace, Cloudpost, Cloudpost, Cloudpost, Mystical Tutor","Shivan Reef, Firestorm, Phyrexian Tower, Patriarch's Bidding, Llanowar Wastes, Yavimaya Coast, Goblin Grappler, Replenish, Attunement, Attunement, Terminate, Mirari's Wake, Knight of Stromgald, Rancor, Fireblast, Sparksmith, Roar of the Wurm, Mogg Flunkies, Covetous Dragon, Disciple of the Vault, Elfhame Palace, Siege-Gang Commander, Flooded Strand, Great Furnace, Sulfurous Springs"
"24","3","White","W Combo","Artifacts, Constructs","9","14","17","2.57","Ancient Den, Ancient Den, Voltaic Key, Grim Monolith, Icy Manipulator, Phyrexian Processor, Blinkmoth Nexus, Cursed Scroll, Temporal Aperture, Mishra's Factory, Serrated Arrows, Masticore, Arcbound Ravager, Arcbound Ravager, Mishra's Helix, Arcbound Worker, Arcbound Worker, Arcbound Worker, Arcbound Worker, Stone Rain, Karn, Silver Golem, Kjeldoran Outpost, Darksteel Citadel, Mountain, Frogmite, Swords to Plowshares, Worn Powerstone, Plains, Plains, Plains, Plains, Plains, Plains, Plains, Tangle Wire, Enlightened Tutor, Armageddon, City of Traitors, City of Brass, Rishadan Port","Parallax Wave, Wildfire, Lightning Bolt, Serra Angel, Heart of Ramos, Bottle Gnomes, Pacifism, Decree of Justice, Wild Dogs, Soltari Visionary, Shatter, Werebear, Jackal Pup, Earthquake, Ghitu Encampment, Disenchant, Goblin Sledder, Autumn Willow, Elfhame Palace, Incinerate, White Knight, Siege-Gang Commander, Aura of Silence, Anger, Staunch Defenders, Empyrial Armor, City of Brass, Paladin en-Vec"
"24","4","Red/Blue/White","RUW Control","Spells","1","22","17","2.61","Talisman of Progress, Shivan Reef, Shivan Reef, Sky Diamond, Wrath of God, Wrath of God, Yavimaya Coast, Fact or Fiction, Lightning Bolt, Lightning Bolt, Lightning Bolt, Serum Visions, Dismiss, Man-o'-War, Forbid, Repulse, Secluded Steppe, Miscalculation, Miscalculation, Fellwar Stone, Force of Will, Condescend, Circular Logic, Island, Island, Island, Island, Island, Island, Island, Island, Island, Island, Island, Memory Lapse, Karplusan Forest, Mind Stone, Counterspell, Confiscate, Flooded Strand","Urborg Volcano, Warrior en-Kor, Exalted Angel, Last Rites, Llanowar Wastes, Urza's Rage, Wall of Roots, Yavimaya Coast, Replenish, Brushland, Astral Slide, Astral Slide, Sulfuric Vortex, Mogg Fanatic, Jester's Cap, Fire Diamond, Shock, Akroma's Vengeance, Goblin Sledder, Flametongue Kavu, Flametongue Kavu, Spite // Malice, Mogg Flunkies, Karplusan Forest, Anurid Brushhopper, Thawing Glaciers, Avalanche Riders, Tradewind Rider, Ivory Tower, Order of Leitbur, Bloodstained Mire"
"24","5","Green","G Ramp","Creatures","16","7","17","3.04","Survival of the Fittest, Survival of the Fittest, Overrun, Plow Under, Eternal Witness, Eternal Witness, Wall of Roots, Weatherseed Treefolk, Viridian Shaman, Llanowar Elves, Llanowar Elves, Verdant Force, Gaea's Cradle, Sylvan Library, Symbiotic Wurm, Tranquil Thicket, Tranquil Thicket, Forest, Forest, Forest, Forest, Forest, Forest, Forest, Forest, Forest, Forest, Forest, Forest, Forest, Treetop Village, Birds of Paradise, Birds of Paradise, Birds of Paradise, Birds of Paradise, Blastoderm, Blastoderm, Call of the Herd, Call of the Herd, Wall of Blossoms","Zuran Orb, Gemstone Mine, Nimble Mongoose, Squirrel Nest, Squirrel Nest, Spiritmonger, Goblin Warchief, Goblin Warchief, Gempalm Incinerator, Goblin Piledriver, Giant Growth, Creeping Mold, Spike Feeder, Reflecting Pool, Uktabi Orangutan, Pouncing Jaguar, Spike Weaver, Saproling Burst, Saproling Burst, River Boa, Thunderscape Battlemage, Rancor, Swords to Plowshares, Roar of the Wurm, Karplusan Forest, Myr Incubator, Erhnam Djinn, Arrogant Wurm, Arrogant Wurm, Fires of Yavimaya, Wild Mongrel, Wild Mongrel, Chrome Mox"
"24","6","Blue/White","UW Control","Spells, Enchantments","5","18","17","3.35","Talisman of Progress, Eternal Dragon, Eternal Dragon, Parallax Wave, Balance, Exalted Angel, Wrath of God, Fact or Fiction, Deep Analysis, Deep Analysis, Man-o'-War, Decree of Justice, Daze, Skycloud Expanse, Skycloud Expanse, Secluded Steppe, Secluded Steppe, Seal of Cleansing, Akroma's Vengeance, Swords to Plowshares, Swords to Plowshares, Island, Island, Island, Island, Island, Plains, Plains, Plains, Plains, Plains, Plains, Plains, Mana Leak, Counterspell, Land Tax, Adarkar Wastes, Parallax Tide, Academy Rector, Seal of Removal","Wildfire, Warrior en-Kor, Frantic Search, Windswept Heath, Eternal Witness, Starstorm, Wax // Wane, Opalescence, Soltari Monk, Soltari Monk, Ball Lightning, Soltari Visionary, Rampant Growth, Thornscape Battlemage, Nevinyrral's Disk, Barbed Sextant, Renewed Faith, Renewed Faith, Smother, Fire // Ice, Cataclysm, Nomads en-Kor, Nomads en-Kor, Opposition, Evincar's Justice, Ironclaw Orcs, Order of Leitbur, Krosan Verge, Ghastly Demise, Phantom Nishoba, Soltari Priest, Reprisal"
"24","7","Black/Blue","BU Artifacts","Artifacts","12","11","17","3.00","Vault of Whispers, Vault of Whispers, Voltaic Key, Winter Orb, Tinker, Tinker, Phyrexian Processor, Seat of the Synod, Somber Hoverguard, Somber Hoverguard, Swamp, Crystal Vein, Masticore, Arcbound Ravager, Krark-Clan Ironworks, Cranial Plating, Cranial Plating, Underground River, Metalworker, Metalworker, Ornithopter, Ornithopter, Frogmite, Frogmite, Island, Island, Island, Island, Island, Island, Island, Island, Island, Island, Tangle Wire, Disciple of the Vault, Phyrexian Colossus, Thoughtcast, Welding Jar, Cloudpost","Pillage, Shadowblood Ridge, Ray of Distortion, Order of the Ebon Hand, Hammer of Bogardan, Yavimaya Coast, Blazing Specter, Brushland, Goblin Taskmaster, Merfolk Looter, Ball Lightning, Upheaval, Kavu Chameleon, Tree of Tales, Quiet Speculation, Thirst for Knowledge, Thirst for Knowledge, Necropotence, Thran Dynamo, Thran Dynamo, Fireball, Cloudchaser Eagle, Karplusan Forest, Covetous Dragon, Powder Keg, Howling Mine, Shrapnel Blast, Goblin Sharpshooter, Pyroclasm, Drain Life, Empyrial Armor"
"24","8","Black/Blue","BU Tempo","Spells","1","22","17","2.52","Recoil, Gush, Accumulated Knowledge, Accumulated Knowledge, Accumulated Knowledge, Llanowar Wastes, Llanowar Wastes, Careful Study, Duress, Brainstorm, Fact or Fiction, Darkwater Catacombs, Vendetta, Aquamoeba, Deep Analysis, Salt Marsh, Undermine, Capsize, Chainer's Edict, Underground River, Underground River, Miscalculation, Force of Will, Hymn to Tourach, Circular Logic, Island, Island, Island, Island, Island, Island, Island, Island, Island, Island, Island, Counterspell, Counterspell, Control Magic, Impulse","Diabolic Edict, Simoon, Wonder, Patriarch's Bidding, Llanowar Wastes, Yavimaya Coast, Fallen Askari, Elvish Archers, Dark Ritual, Dark Ritual, Dark Ritual, Dark Ritual, Nightscape Familiar, Creeping Mold, Opalescence, Hypnotic Specter, Hypnotic Specter, Visara the Dreadful, Buried Alive, Phantom Centaur, Tranquil Thicket, Basking Rootwalla, Basking Rootwalla, Hydroblast, Karplusan Forest, Opposition, Ghazbán Ogre, Chrome Mox, Phyrexian Negator, Soltari Priest, Crumbling Sanctuary"
"25","1","Black/Green","BG Graveyard","Humans","12","11","17","2.83","Survival of the Fittest, Genesis, Entomb, Eternal Witness, Eternal Witness, Llanowar Wastes, Llanowar Wastes, Llanowar Wastes, Llanowar Wastes, Spiritmonger, Dark Ritual, Dark Ritual, Dark Ritual, Swamp, Swamp, Swamp, Swamp, Swamp, Swamp, Verdant Force, Buried Alive, Sylvan Library, Symbiotic Wurm, Recurring Nightmare, Recurring Nightmare, Forest, Forest, Forest, Forest, Forest, Forest, Stitch Together, Birds of Paradise, Birds of Paradise, Birds of Paradise, Nekrataal, Nekrataal, Wild Mongrel, Vampiric Tutor, Bloodstained Mire","Cabal Therapy, Diabolic Edict, Gemstone Mine, Dark Banishing, Nimble Mongoose, Shadowblood Ridge, Ravenous Rats, Duress, Wax // Wane, Undead Gladiator, Opalescence, Spike Feeder, Brushland, Innocent Blood, Reflecting Pool, Uktabi Orangutan, Hypnotic Specter, Black Knight, Black Knight, Hymn to Tourach, Rancor, Mogg Flunkies, Karplusan Forest, Stupor, Ironclaw Orcs, Autumn Willow, Ghastly Demise, Fires of Yavimaya, Drain Life, Drain Life, City of Brass, Yawgmoth's Bargain"
"25","2","Blue/White","UW Control","Spells, Enchantments","2","21","17","3.83","Talisman of Progress, Eternal Dragon, Parallax Wave, Parallax Wave, Ancient Tomb, Exalted Angel, Wrath of God, Fact or Fiction, Fact or Fiction, Replenish, Deep Analysis, Deep Analysis, Pacifism, Decree of Justice, Decree of Justice, Astral Slide, Astral Slide, Secluded Steppe, Force of Will, Akroma's Vengeance, Akroma's Vengeance, Swords to Plowshares, Swords to Plowshares, Island, Island, Island, Plains, Plains, Plains, Plains, Plains, Plains, Plains, Plains, Plains, Plains, Cephalid Coliseum, Counterspell, Parallax Tide, Flooded Strand","Warrior en-Kor, Recoil, Dance of the Dead, Frantic Search, Ray of Distortion, Accumulated Knowledge, Accumulated Knowledge, Sky Diamond, Serra Angel, Attunement, Salt Marsh, Repulse, Spirit of the Night, Thirst for Knowledge, Thirst for Knowledge, Disenchant, Renewed Faith, Circular Logic, Basking Rootwalla, Mogg Flunkies, Zombify, Karplusan Forest, Misdirection, Enlightened Tutor, Mind Stone, Siege-Gang Commander, Black Vise, Academy Rector, Phantom Nishoba, Empyrial Armor, Phyrexian Arena, Soltari Priest, Soltari Priest"
"25","3","Black","B Combo","Artifacts, Constructs","10","13","17","1.91","Zuran Orb, Vault of Whispers, Vault of Whispers, Winter Orb, Grim Monolith, Grim Monolith, Yawgmoth's Will, Yawgmoth's Will, Phyrexian Processor, Scrabbling Claws, Cursed Scroll, Dark Ritual, Swamp, Swamp, Swamp, Swamp, Swamp, Swamp, Swamp, Swamp, Swamp, Swamp, Swamp, Swamp, Swamp, Arcbound Ravager, Arcbound Worker, Arcbound Worker, Arcbound Worker, Hypnotic Specter, Necropotence, Necropotence, Metalworker, Ornithopter, Frogmite, Disciple of the Vault, Disciple of the Vault, Mind Stone, City of Traitors, Cloudpost","Ancient Den, Doomed Necromancer, Defense Grid, Patriarch's Bidding, Order of the Ebon Hand, Addle, Goblin Warchief, Goblin Grappler, Blazing Specter, Vendetta, Vendetta, Temporal Aperture, Plague Spitter, Merfolk Looter, Ball Lightning, Sulfuric Vortex, Chainer's Edict, Thornscape Battlemage, Secluded Steppe, Nevinyrral's Disk, Barbed Sextant, Jackal Pup, Tranquil Thicket, Thran Dynamo, Seal of Cleansing, Cloudchaser Eagle, Cataclysm, Nomads en-Kor, Thawing Glaciers, Myr Incubator, Krosan Verge, City of Brass, Great Furnace"
"25","4","Blue/White","UW Artifacts","Artifacts, Spells","4","19","17","2.65","Talisman of Progress, Balance, Accumulated Knowledge, Grim Monolith, Tinker, Wrath of God, Wrath of God, Seat of the Synod, Somber Hoverguard, Mishra's Factory, Arcbound Ravager, Mishra's Helix, Pentad Prism, Skycloud Expanse, Secluded Steppe, Ornithopter, Frogmite, Swords to Plowshares, Swords to Plowshares, Island, Island, Island, Island, Island, Island, Island, Plains, Plains, Tangle Wire, Tangle Wire, Counterspell, Counterspell, Counterspell, Thoughtcast, Land Tax, Adarkar Wastes, Aura of Silence, Rishadan Port, Cloudpost, Cloudpost","Shivan Reef, Wonder, Squirrel Nest, Exalted Angel, Last Rites, Yavimaya Coast, Fallen Askari, Bottle Gnomes, Opalescence, Soltari Monk, Pouncing Jaguar, Soltari Visionary, Mirari's Wake, Underground River, Jester's Cap, Knight of Stromgald, Tranquil Thicket, Renewed Faith, Wing Shards, Mogg Flunkies, Elfhame Palace, Rising Waters, Goblin Sharpshooter, Order of Leitbur, Order of Leitbur, Empyrial Armor, Seal of Removal, Crumbling Sanctuary, Paladin en-Vec"
"25","5","Green","G Ramp","Creatures","17","6","17","2.78","Survival of the Fittest, Eternal Witness, Wall of Roots, Wall of Roots, Yavimaya Coast, Yavimaya Coast, Viridian Shaman, Centaur Garden, Llanowar Elves, Llanowar Elves, Gaea's Cradle, River Boa, Werebear, Phantom Centaur, Rancor, Tranquil Thicket, Basking Rootwalla, Forest, Forest, Forest, Forest, Forest, Forest, Forest, Forest, Forest, Forest, Forest, Treetop Village, Roar of the Wurm, Roar of the Wurm, Birds of Paradise, Blastoderm, Blastoderm, Arrogant Wurm, Wild Mongrel, Call of the Herd, Call of the Herd, Wall of Blossoms, Wall of Blossoms","Albino Troll, Warrior en-Kor, Simoon, Plow Under, Windswept Heath, Squirrel Nest, Icy Manipulator, Yavimaya Coast, Elvish Archers, Giant Growth, Creeping Mold, Creeping Mold, Brushland, Forbid, Wild Dogs, Ball Lightning, Spike Weaver, Soltari Visionary, Saproling Burst, Saproling Burst, Fellwar Stone, Phyrexian Scuta, Karplusan Forest, Anurid Brushhopper, Opposition, Opposition, Mana Leak, Elfhame Palace, Tradewind Rider, Erhnam Djinn, Arrogant Wurm"
"25","6","Red/Blue","RU Spellslinger","Spells","4","19","17","2.70","Shivan Reef, Shivan Reef, Shivan Reef, Gush, Frantic Search, Accumulated Knowledge, Hammer of Bogardan, Blinkmoth Nexus, Fact or Fiction, Lightning Bolt, Lightning Bolt, Dismiss, Man-o'-War, Daze, Opt, Force of Will, Earthquake, Mountain, Mountain, Mountain, Mountain, Mountain, Mountain, Mountain, Shock, Fireball, Fire // Ice, Flametongue Kavu, Flametongue Kavu, Island, Island, Island, Island, Island, Memory Lapse, Karplusan Forest, Incinerate, Siege-Gang Commander, Pyroclasm, Impulse","Urborg Volcano, Albino Troll, Pillage, Wildfire, Wildfire, Firestorm, Order of the Ebon Hand, Starstorm, Goblin Warchief, Gempalm Incinerator, Weatherseed Treefolk, Aquamoeba, Nightscape Familiar, Terminate, Reflecting Pool, Stone Rain, Underground River, Arcanis the Omnipotent, Fire Diamond, Fireblast, Goblin Sledder, Goblin Sledder, Sparksmith, Waterfront Bouncer, Hydroblast, Karplusan Forest, Avalanche Riders, Psychatog, Psychatog, Order of Leitbur, Flooded Strand, Reprisal"
"25","7","Colorless","Artifacts","Artifacts","10","13","17","3.04","Voltaic Key, Voltaic Key, Shivan Reef, Tinker, Icy Manipulator, Phyrexian Processor, Somber Hoverguard, Blinkmoth Nexus, Swamp, Swamp, Swamp, Swamp, Swamp, Swamp, Swamp, Swamp, Serrated Arrows, Crystal Vein, Masticore, Arcbound Ravager, Krark-Clan Ironworks, Krark-Clan Ironworks, Arcbound Worker, Cranial Plating, Cranial Plating, Darksteel Citadel, Metalworker, Mountain, Frogmite, Frogmite, Island, Island, Island, Covetous Dragon, Covetous Dragon, Phyrexian Colossus, Welding Jar, Chrome Mox, Chrome Mox, Sulfurous Springs","Ancient Den, Phyrexian Tower, Overrun, Llanowar Wastes, Careful Study, Urza's Rage, Brainstorm, Seat of the Synod, Lightning Bolt, Lightning Bolt, Gempalm Incinerator, Heart of Ramos, Goblin Piledriver, Soltari Monk, Goblin Taskmaster, Capsize, Chainer's Edict, Mogg Fanatic, Kavu Chameleon, Shatter, Quiet Speculation, Necropotence, Condescend, Jackal Pup, Thunderscape Battlemage, Ironclaw Orcs, Shrapnel Blast, Saprazzan Skerry, Anger, Staunch Defenders, Phyrexian Negator, Great Furnace"
"25","8","Blue","U Artifacts","Artifacts, Spells","3","20","17","2.87","Wasteland, Voltaic Key, Tinker, Darkwater Catacombs, Talisman of Dominance, Serum Visions, Deep Analysis, Mishra's Factory, Masticore, Man-o'-War, Volrath's Stronghold, Upheaval, Underground River, Force Spike, Karn, Silver Golem, Miscalculation, Miscalculation, Miscalculation, Force of Will, Thran Dynamo, Worn Powerstone, Worn Powerstone, Island, Island, Island, Island, Island, Island, Island, Island, Island, Island, Island, Powder Keg, Thoughtcast, Control Magic, Howling Mine, Ivory Tower, Cloudpost, Mystical Tutor","Eternal Dragon, Aeolipile, Patriarch's Bidding, Rapid Decay, Barren Moor, Glory, Yavimaya Coast, Contagion, Replenish, Attunement, Undermine, Skycloud Expanse, Visara the Dreadful, Rampant Growth, Kjeldoran Outpost, Tree of Tales, Barbed Sextant, Ghitu Encampment, Smother, Circular Logic, Spite // Malice, Nomads en-Kor, Evincar's Justice, Skirk Prospector, Armageddon, Ghazbán Ogre, Confiscate, White Knight, Fires of Yavimaya, Academy Rector, Bloodstained Mire"
"26","1","Blue/White","UW Artifacts","Artifacts","3","20","17","2.78","Ancient Den, Ancient Den, Voltaic Key, Voltaic Key, Sky Diamond, Ancient Tomb, Icy Manipulator, Icy Manipulator, Phyrexian Processor, Somber Hoverguard, Somber Hoverguard, Talisman of Dominance, Swamp, Crystal Vein, Cranial Plating, Secluded Steppe, Thirst for Knowledge, Metalworker, Thran Dynamo, Seal of Cleansing, Swords to Plowshares, Swords to Plowshares, Island, Island, Island, Island, Island, Island, Island, Island, Opposition, Tangle Wire, Powder Keg, Counterspell, Thoughtcast, Howling Mine, Welding Jar, Saprazzan Skerry, Cloudpost, Cloudpost","Eternal Dragon, Phyrexian Tower, Squirrel Nest, Goblin Piledriver, Deep Analysis, Creeping Mold, Centaur Garden, Soltari Monk, Decree of Justice, Forbid, Stone Rain, Opt, Condescend, Smother, Circular Logic, Nomads en-Kor, Disciple of the Vault, Elfhame Palace, Control Magic, Myr Incubator, Rising Waters, Confiscate, White Knight, Black Vise, Academy Rector, Empyrial Armor, Phyrexian Negator, Great Furnace, Mystical Tutor"
"26","2","Blue","U Ramp","Artifacts, Spells","5","18","17","2.74","Zuran Orb, Vault of Whispers, Voltaic Key, Accumulated Knowledge, Grim Monolith, Tinker, Llanowar Wastes, Yavimaya Coast, Blinkmoth Nexus, Blinkmoth Nexus, Fact or Fiction, Deep Analysis, Arcbound Ravager, Llanowar Elves, Krark-Clan Ironworks, Mishra's Helix, Capsize, Upheaval, Karn, Silver Golem, Force of Will, Tranquil Thicket, Ornithopter, Worn Powerstone, Island, Island, Island, Island, Island, Island, Island, Island, Island, Memory Lapse, Tangle Wire, Mind Stone, Thoughtcast, Birds of Paradise, Chrome Mox, City of Brass, Cloudpost","Albino Troll, Vault of Whispers, Shivan Reef, Survival of the Fittest, Patriarch's Bidding, Eternal Witness, Llanowar Wastes, Llanowar Wastes, Llanowar Wastes, Gempalm Incinerator, Weatherseed Treefolk, Cursed Scroll, Elvish Archers, Bottle Gnomes, Creeping Mold, Repulse, Force Spike, Tree of Tales, Thornscape Battlemage, Tranquil Thicket, Wing Shards, Nomads en-Kor, Karplusan Forest, Ironclaw Orcs, Thawing Glaciers, Birds of Paradise, Call of the Herd, City of Brass, Great Furnace"
"26","3","Red","R Combo","Artifacts, Constructs","15","8","17","2.22","Aeolipile, Wasteland, Pillage, Shivan Reef, Shivan Reef, Winter Orb, Seat of the Synod, Lightning Bolt, Swamp, Swamp, Swamp, Swamp, Swamp, Swamp, Masticore, Arcbound Ravager, Arcbound Ravager, Arcbound Worker, Arcbound Worker, Arcbound Worker, Arcbound Worker, Cranial Plating, Darksteel Citadel, Fire Diamond, Ghitu Encampment, Metalworker, Ornithopter, Mountain, Mountain, Mountain, Frogmite, Frogmite, Frogmite, Frogmite, Karplusan Forest, Covetous Dragon, Disciple of the Vault, Shrapnel Blast, Chrome Mox, Rishadan Port","Shivan Reef, Warrior en-Kor, Recoil, Patriarch's Bidding, Order of the Ebon Hand, Last Rites, Seat of the Synod, Fact or Fiction, Goblin Grappler, Temporal Aperture, Nightscape Familiar, Opalescence, Attunement, Shatter, Knight of Stromgald, Necropotence, Nevinyrral's Disk, Fire // Ice, Goblin Sledder, Flametongue Kavu, Sparksmith, Hydroblast, Karplusan Forest, Evincar's Justice, Phyrexian Colossus, Elfhame Palace, Tradewind Rider, Order of Leitbur, Pyroclasm"
"26","4","Blue/White","UW Artifacts","Artifacts, Spells","0","23","17","3.09","Talisman of Progress, Wildfire, Wildfire, Shivan Reef, Balance, Grim Monolith, Grim Monolith, Tinker, Tinker, Wrath of God, Wrath of God, Krark-Clan Ironworks, Pentad Prism, Secluded Steppe, Secluded Steppe, Fellwar Stone, Barbed Sextant, Barbed Sextant, Mountain, Thran Dynamo, Akroma's Vengeance, Akroma's Vengeance, Swords to Plowshares, Worn Powerstone, Island, Plains, Plains, Plains, Plains, Plains, Plains, Plains, Plains, Plains, Mind Stone, Armageddon, Land Tax, Adarkar Wastes, City of Traitors, Cloudpost","Gush, Order of the Ebon Hand, Starstorm, Scrabbling Claws, Wax // Wane, Heart of Ramos, Decree of Justice, Salt Marsh, Astral Slide, Astral Slide, Wild Dogs, Ball Lightning, Soltari Visionary, Kavu Chameleon, Jester's Cap, Disenchant, Renewed Faith, Renewed Faith, Cataclysm, Flametongue Kavu, Roar of the Wurm, Karplusan Forest, Covetous Dragon, Stupor, Ghazbán Ogre, Order of Leitbur, Academy Rector, Aura of Silence, Crumbling Sanctuary, Bloodstained Mire, Paladin en-Vec"
"26","5","Green","G Ramp","Creatures","17","6","17","2.91","Survival of the Fittest, Genesis, Eternal Witness, Eternal Witness, Wall of Roots, Wall of Roots, Yavimaya Coast, Yavimaya Coast, Llanowar Elves, Verdant Force, Gaea's Cradle, Sylvan Library, Werebear, Phantom Centaur, Rancor, Rancor, Tranquil Thicket, Basking Rootwalla, Forest, Forest, Forest, Forest, Forest, Forest, Forest, Forest, Forest, Forest, Forest, Forest, Treetop Village, Roar of the Wurm, Birds of Paradise, Birds of Paradise, Blastoderm, Arrogant Wurm, Arrogant Wurm, Wild Mongrel, Wild Mongrel, Call of the Herd","Albino Troll, Gemstone Mine, Nimble Mongoose, Overrun, Defense Grid, Plow Under, Llanowar Wastes, Yawgmoth's Will, Brainstorm, Spiritmonger, Goblin Warchief, Yavimaya Coast, Giant Growth, Serrated Arrows, Masticore, Innocent Blood, Reflecting Pool, Pouncing Jaguar, Spike Weaver, Saproling Burst, Saproling Burst, Rampant Growth, Thunderscape Battlemage, Mogg Flunkies, Autumn Willow, Erhnam Djinn, Blastoderm, Fires of Yavimaya, Wall of Blossoms, Wall of Blossoms, Seal of Removal, Soltari Priest"
"26","6","Red","R Burn","Spells, Goblins","13","10","17","2.39","Urborg Volcano, Shadowblood Ridge, Hammer of Bogardan, Goblin Warchief, Lightning Bolt, Lightning Bolt, Lightning Bolt, Gempalm Incinerator, Blazing Specter, Mishra's Factory, Terminate, Ball Lightning, Sulfuric Vortex, Mogg Fanatic, Jackal Pup, Fireblast, Mountain, Mountain, Mountain, Mountain, Mountain, Mountain, Mountain, Mountain, Mountain, Mountain, Mountain, Mountain, Shock, Fireball, Goblin Sledder, Mogg Flunkies, Skirk Prospector, Ironclaw Orcs, Goblin Sharpshooter, Incinerate, Siege-Gang Commander, Siege-Gang Commander, Sulfurous Springs, Bloodstained Mire","Cabal Therapy, Diabolic Edict, Dark Banishing, Simoon, Firestorm, Rapid Decay, Yawgmoth's Will, Urza's Rage, Contagion, Fallen Askari, Vendetta, Dark Ritual, Dark Ritual, Dark Ritual, Dark Ritual, Goblin Taskmaster, Hypnotic Specter, Hypnotic Specter, Soltari Visionary, Chainer's Edict, Necropotence, Necropotence, Hymn to Tourach, Earthquake, Karplusan Forest, Avalanche Riders, Order of Leitbur, Krosan Verge, Fires of Yavimaya, Drain Life, Anger, Yawgmoth's Bargain"
"26","7","Black/Blue","BU Tempo","Spells","7","16","17","2.83","Doomed Necromancer, Dance of the Dead, Frantic Search, Frantic Search, Entomb, Barren Moor, Careful Study, Fact or Fiction, Darkwater Catacombs, Aquamoeba, Swamp, Swamp, Swamp, Swamp, Swamp, Swamp, Deep Analysis, Merfolk Looter, Spirit of the Night, Buried Alive, Underground River, Underground River, Underground River, Thirst for Knowledge, Recurring Nightmare, Recurring Nightmare, Circular Logic, Island, Island, Island, Island, Island, Waterfront Bouncer, Zombify, Stitch Together, Cephalid Coliseum, Psychatog, Psychatog, Ghastly Demise, Vampiric Tutor","Ray of Distortion, Accumulated Knowledge, Wonder, Ravenous Rats, Duress, Addle, Glory, Undead Gladiator, Vendetta, Serum Visions, Plague Spitter, Reflecting Pool, Undermine, Chainer's Edict, River Boa, Miscalculation, Black Knight, Black Knight, Symbiotic Wurm, Phyrexian Scuta, Spite // Malice, Misdirection, Mana Leak, Counterspell, Nekrataal, Nekrataal, Ivory Tower, Phantom Nishoba, Drain Life, Phyrexian Arena, Impulse"
"26","8","Blue/White","UW Control","Spells, Enchantments","5","18","17","3.57","Talisman of Progress, Eternal Dragon, Parallax Wave, Parallax Wave, Exalted Angel, Exalted Angel, Wrath of God, Replenish, Replenish, Opalescence, Mishra's Factory, Dismiss, Brushland, Pacifism, Man-o'-War, Man-o'-War, Daze, Skycloud Expanse, Skycloud Expanse, Kjeldoran Outpost, Miscalculation, Miscalculation, Force of Will, Force of Will, Swords to Plowshares, Island, Island, Island, Island, Plains, Plains, Plains, Plains, Plains, Plains, Counterspell, Counterspell, Parallax Tide, Flooded Strand, Flooded Strand","Warrior en-Kor, Accumulated Knowledge, Accumulated Knowledge, Windswept Heath, Squirrel Nest, Phyrexian Processor, Yavimaya Coast, Serra Angel, Viridian Shaman, Spike Feeder, Attunement, Brushland, Soltari Monk, Uktabi Orangutan, Volrath's Stronghold, Visara the Dreadful, Mirari's Wake, Arcanis the Omnipotent, Quiet Speculation, Jackal Pup, Cloudchaser Eagle, Basking Rootwalla, Mogg Flunkies, Anurid Brushhopper, Opposition, Enlightened Tutor, Staunch Defenders, Empyrial Armor, Soltari Priest, Reprisal"
"27","1","Black/Blue","BU Tempo","Spells","6","17","17","3.04","Diabolic Edict, Phyrexian Tower, Accumulated Knowledge, Llanowar Wastes, Duress, Seat of the Synod, Yavimaya Coast, Fact or Fiction, Fact or Fiction, Darkwater Catacombs, Aquamoeba, Deep Analysis, Man-o'-War, Forbid, Daze, Capsize, Underground River, Force Spike, Arcanis the Omnipotent, Miscalculation, Force of Will, Force of Will, Force of Will, Circular Logic, Island, Island, Island, Island, Island, Island, Island, Waterfront Bouncer, Memory Lapse, Counterspell, Tradewind Rider, Psychatog, Saprazzan Skerry, City of Traitors, Flooded Strand, Rishadan Port","Cabal Therapy, Shivan Reef, Warrior en-Kor, Ray of Distortion, Tinker, Patriarch's Bidding, Llanowar Wastes, Yawgmoth's Will, Yavimaya Coast, Temporal Aperture, Soltari Monk, Innocent Blood, Reflecting Pool, Hypnotic Specter, Mirari's Wake, River Boa, Recurring Nightmare, Renewed Faith, Treetop Village, Evincar's Justice, Stupor, Howling Mine, Order of Leitbur, Drain Life, Soltari Priest, Bloodstained Mire, Paladin en-Vec"
"27","2","White","W Artifacts","Artifacts, Spells","4","19","17","2.78","Ancient Den, Ancient Den, Balance, Grim Monolith, Grim Monolith, Ancient Tomb, Tinker, Icy Manipulator, Somber Hoverguard, Scrabbling Claws, Replenish, Replenish, Decree of Justice, Decree of Justice, Krark-Clan Ironworks, Pentad Prism, Kjeldoran Outpost, Darksteel Citadel, Secluded Steppe, Secluded Steppe, Barbed Sextant, Barbed Sextant, Metalworker, Metalworker, Seal of Cleansing, Swords to Plowshares, Swords to Plowshares, Island, Island, Plains, Plains, Plains, Plains, Plains, Plains, Enlightened Tutor, Mind Stone, Phyrexian Colossus, Cloudpost, Cloudpost","Parallax Wave, Pillage, Wildfire, Wildfire, Shivan Reef, Defense Grid, Exalted Angel, Starstorm, Creeping Mold, Opalescence, Centaur Garden, Reflecting Pool, Sylvan Library, Nevinyrral's Disk, Akroma's Vengeance, Akroma's Vengeance, Cataclysm, Wing Shards, Nomads en-Kor, Covetous Dragon, Shrapnel Blast, Rising Waters, Order of Leitbur, Arrogant Wurm, Academy Rector, Academy Rector, Aura of Silence, Great Furnace"
"27","3","Black/Blue","BU Reanimator","Spells","5","18","17","3.00","Vault of Whispers, Doomed Necromancer, Dance of the Dead, Frantic Search, Frantic Search, Entomb, Llanowar Wastes, Yawgmoth's Will, Barren Moor, Careful Study, Yavimaya Coast, Undead Gladiator, Dark Ritual, Dark Ritual, Swamp, Swamp, Swamp, Swamp, Swamp, Swamp, Swamp, Swamp, Swamp, Swamp, Swamp, Salt Marsh, Spirit of the Night, Volrath's Stronghold, Visara the Dreadful, Buried Alive, Necropotence, Hymn to Tourach, Symbiotic Wurm, Recurring Nightmare, Zombify, Stitch Together, Chrome Mox, Vampiric Tutor, Yawgmoth's Bargain, Mystical Tutor","Shivan Reef, Patriarch's Bidding, Order of the Ebon Hand, Last Rites, Fallen Askari, Blazing Specter, Weatherseed Treefolk, Vendetta, Bottle Gnomes, Serum Visions, Nightscape Familiar, Attunement, Attunement, Plague Spitter, Chainer's Edict, Tree of Tales, Black Knight, Necropotence, Necropotence, Thran Dynamo, Frogmite, Smother, Circular Logic, Autumn Willow, Krosan Verge, White Knight, Empyrial Armor, Phyrexian Arena, City of Brass, Reprisal, Bloodstained Mire"
"27","4","Green","G Ramp","Creatures","19","4","17","2.43","Survival of the Fittest, Genesis, Eternal Witness, Eternal Witness, Eternal Witness, Viridian Shaman, Llanowar Elves, Llanowar Elves, Gaea's Cradle, Werebear, Phantom Centaur, Rancor, Tranquil Thicket, Tranquil Thicket, Basking Rootwalla, Forest, Forest, Forest, Forest, Forest, Forest, Forest, Forest, Forest, Forest, Forest, Forest, Forest, Forest, Birds of Paradise, Birds of Paradise, Birds of Paradise, Birds of Paradise, Blastoderm, Blastoderm, Arrogant Wurm, Wild Mongrel, Wild Mongrel, Call of the Herd, Call of the Herd","Albino Troll, Overrun, Grim Monolith, Plow Under, Squirrel Nest, Squirrel Nest, Wall of Roots, Wall of Roots, Lightning Bolt, Elvish Archers, Giant Growth, Creeping Mold, Soltari Monk, Arcbound Worker, Pouncing Jaguar, Wild Dogs, Spike Weaver, Saproling Burst, Saproling Burst, Kavu Chameleon, Rampant Growth, Thornscape Battlemage, Quiet Speculation, Roar of the Wurm, Nomads en-Kor, Karplusan Forest, Anurid Brushhopper, Opposition, Elfhame Palace, Fires of Yavimaya, Anger, Empyrial Armor, Wall of Blossoms, Crumbling Sanctuary"
"27","5","Black/Blue","BU Tempo","Spells","3","20","17","3.09","Vault of Whispers, Recoil, Gush, Accumulated Knowledge, Accumulated Knowledge, Brainstorm, Seat of the Synod, Talisman of Dominance, Deep Analysis, Deep Analysis, Dismiss, Man-o'-War, Undermine, Opt, Underground River, Underground River, Miscalculation, Miscalculation, Condescend, Island, Island, Island, Island, Island, Island, Island, Island, Island, Island, Island, Island, Spite // Malice, Misdirection, Mana Leak, Cephalid Coliseum, Counterspell, Counterspell, Nekrataal, Confiscate, Psychatog","Albino Troll, Aeolipile, Nimble Mongoose, Wonder, Rapid Decay, Order of the Ebon Hand, Llanowar Wastes, Addle, Yavimaya Coast, Contagion, Wax // Wane, Serra Angel, Serrated Arrows, Astral Slide, Astral Slide, Soltari Visionary, Jester's Cap, Ornithopter, Fire // Ice, Basking Rootwalla, Roar of the Wurm, Hydroblast, Opposition, Disciple of the Vault, Ivory Tower, Erhnam Djinn, Black Vise, Parallax Tide, Chrome Mox, Seal of Removal, City of Brass, Soltari Priest"
"27","6","Blue/White","UW Control","Artifacts, Spells","1","22","17","3.04","Talisman of Progress, Talisman of Progress, Voltaic Key, Sky Diamond, Tinker, Exalted Angel, Wrath of God, Wrath of God, Wrath of God, Icy Manipulator, Fact or Fiction, Crystal Vein, Skycloud Expanse, Skycloud Expanse, Upheaval, Secluded Steppe, Thirst for Knowledge, Fellwar Stone, Thran Dynamo, Swords to Plowshares, Swords to Plowshares, Worn Powerstone, Worn Powerstone, Island, Island, Island, Island, Island, Plains, Plains, Plains, Plains, Mind Stone, Counterspell, Thoughtcast, Adarkar Wastes, Flooded Strand, Impulse, Cloudpost, Cloudpost","Eternal Dragon, Eternal Dragon, Parallax Wave, Accumulated Knowledge, Windswept Heath, Glory, Spiritmonger, Somber Hoverguard, Yavimaya Coast, Opalescence, Brushland, Pacifism, Masticore, Masticore, Repulse, Soltari Visionary, Verdant Force, Shatter, Thirst for Knowledge, Disenchant, Renewed Faith, Karplusan Forest, Armageddon, Control Magic, Land Tax, Order of Leitbur, Fires of Yavimaya, Pyroclasm, Staunch Defenders"
"27","7","Red","R Burn","Artifacts","10","13","17","2.00","Shivan Reef, Winter Orb, Hammer of Bogardan, Blinkmoth Nexus, Blinkmoth Nexus, Lightning Bolt, Cursed Scroll, Swamp, Swamp, Swamp, Swamp, Swamp, Swamp, Mishra's Factory, Arcbound Ravager, Arcbound Ravager, Arcbound Ravager, Arcbound Worker, Arcbound Worker, Arcbound Worker, Stone Rain, Cranial Plating, Cranial Plating, Fire Diamond, Earthquake, Ghitu Encampment, Ornithopter, Mountain, Mountain, Mountain, Mountain, Mountain, Frogmite, Frogmite, Frogmite, Shock, Fireball, Tangle Wire, Tangle Wire, Great Furnace","Zuran Orb, Voltaic Key, Voltaic Key, Shivan Reef, Survival of the Fittest, Warrior en-Kor, Firestorm, Phyrexian Processor, Phyrexian Processor, Goblin Warchief, Brushland, Krark-Clan Ironworks, Mishra's Helix, Uktabi Orangutan, Ball Lightning, Karn, Silver Golem, Thunderscape Battlemage, Rancor, Tranquil Thicket, Cloudchaser Eagle, Covetous Dragon, Ironclaw Orcs, Ironclaw Orcs, Thawing Glaciers, Powder Keg, Elfhame Palace, Thoughtcast, Siege-Gang Commander, Siege-Gang Commander, Welding Jar, Wall of Blossoms"
"27","8","Red","R Burn","Goblins, Creatures","18","5","17","2.26","Wasteland, Goblin Warchief, Lightning Bolt, Lightning Bolt, Gempalm Incinerator, Gempalm Incinerator, Goblin Piledriver, Mishra's Factory, Ball Lightning, Sulfuric Vortex, Mogg Fanatic, Jackal Pup, Jackal Pup, Fireblast, Mountain, Mountain, Mountain, Mountain, Mountain, Mountain, Mountain, Mountain, Mountain, Mountain, Mountain, Mountain, Mountain, Goblin Sledder, Goblin Sledder, Flametongue Kavu, Flametongue Kavu, Sparksmith, Mogg Flunkies, Mogg Flunkies, Mogg Flunkies, Karplusan Forest, Karplusan Forest, Skirk Prospector, Goblin Sharpshooter, Incinerate","Urborg Volcano, Gemstone Mine, Dark Banishing, Simoon, Shadowblood Ridge, Ravenous Rats, Llanowar Wastes, Urza's Rage, Goblin Grappler, Heart of Ramos, Vendetta, Dark Ritual, Dark Ritual, Spike Feeder, Terminate, Goblin Taskmaster, Merfolk Looter, Hypnotic Specter, Chainer's Edict, Knight of Stromgald, Black Knight, Phyrexian Scuta, Karplusan Forest, Disciple of the Vault, Avalanche Riders, Myr Incubator, Ghazbán Ogre, Nekrataal, Ghastly Demise, Phantom Nishoba, Drain Life, Phyrexian Negator, Sulfurous Springs"
"28","1","Blue","U Spellslinger","Spells","2","21","17","2.65","Shivan Reef, Shivan Reef, Gush, Accumulated Knowledge, Accumulated Knowledge, Accumulated Knowledge, Brainstorm, Serum Visions, Deep Analysis, Mishra's Factory, Dismiss, Man-o'-War, Man-o'-War, Repulse, Opt, Capsize, Force Spike, Miscalculation, Miscalculation, Force of Will, Force of Will, Condescend, Circular Logic, Island, Island, Island, Island, Island, Island, Island, Island, Island, Island, Island, Island, Memory Lapse, Cephalid Coliseum, Counterspell, Control Magic, Saprazzan Skerry","Cabal Therapy, Gemstone Mine, Shivan Reef, Frantic Search, Accumulated Knowledge, Wonder, Somber Hoverguard, Contagion, Elvish Archers, Aquamoeba, Attunement, Salt Marsh, Saproling Burst, Shatter, Arcanis the Omnipotent, Kjeldoran Outpost, Quiet Speculation, Thirst for Knowledge, Nevinyrral's Disk, Jackal Pup, Phantom Centaur, Rancor, Ornithopter, Fire // Ice, Sparksmith, Basking Rootwalla, Mogg Flunkies, Rising Waters, Confiscate, Drain Life, Seal of Removal, City of Brass"
"28","2","Colorless","Artifacts","Artifacts","7","16","17","2.65","Talisman of Progress, Zuran Orb, Voltaic Key, Shivan Reef, Winter Orb, Grim Monolith, Tinker, Blinkmoth Nexus, Temporal Aperture, Swamp, Swamp, Masticore, Arcbound Ravager, Arcbound Ravager, Krark-Clan Ironworks, Cranial Plating, Cranial Plating, Karn, Silver Golem, Thran Dynamo, Disenchant, Frogmite, Frogmite, Frogmite, Worn Powerstone, Island, Plains, Plains, Plains, Plains, Plains, Plains, Plains, Plains, Tangle Wire, Powder Keg, Howling Mine, Adarkar Wastes, Flooded Strand, Cloudpost, Cloudpost","Ancient Den, Vault of Whispers, Shivan Reef, Warrior en-Kor, Frantic Search, Ray of Distortion, Patriarch's Bidding, Rapid Decay, Llanowar Wastes, Seat of the Synod, Wax // Wane, Fallen Askari, Cursed Scroll, Replenish, Bottle Gnomes, Brushland, Undermine, Arcbound Worker, Arcbound Worker, Arcbound Worker, Wild Dogs, Chainer's Edict, Tree of Tales, Renewed Faith, Cloudchaser Eagle, Akroma's Vengeance, Wing Shards, Misdirection, Thawing Glaciers, Armageddon, Impulse"
"28","3","Green","G Ramp","Creatures","21","2","17","2.78","Survival of the Fittest, Genesis, Eternal Witness, Eternal Witness, Eternal Witness, Wall of Roots, Wall of Roots, Yavimaya Coast, Yavimaya Coast, Yavimaya Coast, Yavimaya Coast, Weatherseed Treefolk, Viridian Shaman, Crystal Vein, Llanowar Elves, Llanowar Elves, Verdant Force, Gaea's Cradle, Werebear, Tranquil Thicket, Tranquil Thicket, Basking Rootwalla, Forest, Forest, Forest, Forest, Forest, Forest, Forest, Forest, Forest, Birds of Paradise, Birds of Paradise, Birds of Paradise, Birds of Paradise, Blastoderm, Arrogant Wurm, Arrogant Wurm, Call of the Herd, Wall of Blossoms","Dark Banishing, Nimble Mongoose, Overrun, Plow Under, Windswept Heath, Squirrel Nest, Llanowar Wastes, Yawgmoth's Will, Yavimaya Coast, Brushland, Plague Spitter, Uktabi Orangutan, Ball Lightning, Spike Weaver, Saproling Burst, Upheaval, Rampant Growth, Thunderscape Battlemage, Roar of the Wurm, Roar of the Wurm, Nomads en-Kor, Anurid Brushhopper, Opposition, Mana Leak, Counterspell, Drain Life, Empyrial Armor, Wall of Blossoms, Flooded Strand"
"28","4","Red","R Burn","Spells, Goblins","13","10","17","2.57","Ancient Tomb, Hammer of Bogardan, Urza's Rage, Goblin Warchief, Lightning Bolt, Gempalm Incinerator, Goblin Piledriver, Ball Lightning, Sulfuric Vortex, Mogg Fanatic, Earthquake, Ghitu Encampment, Fireblast, Mountain, Mountain, Mountain, Mountain, Mountain, Mountain, Mountain, Mountain, Mountain, Mountain, Mountain, Shock, Fireball, Goblin Sledder, Flametongue Kavu, Flametongue Kavu, Mogg Flunkies, Karplusan Forest, Karplusan Forest, Karplusan Forest, Karplusan Forest, Ironclaw Orcs, Goblin Sharpshooter, Incinerate, Siege-Gang Commander, Siege-Gang Commander, Chrome Mox","Albino Troll, Pillage, Wildfire, Survival of the Fittest, Simoon, Firestorm, Recoil, Squirrel Nest, Starstorm, Icy Manipulator, Giant Growth, Soltari Monk, Masticore, Goblin Taskmaster, Innocent Blood, Reflecting Pool, Thornscape Battlemage, Fellwar Stone, Fire Diamond, Rancor, Tranquil Thicket, Seal of Cleansing, Treetop Village, Karplusan Forest, Shrapnel Blast, Fires of Yavimaya, Pyroclasm, Wild Mongrel, Call of the Herd, Phyrexian Negator, City of Brass"
"28","5","White","W Weenie","Spells, Enchantments","5","18","17","3.61","Eternal Dragon, Eternal Dragon, Wasteland, Parallax Wave, Parallax Wave, Balance, Exalted Angel, Exalted Angel, Wrath of God, Wrath of God, Wrath of God, Opalescence, Opalescence, Decree of Justice, Decree of Justice, Secluded Steppe, Secluded Steppe, Secluded Steppe, Akroma's Vengeance, Swords to Plowshares, Swords to Plowshares, Swords to Plowshares, Swords to Plowshares, Plains, Plains, Plains, Plains, Plains, Plains, Plains, Plains, Plains, Plains, Plains, Plains, Enlightened Tutor, Land Tax, Academy Rector, Aura of Silence, Rishadan Port","Glory, Serra Angel, Replenish, Creeping Mold, Creeping Mold, Pacifism, Soltari Monk, Astral Slide, Astral Slide, Skycloud Expanse, Soltari Visionary, Soltari Visionary, Sylvan Library, Black Knight, Barbed Sextant, Renewed Faith, Cataclysm, Nomads en-Kor, Mogg Flunkies, Elfhame Palace, Ghazbán Ogre, Blastoderm, Order of Leitbur, Order of Leitbur, White Knight, Anger, Chrome Mox, Staunch Defenders, Empyrial Armor, Soltari Priest, Soltari Priest, Paladin en-Vec"
"28","6","Black/Blue","BU Tempo","Spells","6","17","17","2.65","Doomed Necromancer, Dance of the Dead, Entomb, Llanowar Wastes, Llanowar Wastes, Barren Moor, Careful Study, Fact or Fiction, Fact or Fiction, Darkwater Catacombs, Dark Ritual, Dark Ritual, Swamp, Swamp, Swamp, Swamp, Swamp, Swamp, Deep Analysis, Merfolk Looter, Spirit of the Night, Buried Alive, Underground River, Underground River, Underground River, Recurring Nightmare, Recurring Nightmare, Circular Logic, Island, Island, Island, Island, Waterfront Bouncer, Zombify, Stitch Together, Psychatog, Psychatog, Ghastly Demise, Vampiric Tutor, Mystical Tutor","Aeolipile, Patriarch's Bidding, Llanowar Wastes, Duress, Addle, Spiritmonger, Talisman of Dominance, Undead Gladiator, Vendetta, Vendetta, Nightscape Familiar, Deep Analysis, Hypnotic Specter, Chainer's Edict, River Boa, Miscalculation, Necropotence, Necropotence, Spite // Malice, Hydroblast, Evincar's Justice, Stupor, Ironclaw Orcs, Autumn Willow, Counterspell, Myr Incubator, Nekrataal, Nekrataal, Academy Rector, Yawgmoth's Bargain"
"28","7","Black/Red","BR Aristocrats","Artifacts, Spells, Clerics","9","14","17","2.13","Urborg Volcano, Diabolic Edict, Vault of Whispers, Shadowblood Ridge, Order of the Ebon Hand, Order of the Ebon Hand, Ravenous Rats, Yawgmoth's Will, Blinkmoth Nexus, Lightning Bolt, Lightning Bolt, Lightning Bolt, Dark Ritual, Dark Ritual, Swamp, Swamp, Swamp, Swamp, Mishra's Factory, Terminate, Stone Rain, Volrath's Stronghold, Hypnotic Specter, Darksteel Citadel, Black Knight, Necropotence, Hymn to Tourach, Smother, Phyrexian Scuta, Tangle Wire, Disciple of the Vault, Disciple of the Vault, Avalanche Riders, Phyrexian Arena, City of Traitors, Great Furnace, Great Furnace, Sulfurous Springs, Bloodstained Mire, Bloodstained Mire","Albino Troll, Warrior en-Kor, Last Rites, Phyrexian Processor, Phyrexian Processor, Goblin Warchief, Scrabbling Claws, Gempalm Incinerator, Goblin Grappler, Arcbound Ravager, Reflecting Pool, Arcbound Worker, Visara the Dreadful, Mirari's Wake, Jackal Pup, Thran Dynamo, Frogmite, Goblin Sledder, Covetous Dragon, Skirk Prospector, Mind Stone, Phyrexian Colossus, Black Vise, Fires of Yavimaya"
"28","8","Blue","U Artifacts","Artifacts","4","19","17","2.96","Talisman of Progress, Voltaic Key, Voltaic Key, Sky Diamond, Grim Monolith, Grim Monolith, Tinker, Tinker, Icy Manipulator, Seat of the Synod, Somber Hoverguard, Krark-Clan Ironworks, Mishra's Helix, Pentad Prism, Skycloud Expanse, Thirst for Knowledge, Force of Will, Metalworker, Metalworker, Ornithopter, Worn Powerstone, Island, Island, Island, Island, Island, Island, Island, Island, Island, Island, Island, Island, Island, Mind Stone, Counterspell, Thoughtcast, Thoughtcast, Cloudpost, Cloudpost","Ancient Den, Wildfire, Phyrexian Tower, Defense Grid, Fact or Fiction, Blazing Specter, Heart of Ramos, Spike Feeder, Centaur Garden, Attunement, Serrated Arrows, Forbid, Daze, Pouncing Jaguar, Kavu Chameleon, Jester's Cap, Knight of Stromgald, Barbed Sextant, Symbiotic Wurm, Opposition, Covetous Dragon, Elfhame Palace, Tradewind Rider, Ivory Tower, Erhnam Djinn, Order of Leitbur, Krosan Verge, Parallax Tide, Phantom Nishoba, Welding Jar, Wild Mongrel, Crumbling Sanctuary, Reprisal"
"29","1","Red","R Burn","Goblins, Creatures","17","6","17","2.65","Ancient Tomb, Hammer of Bogardan, Goblin Warchief, Goblin Warchief, Lightning Bolt, Lightning Bolt, Gempalm Incinerator, Goblin Piledriver, Mishra's Factory, Ball Lightning, Ball Lightning, Sulfuric Vortex, Mogg Fanatic, Jackal Pup, Fireblast, Mountain, Mountain, Mountain, Mountain, Mountain, Mountain, Mountain, Mountain, Mountain, Mountain, Mountain, Mountain, Mountain, Mountain, Goblin Sledder, Flametongue Kavu, Sparksmith, Mogg Flunkies, Mogg Flunkies, Mogg Flunkies, Goblin Sharpshooter, Incinerate, Siege-Gang Commander, Siege-Gang Commander, Rishadan Port","Urborg Volcano, Ancient Den, Zuran Orb, Vault of Whispers, Warrior en-Kor, Shadowblood Ridge, Defense Grid, Llanowar Wastes, Starstorm, Urza's Rage, Cursed Scroll, Dark Ritual, Terminate, Astral Slide, Hypnotic Specter, Chainer's Edict, Tree of Tales, Necropotence, Earthquake, Seal of Cleansing, Cloudchaser Eagle, Phyrexian Scuta, Basking Rootwalla, Skirk Prospector, Ironclaw Orcs, Avalanche Riders, Shrapnel Blast, Rising Waters, Black Vise, Saprazzan Skerry, Anger, Phyrexian Arena, Phyrexian Negator, Sulfurous Springs"
"29","2","Green/White","GW Counters","Enchantments, Humans","11","12","17","2.39","Parallax Wave, Survival of the Fittest, Survival of the Fittest, Windswept Heath, Squirrel Nest, Squirrel Nest, Eternal Witness, Eternal Witness, Spike Feeder, Brushland, Brushland, Llanowar Elves, Mirari's Wake, Kjeldoran Outpost, Sylvan Library, Rancor, Tranquil Thicket, Swords to Plowshares, Swords to Plowshares, Swords to Plowshares, Forest, Forest, Forest, Forest, Forest, Forest, Forest, Treetop Village, Plains, Plains, Plains, Anurid Brushhopper, Elfhame Palace, Birds of Paradise, Birds of Paradise, Academy Rector, Academy Rector, Call of the Herd, Wall of Blossoms, Wall of Blossoms","Eternal Dragon, Gemstone Mine, Doomed Necromancer, Phyrexian Tower, Llanowar Wastes, Spiritmonger, Wax // Wane, Serra Angel, Heart of Ramos, Temporal Aperture, Goblin Taskmaster, Wild Dogs, Force Spike, Quiet Speculation, Thran Dynamo, Disenchant, Renewed Faith, Renewed Faith, Basking Rootwalla, Roar of the Wurm, Roar of the Wurm, Nomads en-Kor, Autumn Willow, Myr Incubator, Land Tax, Nekrataal, Blastoderm, Krosan Verge, Wild Mongrel, Reprisal"
"29","3","Blue/White","UW Control","Spells","0","23","17","3.26","Talisman of Progress, Wrath of God, Wrath of God, Icy Manipulator, Blinkmoth Nexus, Fact or Fiction, Fact or Fiction, Deep Analysis, Mishra's Factory, Dismiss, Forbid, Repulse, Daze, Opt, Skycloud Expanse, Skycloud Expanse, Secluded Steppe, Miscalculation, Miscalculation, Force of Will, Force of Will, Force of Will, Condescend, Swords to Plowshares, Island, Island, Island, Island, Island, Island, Island, Island, Island, Island, Island, Misdirection, Mana Leak, Counterspell, Confiscate, Flooded Strand","Voltaic Key, Parallax Wave, Shivan Reef, Simoon, Frantic Search, Sky Diamond, Grim Monolith, Wonder, Rapid Decay, Exalted Angel, Exalted Angel, Llanowar Wastes, Addle, Scrabbling Claws, Aquamoeba, Soltari Monk, Decree of Justice, Capsize, Shatter, Nevinyrral's Disk, Ghitu Encampment, Fire // Ice, Worn Powerstone, Wing Shards, Nomads en-Kor, Mind Stone, Powder Keg, Tradewind Rider, Order of Leitbur, Arrogant Wurm, Staunch Defenders"
"29","4","Blue","U Artifacts","Artifacts","8","15","17","3.57","Talisman of Progress, Voltaic Key, Shivan Reef, Grim Monolith, Tinker, Tinker, Phyrexian Processor, Phyrexian Processor, Seat of the Synod, Somber Hoverguard, Somber Hoverguard, Arcbound Ravager, Krark-Clan Ironworks, Krark-Clan Ironworks, Cranial Plating, Upheaval, Karn, Silver Golem, Metalworker, Ornithopter, Frogmite, Island, Island, Island, Island, Island, Island, Island, Plains, Plains, Plains, Plains, Tangle Wire, Enlightened Tutor, Phyrexian Colossus, Thoughtcast, Thoughtcast, Great Furnace, Cloudpost, Cloudpost, Cloudpost","Vault of Whispers, Wildfire, Wildfire, Shivan Reef, Firestorm, Frantic Search, Balance, Accumulated Knowledge, Lightning Bolt, Replenish, Attunement, Reflecting Pool, Arcbound Worker, Stone Rain, Astral Slide, Pentad Prism, Soltari Visionary, Kavu Chameleon, Fire Diamond, Barbed Sextant, Akroma's Vengeance, Akroma's Vengeance, Cataclysm, Covetous Dragon, Thawing Glaciers, Howling Mine, Order of Leitbur, Aura of Silence, City of Brass, Great Furnace, Paladin en-Vec"
"29","5","Green","G Ramp","Creatures","16","7","17","3.17","Albino Troll, Albino Troll, Wasteland, Genesis, Overrun, Plow Under, Eternal Witness, Weatherseed Treefolk, Elvish Archers, Giant Growth, Llanowar Elves, Verdant Force, Saproling Burst, Saproling Burst, Gaea's Cradle, River Boa, Werebear, Phantom Centaur, Rancor, Forest, Forest, Forest, Forest, Forest, Forest, Forest, Forest, Forest, Forest, Forest, Karplusan Forest, Karplusan Forest, Karplusan Forest, Karplusan Forest, Birds of Paradise, Birds of Paradise, Erhnam Djinn, Blastoderm, Wild Mongrel, Call of the Herd","Pillage, Shivan Reef, Nimble Mongoose, Last Rites, Yawgmoth's Will, Yawgmoth's Will, Wall of Roots, Wall of Roots, Lightning Bolt, Creeping Mold, Masticore, Uktabi Orangutan, Arcbound Worker, Arcbound Worker, Spike Weaver, Rampant Growth, Thornscape Battlemage, Secluded Steppe, Jackal Pup, Shock, Goblin Sledder, Flametongue Kavu, Karplusan Forest, Covetous Dragon, Ironclaw Orcs, Elfhame Palace, Order of Leitbur, Arrogant Wurm, Fires of Yavimaya, Fires of Yavimaya, Soltari Priest"
"29","6","Black/Blue","BU Combo","Artifacts","10","13","17","2.30","Voltaic Key, Winter Orb, Tinker, Icy Manipulator, Yavimaya Coast, Yavimaya Coast, Blinkmoth Nexus, Talisman of Dominance, Swamp, Swamp, Swamp, Swamp, Swamp, Swamp, Swamp, Crystal Vein, Masticore, Arcbound Ravager, Arcbound Ravager, Mishra's Helix, Cranial Plating, Darksteel Citadel, Thirst for Knowledge, Thirst for Knowledge, Metalworker, Ornithopter, Frogmite, Frogmite, Frogmite, Island, Island, Island, Tangle Wire, Disciple of the Vault, Disciple of the Vault, Welding Jar, Chrome Mox, Chrome Mox, City of Traitors, Cloudpost","Ancient Den, Eternal Dragon, Aeolipile, Shivan Reef, Accumulated Knowledge, Glory, Yavimaya Coast, Replenish, Serum Visions, Opalescence, Centaur Garden, Serrated Arrows, Merfolk Looter, Decree of Justice, Arcbound Worker, Fellwar Stone, Barbed Sextant, Thran Dynamo, Fireball, Worn Powerstone, Hydroblast, Armageddon, Ivory Tower, White Knight, Parallax Tide, Empyrial Armor, Seal of Removal, Flooded Strand, Soltari Priest, Crumbling Sanctuary"
"29","7","Black/Blue","BU Tempo","Spells","4","19","17","2.96","Dance of the Dead, Entomb, Barren Moor, Careful Study, Duress, Brainstorm, Seat of the Synod, Fact or Fiction, Darkwater Catacombs, Dark Ritual, Dark Ritual, Dark Ritual, Swamp, Swamp, Swamp, Swamp, Swamp, Swamp, Swamp, Swamp, Deep Analysis, Salt Marsh, Undermine, Spirit of the Night, Volrath's Stronghold, Visara the Dreadful, Buried Alive, Underground River, Underground River, Underground River, Recurring Nightmare, Recurring Nightmare, Circular Logic, Spite // Malice, Zombify, Cephalid Coliseum, Counterspell, Psychatog, Psychatog, Mystical Tutor","Ray of Distortion, Accumulated Knowledge, Grim Monolith, Patriarch's Bidding, Llanowar Wastes, Yavimaya Coast, Goblin Grappler, Fallen Askari, Bottle Gnomes, Creeping Mold, Opalescence, Plague Spitter, Reflecting Pool, Chainer's Edict, Secluded Steppe, Black Knight, Tranquil Thicket, Opposition, Stupor, Mind Stone, Ghazbán Ogre, Adarkar Wastes, Phantom Nishoba, Drain Life, Empyrial Armor, City of Brass, Yawgmoth's Bargain, Bloodstained Mire"
"29","8","Black/Blue","BU Tempo","Spells","6","17","17","2.52","Diabolic Edict, Dark Banishing, Recoil, Ravenous Rats, Contagion, Undead Gladiator, Vendetta, Vendetta, Swamp, Swamp, Swamp, Swamp, Swamp, Swamp, Swamp, Swamp, Swamp, Swamp, Swamp, Swamp, Swamp, Swamp, Innocent Blood, Man-o'-War, Man-o'-War, Hypnotic Specter, Necropotence, Necropotence, Hymn to Tourach, Smother, Island, Island, Island, Evincar's Justice, Counterspell, Counterspell, Control Magic, Nekrataal, Ghastly Demise, Vampiric Tutor","Cabal Therapy, Warrior en-Kor, Gush, Accumulated Knowledge, Patriarch's Bidding, Order of the Ebon Hand, Order of the Ebon Hand, Llanowar Wastes, Wrath of God, Yavimaya Coast, Gempalm Incinerator, Blazing Specter, Nightscape Familiar, Deep Analysis, Viridian Shaman, Attunement, Pacifism, Soltari Monk, Pouncing Jaguar, Soltari Visionary, Jester's Cap, Arcanis the Omnipotent, Knight of Stromgald, Miscalculation, Black Knight, Symbiotic Wurm, Thunderscape Battlemage, Tranquil Thicket, Circular Logic, Waterfront Bouncer, Memory Lapse, Stitch Together, Opposition, Pyroclasm, Drain Life, Impulse, Bloodstained Mire"
"30","1","Green","G Graveyard","Creatures","17","6","17","2.91","Survival of the Fittest, Survival of the Fittest, Genesis, Eternal Witness, Eternal Witness, Eternal Witness, Llanowar Wastes, Wall of Roots, Viridian Shaman, Centaur Garden, Llanowar Elves, Llanowar Elves, Verdant Force, Gaea's Cradle, Werebear, Symbiotic Wurm, Phantom Centaur, Rancor, Rancor, Tranquil Thicket, Basking Rootwalla, Forest, Forest, Forest, Forest, Forest, Forest, Forest, Forest, Forest, Forest, Forest, Treetop Village, Karplusan Forest, Birds of Paradise, Birds of Paradise, Blastoderm, Arrogant Wurm, Call of the Herd, Call of the Herd","Albino Troll, Eternal Dragon, Eternal Dragon, Overrun, Plow Under, Windswept Heath, Squirrel Nest, Squirrel Nest, Llanowar Wastes, Wax // Wane, Giant Growth, Creeping Mold, Creeping Mold, Spike Feeder, Reflecting Pool, Uktabi Orangutan, Arcbound Worker, Stone Rain, Spike Weaver, Saproling Burst, Saproling Burst, Mirari's Wake, River Boa, Thornscape Battlemage, Secluded Steppe, Karplusan Forest, Autumn Willow, Elfhame Palace, Order of Leitbur, Academy Rector, Phantom Nishoba"
"30","2","Blue/White","UW Control","Spells","1","22","17","2.78","Talisman of Progress, Accumulated Knowledge, Exalted Angel, Wrath of God, Wrath of God, Wrath of God, Brainstorm, Fact or Fiction, Fact or Fiction, Fact or Fiction, Forbid, Daze, Skycloud Expanse, Skycloud Expanse, Force Spike, Kjeldoran Outpost, Miscalculation, Condescend, Swords to Plowshares, Swords to Plowshares, Swords to Plowshares, Island, Island, Island, Island, Island, Island, Island, Island, Memory Lapse, Plains, Plains, Plains, Plains, Plains, Misdirection, Counterspell, Control Magic, Adarkar Wastes, Parallax Tide","Urborg Volcano, Parallax Wave, Parallax Wave, Shivan Reef, Warrior en-Kor, Accumulated Knowledge, Sky Diamond, Llanowar Wastes, Glory, Fallen Askari, Serra Angel, Replenish, Deep Analysis, Opalescence, Soltari Monk, Decree of Justice, Reflecting Pool, Rampant Growth, Necropotence, Wing Shards, Nomads en-Kor, Nomads en-Kor, Mogg Flunkies, Opposition, Disciple of the Vault, Elfhame Palace, Myr Incubator, Land Tax, Ivory Tower, Confiscate, Staunch Defenders, Empyrial Armor, Bloodstained Mire"
"30","3","Green/Blue","GU Ramp","Spells, Enchantments","8","15","17","3.13","Accumulated Knowledge, Wall of Roots, Yavimaya Coast, Yavimaya Coast, Yavimaya Coast, Yavimaya Coast, Yavimaya Coast, Blinkmoth Nexus, Serum Visions, Attunement, Attunement, Masticore, Masticore, Repulse, Opt, Upheaval, Tree of Tales, Sylvan Library, Force of Will, Force of Will, Tranquil Thicket, Tranquil Thicket, Island, Island, Island, Forest, Forest, Forest, Forest, Forest, Roar of the Wurm, Roar of the Wurm, Opposition, Counterspell, Tradewind Rider, Birds of Paradise, Birds of Paradise, Wall of Blossoms, Wall of Blossoms, Seal of Removal","Simoon, Winter Orb, Order of the Ebon Hand, Icy Manipulator, Phyrexian Processor, Somber Hoverguard, Goblin Grappler, Weatherseed Treefolk, Bottle Gnomes, Brushland, Terminate, Pouncing Jaguar, Wild Dogs, Pentad Prism, Fellwar Stone, Thunderscape Battlemage, Akroma's Vengeance, Mogg Flunkies, Karplusan Forest, Tangle Wire, Thawing Glaciers, Mind Stone, Howling Mine, Erhnam Djinn, Blastoderm, Krosan Verge, Fires of Yavimaya, Great Furnace"
"30","4","Red","R Burn","Spells, Goblins","14","9","17","2.39","Shivan Reef, Hammer of Bogardan, Goblin Warchief, Goblin Warchief, Blinkmoth Nexus, Lightning Bolt, Lightning Bolt, Lightning Bolt, Lightning Bolt, Gempalm Incinerator, Goblin Piledriver, Mishra's Factory, Ball Lightning, Ball Lightning, Sulfuric Vortex, Mogg Fanatic, Jackal Pup, Jackal Pup, Ghitu Encampment, Fireblast, Mountain, Mountain, Mountain, Mountain, Mountain, Mountain, Mountain, Mountain, Mountain, Mountain, Mountain, Mountain, Shock, Flametongue Kavu, Sparksmith, Mogg Flunkies, Goblin Sharpshooter, Incinerate, Siege-Gang Commander, Rishadan Port","Albino Troll, Aeolipile, Pillage, Wildfire, Shivan Reef, Shadowblood Ridge, Firestorm, Defense Grid, Urza's Rage, Goblin Taskmaster, Arcbound Worker, Soltari Visionary, Kavu Chameleon, Knight of Stromgald, Barbed Sextant, Earthquake, Ornithopter, Fireball, Flametongue Kavu, Tangle Wire, Ironclaw Orcs, Ironclaw Orcs, Avalanche Riders, Powder Keg, Arrogant Wurm, White Knight, Black Vise, Fires of Yavimaya, Pyroclasm, Drain Life, Crumbling Sanctuary, Bloodstained Mire"
"30","5","Blue","U Artifacts","Artifacts","4","19","17","2.74","Talisman of Progress, Voltaic Key, Voltaic Key, Voltaic Key, Shivan Reef, Grim Monolith, Grim Monolith, Ancient Tomb, Tinker, Tinker, Phyrexian Processor, Somber Hoverguard, Scrabbling Claws, Crystal Vein, Arcbound Ravager, Krark-Clan Ironworks, Darksteel Citadel, Thirst for Knowledge, Metalworker, Thran Dynamo, Thran Dynamo, Frogmite, Worn Powerstone, Island, Island, Island, Island, Island, Island, Island, Island, Thoughtcast, Thoughtcast, Welding Jar, Chrome Mox, City of Traitors, City of Brass, Flooded Strand, Cloudpost, Cloudpost","Ancient Den, Vault of Whispers, Wildfire, Dark Banishing, Shivan Reef, Patriarch's Bidding, Rapid Decay, Exalted Angel, Barren Moor, Cursed Scroll, Elvish Archers, Serrated Arrows, Soltari Monk, Salt Marsh, Astral Slide, Shatter, Jester's Cap, Nevinyrral's Disk, Fire Diamond, Renewed Faith, Renewed Faith, Fire // Ice, Enlightened Tutor, Disciple of the Vault, Ghazbán Ogre, Order of Leitbur, City of Brass, Mystical Tutor"
"30","6","Black/Blue","BU Tempo","Spells","5","18","17","2.61","Diabolic Edict, Recoil, Phyrexian Tower, Ravenous Rats, Llanowar Wastes, Darkwater Catacombs, Talisman of Dominance, Vendetta, Vendetta, Dark Ritual, Swamp, Swamp, Swamp, Swamp, Swamp, Swamp, Swamp, Swamp, Deep Analysis, Dismiss, Undermine, Volrath's Stronghold, Hypnotic Specter, Underground River, Underground River, Smother, Circular Logic, Circular Logic, Island, Island, Island, Spite // Malice, Mana Leak, Counterspell, Counterspell, Nekrataal, Psychatog, Psychatog, Ghastly Demise, Vampiric Tutor","Cabal Therapy, Zuran Orb, Nimble Mongoose, Gush, Accumulated Knowledge, Patriarch's Bidding, Llanowar Wastes, Yawgmoth's Will, Yawgmoth's Will, Spiritmonger, Blazing Specter, Undead Gladiator, Nightscape Familiar, Man-o'-War, Hypnotic Specter, Visara the Dreadful, Arcanis the Omnipotent, Secluded Steppe, Quiet Speculation, Black Knight, Necropotence, Stitch Together, Karplusan Forest, Evincar's Justice, Academy Rector, Aura of Silence, Wild Mongrel, Empyrial Armor, Flooded Strand, Sulfurous Springs, Yawgmoth's Bargain"
"30","7","White","W Artifacts","Artifacts","8","15","17","2.96","Ancient Den, Wasteland, Balance, Grim Monolith, Tinker, Icy Manipulator, Seat of the Synod, Swamp, Swamp, Swamp, Arcbound Ravager, Arcbound Ravager, Krark-Clan Ironworks, Mishra's Helix, Cranial Plating, Cranial Plating, Karn, Silver Golem, Secluded Steppe, Barbed Sextant, Metalworker, Disenchant, Frogmite, Frogmite, Frogmite, Swords to Plowshares, Worn Powerstone, Plains, Plains, Plains, Plains, Plains, Plains, Plains, Plains, Mind Stone, Armageddon, Phyrexian Colossus, Chrome Mox, Cloudpost, Cloudpost","Vault of Whispers, Warrior en-Kor, Ray of Distortion, Starstorm, Addle, Seat of the Synod, Heart of Ramos, Replenish, Temporal Aperture, Opalescence, Pacifism, Decree of Justice, Arcbound Worker, Arcbound Worker, Seal of Cleansing, Cloudchaser Eagle, Akroma's Vengeance, Goblin Sledder, Cataclysm, Anurid Brushhopper, Covetous Dragon, Covetous Dragon, Shrapnel Blast, Order of Leitbur, Siege-Gang Commander, Anger, Great Furnace, Soltari Priest, Soltari Priest, Reprisal, Paladin en-Vec"
"30","8","Black/Blue","BU Tempo","Spells","7","16","17","2.78","Doomed Necromancer, Dance of the Dead, Frantic Search, Frantic Search, Entomb, Careful Study, Duress, Dark Ritual, Dark Ritual, Dark Ritual, Aquamoeba, Swamp, Swamp, Swamp, Swamp, Swamp, Swamp, Swamp, Swamp, Deep Analysis, Mishra's Factory, Merfolk Looter, Man-o'-War, Spirit of the Night, Buried Alive, Underground River, Thirst for Knowledge, Force of Will, Recurring Nightmare, Recurring Nightmare, Island, Island, Island, Island, Island, Waterfront Bouncer, Zombify, Cephalid Coliseum, Nekrataal, Saprazzan Skerry","Gemstone Mine, Wonder, Order of the Ebon Hand, Last Rites, Contagion, Gempalm Incinerator, Brushland, Plague Spitter, Innocent Blood, Astral Slide, Capsize, Soltari Visionary, Chainer's Edict, Chainer's Edict, Miscalculation, Miscalculation, Black Knight, Necropotence, Hymn to Tourach, Ornithopter, Goblin Sledder, Phyrexian Scuta, Basking Rootwalla, Hydroblast, Karplusan Forest, Skirk Prospector, Stupor, Rising Waters, Drain Life, Wild Mongrel, Phyrexian Arena, Phyrexian Negator, Impulse"
"31","1","Black/Green","BG Graveyard","Creatures","16","7","17","2.96","Survival of the Fittest, Survival of the Fittest, Doomed Necromancer, Genesis, Dance of the Dead, Eternal Witness, Eternal Witness, Eternal Witness, Llanowar Wastes, Llanowar Wastes, Llanowar Wastes, Llanowar Wastes, Spiritmonger, Swamp, Swamp, Centaur Garden, Volrath's Stronghold, Visara the Dreadful, Buried Alive, Symbiotic Wurm, Tranquil Thicket, Recurring Nightmare, Basking Rootwalla, Basking Rootwalla, Forest, Forest, Forest, Forest, Forest, Forest, Forest, Forest, Zombify, Stitch Together, Birds of Paradise, Birds of Paradise, Birds of Paradise, Arrogant Wurm, Wild Mongrel, Wild Mongrel","Cabal Therapy, Albino Troll, Nimble Mongoose, Shadowblood Ridge, Gush, Order of the Ebon Hand, Addle, Somber Hoverguard, Vendetta, Spike Feeder, Llanowar Elves, Llanowar Elves, Uktabi Orangutan, Spike Weaver, Chainer's Edict, Mirari's Wake, Rampant Growth, Black Knight, Hymn to Tourach, Rancor, Phyrexian Scuta, Ghazbán Ogre, Birds of Paradise, Shrapnel Blast, Erhnam Djinn, Blastoderm, Ghastly Demise, Anger, Call of the Herd, Yawgmoth's Bargain"
"31","2","Colorless","Combo","Artifacts","7","16","17","2.78","Vault of Whispers, Voltaic Key, Wildfire, Wildfire, Grim Monolith, Phyrexian Processor, Phyrexian Processor, Cursed Scroll, Swamp, Mishra's Factory, Serrated Arrows, Arcbound Ravager, Arcbound Ravager, Krark-Clan Ironworks, Krark-Clan Ironworks, Metalworker, Ornithopter, Mountain, Mountain, Mountain, Mountain, Mountain, Mountain, Mountain, Mountain, Mountain, Mountain, Mountain, Frogmite, Frogmite, Karplusan Forest, Tangle Wire, Tangle Wire, Thawing Glaciers, Disciple of the Vault, Mind Stone, Mind Stone, Powder Keg, Chrome Mox, Rishadan Port","Zuran Orb, Vault of Whispers, Phyrexian Tower, Overrun, Squirrel Nest, Urza's Rage, Seat of the Synod, Goblin Warchief, Lightning Bolt, Lightning Bolt, Goblin Grappler, Bottle Gnomes, Arcbound Worker, Arcbound Worker, Verdant Force, Kavu Chameleon, Shatter, Nevinyrral's Disk, Fire Diamond, Barbed Sextant, Earthquake, Ghitu Encampment, Rancor, Karplusan Forest, Covetous Dragon, Howling Mine, Rising Waters, Academy Rector, Pyroclasm, Flooded Strand, Great Furnace, Crumbling Sanctuary"
"31","3","Blue/White","UW Control","Spells","2","21","17","3.48","Talisman of Progress, Eternal Dragon, Eternal Dragon, Wasteland, Balance, Wrath of God, Wrath of God, Wrath of God, Fact or Fiction, Replenish, Replenish, Brushland, Decree of Justice, Decree of Justice, Daze, Opt, Skycloud Expanse, Miscalculation, Force of Will, Force of Will, Swords to Plowshares, Island, Island, Island, Island, Plains, Plains, Plains, Plains, Plains, Plains, Plains, Mana Leak, Cephalid Coliseum, Counterspell, Counterspell, Control Magic, Adarkar Wastes, Parallax Tide, Flooded Strand","Parallax Wave, Gemstone Mine, Shivan Reef, Accumulated Knowledge, Defense Grid, Exalted Angel, Yavimaya Coast, Deep Analysis, Opalescence, Opalescence, Attunement, Attunement, Brushland, Reflecting Pool, Salt Marsh, Astral Slide, Soltari Visionary, Quiet Speculation, Thirst for Knowledge, Fellwar Stone, Tranquil Thicket, Seal of Cleansing, Akroma's Vengeance, Fire // Ice, Goblin Sledder, Land Tax, Blastoderm, Academy Rector, Phantom Nishoba, Seal of Removal, Mystical Tutor"
"31","4","Black/Red","BR Aristocrats","Goblins, Creatures","16","7","17","2.57","Urborg Volcano, Hammer of Bogardan, Goblin Warchief, Blinkmoth Nexus, Lightning Bolt, Gempalm Incinerator, Gempalm Incinerator, Blazing Specter, Goblin Piledriver, Swamp, Swamp, Terminate, Hypnotic Specter, Hypnotic Specter, Sulfuric Vortex, Jackal Pup, Jackal Pup, Mountain, Mountain, Mountain, Mountain, Mountain, Mountain, Mountain, Mountain, Mountain, Shock, Fireball, Mogg Flunkies, Skirk Prospector, Avalanche Riders, Nekrataal, Nekrataal, Goblin Sharpshooter, Incinerate, Siege-Gang Commander, Great Furnace, Sulfurous Springs, Bloodstained Mire, Bloodstained Mire","Diabolic Edict, Aeolipile, Dark Banishing, Firestorm, Patriarch's Bidding, Patriarch's Bidding, Ravenous Rats, Starstorm, Contagion, Heart of Ramos, Undead Gladiator, Elvish Archers, Dark Ritual, Dark Ritual, Creeping Mold, Innocent Blood, Ball Lightning, Ball Lightning, Chainer's Edict, Thornscape Battlemage, Black Knight, Necropotence, Necropotence, Necropotence, Smother, Wing Shards, Covetous Dragon, Ironclaw Orcs, Drain Life, Drain Life, City of Brass"
"31","5","Blue","U Artifacts","Artifacts, Spells","5","18","17","3.04","Talisman of Progress, Accumulated Knowledge, Sky Diamond, Grim Monolith, Grim Monolith, Tinker, Tinker, Brainstorm, Yavimaya Coast, Yavimaya Coast, Serum Visions, Deep Analysis, Deep Analysis, Masticore, Masticore, Merfolk Looter, Pentad Prism, Upheaval, Arcanis the Omnipotent, Force of Will, Ornithopter, Thran Dynamo, Island, Island, Island, Island, Island, Island, Island, Island, Island, Island, Island, Memory Lapse, Opposition, Elfhame Palace, Thoughtcast, Saprazzan Skerry, Cloudpost, Cloudpost","Plow Under, Squirrel Nest, Wall of Roots, Wall of Roots, Somber Hoverguard, Yavimaya Coast, Darkwater Catacombs, Weatherseed Treefolk, Aquamoeba, Man-o'-War, Man-o'-War, Arcbound Worker, Stone Rain, Gaea's Cradle, Mogg Fanatic, River Boa, Sylvan Library, Werebear, Tranquil Thicket, Treetop Village, Spite // Malice, Roar of the Wurm, Mogg Flunkies, Evincar's Justice, Disciple of the Vault, Elfhame Palace, Tradewind Rider, Krosan Verge, Welding Jar, Call of the Herd, Wall of Blossoms"
"31","6","Black/Blue","BU Reanimator","Spells","4","19","17","2.57","Shivan Reef, Recoil, Frantic Search, Frantic Search, Entomb, Yawgmoth's Will, Yawgmoth's Will, Barren Moor, Careful Study, Duress, Fact or Fiction, Fact or Fiction, Talisman of Dominance, Dark Ritual, Dark Ritual, Swamp, Swamp, Swamp, Swamp, Swamp, Swamp, Swamp, Swamp, Swamp, Nightscape Familiar, Spirit of the Night, Underground River, Underground River, Underground River, Recurring Nightmare, Circular Logic, Circular Logic, Island, Island, Karplusan Forest, Psychatog, Psychatog, Chrome Mox, Vampiric Tutor, Impulse","Shivan Reef, Accumulated Knowledge, Accumulated Knowledge, Wonder, Windswept Heath, Rapid Decay, Last Rites, Llanowar Wastes, Yavimaya Coast, Vendetta, Dismiss, Plague Spitter, Forbid, Repulse, Wild Dogs, Saproling Burst, Jester's Cap, Knight of Stromgald, Thunderscape Battlemage, Flametongue Kavu, Waterfront Bouncer, Roar of the Wurm, Karplusan Forest, Misdirection, Autumn Willow, Ivory Tower, Siege-Gang Commander, Fires of Yavimaya, Phyrexian Arena, Wall of Blossoms, Phyrexian Negator"
"31","7","Blue","U Artifacts","Artifacts","6","17","17","3.13","Ancient Den, Voltaic Key, Voltaic Key, Shivan Reef, Winter Orb, Ancient Tomb, Tinker, Icy Manipulator, Icy Manipulator, Seat of the Synod, Scrabbling Claws, Temporal Aperture, Swamp, Swamp, Mishra's Factory, Crystal Vein, Arcbound Ravager, Mishra's Helix, Cranial Plating, Cranial Plating, Karn, Silver Golem, Darksteel Citadel, Thirst for Knowledge, Metalworker, Thran Dynamo, Frogmite, Frogmite, Worn Powerstone, Worn Powerstone, Island, Island, Island, Island, Island, Island, Phyrexian Colossus, Counterspell, Thoughtcast, Cloudpost, Cloudpost","Ancient Den, Pillage, Shivan Reef, Simoon, Creeping Mold, Goblin Taskmaster, Undermine, Pouncing Jaguar, Skycloud Expanse, Capsize, Saproling Burst, Force Spike, Tree of Tales, Miscalculation, Miscalculation, Condescend, Phantom Centaur, Cloudchaser Eagle, Nomads en-Kor, Hydroblast, Opposition, Enlightened Tutor, Counterspell, Myr Incubator, Confiscate, Staunch Defenders, Soltari Priest, Reprisal"
"31","8","White","W Weenie","Enchantments, Clerics","12","11","17","2.65","Parallax Wave, Warrior en-Kor, Exalted Angel, Blinkmoth Nexus, Serra Angel, Pacifism, Soltari Monk, Soltari Monk, Soltari Visionary, Kjeldoran Outpost, Secluded Steppe, Secluded Steppe, Secluded Steppe, Disenchant, Cataclysm, Swords to Plowshares, Swords to Plowshares, Swords to Plowshares, Plains, Plains, Plains, Plains, Plains, Plains, Plains, Plains, Plains, Plains, Plains, Armageddon, Order of Leitbur, Order of Leitbur, Order of Leitbur, White Knight, Aura of Silence, Empyrial Armor, Empyrial Armor, City of Traitors, Soltari Priest, Paladin en-Vec","Albino Troll, Warrior en-Kor, Ray of Distortion, Order of the Ebon Hand, Glory, Lightning Bolt, Wax // Wane, Fallen Askari, Giant Growth, Viridian Shaman, Reflecting Pool, Arcbound Worker, Astral Slide, Barbed Sextant, Fireblast, Renewed Faith, Renewed Faith, Akroma's Vengeance, Goblin Sledder, Flametongue Kavu, Sparksmith, Nomads en-Kor, Mogg Flunkies, Karplusan Forest, Anurid Brushhopper, Stupor, Ironclaw Orcs, Arrogant Wurm, Black Vise, Fires of Yavimaya, City of Brass"
"32","1","White","W Weenie","Spells, Enchantments","5","18","17","3.48","Eternal Dragon, Wasteland, Parallax Wave, Parallax Wave, Balance, Exalted Angel, Wrath of God, Wrath of God, Serra Angel, Replenish, Opalescence, Brushland, Decree of Justice, Decree of Justice, Astral Slide, Secluded Steppe, Secluded Steppe, Seal of Cleansing, Renewed Faith, Akroma's Vengeance, Swords to Plowshares, Swords to Plowshares, Plains, Plains, Plains, Plains, Plains, Plains, Plains, Plains, Plains, Plains, Enlightened Tutor, Elfhame Palace, Academy Rector, Academy Rector, Aura of Silence, Chrome Mox, City of Traitors, Rishadan Port","Zuran Orb, Overrun, Windswept Heath, Squirrel Nest, Order of the Ebon Hand, Elvish Archers, Creeping Mold, Centaur Garden, Brushland, Reflecting Pool, Uktabi Orangutan, Wild Dogs, Skycloud Expanse, Verdant Force, Saproling Burst, Sylvan Library, Cataclysm, Sparksmith, Roar of the Wurm, Nomads en-Kor, Anurid Brushhopper, Ironclaw Orcs, Armageddon, Elfhame Palace, Ghazbán Ogre, Birds of Paradise, Birds of Paradise, Staunch Defenders, Empyrial Armor, Soltari Priest"
"32","2","Black/Red","BR Midrange","Spells, Enchantments","5","18","17","2.26","Cabal Therapy, Urborg Volcano, Dark Banishing, Shadowblood Ridge, Phyrexian Tower, Ravenous Rats, Llanowar Wastes, Duress, Lightning Bolt, Lightning Bolt, Blazing Specter, Vendetta, Dark Ritual, Swamp, Swamp, Swamp, Swamp, Swamp, Swamp, Swamp, Swamp, Swamp, Swamp, Terminate, Innocent Blood, Volrath's Stronghold, Hypnotic Specter, Chainer's Edict, Chainer's Edict, Necropotence, Necropotence, Hymn to Tourach, Recurring Nightmare, Recurring Nightmare, Phyrexian Scuta, Nekrataal, Incinerate, Phyrexian Arena, Sulfurous Springs, Bloodstained Mire","Aeolipile, Defense Grid, Patriarch's Bidding, Patriarch's Bidding, Order of the Ebon Hand, Last Rites, Llanowar Wastes, Addle, Spiritmonger, Goblin Warchief, Goblin Warchief, Gempalm Incinerator, Gempalm Incinerator, Creeping Mold, Soltari Monk, Masticore, Spirit of the Night, Ball Lightning, Buried Alive, Arcanis the Omnipotent, Black Knight, Thunderscape Battlemage, Fireblast, Basking Rootwalla, Waterfront Bouncer, Mogg Flunkies, Siege-Gang Commander, Siege-Gang Commander, City of Brass, Soltari Priest"
"32","3","Blue","U Artifacts","Artifacts","7","16","17","3.30","Talisman of Progress, Voltaic Key, Sky Diamond, Ancient Tomb, Tinker, Icy Manipulator, Seat of the Synod, Seat of the Synod, Somber Hoverguard, Somber Hoverguard, Blinkmoth Nexus, Scrabbling Claws, Mishra's Factory, Masticore, Arcbound Ravager, Krark-Clan Ironworks, Pentad Prism, Skycloud Expanse, Upheaval, Metalworker, Metalworker, Thran Dynamo, Thran Dynamo, Frogmite, Worn Powerstone, Island, Island, Island, Island, Island, Island, Island, Island, Island, Island, Thoughtcast, Thoughtcast, Howling Mine, Welding Jar, Cloudpost","Vault of Whispers, Wildfire, Warrior en-Kor, Squirrel Nest, Exalted Angel, Barren Moor, Careful Study, Yavimaya Coast, Temporal Aperture, Nightscape Familiar, Attunement, Soltari Monk, Man-o'-War, Capsize, Soltari Visionary, Force Spike, Kjeldoran Outpost, Tree of Tales, Secluded Steppe, Barbed Sextant, Symbiotic Wurm, Opposition, Evincar's Justice, Disciple of the Vault, Disciple of the Vault, Tradewind Rider, Myr Incubator, Shrapnel Blast, Ivory Tower, Reprisal"
"32","4","Blue","U Ramp","Spells","1","22","17","2.70","Frantic Search, Accumulated Knowledge, Grim Monolith, Yavimaya Coast, Yavimaya Coast, Fact or Fiction, Serum Visions, Deep Analysis, Deep Analysis, Deep Analysis, Man-o'-War, Forbid, Repulse, Opt, Miscalculation, Condescend, Circular Logic, Island, Island, Island, Island, Island, Island, Island, Island, Island, Island, Karplusan Forest, Mana Leak, Counterspell, Counterspell, Control Magic, Confiscate, Parallax Tide, Seal of Removal, Flooded Strand, Cloudpost, Cloudpost, Cloudpost, Mystical Tutor","Talisman of Progress, Gemstone Mine, Plow Under, Eternal Witness, Eternal Witness, Llanowar Wastes, Wrath of God, Icy Manipulator, Yavimaya Coast, Wax // Wane, Attunement, Llanowar Elves, Salt Marsh, Astral Slide, Ball Lightning, Spike Weaver, Mirari's Wake, Fellwar Stone, Tranquil Thicket, Spite // Malice, Roar of the Wurm, Mogg Flunkies, Karplusan Forest, Autumn Willow, Arrogant Wurm, Wall of Blossoms, Wall of Blossoms, City of Brass, Yawgmoth's Bargain, Crumbling Sanctuary"
"32","5","Green","G Ramp","Creatures","17","6","17","2.57","Survival of the Fittest, Survival of the Fittest, Genesis, Eternal Witness, Wall of Roots, Weatherseed Treefolk, Viridian Shaman, Llanowar Elves, Gaea's Cradle, River Boa, Werebear, Phantom Centaur, Rancor, Rancor, Tranquil Thicket, Basking Rootwalla, Forest, Forest, Forest, Forest, Forest, Forest, Forest, Forest, Forest, Forest, Forest, Forest, Treetop Village, Karplusan Forest, Karplusan Forest, Birds of Paradise, Birds of Paradise, Blastoderm, Blastoderm, Arrogant Wurm, Wild Mongrel, Wild Mongrel, Call of the Herd, Call of the Herd","Albino Troll, Pillage, Dance of the Dead, Ray of Distortion, Llanowar Wastes, Wall of Roots, Lightning Bolt, Goblin Grappler, Giant Growth, Stone Rain, Pouncing Jaguar, Sulfuric Vortex, Saproling Burst, Mogg Fanatic, Rampant Growth, Jester's Cap, Thornscape Battlemage, Nevinyrral's Disk, Barbed Sextant, Jackal Pup, Ghitu Encampment, Fireball, Flametongue Kavu, Flametongue Kavu, Mogg Flunkies, Karplusan Forest, Thawing Glaciers, Erhnam Djinn, Rising Waters, Fires of Yavimaya, Drain Life, Anger"
"32","6","Red/Blue","RU Artifacts","Artifacts","5","18","17","2.83","Voltaic Key, Wildfire, Shivan Reef, Shivan Reef, Shivan Reef, Shivan Reef, Shivan Reef, Winter Orb, Grim Monolith, Tinker, Tinker, Phyrexian Processor, Blinkmoth Nexus, Talisman of Dominance, Cursed Scroll, Bottle Gnomes, Swamp, Swamp, Serrated Arrows, Cranial Plating, Thirst for Knowledge, Thirst for Knowledge, Fire Diamond, Earthquake, Ornithopter, Mountain, Mountain, Mountain, Mountain, Mountain, Island, Island, Island, Covetous Dragon, Covetous Dragon, Mind Stone, Powder Keg, Phyrexian Colossus, Pyroclasm, Great Furnace","Nimble Mongoose, Gush, Accumulated Knowledge, Accumulated Knowledge, Llanowar Wastes, Starstorm, Urza's Rage, Yavimaya Coast, Fact or Fiction, Dismiss, Pacifism, Goblin Taskmaster, Force of Will, Tranquil Thicket, Ornithopter, Disenchant, Renewed Faith, Cloudchaser Eagle, Fire // Ice, Wing Shards, Opposition, Stupor, Avalanche Riders, Counterspell, Counterspell, White Knight, Fires of Yavimaya, Phantom Nishoba, Flooded Strand, Impulse"
"32","7","Colorless","Combo","Artifacts, Constructs","10","13","17","2.43","Ancient Den, Voltaic Key, Grim Monolith, Phyrexian Processor, Lightning Bolt, Swamp, Swamp, Swamp, Swamp, Swamp, Swamp, Swamp, Mishra's Factory, Crystal Vein, Arcbound Ravager, Arcbound Ravager, Krark-Clan Ironworks, Mishra's Helix, Arcbound Worker, Arcbound Worker, Arcbound Worker, Arcbound Worker, Cranial Plating, Karn, Silver Golem, Darksteel Citadel, Mountain, Mountain, Mountain, Mountain, Mountain, Frogmite, Frogmite, Frogmite, Worn Powerstone, Island, Tangle Wire, Tangle Wire, Mind Stone, Black Vise, Chrome Mox","Albino Troll, Ancient Den, Eternal Dragon, Warrior en-Kor, Simoon, Firestorm, Rapid Decay, Hammer of Bogardan, Glory, Fallen Askari, Heart of Ramos, Goblin Piledriver, Opalescence, Spike Feeder, Soltari Visionary, Kavu Chameleon, Shatter, Knight of Stromgald, Shock, Goblin Sledder, Swords to Plowshares, Swords to Plowshares, Skirk Prospector, Ironclaw Orcs, Land Tax, Goblin Sharpshooter, Order of Leitbur, Order of Leitbur, Order of Leitbur, Krosan Verge, Empyrial Armor, Great Furnace, Paladin en-Vec"
"32","8","Black/Blue","BU Tempo","Spells","4","19","17","2.65","Diabolic Edict, Vault of Whispers, Recoil, Frantic Search, Accumulated Knowledge, Brainstorm, Fact or Fiction, Darkwater Catacombs, Vendetta, Swamp, Swamp, Swamp, Swamp, Merfolk Looter, Undermine, Daze, Underground River, Underground River, Underground River, Miscalculation, Miscalculation, Force of Will, Force of Will, Smother, Circular Logic, Island, Island, Island, Island, Island, Memory Lapse, Misdirection, Cephalid Coliseum, Nekrataal, Psychatog, Psychatog, Ghastly Demise, Saprazzan Skerry, Vampiric Tutor, Bloodstained Mire","Doomed Necromancer, Wonder, Entomb, Yawgmoth's Will, Yawgmoth's Will, Contagion, Undead Gladiator, Replenish, Dark Ritual, Dark Ritual, Dark Ritual, Aquamoeba, Plague Spitter, Reflecting Pool, Hypnotic Specter, Visara the Dreadful, Quiet Speculation, Black Knight, Necropotence, Jackal Pup, Akroma's Vengeance, Goblin Sledder, Nomads en-Kor, Hydroblast, Zombify, Stitch Together, Adarkar Wastes, Drain Life, Phyrexian Negator"
"33","1","Black/Green","BG Graveyard","Enchantments, Humans","11","12","17","3.35","Survival of the Fittest, Survival of the Fittest, Doomed Necromancer, Dance of the Dead, Entomb, Eternal Witness, Eternal Witness, Eternal Witness, Llanowar Wastes, Llanowar Wastes, Llanowar Wastes, Llanowar Wastes, Barren Moor, Spiritmonger, Blinkmoth Nexus, Dark Ritual, Swamp, Swamp, Swamp, Swamp, Spirit of the Night, Verdant Force, Buried Alive, Sylvan Library, Symbiotic Wurm, Recurring Nightmare, Recurring Nightmare, Forest, Forest, Forest, Forest, Forest, Forest, Forest, Zombify, Stitch Together, Arrogant Wurm, Wild Mongrel, Wild Mongrel, Vampiric Tutor","Cabal Therapy, Wildfire, Ravenous Rats, Yawgmoth's Will, Yawgmoth's Will, Addle, Glory, Wall of Roots, Contagion, Blazing Specter, Undead Gladiator, Weatherseed Treefolk, Vendetta, Elvish Archers, Viridian Shaman, Brushland, Plague Spitter, Uktabi Orangutan, Hypnotic Specter, Spike Weaver, Chainer's Edict, Chainer's Edict, River Boa, Werebear, Phyrexian Scuta, Sparksmith, Basking Rootwalla, Basking Rootwalla, Nekrataal, Ghastly Demise, Phyrexian Arena"
"33","2","Red","R Burn","Artifacts, Spells, Goblins","12","11","17","2.26","Shivan Reef, Shadowblood Ridge, Hammer of Bogardan, Goblin Warchief, Lightning Bolt, Lightning Bolt, Lightning Bolt, Gempalm Incinerator, Gempalm Incinerator, Goblin Piledriver, Mishra's Factory, Ball Lightning, Cranial Plating, Sulfuric Vortex, Jackal Pup, Ghitu Encampment, Fireblast, Ornithopter, Mountain, Mountain, Mountain, Mountain, Mountain, Mountain, Mountain, Mountain, Mountain, Fireball, Goblin Sledder, Skirk Prospector, Shrapnel Blast, Goblin Sharpshooter, Incinerate, Siege-Gang Commander, Siege-Gang Commander, Chrome Mox, City of Traitors, Great Furnace, Great Furnace, Bloodstained Mire","Vault of Whispers, Voltaic Key, Pillage, Gemstone Mine, Shivan Reef, Simoon, Firestorm, Grim Monolith, Grim Monolith, Last Rites, Phyrexian Processor, Replenish, Nightscape Familiar, Arcbound Ravager, Arcbound Ravager, Arcbound Ravager, Krark-Clan Ironworks, Arcbound Worker, Pentad Prism, Soltari Visionary, Frogmite, Frogmite, Karplusan Forest, Covetous Dragon, Covetous Dragon, Erhnam Djinn, Drain Life, Anger, Phyrexian Negator"
"33","3","Blue","U Artifacts","Artifacts, Spells","1","22","17","2.57","Talisman of Progress, Talisman of Progress, Voltaic Key, Frantic Search, Frantic Search, Accumulated Knowledge, Grim Monolith, Tinker, Tinker, Talisman of Dominance, Serum Visions, Deep Analysis, Deep Analysis, Mishra's Factory, Salt Marsh, Upheaval, Underground River, Darksteel Citadel, Miscalculation, Metalworker, Thran Dynamo, Worn Powerstone, Island, Island, Island, Island, Island, Island, Island, Island, Island, Island, Island, Memory Lapse, Plains, Mind Stone, Counterspell, Impulse, Cloudpost, Mystical Tutor","Diabolic Edict, Zuran Orb, Recoil, Accumulated Knowledge, Accumulated Knowledge, Defense Grid, Squirrel Nest, Squirrel Nest, Somber Hoverguard, Somber Hoverguard, Fallen Askari, Temporal Aperture, Attunement, Brushland, Arcbound Worker, Wild Dogs, Jester's Cap, Arcanis the Omnipotent, Nevinyrral's Disk, Phantom Centaur, Disenchant, Frogmite, Mogg Flunkies, Powder Keg, Elfhame Palace, Ghazbán Ogre, Birds of Paradise, Krosan Verge, Black Vise, Phantom Nishoba, Empyrial Armor, Reprisal"
"33","4","Black/Blue","BU Tempo","Spells","5","18","17","3.09","Dark Banishing, Gush, Phyrexian Tower, Wonder, Fact or Fiction, Vendetta, Swamp, Swamp, Swamp, Man-o'-War, Undermine, Forbid, Repulse, Daze, Opt, Volrath's Stronghold, Capsize, Underground River, Miscalculation, Force of Will, Hymn to Tourach, Smother, Circular Logic, Island, Island, Island, Island, Island, Island, Island, Island, Mana Leak, Control Magic, Nekrataal, Confiscate, Psychatog, Psychatog, Saprazzan Skerry, City of Brass, Flooded Strand","Urborg Volcano, Albino Troll, Rapid Decay, Order of the Ebon Hand, Goblin Warchief, Heart of Ramos, Dark Ritual, Aquamoeba, Innocent Blood, Reflecting Pool, Hypnotic Specter, Visara the Dreadful, Thornscape Battlemage, Quiet Speculation, Black Knight, Black Knight, Necropotence, Necropotence, Necropotence, Jackal Pup, Fire // Ice, Waterfront Bouncer, Karplusan Forest, Opposition, Order of Leitbur, Fires of Yavimaya, Parallax Tide, Drain Life, Call of the Herd, City of Brass, Yawgmoth's Bargain"
"33","5","White","W Control","Spells, Enchantments","6","17","17","3.74","Eternal Dragon, Parallax Wave, Shivan Reef, Balance, Ancient Tomb, Exalted Angel, Exalted Angel, Wrath of God, Serra Angel, Opalescence, Pacifism, Decree of Justice, Astral Slide, Astral Slide, Seal of Cleansing, Renewed Faith, Akroma's Vengeance, Akroma's Vengeance, Swords to Plowshares, Swords to Plowshares, Wing Shards, Plains, Plains, Plains, Plains, Plains, Plains, Plains, Plains, Plains, Plains, Plains, Plains, Plains, Plains, Plains, Enlightened Tutor, Armageddon, Academy Rector, Staunch Defenders","Wildfire, Shivan Reef, Warrior en-Kor, Winter Orb, Patriarch's Bidding, Patriarch's Bidding, Windswept Heath, Order of the Ebon Hand, Urza's Rage, Lightning Bolt, Wax // Wane, Cursed Scroll, Soltari Monk, Masticore, Mishra's Helix, Ball Lightning, Skycloud Expanse, Soltari Visionary, Mogg Fanatic, Barbed Sextant, Tranquil Thicket, Shock, Flametongue Kavu, Flametongue Kavu, Opposition, Thawing Glaciers, Myr Incubator, Adarkar Wastes, Order of Leitbur, White Knight, Empyrial Armor, Soltari Priest, Soltari Priest, Crumbling Sanctuary, Paladin en-Vec"
"33","6","Black/Blue","BU Artifacts","Artifacts","8","15","17","3.13","Vault of Whispers, Voltaic Key, Sky Diamond, Tinker, Icy Manipulator, Phyrexian Processor, Seat of the Synod, Seat of the Synod, Darkwater Catacombs, Swamp, Crystal Vein, Masticore, Krark-Clan Ironworks, Cranial Plating, Underground River, Karn, Silver Golem, Thirst for Knowledge, Fellwar Stone, Metalworker, Ornithopter, Thran Dynamo, Frogmite, Island, Island, Island, Island, Island, Island, Island, Island, Tangle Wire, Tangle Wire, Disciple of the Vault, Disciple of the Vault, Mind Stone, Phyrexian Colossus, Thoughtcast, Thoughtcast, Cloudpost, Cloudpost","Aeolipile, Shivan Reef, Ray of Distortion, Duress, Starstorm, Yavimaya Coast, Fact or Fiction, Scrabbling Claws, Dark Ritual, Dark Ritual, Bottle Gnomes, Creeping Mold, Serrated Arrows, Terminate, Goblin Taskmaster, Saproling Burst, Knight of Stromgald, Fire Diamond, Mogg Flunkies, Karplusan Forest, Evincar's Justice, Ironclaw Orcs, Counterspell, Howling Mine, Rising Waters, Welding Jar, Pyroclasm, Sulfurous Springs, Bloodstained Mire"
"33","7","Blue/White","UW Control","Artifacts, Spells","3","20","17","2.96","Ancient Den, Ancient Den, Eternal Dragon, Wasteland, Parallax Wave, Accumulated Knowledge, Wrath of God, Wrath of God, Brainstorm, Blinkmoth Nexus, Replenish, Deep Analysis, Opalescence, Decree of Justice, Skycloud Expanse, Force Spike, Kjeldoran Outpost, Secluded Steppe, Secluded Steppe, Secluded Steppe, Thirst for Knowledge, Force of Will, Renewed Faith, Cloudchaser Eagle, Swords to Plowshares, Swords to Plowshares, Worn Powerstone, Island, Plains, Plains, Plains, Plains, Land Tax, Ivory Tower, Academy Rector, Aura of Silence, Chrome Mox, Flooded Strand, Rishadan Port, Cloudpost","Warrior en-Kor, Overrun, Careful Study, Giant Growth, Soltari Monk, Reflecting Pool, Arcbound Worker, Arcbound Worker, Pouncing Jaguar, Saproling Burst, Mirari's Wake, Tree of Tales, Barbed Sextant, Thunderscape Battlemage, Goblin Sledder, Cataclysm, Circular Logic, Treetop Village, Spite // Malice, Nomads en-Kor, Stupor, Avalanche Riders, Elfhame Palace, Order of Leitbur, Fires of Yavimaya"
"33","8","Green","G Ramp","Green","15","8","17","2.87","Albino Troll, Nimble Mongoose, Genesis, Plow Under, Wall of Roots, Yavimaya Coast, Yavimaya Coast, Yavimaya Coast, Yavimaya Coast, Creeping Mold, Centaur Garden, Llanowar Elves, Llanowar Elves, Gaea's Cradle, Rampant Growth, Rancor, Rancor, Tranquil Thicket, Tranquil Thicket, Forest, Forest, Forest, Forest, Forest, Forest, Forest, Forest, Roar of the Wurm, Roar of the Wurm, Karplusan Forest, Tradewind Rider, Birds of Paradise, Birds of Paradise, Birds of Paradise, Blastoderm, Blastoderm, Arrogant Wurm, Call of the Herd, Wall of Blossoms, Wall of Blossoms","Llanowar Wastes, Icy Manipulator, Fact or Fiction, Goblin Grappler, Spike Feeder, Dismiss, Attunement, Merfolk Looter, Man-o'-War, Stone Rain, Kavu Chameleon, Shatter, Miscalculation, Force of Will, Condescend, Earthquake, Nomads en-Kor, Mogg Flunkies, Hydroblast, Karplusan Forest, Anurid Brushhopper, Misdirection, Ironclaw Orcs, Cephalid Coliseum, Autumn Willow, Counterspell, Counterspell, Seal of Removal"
"34","1","Black/Blue","BU Tempo","Spells","1","22","17","2.22","Shivan Reef, Shivan Reef, Shivan Reef, Shivan Reef, Frantic Search, Frantic Search, Accumulated Knowledge, Accumulated Knowledge, Llanowar Wastes, Llanowar Wastes, Yawgmoth's Will, Yawgmoth's Will, Brainstorm, Dark Ritual, Dark Ritual, Swamp, Swamp, Swamp, Swamp, Swamp, Nightscape Familiar, Terminate, Salt Marsh, Repulse, Chainer's Edict, Underground River, Underground River, Miscalculation, Necropotence, Force of Will, Hymn to Tourach, Circular Logic, Island, Island, Ghastly Demise, Vampiric Tutor, Phyrexian Arena, Sulfurous Springs, Impulse, Mystical Tutor","Talisman of Progress, Wildfire, Simoon, Llanowar Wastes, Starstorm, Urza's Rage, Addle, Goblin Piledriver, Vendetta, Aquamoeba, Reflecting Pool, Stone Rain, Skycloud Expanse, Upheaval, Buried Alive, Shatter, Quiet Speculation, Condescend, Fireblast, Fireball, Smother, Waterfront Bouncer, Mogg Flunkies, Phyrexian Colossus, Siege-Gang Commander, Phantom Nishoba, Reprisal"
"34","2","Green/Red","GR Stompy","Enchantments","11","12","17","2.30","Albino Troll, Windswept Heath, Lightning Bolt, Lightning Bolt, Lightning Bolt, Lightning Bolt, Crystal Vein, Llanowar Elves, Saproling Burst, Saproling Burst, Mogg Fanatic, River Boa, Thornscape Battlemage, Sylvan Library, Ghitu Encampment, Rancor, Rancor, Mountain, Mountain, Flametongue Kavu, Flametongue Kavu, Forest, Forest, Forest, Forest, Treetop Village, Karplusan Forest, Karplusan Forest, Karplusan Forest, Karplusan Forest, Karplusan Forest, Elfhame Palace, Birds of Paradise, Birds of Paradise, Blastoderm, Blastoderm, Incinerate, Fires of Yavimaya, Fires of Yavimaya, Bloodstained Mire","Pillage, Firestorm, Ray of Distortion, Overrun, Hammer of Bogardan, Eternal Witness, Goblin Warchief, Wall of Roots, Elvish Archers, Bottle Gnomes, Giant Growth, Spike Feeder, Ball Lightning, Sulfuric Vortex, Thunderscape Battlemage, Shock, Sparksmith, Basking Rootwalla, Mogg Flunkies, Skirk Prospector, Ironclaw Orcs, Avalanche Riders, Erhnam Djinn, Empyrial Armor, City of Brass, Paladin en-Vec"
"34","3","Blue/White","UW Artifacts","Artifacts","8","15","17","2.65","Talisman of Progress, Ancient Den, Voltaic Key, Voltaic Key, Balance, Ancient Tomb, Tinker, Seat of the Synod, Seat of the Synod, Masticore, Masticore, Arcbound Ravager, Arcbound Ravager, Krark-Clan Ironworks, Krark-Clan Ironworks, Mishra's Helix, Kjeldoran Outpost, Darksteel Citadel, Metalworker, Ornithopter, Thran Dynamo, Frogmite, Frogmite, Swords to Plowshares, Worn Powerstone, Plains, Plains, Plains, Plains, Plains, Plains, Enlightened Tutor, Cephalid Coliseum, Mind Stone, Thoughtcast, Saprazzan Skerry, Chrome Mox, Flooded Strand, Cloudpost, Cloudpost","Warrior en-Kor, Wrath of God, Scrabbling Claws, Gempalm Incinerator, Heart of Ramos, Replenish, Temporal Aperture, Brushland, Serrated Arrows, Soltari Monk, Arcbound Worker, Arcbound Worker, Arcbound Worker, Opt, Fire Diamond, Barbed Sextant, Tranquil Thicket, Renewed Faith, Cataclysm, Wing Shards, Mogg Flunkies, Covetous Dragon, Mana Leak, Howling Mine, Order of Leitbur, Great Furnace"
"34","4","Blue/White","UW Control","Spells, Enchantments","2","21","17","2.96","Wasteland, Parallax Wave, Parallax Wave, Accumulated Knowledge, Exalted Angel, Wrath of God, Fact or Fiction, Fact or Fiction, Fact or Fiction, Replenish, Serum Visions, Deep Analysis, Man-o'-War, Decree of Justice, Daze, Skycloud Expanse, Secluded Steppe, Miscalculation, Force of Will, Seal of Cleansing, Swords to Plowshares, Island, Island, Island, Island, Island, Plains, Plains, Plains, Plains, Plains, Plains, Plains, Plains, Counterspell, Counterspell, Counterspell, Land Tax, Seal of Removal, Flooded Strand","Shivan Reef, Recoil, Phyrexian Tower, Duress, Yavimaya Coast, Fallen Askari, Serra Angel, Talisman of Dominance, Opalescence, Opalescence, Attunement, Brushland, Reflecting Pool, Undermine, Astral Slide, Astral Slide, Thirst for Knowledge, Black Knight, Fellwar Stone, Nevinyrral's Disk, Cloudchaser Eagle, Fire // Ice, Spite // Malice, Hydroblast, Thawing Glaciers, Autumn Willow, Rising Waters, Krosan Verge, Academy Rector, Aura of Silence, Empyrial Armor, Phyrexian Negator, Soltari Priest"
"34","5","Black","B Midrange","Spells","8","15","17","2.91","Cabal Therapy, Diabolic Edict, Dark Banishing, Doomed Necromancer, Dance of the Dead, Entomb, Ravenous Rats, Barren Moor, Contagion, Dark Ritual, Dark Ritual, Swamp, Swamp, Swamp, Swamp, Swamp, Swamp, Swamp, Swamp, Swamp, Swamp, Swamp, Swamp, Swamp, Swamp, Swamp, Innocent Blood, Spirit of the Night, Volrath's Stronghold, Hypnotic Specter, Hypnotic Specter, Chainer's Edict, Visara the Dreadful, Necropotence, Recurring Nightmare, Recurring Nightmare, Stitch Together, Stupor, Nekrataal, Nekrataal","Urborg Volcano, Gemstone Mine, Shadowblood Ridge, Defense Grid, Patriarch's Bidding, Order of the Ebon Hand, Order of the Ebon Hand, Last Rites, Careful Study, Glory, Goblin Warchief, Somber Hoverguard, Gempalm Incinerator, Darkwater Catacombs, Goblin Grappler, Blazing Specter, Plague Spitter, Ball Lightning, Arcanis the Omnipotent, Knight of Stromgald, Black Knight, Jackal Pup, Goblin Sledder, Phyrexian Scuta, Nomads en-Kor, Evincar's Justice, Psychatog, Goblin Sharpshooter, Siege-Gang Commander, Black Vise, Welding Jar, Drain Life, Drain Life, Yawgmoth's Bargain, Crumbling Sanctuary"
"34","6","Black/Blue","BU Combo","Artifacts","9","14","17","2.65","Vault of Whispers, Vault of Whispers, Voltaic Key, Grim Monolith, Tinker, Tinker, Phyrexian Processor, Phyrexian Processor, Somber Hoverguard, Yavimaya Coast, Yavimaya Coast, Blinkmoth Nexus, Blinkmoth Nexus, Cursed Scroll, Swamp, Swamp, Mishra's Factory, Arcbound Ravager, Arcbound Worker, Cranial Plating, Cranial Plating, Underground River, Karn, Silver Golem, Metalworker, Ornithopter, Frogmite, Frogmite, Island, Island, Island, Tangle Wire, Tangle Wire, Disciple of the Vault, Mind Stone, Thoughtcast, Chrome Mox, City of Traitors, Rishadan Port, Cloudpost, Cloudpost","Aeolipile, Warrior en-Kor, Yavimaya Coast, Undead Gladiator, Vendetta, Attunement, Merfolk Looter, Jester's Cap, Necropotence, Barbed Sextant, Thran Dynamo, Worn Powerstone, Nomads en-Kor, Zombify, Covetous Dragon, Armageddon, Tradewind Rider, Myr Incubator, Ghazbán Ogre, Shrapnel Blast, Psychatog, White Knight, Anger, Great Furnace, Bloodstained Mire"
"34","7","Green","G Ramp","Creatures","19","4","17","2.91","Albino Troll, Survival of the Fittest, Survival of the Fittest, Genesis, Eternal Witness, Eternal Witness, Wall of Roots, Weatherseed Treefolk, Viridian Shaman, Llanowar Elves, Verdant Force, Gaea's Cradle, Tree of Tales, Werebear, Phantom Centaur, Tranquil Thicket, Tranquil Thicket, Basking Rootwalla, Forest, Forest, Forest, Forest, Forest, Forest, Forest, Forest, Forest, Forest, Forest, Forest, Forest, Birds of Paradise, Birds of Paradise, Arrogant Wurm, Arrogant Wurm, Wild Mongrel, Wild Mongrel, Call of the Herd, Call of the Herd, Wall of Blossoms","Zuran Orb, Wildfire, Nimble Mongoose, Winter Orb, Grim Monolith, Plow Under, Patriarch's Bidding, Squirrel Nest, Squirrel Nest, Llanowar Wastes, Icy Manipulator, Icy Manipulator, Wax // Wane, Creeping Mold, Creeping Mold, Uktabi Orangutan, Pouncing Jaguar, Wild Dogs, Spike Weaver, Soltari Visionary, Kavu Chameleon, Mirari's Wake, Rampant Growth, Jackal Pup, Symbiotic Wurm, Roar of the Wurm, Roar of the Wurm, Anurid Brushhopper, Disciple of the Vault, Powder Keg, Elfhame Palace, Wall of Blossoms, City of Brass"
"34","8","Blue/White","UW Control","Spells","4","19","17","3.78","Ancient Den, Eternal Dragon, Eternal Dragon, Accumulated Knowledge, Exalted Angel, Wrath of God, Mishra's Factory, Dismiss, Pacifism, Man-o'-War, Decree of Justice, Forbid, Force Spike, Secluded Steppe, Secluded Steppe, Miscalculation, Force of Will, Akroma's Vengeance, Akroma's Vengeance, Swords to Plowshares, Swords to Plowshares, Island, Island, Island, Island, Island, Island, Island, Memory Lapse, Plains, Plains, Plains, Plains, Plains, Misdirection, Counterspell, Control Magic, Confiscate, Adarkar Wastes, Parallax Tide","Gush, Sky Diamond, Grim Monolith, Wonder, Rapid Decay, Llanowar Wastes, Spiritmonger, Yavimaya Coast, Deep Analysis, Deep Analysis, Centaur Garden, Soltari Monk, Goblin Taskmaster, Pentad Prism, Capsize, Soltari Visionary, Thirst for Knowledge, Earthquake, Disenchant, Renewed Faith, Goblin Sledder, Circular Logic, Opposition, Opposition, Ironclaw Orcs, Ivory Tower, Order of Leitbur, Order of Leitbur, Academy Rector, Pyroclasm, Staunch Defenders, Soltari Priest"
"35","1","Black","B Midrange","Spells","6","17","17","2.22","Cabal Therapy, Vault of Whispers, Vault of Whispers, Wasteland, Phyrexian Tower, Ravenous Rats, Barren Moor, Duress, Dark Ritual, Dark Ritual, Dark Ritual, Dark Ritual, Swamp, Swamp, Swamp, Swamp, Swamp, Swamp, Swamp, Swamp, Swamp, Swamp, Swamp, Volrath's Stronghold, Hypnotic Specter, Hypnotic Specter, Chainer's Edict, Necropotence, Necropotence, Necropotence, Hymn to Tourach, Smother, Phyrexian Scuta, Stupor, Nekrataal, Nekrataal, Ghastly Demise, Drain Life, Vampiric Tutor, Phyrexian Arena","Doomed Necromancer, Dance of the Dead, Grim Monolith, Patriarch's Bidding, Patriarch's Bidding, Entomb, Order of the Ebon Hand, Yawgmoth's Will, Icy Manipulator, Contagion, Darkwater Catacombs, Goblin Grappler, Fallen Askari, Vendetta, Opalescence, Opalescence, Innocent Blood, Arcbound Worker, Spirit of the Night, Soltari Visionary, Buried Alive, Knight of Stromgald, Black Knight, Black Knight, Nomads en-Kor, Evincar's Justice, Disciple of the Vault, Drain Life, Chrome Mox, Phyrexian Negator, Yawgmoth's Bargain"
"35","2","Green","G Ramp","Creatures","18","5","17","3.04","Albino Troll, Albino Troll, Nimble Mongoose, Survival of the Fittest, Overrun, Eternal Witness, Eternal Witness, Wall of Roots, Weatherseed Treefolk, Mishra's Factory, Viridian Shaman, Centaur Garden, Reflecting Pool, Llanowar Elves, Llanowar Elves, Verdant Force, Gaea's Cradle, River Boa, Tree of Tales, Phantom Centaur, Rancor, Tranquil Thicket, Tranquil Thicket, Tranquil Thicket, Basking Rootwalla, Forest, Forest, Forest, Forest, Forest, Forest, Forest, Roar of the Wurm, Birds of Paradise, Erhnam Djinn, Blastoderm, Arrogant Wurm, Call of the Herd, Rishadan Port, Cloudpost","Recoil, Exalted Angel, Llanowar Wastes, Spiritmonger, Serra Angel, Giant Growth, Creeping Mold, Creeping Mold, Plague Spitter, Masticore, Reflecting Pool, Arcbound Worker, Kavu Chameleon, Mirari's Wake, Quiet Speculation, Goblin Sledder, Anurid Brushhopper, Enlightened Tutor, Ironclaw Orcs, Disciple of the Vault, Autumn Willow, Elfhame Palace, Ghazbán Ogre, Krosan Verge, Phantom Nishoba, Saprazzan Skerry, Empyrial Armor"
"35","3","Blue","U Artifacts","Spells","1","22","17","2.78","Shivan Reef, Shivan Reef, Gush, Frantic Search, Accumulated Knowledge, Accumulated Knowledge, Tinker, Tinker, Tinker, Brainstorm, Seat of the Synod, Fact or Fiction, Serum Visions, Dismiss, Man-o'-War, Forbid, Miscalculation, Force of Will, Force of Will, Force of Will, Condescend, Island, Island, Island, Island, Island, Island, Island, Island, Island, Island, Island, Island, Mana Leak, Mind Stone, Counterspell, Counterspell, Flooded Strand, Flooded Strand, Mystical Tutor","Eternal Dragon, Zuran Orb, Shivan Reef, Balance, Defense Grid, Yawgmoth's Will, Careful Study, Addle, Somber Hoverguard, Blazing Specter, Heart of Ramos, Vendetta, Attunement, Terminate, Merfolk Looter, Salt Marsh, Visara the Dreadful, Shatter, Thirst for Knowledge, Fellwar Stone, Nevinyrral's Disk, Barbed Sextant, Renewed Faith, Fire // Ice, Circular Logic, Circular Logic, Opposition, Powder Keg, Thoughtcast, Thoughtcast, Seal of Removal, Sulfurous Springs"
"35","4","Red","R Burn","Goblins, Creatures","16","7","17","2.43","Goblin Warchief, Goblin Warchief, Lightning Bolt, Lightning Bolt, Lightning Bolt, Gempalm Incinerator, Gempalm Incinerator, Goblin Piledriver, Mishra's Factory, Ball Lightning, Sulfuric Vortex, Mogg Fanatic, Jackal Pup, Jackal Pup, Ghitu Encampment, Fireblast, Mountain, Mountain, Mountain, Mountain, Mountain, Mountain, Mountain, Mountain, Mountain, Mountain, Mountain, Shock, Fireball, Goblin Sledder, Flametongue Kavu, Mogg Flunkies, Mogg Flunkies, Karplusan Forest, Karplusan Forest, Karplusan Forest, Goblin Sharpshooter, Siege-Gang Commander, Siege-Gang Commander, Bloodstained Mire","Urborg Volcano, Dark Banishing, Warrior en-Kor, Simoon, Firestorm, Ray of Distortion, Order of the Ebon Hand, Urza's Rage, Yavimaya Coast, Wax // Wane, Spike Feeder, Stone Rain, Pouncing Jaguar, Chainer's Edict, Saproling Burst, Basking Rootwalla, Hydroblast, Karplusan Forest, Covetous Dragon, Avalanche Riders, Myr Incubator, Birds of Paradise, Order of Leitbur, Fires of Yavimaya, Fires of Yavimaya, Aura of Silence, Anger, Chrome Mox, Soltari Priest, Reprisal, Bloodstained Mire"
"35","5","Red/White","RW Artifacts","Artifacts, Spells","7","16","17","3.17","Ancient Den, Ancient Den, Wildfire, Wildfire, Shadowblood Ridge, Phyrexian Processor, Blinkmoth Nexus, Lightning Bolt, Arcbound Ravager, Arcbound Ravager, Krark-Clan Ironworks, Mishra's Helix, Cranial Plating, Karn, Silver Golem, Kjeldoran Outpost, Darksteel Citadel, Secluded Steppe, Fire Diamond, Barbed Sextant, Earthquake, Mountain, Mountain, Mountain, Mountain, Mountain, Mountain, Mountain, Mountain, Frogmite, Frogmite, Swords to Plowshares, Swords to Plowshares, Covetous Dragon, Armageddon, Phyrexian Colossus, Howling Mine, Shrapnel Blast, Pyroclasm, City of Traitors, Great Furnace","Pillage, Gemstone Mine, Shivan Reef, Warrior en-Kor, Rapid Decay, Hammer of Bogardan, Wrath of God, Scrabbling Claws, Nightscape Familiar, Soltari Monk, Goblin Taskmaster, Arcbound Worker, Arcbound Worker, Astral Slide, Ball Lightning, Thunderscape Battlemage, Flametongue Kavu, Sparksmith, Mogg Flunkies, Zombify, Stitch Together, Ironclaw Orcs, Land Tax, Psychatog, Incinerate, Black Vise, Staunch Defenders, City of Brass"
"35","6","Green","G Ramp","Enchantments","14","9","17","3.04","Survival of the Fittest, Genesis, Plow Under, Windswept Heath, Squirrel Nest, Squirrel Nest, Eternal Witness, Llanowar Wastes, Llanowar Wastes, Wall of Roots, Yavimaya Coast, Yavimaya Coast, Yavimaya Coast, Brushland, Uktabi Orangutan, Rampant Growth, Sylvan Library, Werebear, Symbiotic Wurm, Rancor, Forest, Forest, Forest, Forest, Forest, Forest, Forest, Forest, Forest, Treetop Village, Roar of the Wurm, Birds of Paradise, Birds of Paradise, Blastoderm, Arrogant Wurm, Wild Mongrel, Wild Mongrel, Call of the Herd, Wall of Blossoms, Wall of Blossoms","Eternal Dragon, Diabolic Edict, Parallax Wave, Winter Orb, Wonder, Last Rites, Llanowar Wastes, Icy Manipulator, Yavimaya Coast, Fact or Fiction, Undead Gladiator, Replenish, Elvish Archers, Bottle Gnomes, Attunement, Brushland, Skycloud Expanse, Spike Weaver, Saproling Burst, Thornscape Battlemage, Secluded Steppe, Thirst for Knowledge, Recurring Nightmare, Recurring Nightmare, Renewed Faith, Cataclysm, Nomads en-Kor, Skirk Prospector, Tradewind Rider"
"35","7","Blue","U Combo","Artifacts","9","14","17","2.39","Talisman of Progress, Talisman of Progress, Voltaic Key, Voltaic Key, Voltaic Key, Grim Monolith, Grim Monolith, Phyrexian Processor, Seat of the Synod, Somber Hoverguard, Blinkmoth Nexus, Talisman of Dominance, Swamp, Swamp, Swamp, Swamp, Crystal Vein, Masticore, Arcbound Ravager, Krark-Clan Ironworks, Cranial Plating, Underground River, Underground River, Metalworker, Metalworker, Ornithopter, Ornithopter, Frogmite, Frogmite, Island, Island, Island, Plains, Tangle Wire, Tangle Wire, Adarkar Wastes, Welding Jar, Cloudpost, Cloudpost, Cloudpost","Shivan Reef, Sky Diamond, Llanowar Wastes, Cursed Scroll, Temporal Aperture, Serrated Arrows, Soltari Monk, Opt, Pentad Prism, Upheaval, Thran Dynamo, Thran Dynamo, Disenchant, Akroma's Vengeance, Worn Powerstone, Worn Powerstone, Thawing Glaciers, Elfhame Palace, Ivory Tower, Rising Waters, Psychatog, Order of Leitbur, Order of Leitbur, City of Brass, Great Furnace, Soltari Priest, Crumbling Sanctuary, Paladin en-Vec"
"35","8","Blue/White","UW Control","Spells","2","21","17","2.96","Parallax Wave, Ancient Tomb, Exalted Angel, Wrath of God, Wrath of God, Fact or Fiction, Pacifism, Man-o'-War, Decree of Justice, Decree of Justice, Repulse, Daze, Skycloud Expanse, Force Spike, Secluded Steppe, Miscalculation, Miscalculation, Swords to Plowshares, Swords to Plowshares, Island, Island, Island, Island, Island, Island, Island, Memory Lapse, Plains, Plains, Plains, Plains, Plains, Plains, Misdirection, Cephalid Coliseum, Counterspell, Counterspell, Control Magic, Parallax Tide, Impulse","Aeolipile, Frantic Search, Accumulated Knowledge, Accumulated Knowledge, Starstorm, Glory, Replenish, Aquamoeba, Deep Analysis, Deep Analysis, Deep Analysis, Undermine, Astral Slide, Wild Dogs, Capsize, Soltari Visionary, Underground River, Jester's Cap, Arcanis the Omnipotent, Seal of Cleansing, Cloudchaser Eagle, Akroma's Vengeance, Wing Shards, Waterfront Bouncer, Spite // Malice, Karplusan Forest, Opposition, Mind Stone, Confiscate, White Knight, Academy Rector, Academy Rector, Empyrial Armor"
"36","1","Black/Green/Blue","BGU Value","Spells, Enchantments","10","13","17","3.30","Survival of the Fittest, Survival of the Fittest, Doomed Necromancer, Dance of the Dead, Entomb, Llanowar Wastes, Llanowar Wastes, Llanowar Wastes, Duress, Fact or Fiction, Aquamoeba, Swamp, Swamp, Swamp, Swamp, Swamp, Swamp, Swamp, Swamp, Merfolk Looter, Spirit of the Night, Visara the Dreadful, Verdant Force, Buried Alive, Underground River, Underground River, Recurring Nightmare, Recurring Nightmare, Circular Logic, Island, Island, Island, Island, Waterfront Bouncer, Zombify, Stitch Together, Psychatog, Psychatog, Phantom Nishoba, Vampiric Tutor","Cabal Therapy, Nimble Mongoose, Shadowblood Ridge, Firestorm, Patriarch's Bidding, Rapid Decay, Last Rites, Yawgmoth's Will, Spiritmonger, Scrabbling Claws, Fallen Askari, Giant Growth, Creeping Mold, Attunement, Attunement, Reflecting Pool, Undermine, Uktabi Orangutan, Astral Slide, Astral Slide, Arcanis the Omnipotent, Necropotence, Condescend, Fireblast, Goblin Sledder, Basking Rootwalla, Nomads en-Kor, Hydroblast, Anurid Brushhopper, Fires of Yavimaya, Anger, Wall of Blossoms"
"36","2","Blue/White","UW Control","Spells","2","21","17","3.22","Talisman of Progress, Eternal Dragon, Eternal Dragon, Wrath of God, Wrath of God, Brainstorm, Fact or Fiction, Replenish, Crystal Vein, Decree of Justice, Skycloud Expanse, Upheaval, Kjeldoran Outpost, Miscalculation, Miscalculation, Force of Will, Force of Will, Seal of Cleansing, Swords to Plowshares, Swords to Plowshares, Island, Island, Island, Island, Island, Island, Island, Memory Lapse, Plains, Plains, Plains, Plains, Plains, Plains, Enlightened Tutor, Cephalid Coliseum, Counterspell, Counterspell, Counterspell, Control Magic","Zuran Orb, Parallax Wave, Parallax Wave, Wildfire, Warrior en-Kor, Recoil, Gush, Grim Monolith, Yavimaya Coast, Fact or Fiction, Deep Analysis, Deep Analysis, Opalescence, Dismiss, Soltari Monk, Man-o'-War, Nevinyrral's Disk, Barbed Sextant, Disenchant, Renewed Faith, Akroma's Vengeance, Akroma's Vengeance, Misdirection, Tradewind Rider, Myr Incubator, Land Tax, Ghazbán Ogre, Rising Waters, Fires of Yavimaya, Aura of Silence, Impulse, Soltari Priest, Mystical Tutor"
"36","3","Black/Red","BR Aristocrats","Spells","6","17","17","2.39","Urborg Volcano, Diabolic Edict, Pillage, Order of the Ebon Hand, Ravenous Rats, Barren Moor, Addle, Contagion, Lightning Bolt, Lightning Bolt, Dark Ritual, Dark Ritual, Dark Ritual, Swamp, Swamp, Swamp, Swamp, Mishra's Factory, Terminate, Innocent Blood, Stone Rain, Volrath's Stronghold, Hypnotic Specter, Chainer's Edict, Chainer's Edict, Black Knight, Necropotence, Mountain, Mountain, Mountain, Phyrexian Scuta, Flametongue Kavu, Drain Life, Great Furnace, Great Furnace, Sulfurous Springs, Cloudpost, Yawgmoth's Bargain, Bloodstained Mire, Bloodstained Mire","Gemstone Mine, Wildfire, Simoon, Ray of Distortion, Goblin Grappler, Goblin Piledriver, Centaur Garden, Reflecting Pool, Salt Marsh, Mishra's Helix, Arcbound Worker, Arcbound Worker, Wild Dogs, Ball Lightning, Shatter, Fire Diamond, Symbiotic Wurm, Earthquake, Sparksmith, Spite // Malice, Karplusan Forest, Armageddon, Order of Leitbur, Order of Leitbur, Pyroclasm, Call of the Herd, City of Brass"
"36","4","Green","G Ramp","Creatures","20","3","17","2.30","Genesis, Windswept Heath, Eternal Witness, Eternal Witness, Eternal Witness, Yavimaya Coast, Yavimaya Coast, Viridian Shaman, Llanowar Elves, Llanowar Elves, Gaea's Cradle, River Boa, Sylvan Library, Werebear, Phantom Centaur, Rancor, Rancor, Tranquil Thicket, Basking Rootwalla, Forest, Forest, Forest, Forest, Forest, Forest, Forest, Forest, Forest, Forest, Treetop Village, Karplusan Forest, Birds of Paradise, Birds of Paradise, Birds of Paradise, Birds of Paradise, Blastoderm, Blastoderm, Arrogant Wurm, Wild Mongrel, Wild Mongrel","Albino Troll, Albino Troll, Wonder, Plow Under, Llanowar Wastes, Wall of Roots, Wall of Roots, Yavimaya Coast, Wax // Wane, Elvish Archers, Creeping Mold, Brushland, Serrated Arrows, Masticore, Arcbound Ravager, Spike Weaver, Saproling Burst, Saproling Burst, Kavu Chameleon, Rampant Growth, Roar of the Wurm, Roar of the Wurm, Karplusan Forest, Opposition, Autumn Willow, Elfhame Palace, Krosan Verge, Arrogant Wurm, Wall of Blossoms, Reprisal"
"36","5","Blue","U Artifacts","Artifacts, Frogs","9","14","17","3.00","Talisman of Progress, Voltaic Key, Voltaic Key, Shivan Reef, Grim Monolith, Grim Monolith, Ancient Tomb, Tinker, Tinker, Phyrexian Processor, Seat of the Synod, Arcbound Ravager, Krark-Clan Ironworks, Cranial Plating, Underground River, Fellwar Stone, Metalworker, Metalworker, Ornithopter, Thran Dynamo, Frogmite, Frogmite, Frogmite, Frogmite, Worn Powerstone, Island, Island, Island, Island, Island, Island, Island, Island, Island, Island, Island, Plains, Phyrexian Colossus, Thoughtcast, Cloudpost","Ancient Den, Shivan Reef, Warrior en-Kor, Frantic Search, Balance, Overrun, Squirrel Nest, Starstorm, Icy Manipulator, Phyrexian Processor, Bottle Gnomes, Opalescence, Pacifism, Arcbound Worker, Cranial Plating, Soltari Visionary, Force Spike, Tree of Tales, Secluded Steppe, Miscalculation, Thirst for Knowledge, Cloudchaser Eagle, Cataclysm, Swords to Plowshares, Karplusan Forest, Covetous Dragon, Mana Leak, Thawing Glaciers, Disciple of the Vault, Academy Rector, Welding Jar, Staunch Defenders"
"36","6","Red","R Burn","Goblins, Creatures","17","6","17","2.39","Hammer of Bogardan, Goblin Warchief, Goblin Warchief, Blinkmoth Nexus, Blinkmoth Nexus, Lightning Bolt, Lightning Bolt, Gempalm Incinerator, Gempalm Incinerator, Mishra's Factory, Ball Lightning, Sulfuric Vortex, Mogg Fanatic, Darksteel Citadel, Jackal Pup, Jackal Pup, Ghitu Encampment, Mountain, Mountain, Mountain, Mountain, Mountain, Mountain, Mountain, Mountain, Mountain, Mountain, Shock, Goblin Sledder, Flametongue Kavu, Mogg Flunkies, Mogg Flunkies, Mogg Flunkies, Ironclaw Orcs, Goblin Sharpshooter, Incinerate, Siege-Gang Commander, Siege-Gang Commander, City of Traitors, Rishadan Port","Aeolipile, Shivan Reef, Squirrel Nest, Exalted Angel, Urza's Rage, Heart of Ramos, Weatherseed Treefolk, Brushland, Masticore, Arcbound Ravager, Krark-Clan Ironworks, Arcbound Worker, Pouncing Jaguar, Thornscape Battlemage, Barbed Sextant, Thunderscape Battlemage, Fireball, Fire // Ice, Worn Powerstone, Skirk Prospector, Tangle Wire, Ironclaw Orcs, Avalanche Riders, Mind Stone, Elfhame Palace, Howling Mine, Shrapnel Blast, Erhnam Djinn, Call of the Herd, City of Brass"
"36","7","Black","B Midrange","Spells, Humans","9","14","17","2.61","Vault of Whispers, Vault of Whispers, Wasteland, Dark Banishing, Phyrexian Tower, Patriarch's Bidding, Order of the Ebon Hand, Yawgmoth's Will, Undead Gladiator, Vendetta, Vendetta, Dark Ritual, Swamp, Swamp, Swamp, Swamp, Swamp, Swamp, Swamp, Swamp, Swamp, Swamp, Swamp, Swamp, Swamp, Plague Spitter, Hypnotic Specter, Knight of Stromgald, Black Knight, Necropotence, Hymn to Tourach, Smother, Evincar's Justice, Stupor, Nekrataal, Nekrataal, Ghastly Demise, Drain Life, Phyrexian Arena, Phyrexian Negator","Accumulated Knowledge, Defense Grid, Exalted Angel, Llanowar Wastes, Wrath of God, Glory, Darkwater Catacombs, Serra Angel, Blazing Specter, Cursed Scroll, Nightscape Familiar, Spike Feeder, Soltari Monk, Decree of Justice, Pentad Prism, Soltari Visionary, Mirari's Wake, Jester's Cap, Tranquil Thicket, Wing Shards, Nomads en-Kor, Tangle Wire, Disciple of the Vault, Powder Keg, Ivory Tower, Order of Leitbur, White Knight, Academy Rector, Empyrial Armor, Empyrial Armor, Flooded Strand, Soltari Priest, Paladin en-Vec"
"36","8","Blue","U Control","Artifacts, Spells","1","22","17","2.26","Voltaic Key, Shivan Reef, Frantic Search, Accumulated Knowledge, Accumulated Knowledge, Accumulated Knowledge, Sky Diamond, Tinker, Seat of the Synod, Serum Visions, Deep Analysis, Man-o'-War, Forbid, Repulse, Daze, Opt, Skycloud Expanse, Capsize, Secluded Steppe, Thirst for Knowledge, Force of Will, Swords to Plowshares, Island, Island, Island, Island, Island, Island, Island, Island, Mind Stone, Counterspell, Adarkar Wastes, Parallax Tide, Saprazzan Skerry, Chrome Mox, Chrome Mox, Flooded Strand, Cloudpost, Cloudpost","Ancient Den, Shivan Reef, Winter Orb, Careful Study, Icy Manipulator, Somber Hoverguard, Somber Hoverguard, Yavimaya Coast, Talisman of Dominance, Replenish, Temporal Aperture, Goblin Taskmaster, Karn, Silver Golem, Secluded Steppe, Quiet Speculation, Tranquil Thicket, Ornithopter, Thran Dynamo, Renewed Faith, Circular Logic, Karplusan Forest, Opposition, Covetous Dragon, Thoughtcast, Confiscate, Black Vise, Seal of Removal, Crumbling Sanctuary"
"37","1","Blue","U Artifacts","Artifacts, Spells","1","22","17","2.83","Voltaic Key, Frantic Search, Frantic Search, Accumulated Knowledge, Accumulated Knowledge, Sky Diamond, Tinker, Tinker, Tinker, Brainstorm, Seat of the Synod, Serum Visions, Deep Analysis, Dismiss, Man-o'-War, Opt, Skycloud Expanse, Upheaval, Darksteel Citadel, Thirst for Knowledge, Fellwar Stone, Force of Will, Island, Island, Island, Island, Island, Island, Island, Island, Island, Island, Island, Memory Lapse, Counterspell, Thoughtcast, Control Magic, Flooded Strand, Flooded Strand, Cloudpost","Urborg Volcano, Ancient Den, Barren Moor, Wrath of God, Icy Manipulator, Icy Manipulator, Somber Hoverguard, Yavimaya Coast, Spike Feeder, Attunement, Innocent Blood, Forbid, Skycloud Expanse, Capsize, Arcanis the Omnipotent, Knight of Stromgald, Quiet Speculation, Black Knight, Goblin Sledder, Circular Logic, Nomads en-Kor, Nomads en-Kor, Opposition, Covetous Dragon, Thawing Glaciers, Elfhame Palace, Rising Waters, Adarkar Wastes, Parallax Tide, Seal of Removal, Crumbling Sanctuary"
"37","2","White","W Control","Spells","5","18","17","3.39","Talisman of Progress, Talisman of Progress, Eternal Dragon, Eternal Dragon, Parallax Wave, Parallax Wave, Balance, Exalted Angel, Exalted Angel, Wrath of God, Wrath of God, Replenish, Decree of Justice, Decree of Justice, Kjeldoran Outpost, Secluded Steppe, Secluded Steppe, Seal of Cleansing, Akroma's Vengeance, Swords to Plowshares, Swords to Plowshares, Swords to Plowshares, Swords to Plowshares, Island, Plains, Plains, Plains, Plains, Plains, Plains, Plains, Plains, Plains, Plains, Plains, Plains, Plains, Enlightened Tutor, Land Tax, Academy Rector","Wildfire, Warrior en-Kor, Simoon, Ray of Distortion, Llanowar Wastes, Glory, Spiritmonger, Lightning Bolt, Goblin Grappler, Opalescence, Pacifism, Astral Slide, Astral Slide, Barbed Sextant, Thran Dynamo, Disenchant, Renewed Faith, Renewed Faith, Fireball, Akroma's Vengeance, Goblin Sledder, Cataclysm, Worn Powerstone, Flametongue Kavu, Wing Shards, Order of Leitbur, White Knight, Academy Rector, Aura of Silence, Staunch Defenders, Empyrial Armor, Great Furnace, Soltari Priest, Paladin en-Vec"
"37","3","Black/Blue","BU Tempo","Spells","5","18","17","2.57","Diabolic Edict, Shivan Reef, Recoil, Phyrexian Tower, Seat of the Synod, Fact or Fiction, Fact or Fiction, Vendetta, Vendetta, Dark Ritual, Swamp, Swamp, Swamp, Swamp, Swamp, Swamp, Swamp, Swamp, Swamp, Merfolk Looter, Salt Marsh, Daze, Chainer's Edict, Chainer's Edict, Underground River, Underground River, Underground River, Force of Will, Condescend, Smother, Circular Logic, Evincar's Justice, Cephalid Coliseum, Counterspell, Nekrataal, Nekrataal, Psychatog, Psychatog, Ghastly Demise, Phyrexian Arena","Cabal Therapy, Shivan Reef, Warrior en-Kor, Shadowblood Ridge, Patriarch's Bidding, Order of the Ebon Hand, Llanowar Wastes, Yawgmoth's Will, Blazing Specter, Undead Gladiator, Bottle Gnomes, Plague Spitter, Reflecting Pool, Spirit of the Night, Soltari Visionary, Visara the Dreadful, Jester's Cap, Black Knight, Ornithopter, Recurring Nightmare, Waterfront Bouncer, Hydroblast, Zombify, Stupor, Tangle Wire, Mind Stone, Order of Leitbur, Drain Life, Drain Life"
"37","4","Black","B Midrange","Spells","5","18","17","2.70","Shivan Reef, Shivan Reef, Shivan Reef, Doomed Necromancer, Dance of the Dead, Ancient Tomb, Patriarch's Bidding, Entomb, Ravenous Rats, Yawgmoth's Will, Careful Study, Duress, Contagion, Darkwater Catacombs, Dark Ritual, Dark Ritual, Swamp, Swamp, Swamp, Swamp, Swamp, Swamp, Swamp, Swamp, Mishra's Factory, Crystal Vein, Terminate, Hypnotic Specter, Hypnotic Specter, Verdant Force, Buried Alive, Necropotence, Necropotence, Hymn to Tourach, Recurring Nightmare, Thran Dynamo, Stitch Together, Vampiric Tutor, Sulfurous Springs, Bloodstained Mire","Accumulated Knowledge, Fact or Fiction, Scrabbling Claws, Fallen Askari, Talisman of Dominance, Aquamoeba, Nightscape Familiar, Deep Analysis, Attunement, Goblin Taskmaster, Undermine, Pouncing Jaguar, Pentad Prism, Miscalculation, Thirst for Knowledge, Frogmite, Fire // Ice, Spite // Malice, Misdirection, Thoughtcast, Howling Mine, Ivory Tower, Phantom Nishoba, Welding Jar, Saprazzan Skerry, Anger, Mystical Tutor, Bloodstained Mire"
"37","5","Green","G Ramp","Green","14","9","17","3.35","Survival of the Fittest, Genesis, Overrun, Plow Under, Wall of Roots, Wall of Roots, Blinkmoth Nexus, Weatherseed Treefolk, Creeping Mold, Llanowar Elves, Uktabi Orangutan, Saproling Burst, Saproling Burst, Gaea's Cradle, River Boa, Tree of Tales, Werebear, Phantom Centaur, Rancor, Tranquil Thicket, Tranquil Thicket, Tranquil Thicket, Forest, Forest, Forest, Forest, Forest, Forest, Forest, Forest, Forest, Treetop Village, Roar of the Wurm, Karplusan Forest, Birds of Paradise, Blastoderm, Arrogant Wurm, Wild Mongrel, Call of the Herd, Wall of Blossoms","Wildfire, Nimble Mongoose, Rapid Decay, Hammer of Bogardan, Llanowar Wastes, Heart of Ramos, Goblin Piledriver, Replenish, Brushland, Soltari Monk, Ball Lightning, Ball Lightning, Thornscape Battlemage, Secluded Steppe, Fire Diamond, Earthquake, Ghitu Encampment, Shock, Worn Powerstone, Mogg Flunkies, Karplusan Forest, Ironclaw Orcs, Autumn Willow, Myr Incubator, Incinerate, Fires of Yavimaya, Pyroclasm, City of Brass, Soltari Priest"
"37","6","Black","B Combo","Artifacts, Constructs","13","10","17","2.35","Vault of Whispers, Vault of Whispers, Winter Orb, Phyrexian Processor, Phyrexian Processor, Blinkmoth Nexus, Swamp, Swamp, Swamp, Swamp, Swamp, Swamp, Swamp, Swamp, Swamp, Swamp, Arcbound Ravager, Arcbound Ravager, Arcbound Ravager, Krark-Clan Ironworks, Krark-Clan Ironworks, Arcbound Worker, Arcbound Worker, Volrath's Stronghold, Cranial Plating, Cranial Plating, Metalworker, Metalworker, Ornithopter, Frogmite, Frogmite, Frogmite, Tangle Wire, Disciple of the Vault, Disciple of the Vault, Black Vise, Chrome Mox, City of Traitors, Cloudpost, Cloudpost","Ancient Den, Aeolipile, Voltaic Key, Voltaic Key, Dark Banishing, Grim Monolith, Grim Monolith, Defense Grid, Order of the Ebon Hand, Addle, Somber Hoverguard, Dark Ritual, Temporal Aperture, Soltari Monk, Masticore, Masticore, Soltari Visionary, Karn, Silver Golem, Necropotence, Nevinyrral's Disk, Thunderscape Battlemage, Phyrexian Scuta, Mind Stone, Armageddon, Phyrexian Colossus, Krosan Verge, Phyrexian Negator, Great Furnace, Yawgmoth's Bargain, Reprisal"
"37","7","Red","R Burn","Goblins, Creatures","16","7","17","2.61","Goblin Warchief, Goblin Warchief, Lightning Bolt, Lightning Bolt, Lightning Bolt, Gempalm Incinerator, Gempalm Incinerator, Mishra's Factory, Sulfuric Vortex, Mogg Fanatic, Jackal Pup, Rancor, Fireblast, Mountain, Mountain, Mountain, Mountain, Mountain, Mountain, Mountain, Mountain, Mountain, Mountain, Mountain, Mountain, Flametongue Kavu, Sparksmith, Forest, Mogg Flunkies, Mogg Flunkies, Karplusan Forest, Karplusan Forest, Karplusan Forest, Skirk Prospector, Ironclaw Orcs, Avalanche Riders, Goblin Sharpshooter, Siege-Gang Commander, Siege-Gang Commander, Fires of Yavimaya","Albino Troll, Albino Troll, Firestorm, Grim Monolith, Eternal Witness, Last Rites, Starstorm, Urza's Rage, Wax // Wane, Serra Angel, Cursed Scroll, Elvish Archers, Giant Growth, Creeping Mold, Viridian Shaman, Llanowar Elves, Mishra's Helix, Arcbound Worker, Stone Rain, Wild Dogs, Shatter, Symbiotic Wurm, Basking Rootwalla, Covetous Dragon, Elfhame Palace, Birds of Paradise, Birds of Paradise, Shrapnel Blast, Erhnam Djinn, Blastoderm, Order of Leitbur, Wild Mongrel, Call of the Herd"
"37","8","Green/Blue","GU Ramp","Spells","7","16","17","3.13","Wasteland, Gush, Accumulated Knowledge, Wonder, Eternal Witness, Eternal Witness, Llanowar Wastes, Yavimaya Coast, Yavimaya Coast, Yavimaya Coast, Yavimaya Coast, Deep Analysis, Centaur Garden, Man-o'-War, Repulse, Rampant Growth, Miscalculation, Miscalculation, Sylvan Library, Force of Will, Island, Island, Island, Island, Island, Forest, Forest, Forest, Roar of the Wurm, Opposition, Mana Leak, Counterspell, Counterspell, Tradewind Rider, Birds of Paradise, Confiscate, Wall of Blossoms, Rishadan Port, Impulse, Cloudpost","Zuran Orb, Pillage, Gemstone Mine, Survival of the Fittest, Windswept Heath, Squirrel Nest, Squirrel Nest, Llanowar Wastes, Opalescence, Brushland, Serrated Arrows, Reflecting Pool, Arcbound Worker, Spike Weaver, Kavu Chameleon, Mirari's Wake, Force Spike, Barbed Sextant, Jackal Pup, Cloudchaser Eagle, Basking Rootwalla, Anurid Brushhopper, Powder Keg, Ghazbán Ogre, Arrogant Wurm, Chrome Mox, Empyrial Armor, City of Brass"
"38","1","Black","B Midrange","Spells, Enchantments","5","18","17","2.30","Cabal Therapy, Diabolic Edict, Wasteland, Ravenous Rats, Barren Moor, Undead Gladiator, Dark Ritual, Dark Ritual, Dark Ritual, Swamp, Swamp, Swamp, Swamp, Swamp, Swamp, Swamp, Swamp, Swamp, Swamp, Swamp, Swamp, Swamp, Innocent Blood, Volrath's Stronghold, Hypnotic Specter, Chainer's Edict, Visara the Dreadful, Necropotence, Necropotence, Necropotence, Recurring Nightmare, Smother, Stitch Together, Stupor, Nekrataal, Ghastly Demise, Drain Life, Vampiric Tutor, Phyrexian Arena, Bloodstained Mire","Gemstone Mine, Nimble Mongoose, Shadowblood Ridge, Defense Grid, Patriarch's Bidding, Rapid Decay, Order of the Ebon Hand, Order of the Ebon Hand, Yawgmoth's Will, Yawgmoth's Will, Gempalm Incinerator, Gempalm Incinerator, Fallen Askari, Goblin Piledriver, Viridian Shaman, Plague Spitter, Soltari Visionary, Mirari's Wake, Black Knight, Barbed Sextant, Goblin Sledder, Zombify, Evincar's Justice, Skirk Prospector, Ironclaw Orcs, Saprazzan Skerry, Chrome Mox, Call of the Herd, Phyrexian Negator, Sulfurous Springs, Yawgmoth's Bargain, Soltari Priest, Bloodstained Mire"
"38","2","Blue/White","UW Artifacts","Artifacts, Spells","1","22","17","3.00","Talisman of Progress, Voltaic Key, Grim Monolith, Tinker, Wrath of God, Wrath of God, Wrath of God, Icy Manipulator, Icy Manipulator, Phyrexian Processor, Phyrexian Processor, Brainstorm, Blinkmoth Nexus, Fact or Fiction, Krark-Clan Ironworks, Skycloud Expanse, Darksteel Citadel, Thirst for Knowledge, Force of Will, Metalworker, Thran Dynamo, Seal of Cleansing, Swords to Plowshares, Island, Island, Island, Island, Island, Island, Memory Lapse, Plains, Plains, Plains, Plains, Plains, Plains, Counterspell, Flooded Strand, Impulse, Cloudpost","Aeolipile, Vault of Whispers, Parallax Wave, Shivan Reef, Warrior en-Kor, Scrabbling Claws, Serra Angel, Replenish, Dark Ritual, Opalescence, Pacifism, Man-o'-War, Decree of Justice, Astral Slide, Opt, Mogg Fanatic, Underground River, Jester's Cap, Force Spike, Quiet Speculation, Condescend, Barbed Sextant, Rancor, Frogmite, Renewed Faith, Akroma's Vengeance, Akroma's Vengeance, Mogg Flunkies, Hydroblast, Armageddon, Empyrial Armor, Seal of Removal"
"38","3","Green","G Ramp","Creatures","16","7","17","3.09","Survival of the Fittest, Survival of the Fittest, Genesis, Overrun, Windswept Heath, Eternal Witness, Eternal Witness, Llanowar Wastes, Llanowar Wastes, Wall of Roots, Wall of Roots, Weatherseed Treefolk, Brushland, Llanowar Elves, Verdant Force, Gaea's Cradle, Sylvan Library, Werebear, Phantom Centaur, Rancor, Tranquil Thicket, Tranquil Thicket, Tranquil Thicket, Basking Rootwalla, Forest, Forest, Forest, Forest, Forest, Forest, Forest, Forest, Forest, Roar of the Wurm, Birds of Paradise, Blastoderm, Blastoderm, Wild Mongrel, Wild Mongrel, Call of the Herd","Albino Troll, Plow Under, Llanowar Wastes, Goblin Warchief, Blazing Specter, Elvish Archers, Bottle Gnomes, Giant Growth, Creeping Mold, Brushland, Soltari Monk, Reflecting Pool, Spike Weaver, Saproling Burst, Saproling Burst, River Boa, Sparksmith, Wing Shards, Roar of the Wurm, Nomads en-Kor, Mogg Flunkies, Karplusan Forest, Anurid Brushhopper, Erhnam Djinn, Krosan Verge, Arrogant Wurm, Wall of Blossoms, Wall of Blossoms, City of Brass"
"38","4","Red","R Burn","Artifacts, Spells","6","17","17","2.78","Wildfire, Wildfire, Hammer of Bogardan, Urza's Rage, Lightning Bolt, Lightning Bolt, Lightning Bolt, Lightning Bolt, Cursed Scroll, Mishra's Factory, Crystal Vein, Masticore, Fire Diamond, Earthquake, Ghitu Encampment, Mountain, Mountain, Mountain, Mountain, Mountain, Mountain, Mountain, Mountain, Mountain, Mountain, Shock, Fireball, Flametongue Kavu, Flametongue Kavu, Karplusan Forest, Tangle Wire, Tangle Wire, Avalanche Riders, Shrapnel Blast, Incinerate, Siege-Gang Commander, Siege-Gang Commander, Rishadan Port, Great Furnace, Great Furnace","Parallax Wave, Pillage, Firestorm, Squirrel Nest, Starstorm, Glory, Terminate, Arcbound Ravager, Goblin Taskmaster, Astral Slide, Ball Lightning, Cranial Plating, Cranial Plating, Sulfuric Vortex, Soltari Visionary, Fellwar Stone, Jackal Pup, Jackal Pup, Thunderscape Battlemage, Fireblast, Frogmite, Worn Powerstone, Karplusan Forest, Ironclaw Orcs, Powder Keg, Myr Incubator, Goblin Sharpshooter, Order of Leitbur, Pyroclasm, Chrome Mox"
"38","5","Black/Blue","BU Tempo","Spells","4","19","17","3.09","Shivan Reef, Gush, Accumulated Knowledge, Accumulated Knowledge, Duress, Seat of the Synod, Blinkmoth Nexus, Fact or Fiction, Darkwater Catacombs, Serum Visions, Deep Analysis, Merfolk Looter, Man-o'-War, Salt Marsh, Undermine, Repulse, Daze, Capsize, Underground River, Arcanis the Omnipotent, Miscalculation, Miscalculation, Miscalculation, Island, Island, Island, Island, Island, Island, Island, Island, Island, Island, Waterfront Bouncer, Spite // Malice, Mana Leak, Counterspell, Control Magic, Confiscate, Flooded Strand","Shivan Reef, Simoon, Ray of Distortion, Exalted Angel, Spiritmonger, Vendetta, Nightscape Familiar, Masticore, Arcbound Worker, Stone Rain, Pouncing Jaguar, Hypnotic Specter, Kjeldoran Outpost, Secluded Steppe, Renewed Faith, Phyrexian Scuta, Swords to Plowshares, Opposition, Thawing Glaciers, Disciple of the Vault, Tradewind Rider, Adarkar Wastes, Arrogant Wurm, Black Vise, Parallax Tide, Academy Rector, Academy Rector, Drain Life, Crumbling Sanctuary, Paladin en-Vec"
"38","6","Green/Blue","GU Ramp","Artifacts, Spells","6","17","17","2.61","Voltaic Key, Accumulated Knowledge, Grim Monolith, Grim Monolith, Tinker, Tinker, Eternal Witness, Llanowar Wastes, Yavimaya Coast, Yavimaya Coast, Yavimaya Coast, Yavimaya Coast, Yavimaya Coast, Centaur Garden, Serrated Arrows, Llanowar Elves, Upheaval, Rampant Growth, Tree of Tales, Force of Will, Ornithopter, Thran Dynamo, Island, Island, Island, Forest, Forest, Forest, Forest, Treetop Village, Opposition, Mind Stone, Counterspell, Counterspell, Thoughtcast, Birds of Paradise, Birds of Paradise, Birds of Paradise, Rising Waters, Cloudpost","Ancient Den, Vault of Whispers, Llanowar Wastes, Careful Study, Wax // Wane, Creeping Mold, Spike Feeder, Arcbound Ravager, Uktabi Orangutan, Arcbound Worker, Ball Lightning, Kavu Chameleon, Shatter, Thornscape Battlemage, Frogmite, Nomads en-Kor, Karplusan Forest, Enlightened Tutor, Autumn Willow, Order of Leitbur, Order of Leitbur, Fires of Yavimaya, Fires of Yavimaya, Phantom Nishoba, Welding Jar, Staunch Defenders, Reprisal"
"38","7","Black/Blue","BU Tempo","Spells","7","16","17","3.43","Shivan Reef, Doomed Necromancer, Dance of the Dead, Frantic Search, Frantic Search, Entomb, Fact or Fiction, Aquamoeba, Swamp, Swamp, Swamp, Swamp, Swamp, Swamp, Swamp, Swamp, Deep Analysis, Deep Analysis, Forbid, Spirit of the Night, Chainer's Edict, Buried Alive, Underground River, Thirst for Knowledge, Force of Will, Symbiotic Wurm, Recurring Nightmare, Circular Logic, Circular Logic, Island, Island, Island, Island, Island, Island, Cephalid Coliseum, Nekrataal, Psychatog, Psychatog, Mystical Tutor","Dark Banishing, Shivan Reef, Warrior en-Kor, Recoil, Accumulated Knowledge, Wonder, Patriarch's Bidding, Squirrel Nest, Exalted Angel, Last Rites, Addle, Contagion, Goblin Grappler, Heart of Ramos, Vendetta, Replenish, Opalescence, Dismiss, Attunement, Attunement, Decree of Justice, Reflecting Pool, Wild Dogs, Knight of Stromgald, Secluded Steppe, Black Knight, Hymn to Tourach, Cloudchaser Eagle, Fire // Ice, Cataclysm, Basking Rootwalla, Misdirection, Anger, Soltari Priest"
"38","8","Blue/White","UW Artifacts","Artifacts","8","15","17","3.00","Talisman of Progress, Ancient Den, Voltaic Key, Balance, Winter Orb, Sky Diamond, Ancient Tomb, Seat of the Synod, Somber Hoverguard, Somber Hoverguard, Talisman of Dominance, Mishra's Factory, Arcbound Ravager, Krark-Clan Ironworks, Mishra's Helix, Pentad Prism, Skycloud Expanse, Karn, Silver Golem, Secluded Steppe, Metalworker, Ornithopter, Disenchant, Frogmite, Swords to Plowshares, Swords to Plowshares, Worn Powerstone, Island, Island, Island, Plains, Plains, Plains, Plains, Mind Stone, Phyrexian Colossus, Elfhame Palace, Thoughtcast, City of Traitors, Cloudpost, Cloudpost","Urborg Volcano, Albino Troll, Eternal Dragon, Eternal Dragon, Zuran Orb, Phyrexian Tower, Goblin Warchief, Temporal Aperture, Soltari Monk, Arcbound Worker, Arcbound Worker, Nevinyrral's Disk, Goblin Sledder, Mogg Flunkies, Karplusan Forest, Covetous Dragon, Covetous Dragon, Disciple of the Vault, Elfhame Palace, Howling Mine, Land Tax, Ghazbán Ogre, Ivory Tower, White Knight, Aura of Silence, Empyrial Armor, City of Brass"
"39","1","Black/Blue","BU Tempo","Spells, Enchantments","2","21","17","2.52","Cabal Therapy, Diabolic Edict, Vault of Whispers, Vault of Whispers, Frantic Search, Yawgmoth's Will, Yawgmoth's Will, Barren Moor, Careful Study, Brainstorm, Darkwater Catacombs, Dark Ritual, Dark Ritual, Dark Ritual, Swamp, Swamp, Swamp, Swamp, Swamp, Swamp, Swamp, Swamp, Nightscape Familiar, Mishra's Factory, Salt Marsh, Undermine, Chainer's Edict, Underground River, Underground River, Underground River, Necropotence, Necropotence, Necropotence, Hymn to Tourach, Spite // Malice, Psychatog, Ghastly Demise, Phyrexian Arena, Impulse, Yawgmoth's Bargain","Talisman of Progress, Dark Banishing, Warrior en-Kor, Accumulated Knowledge, Grim Monolith, Grim Monolith, Tinker, Tinker, Contagion, Vendetta, Dismiss, Soltari Monk, Daze, Wild Dogs, Hypnotic Specter, Spike Weaver, Soltari Visionary, Arcanis the Omnipotent, Black Knight, Black Knight, Metalworker, Ornithopter, Ornithopter, Frogmite, Worn Powerstone, Stitch Together, Disciple of the Vault, Disciple of the Vault"
"39","2","Blue/White","UW Control","Spells","3","20","17","3.17","Eternal Dragon, Gush, Wrath of God, Wrath of God, Wrath of God, Blinkmoth Nexus, Fact or Fiction, Replenish, Serum Visions, Merfolk Looter, Man-o'-War, Decree of Justice, Opt, Miscalculation, Miscalculation, Force of Will, Force of Will, Island, Island, Island, Island, Island, Island, Island, Island, Island, Island, Memory Lapse, Plains, Plains, Plains, Plains, Plains, Mana Leak, Cephalid Coliseum, Counterspell, Counterspell, Counterspell, Counterspell, Control Magic","Warrior en-Kor, Frantic Search, Accumulated Knowledge, Accumulated Knowledge, Patriarch's Bidding, Order of the Ebon Hand, Exalted Angel, Glory, Yavimaya Coast, Wax // Wane, Deep Analysis, Deep Analysis, Opalescence, Attunement, Forbid, Repulse, Astral Slide, Mirari's Wake, Thirst for Knowledge, Seal of Cleansing, Akroma's Vengeance, Akroma's Vengeance, Fire // Ice, Misdirection, Ironclaw Orcs, Confiscate, Psychatog, Order of Leitbur, White Knight, Fires of Yavimaya, Academy Rector, Academy Rector, Seal of Removal, Soltari Priest, Soltari Priest"
"39","3","Green","G Graveyard","Enchantments","15","8","17","3.04","Survival of the Fittest, Survival of the Fittest, Genesis, Eternal Witness, Eternal Witness, Eternal Witness, Llanowar Wastes, Llanowar Wastes, Llanowar Wastes, Llanowar Wastes, Viridian Shaman, River Boa, Sylvan Library, Werebear, Phantom Centaur, Rancor, Rancor, Tranquil Thicket, Basking Rootwalla, Basking Rootwalla, Forest, Forest, Forest, Forest, Forest, Forest, Forest, Forest, Forest, Forest, Forest, Forest, Roar of the Wurm, Roar of the Wurm, Blastoderm, Arrogant Wurm, Arrogant Wurm, Wild Mongrel, Wild Mongrel, Call of the Herd","Albino Troll, Nimble Mongoose, Wonder, Entomb, Order of the Ebon Hand, Llanowar Wastes, Spiritmonger, Undead Gladiator, Elvish Archers, Reflecting Pool, Uktabi Orangutan, Pouncing Jaguar, Spirit of the Night, Volrath's Stronghold, Hypnotic Specter, Visara the Dreadful, Verdant Force, Saproling Burst, Symbiotic Wurm, Recurring Nightmare, Recurring Nightmare, Smother, Phyrexian Scuta, Zombify, Evincar's Justice, Autumn Willow, Nekrataal, Nekrataal, Erhnam Djinn, Chrome Mox, Empyrial Armor, City of Brass"
"39","4","Red","R Burn","Goblins, Creatures","19","4","17","2.39","Goblin Warchief, Goblin Warchief, Blinkmoth Nexus, Lightning Bolt, Gempalm Incinerator, Goblin Piledriver, Ball Lightning, Ball Lightning, Sulfuric Vortex, Mogg Fanatic, Jackal Pup, Jackal Pup, Fireblast, Mountain, Mountain, Mountain, Mountain, Mountain, Mountain, Mountain, Mountain, Mountain, Mountain, Mountain, Mountain, Mountain, Mountain, Mountain, Mountain, Goblin Sledder, Goblin Sledder, Flametongue Kavu, Sparksmith, Mogg Flunkies, Mogg Flunkies, Mogg Flunkies, Skirk Prospector, Goblin Sharpshooter, Incinerate, Siege-Gang Commander","Urborg Volcano, Albino Troll, Aeolipile, Gemstone Mine, Shadowblood Ridge, Dance of the Dead, Winter Orb, Ravenous Rats, Duress, Starstorm, Addle, Goblin Grappler, Fallen Askari, Blazing Specter, Dark Ritual, Terminate, Goblin Taskmaster, Innocent Blood, Arcbound Worker, Chainer's Edict, Buried Alive, Knight of Stromgald, Earthquake, Stupor, Ironclaw Orcs, Armageddon, Tradewind Rider, Howling Mine, Black Vise, Fires of Yavimaya, Drain Life, Anger, Vampiric Tutor, Phyrexian Negator, Sulfurous Springs, Bloodstained Mire"
"39","5","Red","R Artifacts","Artifacts","3","20","17","2.83","Voltaic Key, Pillage, Wildfire, Wildfire, Shivan Reef, Shivan Reef, Grim Monolith, Defense Grid, Hammer of Bogardan, Lightning Bolt, Lightning Bolt, Temporal Aperture, Crystal Vein, Stone Rain, Cranial Plating, Fellwar Stone, Fire Diamond, Barbed Sextant, Barbed Sextant, Metalworker, Mountain, Mountain, Mountain, Mountain, Mountain, Mountain, Mountain, Thran Dynamo, Worn Powerstone, Karplusan Forest, Karplusan Forest, Covetous Dragon, Tangle Wire, Mind Stone, Phyrexian Colossus, Great Furnace, Great Furnace, Cloudpost, Cloudpost, Cloudpost","Shivan Reef, Doomed Necromancer, Firestorm, Ray of Distortion, Urza's Rage, Somber Hoverguard, Yavimaya Coast, Gempalm Incinerator, Heart of Ramos, Vendetta, Replenish, Giant Growth, Shatter, Shock, Flametongue Kavu, Wing Shards, Nomads en-Kor, Karplusan Forest, Opposition, Thawing Glaciers, Avalanche Riders, Order of Leitbur, Siege-Gang Commander, Welding Jar, Saprazzan Skerry, Crumbling Sanctuary, Mystical Tutor"
"39","6","Blue/White","UW Artifacts","Artifacts, Spells","3","20","17","2.65","Talisman of Progress, Ancient Den, Ancient Den, Voltaic Key, Balance, Accumulated Knowledge, Tinker, Icy Manipulator, Seat of the Synod, Seat of the Synod, Fact or Fiction, Scrabbling Claws, Mishra's Factory, Arcbound Ravager, Arcbound Ravager, Pentad Prism, Skycloud Expanse, Skycloud Expanse, Kjeldoran Outpost, Darksteel Citadel, Secluded Steppe, Miscalculation, Force of Will, Condescend, Thran Dynamo, Disenchant, Frogmite, Swords to Plowshares, Island, Island, Island, Island, Opposition, Tangle Wire, Thoughtcast, Thoughtcast, Adarkar Wastes, Chrome Mox, Flooded Strand, Flooded Strand","Parallax Wave, Last Rites, Yavimaya Coast, Serra Angel, Cursed Scroll, Centaur Garden, Attunement, Plague Spitter, Llanowar Elves, Arcbound Worker, Arcbound Worker, Cranial Plating, Soltari Visionary, Jester's Cap, Nevinyrral's Disk, Renewed Faith, Cloudchaser Eagle, Circular Logic, Waterfront Bouncer, Elfhame Palace, Land Tax, Parallax Tide, Staunch Defenders, Reprisal"
"39","7","Green/White","GW Counters","Plants","13","10","17","2.65","Overrun, Plow Under, Windswept Heath, Squirrel Nest, Squirrel Nest, Wall of Roots, Wall of Roots, Weatherseed Treefolk, Spike Feeder, Brushland, Brushland, Llanowar Elves, Saproling Burst, Gaea's Cradle, Rampant Growth, Tree of Tales, Secluded Steppe, Secluded Steppe, Tranquil Thicket, Tranquil Thicket, Swords to Plowshares, Swords to Plowshares, Swords to Plowshares, Forest, Forest, Forest, Forest, Treetop Village, Elfhame Palace, Birds of Paradise, Birds of Paradise, Birds of Paradise, Birds of Paradise, Blastoderm, Phantom Nishoba, Call of the Herd, Wall of Blossoms, Wall of Blossoms, City of Traitors, Rishadan Port","Eternal Dragon, Parallax Wave, Recoil, Patriarch's Bidding, Exalted Angel, Creeping Mold, Creeping Mold, Opalescence, Pacifism, Soltari Monk, Decree of Justice, Reflecting Pool, Thornscape Battlemage, Cataclysm, Nomads en-Kor, Anurid Brushhopper, Enlightened Tutor, Ghazbán Ogre, Order of Leitbur, Krosan Verge, Drain Life, Aura of Silence, Empyrial Armor, Paladin en-Vec"
"39","8","Blue","U Combo","Artifacts","8","15","17","3.70","Wasteland, Voltaic Key, Shivan Reef, Shivan Reef, Sky Diamond, Ancient Tomb, Icy Manipulator, Phyrexian Processor, Phyrexian Processor, Somber Hoverguard, Yavimaya Coast, Talisman of Dominance, Swamp, Serrated Arrows, Masticore, Masticore, Arcbound Ravager, Krark-Clan Ironworks, Krark-Clan Ironworks, Mishra's Helix, Upheaval, Karn, Silver Golem, Thirst for Knowledge, Mountain, Mountain, Mountain, Mountain, Mountain, Frogmite, Frogmite, Island, Island, Island, Island, Karplusan Forest, Covetous Dragon, Mind Stone, Powder Keg, Rising Waters, Cloudpost","Zuran Orb, Simoon, Phyrexian Tower, Rapid Decay, Yavimaya Coast, Fact or Fiction, Lightning Bolt, Bottle Gnomes, Aquamoeba, Deep Analysis, Man-o'-War, Arcbound Worker, Astral Slide, Capsize, Kavu Chameleon, Force Spike, Quiet Speculation, Thunderscape Battlemage, Ghitu Encampment, Renewed Faith, Fireball, Circular Logic, Hydroblast, Karplusan Forest, Myr Incubator, Shrapnel Blast, Ivory Tower, Pyroclasm, City of Brass, Bloodstained Mire"
"40","1","Blue","U Artifacts","Artifacts","9","14","17","3.09","Talisman of Progress, Voltaic Key, Shivan Reef, Shivan Reef, Gush, Sky Diamond, Grim Monolith, Tinker, Icy Manipulator, Seat of the Synod, Seat of the Synod, Somber Hoverguard, Somber Hoverguard, Blinkmoth Nexus, Blinkmoth Nexus, Mishra's Factory, Masticore, Arcbound Ravager, Thirst for Knowledge, Metalworker, Ornithopter, Thran Dynamo, Frogmite, Frogmite, Frogmite, Worn Powerstone, Island, Island, Island, Island, Island, Island, Island, Island, Island, Mana Leak, Thoughtcast, Howling Mine, Saprazzan Skerry, Chrome Mox","Pillage, Gemstone Mine, Wildfire, Shivan Reef, Windswept Heath, Goblin Warchief, Lightning Bolt, Lightning Bolt, Wax // Wane, Serum Visions, Brushland, Man-o'-War, Arcbound Worker, Arcbound Worker, Stone Rain, Kavu Chameleon, Miscalculation, Miscalculation, Smother, Akroma's Vengeance, Fire // Ice, Sparksmith, Hydroblast, Opposition, Opposition, Misdirection, Rising Waters, Parallax Tide, Great Furnace"
"40","2","Red","R Artifacts","Artifacts","6","17","17","3.35","Voltaic Key, Wildfire, Shivan Reef, Shivan Reef, Grim Monolith, Tinker, Phyrexian Processor, Temporal Aperture, Swamp, Swamp, Arcbound Ravager, Krark-Clan Ironworks, Krark-Clan Ironworks, Cranial Plating, Cranial Plating, Karn, Silver Golem, Darksteel Citadel, Fire Diamond, Metalworker, Mountain, Mountain, Mountain, Mountain, Mountain, Mountain, Mountain, Thran Dynamo, Frogmite, Worn Powerstone, Island, Covetous Dragon, Tangle Wire, Mind Stone, Mind Stone, Phyrexian Colossus, Thoughtcast, City of Traitors, Cloudpost, Cloudpost, Cloudpost","Ancient Den, Parallax Wave, Firestorm, Starstorm, Addle, Wall of Roots, Yavimaya Coast, Deep Analysis, Creeping Mold, Reflecting Pool, Astral Slide, Astral Slide, Wild Dogs, Skycloud Expanse, Shatter, Mirari's Wake, Jester's Cap, Quiet Speculation, Nevinyrral's Disk, Barbed Sextant, Earthquake, Tranquil Thicket, Goblin Sledder, Mogg Flunkies, Anurid Brushhopper, Ghazbán Ogre, Ivory Tower, Academy Rector, Staunch Defenders, Flooded Strand"
"40","3","Blue/White","UW Control","Spells","2","21","17","3.43","Talisman of Progress, Eternal Dragon, Eternal Dragon, Balance, Grim Monolith, Wrath of God, Wrath of God, Wrath of God, Yavimaya Coast, Fact or Fiction, Replenish, Replenish, Decree of Justice, Skycloud Expanse, Upheaval, Force Spike, Kjeldoran Outpost, Miscalculation, Force of Will, Force of Will, Seal of Cleansing, Swords to Plowshares, Swords to Plowshares, Island, Island, Island, Island, Memory Lapse, Plains, Plains, Plains, Plains, Plains, Plains, Plains, Plains, Elfhame Palace, Counterspell, Control Magic, Adarkar Wastes","Voltaic Key, Parallax Wave, Genesis, Accumulated Knowledge, Accumulated Knowledge, Accumulated Knowledge, Tinker, Exalted Angel, Eternal Witness, Last Rites, Goblin Warchief, Wall of Roots, Yavimaya Coast, Gempalm Incinerator, Elvish Archers, Aquamoeba, Opalescence, Attunement, Daze, Capsize, Arcanis the Omnipotent, Thirst for Knowledge, Akroma's Vengeance, Circular Logic, Roar of the Wurm, Nomads en-Kor, Covetous Dragon, Ironclaw Orcs, Elfhame Palace, Land Tax, Academy Rector, Seal of Removal"
"40","4","Black/Red","BR Aristocrats","Spells","6","17","17","2.30","Urborg Volcano, Diabolic Edict, Dark Banishing, Shadowblood Ridge, Phyrexian Tower, Lightning Bolt, Blazing Specter, Vendetta, Vendetta, Dark Ritual, Swamp, Swamp, Swamp, Swamp, Swamp, Swamp, Plague Spitter, Crystal Vein, Terminate, Innocent Blood, Volrath's Stronghold, Hypnotic Specter, Chainer's Edict, Black Knight, Necropotence, Necropotence, Hymn to Tourach, Mountain, Flametongue Kavu, Evincar's Justice, Nekrataal, Drain Life, Drain Life, Chrome Mox, Phyrexian Arena, City of Brass, Great Furnace, Sulfurous Springs, Bloodstained Mire, Bloodstained Mire","Nimble Mongoose, Yawgmoth's Will, Yawgmoth's Will, Icy Manipulator, Urza's Rage, Gempalm Incinerator, Fallen Askari, Heart of Ramos, Goblin Piledriver, Cursed Scroll, Deep Analysis, Ball Lightning, Tree of Tales, Jackal Pup, Thunderscape Battlemage, Fireblast, Goblin Sledder, Roar of the Wurm, Mogg Flunkies, Mogg Flunkies, Skirk Prospector, Disciple of the Vault, Disciple of the Vault, Myr Incubator, Wild Mongrel, Call of the Herd, City of Brass"
"40","5","Black/Blue","BU Tempo","Spells","2","21","17","2.78","Vault of Whispers, Frantic Search, Frantic Search, Accumulated Knowledge, Llanowar Wastes, Brainstorm, Yavimaya Coast, Fact or Fiction, Fact or Fiction, Darkwater Catacombs, Talisman of Dominance, Swamp, Swamp, Swamp, Deep Analysis, Mishra's Factory, Dismiss, Salt Marsh, Forbid, Repulse, Opt, Underground River, Underground River, Underground River, Force of Will, Condescend, Circular Logic, Island, Island, Island, Island, Island, Counterspell, Counterspell, Counterspell, Confiscate, Psychatog, Psychatog, Impulse, Mystical Tutor","Recoil, Wonder, Patriarch's Bidding, Llanowar Wastes, Careful Study, Yavimaya Coast, Nightscape Familiar, Creeping Mold, Viridian Shaman, Attunement, Brushland, Man-o'-War, Visara the Dreadful, Black Knight, Necropotence, Symbiotic Wurm, Waterfront Bouncer, Spite // Malice, Tradewind Rider, Blastoderm, Krosan Verge, Arrogant Wurm, Phantom Nishoba, Vampiric Tutor, Call of the Herd, Phyrexian Negator, Yawgmoth's Bargain, Crumbling Sanctuary"
"40","6","Green/Red","GR Stompy","Enchantments, Birds","13","10","17","2.61","Albino Troll, Albino Troll, Overrun, Eternal Witness, Lightning Bolt, Llanowar Elves, Saproling Burst, Saproling Burst, Gaea's Cradle, Sylvan Library, Werebear, Ghitu Encampment, Rancor, Rancor, Tranquil Thicket, Flametongue Kavu, Forest, Forest, Forest, Forest, Forest, Forest, Forest, Treetop Village, Karplusan Forest, Karplusan Forest, Karplusan Forest, Karplusan Forest, Karplusan Forest, Birds of Paradise, Birds of Paradise, Birds of Paradise, Birds of Paradise, Blastoderm, Incinerate, Siege-Gang Commander, Siege-Gang Commander, Fires of Yavimaya, Fires of Yavimaya, Cloudpost","Zuran Orb, Defense Grid, Hammer of Bogardan, Eternal Witness, Phyrexian Processor, Goblin Grappler, Giant Growth, Spike Feeder, Pouncing Jaguar, Ball Lightning, Mogg Fanatic, Rampant Growth, Thornscape Battlemage, Fellwar Stone, Jackal Pup, Shock, Fireball, Ironclaw Orcs, Cephalid Coliseum, Avalanche Riders, Shrapnel Blast, Erhnam Djinn, Goblin Sharpshooter, Order of Leitbur, Pyroclasm, Anger, Empyrial Armor"
"40","7","White","W Weenie","Clerics","14","9","17","2.57","Ancient Den, Wasteland, Warrior en-Kor, Warrior en-Kor, Ancient Tomb, Exalted Angel, Serra Angel, Pacifism, Soltari Monk, Soltari Monk, Soltari Visionary, Soltari Visionary, Secluded Steppe, Secluded Steppe, Secluded Steppe, Disenchant, Cataclysm, Swords to Plowshares, Swords to Plowshares, Plains, Plains, Plains, Plains, Plains, Plains, Plains, Plains, Plains, Plains, Enlightened Tutor, Armageddon, Order of Leitbur, Order of Leitbur, White Knight, Aura of Silence, Empyrial Armor, Rishadan Port, Soltari Priest, Soltari Priest, Paladin en-Vec","Aeolipile, Vault of Whispers, Simoon, Winter Orb, Order of the Ebon Hand, Bottle Gnomes, Serrated Arrows, Masticore, Arcbound Ravager, Goblin Taskmaster, Decree of Justice, Reflecting Pool, Mishra's Helix, Undermine, Arcbound Worker, Arcbound Worker, Pentad Prism, Barbed Sextant, Renewed Faith, Renewed Faith, Cloudchaser Eagle, Basking Rootwalla, Wing Shards, Nomads en-Kor, Tangle Wire, Thawing Glaciers, Black Vise, Welding Jar, Flooded Strand, Reprisal"
"40","8","Black/Green","BG Graveyard","Spells, Enchantments","9","14","17","2.91","Cabal Therapy, Survival of the Fittest, Survival of the Fittest, Doomed Necromancer, Dance of the Dead, Entomb, Llanowar Wastes, Llanowar Wastes, Llanowar Wastes, Barren Moor, Spiritmonger, Undead Gladiator, Dark Ritual, Dark Ritual, Dark Ritual, Swamp, Swamp, Swamp, Swamp, Swamp, Swamp, Swamp, Swamp, Swamp, Swamp, Centaur Garden, Spirit of the Night, Verdant Force, Buried Alive, Tranquil Thicket, Recurring Nightmare, Recurring Nightmare, Basking Rootwalla, Forest, Zombify, Stitch Together, Nekrataal, Arrogant Wurm, Ghastly Demise, Wild Mongrel","Ray of Distortion, Plow Under, Patriarch's Bidding, Rapid Decay, Squirrel Nest, Squirrel Nest, Order of the Ebon Hand, Ravenous Rats, Duress, Glory, Contagion, Scrabbling Claws, Weatherseed Treefolk, Opalescence, Merfolk Looter, Llanowar Elves, Uktabi Orangutan, Hypnotic Specter, Sulfuric Vortex, Spike Weaver, Chainer's Edict, River Boa, Knight of Stromgald, Phantom Centaur, Ornithopter, Phyrexian Scuta, Stupor, Autumn Willow, Powder Keg, Wall of Blossoms, Wall of Blossoms"
"41","1","Blue","U Artifacts","Artifacts, Spells","2","21","17","2.83","Vault of Whispers, Voltaic Key, Frantic Search, Frantic Search, Accumulated Knowledge, Accumulated Knowledge, Accumulated Knowledge, Grim Monolith, Grim Monolith, Tinker, Icy Manipulator, Phyrexian Processor, Seat of the Synod, Seat of the Synod, Scrabbling Claws, Talisman of Dominance, Deep Analysis, Pentad Prism, Volrath's Stronghold, Thirst for Knowledge, Thirst for Knowledge, Metalworker, Worn Powerstone, Island, Island, Island, Island, Island, Island, Island, Island, Island, Island, Island, Phyrexian Colossus, Counterspell, Thoughtcast, Howling Mine, Cloudpost, Cloudpost","Albino Troll, Vault of Whispers, Gemstone Mine, Shivan Reef, Phyrexian Tower, Defense Grid, Yawgmoth's Will, Yawgmoth's Will, Yavimaya Coast, Fallen Askari, Heart of Ramos, Temporal Aperture, Forbid, Capsize, Spike Weaver, Kavu Chameleon, Tree of Tales, Quiet Speculation, Barbed Sextant, Phantom Centaur, Stupor, Disciple of the Vault, Disciple of the Vault, Blastoderm, Order of Leitbur, Black Vise, Wild Mongrel, Anger, Great Furnace, Sulfurous Springs, Crumbling Sanctuary"
"41","2","Black","B Midrange","Spells, Enchantments","4","19","17","2.43","Cabal Therapy, Doomed Necromancer, Dance of the Dead, Entomb, Llanowar Wastes, Llanowar Wastes, Careful Study, Darkwater Catacombs, Undead Gladiator, Dark Ritual, Dark Ritual, Dark Ritual, Swamp, Swamp, Swamp, Swamp, Swamp, Swamp, Swamp, Swamp, Swamp, Swamp, Swamp, Swamp, Swamp, Innocent Blood, Chainer's Edict, Visara the Dreadful, Buried Alive, Necropotence, Necropotence, Symbiotic Wurm, Recurring Nightmare, Smother, Zombify, Stitch Together, Ghastly Demise, Vampiric Tutor, Phyrexian Arena, City of Traitors","Diabolic Edict, Dark Banishing, Genesis, Ray of Distortion, Plow Under, Order of the Ebon Hand, Last Rites, Addle, Spiritmonger, Blazing Specter, Vendetta, Elvish Archers, Bottle Gnomes, Aquamoeba, Viridian Shaman, Attunement, Soltari Monk, Soltari Monk, Uktabi Orangutan, Ball Lightning, Hypnotic Specter, Hypnotic Specter, Chainer's Edict, Knight of Stromgald, Black Knight, Black Knight, Necropotence, Arrogant Wurm, Phantom Nishoba, Saprazzan Skerry, Drain Life, Yawgmoth's Bargain, Bloodstained Mire"
"41","3","Green","G Ramp","Enchantments, Plants","13","10","17","2.48","Albino Troll, Survival of the Fittest, Overrun, Windswept Heath, Llanowar Wastes, Wall of Roots, Wall of Roots, Weatherseed Treefolk, Llanowar Elves, Llanowar Elves, Saproling Burst, Saproling Burst, Gaea's Cradle, Rampant Growth, River Boa, Sylvan Library, Rancor, Rancor, Tranquil Thicket, Tranquil Thicket, Tranquil Thicket, Forest, Forest, Forest, Forest, Forest, Forest, Treetop Village, Karplusan Forest, Karplusan Forest, Karplusan Forest, Karplusan Forest, Birds of Paradise, Birds of Paradise, Arrogant Wurm, Wild Mongrel, Call of the Herd, Call of the Herd, Wall of Blossoms, Wall of Blossoms","Warrior en-Kor, Squirrel Nest, Llanowar Wastes, Lightning Bolt, Lightning Bolt, Lightning Bolt, Gempalm Incinerator, Giant Growth, Spike Feeder, Pacifism, Reflecting Pool, Wild Dogs, Thornscape Battlemage, Fireball, Flametongue Kavu, Nomads en-Kor, Karplusan Forest, Autumn Willow, Avalanche Riders, Ghazbán Ogre, Incinerate, Siege-Gang Commander, Fires of Yavimaya, Fires of Yavimaya, Academy Rector, City of Brass"
"41","4","Blue/White","UW Artifacts","Artifacts","6","17","17","3.04","Talisman of Progress, Talisman of Progress, Wasteland, Voltaic Key, Voltaic Key, Grim Monolith, Tinker, Tinker, Wrath of God, Phyrexian Processor, Mishra's Factory, Masticore, Arcbound Ravager, Krark-Clan Ironworks, Krark-Clan Ironworks, Skycloud Expanse, Upheaval, Karn, Silver Golem, Secluded Steppe, Fellwar Stone, Ornithopter, Thran Dynamo, Disenchant, Frogmite, Frogmite, Island, Island, Island, Island, Island, Island, Plains, Plains, Plains, Plains, Mind Stone, Thoughtcast, Flooded Strand, Cloudpost, Cloudpost","Warrior en-Kor, Rapid Decay, Ravenous Rats, Brainstorm, Somber Hoverguard, Yavimaya Coast, Serra Angel, Replenish, Opalescence, Arcbound Ravager, Decree of Justice, Arcbound Worker, Soltari Visionary, Force of Will, Nevinyrral's Disk, Fire Diamond, Ghitu Encampment, Frogmite, Phyrexian Scuta, Cataclysm, Swords to Plowshares, Covetous Dragon, Ironclaw Orcs, Order of Leitbur, Krosan Verge, Chrome Mox, Staunch Defenders, Great Furnace, Soltari Priest, Paladin en-Vec"
"41","5","Blue","U Control","Spells, Enchantments","2","21","17","2.61","Yavimaya Coast, Yavimaya Coast, Fact or Fiction, Fact or Fiction, Serum Visions, Brushland, Merfolk Looter, Repulse, Daze, Opt, Miscalculation, Condescend, Circular Logic, Swords to Plowshares, Swords to Plowshares, Island, Island, Island, Island, Island, Island, Island, Island, Island, Island, Island, Island, Memory Lapse, Opposition, Opposition, Misdirection, Counterspell, Tradewind Rider, Confiscate, Adarkar Wastes, Parallax Tide, Seal of Removal, Flooded Strand, Impulse, Mystical Tutor","Aeolipile, Parallax Wave, Parallax Wave, Survival of the Fittest, Eternal Witness, Eternal Witness, Eternal Witness, Yavimaya Coast, Replenish, Brushland, Terminate, Goblin Taskmaster, Pouncing Jaguar, Astral Slide, Astral Slide, Soltari Visionary, Verdant Force, Shatter, Mirari's Wake, Kjeldoran Outpost, Werebear, Seal of Cleansing, Cloudchaser Eagle, Akroma's Vengeance, Basking Rootwalla, Waterfront Bouncer, Elfhame Palace, Birds of Paradise, Birds of Paradise, Erhnam Djinn, Phyrexian Negator, Reprisal"
"41","6","Red","R Burn","Goblins, Creatures","16","7","17","2.57","Pillage, Shivan Reef, Shivan Reef, Hammer of Bogardan, Goblin Warchief, Goblin Warchief, Blinkmoth Nexus, Lightning Bolt, Gempalm Incinerator, Goblin Piledriver, Mishra's Factory, Crystal Vein, Stone Rain, Ball Lightning, Sulfuric Vortex, Mogg Fanatic, Jackal Pup, Jackal Pup, Fireblast, Mountain, Mountain, Mountain, Mountain, Mountain, Mountain, Mountain, Mountain, Mountain, Mountain, Mountain, Shock, Flametongue Kavu, Sparksmith, Mogg Flunkies, Mogg Flunkies, Mogg Flunkies, Ironclaw Orcs, Goblin Sharpshooter, Siege-Gang Commander, Rishadan Port","Urborg Volcano, Zuran Orb, Wildfire, Shivan Reef, Shadowblood Ridge, Firestorm, Barren Moor, Icy Manipulator, Urza's Rage, Contagion, Goblin Grappler, Centaur Garden, Arcbound Ravager, Reflecting Pool, Arcbound Worker, Cranial Plating, Cranial Plating, Earthquake, Thunderscape Battlemage, Goblin Sledder, Goblin Sledder, Covetous Dragon, Evincar's Justice, Skirk Prospector, Tangle Wire, Tangle Wire, Shrapnel Blast, Blastoderm, Pyroclasm, Drain Life, Chrome Mox"
"41","7","White","W Combo","Artifacts","4","19","17","2.57","Ancient Den, Ancient Den, Balance, Winter Orb, Ancient Tomb, Wrath of God, Wrath of God, Blinkmoth Nexus, Opalescence, Decree of Justice, Mishra's Helix, Darksteel Citadel, Secluded Steppe, Secluded Steppe, Barbed Sextant, Metalworker, Ornithopter, Thran Dynamo, Frogmite, Swords to Plowshares, Worn Powerstone, Plains, Plains, Plains, Plains, Plains, Plains, Plains, Plains, Plains, Plains, Enlightened Tutor, Mind Stone, Armageddon, Powder Keg, Land Tax, Ivory Tower, Academy Rector, Welding Jar, Aura of Silence","Eternal Dragon, Eternal Dragon, Wildfire, Simoon, Patriarch's Bidding, Squirrel Nest, Exalted Angel, Exalted Angel, Starstorm, Glory, Wax // Wane, Cursed Scroll, Creeping Mold, Creeping Mold, Arcbound Worker, Arcbound Worker, Skycloud Expanse, Renewed Faith, Renewed Faith, Akroma's Vengeance, Wing Shards, Anurid Brushhopper, Elfhame Palace, Myr Incubator, Rising Waters, Order of Leitbur, White Knight, Empyrial Armor, City of Brass, Soltari Priest"
"41","8","Black/Blue","BU Tempo","Spells","6","17","17","3.17","Recoil, Duress, Fact or Fiction, Swamp, Swamp, Swamp, Swamp, Dismiss, Man-o'-War, Man-o'-War, Salt Marsh, Undermine, Underground River, Underground River, Underground River, Force Spike, Miscalculation, Miscalculation, Force of Will, Force of Will, Hymn to Tourach, Circular Logic, Island, Island, Island, Island, Island, Island, Island, Island, Spite // Malice, Mana Leak, Cephalid Coliseum, Counterspell, Counterspell, Control Magic, Nekrataal, Nekrataal, Psychatog, Psychatog","Shivan Reef, Nimble Mongoose, Gush, Accumulated Knowledge, Sky Diamond, Wonder, Patriarch's Bidding, Order of the Ebon Hand, Llanowar Wastes, Somber Hoverguard, Vendetta, Dark Ritual, Nightscape Familiar, Deep Analysis, Deep Analysis, Attunement, Serrated Arrows, Plague Spitter, Masticore, Spirit of the Night, Jester's Cap, Arcanis the Omnipotent, Recurring Nightmare, Fire // Ice, Basking Rootwalla, Roar of the Wurm, Roar of the Wurm, Nomads en-Kor, Hydroblast, Thawing Glaciers, Empyrial Armor, Bloodstained Mire"
"42","1","Black/Blue","BU Artifacts","Artifacts","6","17","17","2.70","Zuran Orb, Vault of Whispers, Voltaic Key, Grim Monolith, Grim Monolith, Tinker, Seat of the Synod, Somber Hoverguard, Blinkmoth Nexus, Fact or Fiction, Scrabbling Claws, Talisman of Dominance, Temporal Aperture, Swamp, Swamp, Serrated Arrows, Crystal Vein, Karn, Silver Golem, Thirst for Knowledge, Fellwar Stone, Barbed Sextant, Thran Dynamo, Frogmite, Worn Powerstone, Worn Powerstone, Island, Island, Island, Island, Island, Island, Island, Island, Island, Disciple of the Vault, Disciple of the Vault, Phyrexian Colossus, Vampiric Tutor, Great Furnace, Cloudpost","Cabal Therapy, Gemstone Mine, Dark Banishing, Shivan Reef, Doomed Necromancer, Firestorm, Gush, Ray of Distortion, Accumulated Knowledge, Accumulated Knowledge, Yawgmoth's Will, Yawgmoth's Will, Fact or Fiction, Nightscape Familiar, Creeping Mold, Reflecting Pool, Stone Rain, Pouncing Jaguar, Opt, Tree of Tales, Phantom Centaur, Hydroblast, Karplusan Forest, Ironclaw Orcs, Autumn Willow, Tradewind Rider, Drain Life, City of Brass, Great Furnace, Yawgmoth's Bargain, Mystical Tutor"
"42","2","Red","R Burn","Goblins, Creatures","16","7","17","2.43","Goblin Warchief, Goblin Warchief, Lightning Bolt, Lightning Bolt, Lightning Bolt, Lightning Bolt, Gempalm Incinerator, Gempalm Incinerator, Goblin Piledriver, Mishra's Factory, Mishra's Factory, Ball Lightning, Sulfuric Vortex, Mogg Fanatic, Jackal Pup, Jackal Pup, Ghitu Encampment, Fireblast, Mountain, Mountain, Mountain, Mountain, Mountain, Mountain, Mountain, Mountain, Mountain, Mountain, Mountain, Mountain, Sparksmith, Mogg Flunkies, Mogg Flunkies, Mogg Flunkies, Karplusan Forest, Karplusan Forest, Goblin Sharpshooter, Incinerate, Siege-Gang Commander, Siege-Gang Commander","Eternal Dragon, Wildfire, Shivan Reef, Barren Moor, Urza's Rage, Pacifism, Arcbound Ravager, Decree of Justice, Uktabi Orangutan, Arcbound Worker, Arcbound Worker, Astral Slide, Soltari Visionary, Barbed Sextant, Earthquake, Shock, Goblin Sledder, Goblin Sledder, Swords to Plowshares, Flametongue Kavu, Flametongue Kavu, Karplusan Forest, Covetous Dragon, Skirk Prospector, Tangle Wire, Ironclaw Orcs, Avalanche Riders, Myr Incubator, Academy Rector, Empyrial Armor, Phyrexian Negator, Soltari Priest"
"42","3","Green","G Graveyard","Green","15","8","17","3.17","Albino Troll, Wasteland, Nimble Mongoose, Survival of the Fittest, Survival of the Fittest, Genesis, Eternal Witness, Llanowar Wastes, Llanowar Wastes, Llanowar Wastes, Llanowar Wastes, Llanowar Wastes, Spiritmonger, Weatherseed Treefolk, Centaur Garden, Volrath's Stronghold, Saproling Burst, Gaea's Cradle, Rancor, Basking Rootwalla, Basking Rootwalla, Forest, Forest, Forest, Forest, Forest, Forest, Forest, Forest, Roar of the Wurm, Roar of the Wurm, Birds of Paradise, Birds of Paradise, Erhnam Djinn, Arrogant Wurm, Arrogant Wurm, Wild Mongrel, Call of the Herd, Call of the Herd, Wall of Blossoms","Dance of the Dead, Patriarch's Bidding, Patriarch's Bidding, Windswept Heath, Entomb, Rapid Decay, Yavimaya Coast, Contagion, Undead Gladiator, Cursed Scroll, Dark Ritual, Dark Ritual, Giant Growth, Creeping Mold, Goblin Taskmaster, Spirit of the Night, Spike Weaver, Chainer's Edict, Visara the Dreadful, Buried Alive, Jester's Cap, Thornscape Battlemage, Thunderscape Battlemage, Stitch Together, Elfhame Palace, Saprazzan Skerry, Crumbling Sanctuary, Bloodstained Mire"
"42","4","Blue/White","UW Control","Spells","1","22","17","2.96","Parallax Wave, Parallax Wave, Accumulated Knowledge, Grim Monolith, Exalted Angel, Wrath of God, Wrath of God, Brainstorm, Fact or Fiction, Deep Analysis, Dismiss, Decree of Justice, Forbid, Repulse, Daze, Skycloud Expanse, Skycloud Expanse, Force Spike, Kjeldoran Outpost, Secluded Steppe, Secluded Steppe, Miscalculation, Swords to Plowshares, Swords to Plowshares, Island, Island, Island, Island, Island, Island, Island, Island, Memory Lapse, Plains, Plains, Misdirection, Land Tax, Adarkar Wastes, Parallax Tide, Flooded Strand","Shivan Reef, Warrior en-Kor, Frantic Search, Glory, Goblin Grappler, Serra Angel, Blazing Specter, Opalescence, Opalescence, Attunement, Soltari Monk, Masticore, Arcbound Worker, Astral Slide, Capsize, Knight of Stromgald, Quiet Speculation, Seal of Cleansing, Renewed Faith, Cloudchaser Eagle, Akroma's Vengeance, Circular Logic, Nomads en-Kor, Opposition, Order of Leitbur, Order of Leitbur, White Knight, Academy Rector, Staunch Defenders, Reprisal"
"42","5","Green","G Ramp","Creatures","17","6","17","2.70","Overrun, Plow Under, Squirrel Nest, Squirrel Nest, Eternal Witness, Eternal Witness, Wall of Roots, Wall of Roots, Yavimaya Coast, Yavimaya Coast, Yavimaya Coast, Elvish Archers, Viridian Shaman, Llanowar Elves, Llanowar Elves, Verdant Force, River Boa, Sylvan Library, Werebear, Rancor, Tranquil Thicket, Tranquil Thicket, Tranquil Thicket, Forest, Forest, Forest, Forest, Forest, Forest, Forest, Forest, Forest, Forest, Treetop Village, Birds of Paradise, Birds of Paradise, Blastoderm, Blastoderm, Wild Mongrel, Wall of Blossoms","Aeolipile, Pillage, Warrior en-Kor, Wonder, Exalted Angel, Starstorm, Yavimaya Coast, Deep Analysis, Spike Feeder, Attunement, Brushland, Soltari Monk, Masticore, Man-o'-War, Man-o'-War, Ball Lightning, Soltari Visionary, Saproling Burst, Shatter, Mirari's Wake, Rampant Growth, Force of Will, Anurid Brushhopper, Opposition, Control Magic, Krosan Verge, Phantom Nishoba, Chrome Mox, Seal of Removal, City of Brass"
"42","6","Blue","U Artifacts","Artifacts","4","19","17","3.39","Talisman of Progress, Urborg Volcano, Voltaic Key, Voltaic Key, Wildfire, Shivan Reef, Defense Grid, Tinker, Wrath of God, Icy Manipulator, Phyrexian Processor, Phyrexian Processor, Somber Hoverguard, Blinkmoth Nexus, Krark-Clan Ironworks, Mishra's Helix, Cranial Plating, Thirst for Knowledge, Force of Will, Metalworker, Mountain, Mountain, Thran Dynamo, Frogmite, Island, Island, Island, Island, Island, Island, Island, Island, Plains, Covetous Dragon, Mind Stone, Powder Keg, Counterspell, City of Traitors, Cloudpost, Cloudpost","Albino Troll, Ancient Den, Eternal Dragon, Simoon, Hammer of Bogardan, Addle, Heart of Ramos, Replenish, Bottle Gnomes, Merfolk Looter, Reflecting Pool, Wild Dogs, Arcanis the Omnipotent, Secluded Steppe, Black Knight, Renewed Faith, Fireball, Cataclysm, Swords to Plowshares, Evincar's Justice, Thawing Glaciers, Armageddon, Shrapnel Blast, Ivory Tower, Rising Waters, Order of Leitbur, Fires of Yavimaya, Pyroclasm, Aura of Silence, Flooded Strand, Impulse"
"42","7","Black","B Midrange","Spells","7","16","17","2.26","Diabolic Edict, Phyrexian Tower, Order of the Ebon Hand, Ravenous Rats, Duress, Vendetta, Vendetta, Dark Ritual, Dark Ritual, Swamp, Swamp, Swamp, Swamp, Swamp, Swamp, Swamp, Swamp, Swamp, Swamp, Swamp, Swamp, Swamp, Swamp, Innocent Blood, Hypnotic Specter, Hypnotic Specter, Chainer's Edict, Underground River, Underground River, Necropotence, Necropotence, Necropotence, Hymn to Tourach, Smother, Phyrexian Scuta, Stupor, Nekrataal, Nekrataal, Ghastly Demise, Phyrexian Arena","Shivan Reef, Shadowblood Ridge, Recoil, Frantic Search, Order of the Ebon Hand, Last Rites, Careful Study, Wax // Wane, Fallen Askari, Deep Analysis, Plague Spitter, Salt Marsh, Undermine, Arcbound Worker, Underground River, Miscalculation, Black Knight, Ornithopter, Recurring Nightmare, Recurring Nightmare, Waterfront Bouncer, Spite // Malice, Zombify, Karplusan Forest, Mana Leak, Elfhame Palace, Counterspell, Psychatog, Psychatog, Drain Life, Anger, Sulfurous Springs, Soltari Priest, Bloodstained Mire"
"42","8","Blue","U Artifacts","Artifacts","6","17","17","2.78","Talisman of Progress, Winter Orb, Sky Diamond, Ancient Tomb, Tinker, Icy Manipulator, Seat of the Synod, Darkwater Catacombs, Arcbound Ravager, Arcbound Ravager, Krark-Clan Ironworks, Pentad Prism, Cranial Plating, Upheaval, Darksteel Citadel, Force of Will, Metalworker, Ornithopter, Frogmite, Frogmite, Island, Island, Island, Island, Island, Island, Island, Island, Island, Plains, Tangle Wire, Cephalid Coliseum, Mind Stone, Thoughtcast, Thoughtcast, Howling Mine, Welding Jar, Chrome Mox, Rishadan Port, Cloudpost","Ancient Den, Vault of Whispers, Balance, Accumulated Knowledge, Replenish, Aquamoeba, Serum Visions, Brushland, Terminate, Kavu Chameleon, Miscalculation, Nevinyrral's Disk, Condescend, Fire Diamond, Symbiotic Wurm, Disenchant, Akroma's Vengeance, Fire // Ice, Circular Logic, Wing Shards, Nomads en-Kor, Enlightened Tutor, Counterspell, Counterspell, Ghazbán Ogre, Confiscate, Black Vise, Fires of Yavimaya, Empyrial Armor, Paladin en-Vec"
"43","1","Red","R Burn","Goblins","14","9","17","2.39","Shadowblood Ridge, Firestorm, Lightning Bolt, Gempalm Incinerator, Blazing Specter, Mishra's Factory, Mishra's Factory, Terminate, Goblin Taskmaster, Stone Rain, Volrath's Stronghold, Ball Lightning, Sulfuric Vortex, Jackal Pup, Mountain, Mountain, Mountain, Mountain, Mountain, Mountain, Mountain, Mountain, Shock, Flametongue Kavu, Sparksmith, Mogg Flunkies, Mogg Flunkies, Mogg Flunkies, Karplusan Forest, Karplusan Forest, Tangle Wire, Ironclaw Orcs, Ironclaw Orcs, Incinerate, Siege-Gang Commander, Siege-Gang Commander, Black Vise, Great Furnace, Great Furnace, Sulfurous Springs","Diabolic Edict, Phyrexian Tower, Contagion, Goblin Grappler, Fallen Askari, Vendetta, Centaur Garden, Plague Spitter, Arcbound Ravager, Arcbound Ravager, Uktabi Orangutan, Arcbound Worker, Arcbound Worker, Wild Dogs, Cranial Plating, Cranial Plating, Soltari Visionary, Karplusan Forest, Evincar's Justice, Stupor, Disciple of the Vault, Disciple of the Vault, Rising Waters, Fires of Yavimaya, Staunch Defenders, City of Brass, Soltari Priest, Soltari Priest"
"43","2","Black/Blue","BU Tempo","Spells","10","13","17","2.96","Cabal Therapy, Ravenous Rats, Llanowar Wastes, Barren Moor, Undead Gladiator, Vendetta, Dark Ritual, Aquamoeba, Swamp, Swamp, Swamp, Swamp, Swamp, Swamp, Swamp, Swamp, Swamp, Swamp, Swamp, Undermine, Spirit of the Night, Hypnotic Specter, Visara the Dreadful, Underground River, Underground River, Underground River, Necropotence, Smother, Circular Logic, Circular Logic, Island, Zombify, Stitch Together, Counterspell, Nekrataal, Nekrataal, Psychatog, Psychatog, Ghastly Demise, Phyrexian Arena","Survival of the Fittest, Doomed Necromancer, Grim Monolith, Patriarch's Bidding, Entomb, Exalted Angel, Last Rites, Llanowar Wastes, Careful Study, Addle, Somber Hoverguard, Yavimaya Coast, Elvish Archers, Deep Analysis, Spike Feeder, Attunement, Reflecting Pool, Buried Alive, Knight of Stromgald, Thirst for Knowledge, Black Knight, Symbiotic Wurm, Tranquil Thicket, Waterfront Bouncer, Anurid Brushhopper, Opposition, Elfhame Palace, Tradewind Rider, Arrogant Wurm, Phantom Nishoba, Call of the Herd, Wall of Blossoms"
"43","3","Blue/White","UW Artifacts","Artifacts, Spells","6","17","17","2.87","Talisman of Progress, Ancient Den, Vault of Whispers, Voltaic Key, Balance, Sky Diamond, Grim Monolith, Ancient Tomb, Tinker, Tinker, Tinker, Seat of the Synod, Yavimaya Coast, Masticore, Skycloud Expanse, Upheaval, Secluded Steppe, Metalworker, Metalworker, Ornithopter, Thran Dynamo, Frogmite, Frogmite, Swords to Plowshares, Worn Powerstone, Worn Powerstone, Island, Island, Island, Plains, Plains, Plains, Plains, Enlightened Tutor, Mind Stone, Thoughtcast, Thoughtcast, Flooded Strand, Cloudpost, Cloudpost","Zuran Orb, Vault of Whispers, Shivan Reef, Warrior en-Kor, Windswept Heath, Phyrexian Processor, Yavimaya Coast, Scrabbling Claws, Replenish, Temporal Aperture, Pacifism, Capsize, Thornscape Battlemage, Condescend, Fire Diamond, Barbed Sextant, Barbed Sextant, Frogmite, Renewed Faith, Akroma's Vengeance, Nomads en-Kor, Armageddon, Powder Keg, Order of Leitbur, Order of Leitbur, Krosan Verge, Mystical Tutor"
"43","4","Black/Blue","BU Tempo","Spells","2","21","17","2.43","Recoil, Frantic Search, Yawgmoth's Will, Yawgmoth's Will, Duress, Blinkmoth Nexus, Fact or Fiction, Darkwater Catacombs, Talisman of Dominance, Dark Ritual, Dark Ritual, Dark Ritual, Swamp, Swamp, Swamp, Swamp, Swamp, Swamp, Swamp, Swamp, Swamp, Swamp, Serum Visions, Nightscape Familiar, Deep Analysis, Crystal Vein, Man-o'-War, Salt Marsh, Opt, Chainer's Edict, Necropotence, Necropotence, Hymn to Tourach, Spite // Malice, Mana Leak, Cephalid Coliseum, Counterspell, Saprazzan Skerry, Vampiric Tutor, Bloodstained Mire","Urborg Volcano, Ancient Den, Dark Banishing, Dance of the Dead, Accumulated Knowledge, Defense Grid, Order of the Ebon Hand, Llanowar Wastes, Icy Manipulator, Yavimaya Coast, Brushland, Innocent Blood, Repulse, Hypnotic Specter, Spike Weaver, Chainer's Edict, Saproling Burst, Kavu Chameleon, Arcanis the Omnipotent, Tree of Tales, Quiet Speculation, Black Knight, Recurring Nightmare, Recurring Nightmare, Control Magic, White Knight, Drain Life, Empyrial Armor, Phyrexian Negator, Paladin en-Vec"
"43","5","Blue","U Artifacts","Artifacts, Spells","2","21","17","2.74","Voltaic Key, Wildfire, Shivan Reef, Shivan Reef, Shivan Reef, Shivan Reef, Frantic Search, Accumulated Knowledge, Accumulated Knowledge, Grim Monolith, Phyrexian Processor, Brainstorm, Seat of the Synod, Fact or Fiction, Fact or Fiction, Man-o'-War, Mishra's Helix, Pentad Prism, Miscalculation, Fellwar Stone, Mountain, Mountain, Island, Island, Island, Island, Island, Island, Island, Memory Lapse, Tangle Wire, Mind Stone, Phyrexian Colossus, Counterspell, Counterspell, Howling Mine, Chrome Mox, Flooded Strand, Cloudpost, Cloudpost","Aeolipile, Warrior en-Kor, Gush, Accumulated Knowledge, Rapid Decay, Starstorm, Glory, Lightning Bolt, Serra Angel, Dismiss, Serrated Arrows, Merfolk Looter, Reflecting Pool, Daze, Astral Slide, Shatter, Earthquake, Seal of Cleansing, Fire // Ice, Basking Rootwalla, Karplusan Forest, Opposition, Avalanche Riders, Ghazbán Ogre, Order of Leitbur, Pyroclasm, Drain Life, Reprisal, Bloodstained Mire"
"43","6","Blue/White","UW Control","Spells, Enchantments","2","21","17","3.52","Talisman of Progress, Eternal Dragon, Eternal Dragon, Wasteland, Parallax Wave, Parallax Wave, Wrath of God, Wrath of God, Wrath of God, Replenish, Opalescence, Opalescence, Decree of Justice, Decree of Justice, Skycloud Expanse, Secluded Steppe, Secluded Steppe, Miscalculation, Miscalculation, Force of Will, Force of Will, Force of Will, Swords to Plowshares, Swords to Plowshares, Swords to Plowshares, Island, Island, Plains, Plains, Plains, Plains, Plains, Plains, Plains, Plains, Plains, Plains, Land Tax, Adarkar Wastes, Impulse","Voltaic Key, Plow Under, Exalted Angel, Wall of Roots, Deep Analysis, Attunement, Soltari Monk, Krark-Clan Ironworks, Forbid, Astral Slide, Mirari's Wake, Jester's Cap, Force Spike, Thirst for Knowledge, Thran Dynamo, Disenchant, Cloudchaser Eagle, Akroma's Vengeance, Cataclysm, Wing Shards, Roar of the Wurm, Nomads en-Kor, Misdirection, Thawing Glaciers, Confiscate, Fires of Yavimaya, Parallax Tide, Academy Rector, Chrome Mox, Empyrial Armor, Seal of Removal, City of Brass"
"43","7","Red","R Burn","Spells, Goblins","14","9","17","2.30","Pillage, Winter Orb, Hammer of Bogardan, Urza's Rage, Goblin Warchief, Goblin Warchief, Blinkmoth Nexus, Lightning Bolt, Lightning Bolt, Gempalm Incinerator, Goblin Piledriver, Ball Lightning, Mogg Fanatic, Karn, Silver Golem, Darksteel Citadel, Jackal Pup, Ghitu Encampment, Fireblast, Ornithopter, Mountain, Mountain, Mountain, Mountain, Mountain, Mountain, Mountain, Mountain, Mountain, Mountain, Mountain, Mountain, Fireball, Goblin Sledder, Goblin Sledder, Flametongue Kavu, Skirk Prospector, Shrapnel Blast, Goblin Sharpshooter, City of Traitors, Rishadan Port","Gemstone Mine, Wildfire, Simoon, Ray of Distortion, Patriarch's Bidding, Llanowar Wastes, Icy Manipulator, Spiritmonger, Somber Hoverguard, Heart of Ramos, Cursed Scroll, Bottle Gnomes, Soltari Monk, Masticore, Arcbound Ravager, Krark-Clan Ironworks, Arcbound Worker, Arcbound Worker, Kjeldoran Outpost, Thunderscape Battlemage, Frogmite, Renewed Faith, Hydroblast, Karplusan Forest, Covetous Dragon, Covetous Dragon, Myr Incubator, Ivory Tower, Welding Jar, Anger, Yawgmoth's Bargain, Crumbling Sanctuary"
"43","8","Green","G Ramp","Creatures","17","6","17","2.52","Survival of the Fittest, Genesis, Eternal Witness, Eternal Witness, Eternal Witness, Wall of Roots, Llanowar Elves, Llanowar Elves, Verdant Force, Gaea's Cradle, Sylvan Library, Werebear, Rancor, Rancor, Tranquil Thicket, Tranquil Thicket, Basking Rootwalla, Forest, Forest, Forest, Forest, Forest, Forest, Forest, Forest, Forest, Forest, Forest, Forest, Forest, Treetop Village, Roar of the Wurm, Birds of Paradise, Birds of Paradise, Birds of Paradise, Birds of Paradise, Arrogant Wurm, Wild Mongrel, Wild Mongrel, Call of the Herd","Albino Troll, Albino Troll, Nimble Mongoose, Overrun, Wonder, Squirrel Nest, Squirrel Nest, Order of the Ebon Hand, Llanowar Wastes, Yavimaya Coast, Wax // Wane, Weatherseed Treefolk, Giant Growth, Creeping Mold, Creeping Mold, Viridian Shaman, Brushland, Pouncing Jaguar, Soltari Visionary, Saproling Burst, Rampant Growth, River Boa, Nevinyrral's Disk, Phantom Centaur, Phyrexian Scuta, Autumn Willow, Elfhame Palace, Erhnam Djinn, Blastoderm, Blastoderm, Academy Rector, Aura of Silence, Wall of Blossoms"
"44","1","Red","R Burn","Goblins","15","8","17","2.65","Urborg Volcano, Shadowblood Ridge, Hammer of Bogardan, Urza's Rage, Goblin Warchief, Lightning Bolt, Gempalm Incinerator, Gempalm Incinerator, Goblin Piledriver, Dark Ritual, Crystal Vein, Terminate, Volrath's Stronghold, Ball Lightning, Mogg Fanatic, Jackal Pup, Earthquake, Fireblast, Mountain, Mountain, Mountain, Mountain, Mountain, Mountain, Mountain, Mountain, Goblin Sledder, Flametongue Kavu, Sparksmith, Skirk Prospector, Ironclaw Orcs, Avalanche Riders, Myr Incubator, Goblin Sharpshooter, Siege-Gang Commander, City of Traitors, Rishadan Port, Sulfurous Springs, Bloodstained Mire, Bloodstained Mire","Cabal Therapy, Zuran Orb, Nimble Mongoose, Simoon, Patriarch's Bidding, Ravenous Rats, Last Rites, Yawgmoth's Will, Yawgmoth's Will, Spiritmonger, Nightscape Familiar, Salt Marsh, Hypnotic Specter, Chainer's Edict, Chainer's Edict, Kavu Chameleon, Black Knight, Fellwar Stone, Recurring Nightmare, Smother, Akroma's Vengeance, Wing Shards, Roar of the Wurm, Karplusan Forest, Disciple of the Vault, Nekrataal, Arrogant Wurm, Phyrexian Negator"
"44","2","Green","G Ramp","Creatures","17","6","17","2.91","Albino Troll, Survival of the Fittest, Overrun, Eternal Witness, Eternal Witness, Eternal Witness, Llanowar Wastes, Llanowar Wastes, Llanowar Wastes, Wall of Roots, Wall of Roots, Weatherseed Treefolk, Viridian Shaman, Centaur Garden, Llanowar Elves, Saproling Burst, Sylvan Library, Werebear, Symbiotic Wurm, Phantom Centaur, Rancor, Tranquil Thicket, Basking Rootwalla, Forest, Forest, Forest, Forest, Forest, Forest, Forest, Forest, Forest, Forest, Treetop Village, Roar of the Wurm, Karplusan Forest, Birds of Paradise, Birds of Paradise, Wild Mongrel, Wall of Blossoms","Albino Troll, Wildfire, Firestorm, Ray of Distortion, Defense Grid, Squirrel Nest, Llanowar Wastes, Starstorm, Yavimaya Coast, Replenish, Elvish Archers, Creeping Mold, Creeping Mold, Serrated Arrows, Decree of Justice, Uktabi Orangutan, Astral Slide, Spike Weaver, Kjeldoran Outpost, Jackal Pup, Renewed Faith, Fireball, Flametongue Kavu, Mogg Flunkies, Karplusan Forest, Autumn Willow, Erhnam Djinn, Fires of Yavimaya, Anger, City of Brass"
"44","3","Red","R Burn","Artifacts, Constructs","11","12","17","1.43","Winter Orb, Blinkmoth Nexus, Lightning Bolt, Lightning Bolt, Cursed Scroll, Swamp, Swamp, Swamp, Swamp, Mishra's Factory, Arcbound Ravager, Arcbound Ravager, Arcbound Ravager, Arcbound Worker, Arcbound Worker, Arcbound Worker, Arcbound Worker, Cranial Plating, Cranial Plating, Ghitu Encampment, Ornithopter, Ornithopter, Mountain, Mountain, Mountain, Mountain, Mountain, Mountain, Mountain, Mountain, Mountain, Frogmite, Frogmite, Shock, Shrapnel Blast, Incinerate, Black Vise, Chrome Mox, Chrome Mox, Great Furnace","Ancient Den, Pillage, Wildfire, Warrior en-Kor, Grim Monolith, Grim Monolith, Phyrexian Processor, Somber Hoverguard, Temporal Aperture, Masticore, Goblin Taskmaster, Krark-Clan Ironworks, Mishra's Helix, Stone Rain, Pentad Prism, Ball Lightning, Soltari Visionary, Shatter, Fire Diamond, Metalworker, Metalworker, Swords to Plowshares, Mogg Flunkies, Covetous Dragon, Tangle Wire, Howling Mine, Order of Leitbur, Order of Leitbur, White Knight, Welding Jar, Empyrial Armor, Reprisal, Paladin en-Vec"
"44","4","Black","B Midrange","Spells, Enchantments, Knights","9","14","17","2.35","Vault of Whispers, Vault of Whispers, Wasteland, Dark Banishing, Phyrexian Tower, Order of the Ebon Hand, Order of the Ebon Hand, Barren Moor, Duress, Fallen Askari, Undead Gladiator, Dark Ritual, Dark Ritual, Swamp, Swamp, Swamp, Swamp, Swamp, Swamp, Swamp, Swamp, Swamp, Swamp, Swamp, Mishra's Factory, Plague Spitter, Innocent Blood, Hypnotic Specter, Knight of Stromgald, Black Knight, Necropotence, Necropotence, Necropotence, Hymn to Tourach, Phyrexian Scuta, Ghastly Demise, Drain Life, Vampiric Tutor, Phyrexian Arena, Yawgmoth's Bargain","Aeolipile, Gemstone Mine, Doomed Necromancer, Patriarch's Bidding, Scrabbling Claws, Opalescence, Opalescence, Attunement, Attunement, Masticore, Undermine, Opt, Visara the Dreadful, Underground River, Jester's Cap, Tree of Tales, Nevinyrral's Disk, Thunderscape Battlemage, Seal of Cleansing, Frogmite, Hydroblast, Evincar's Justice, Cephalid Coliseum, Disciple of the Vault, Powder Keg, Order of Leitbur, Saprazzan Skerry, Staunch Defenders, City of Brass, Soltari Priest, Crumbling Sanctuary"
"44","5","Black/Blue","BU Reanimator","Spells","6","17","17","3.22","Dance of the Dead, Entomb, Llanowar Wastes, Careful Study, Yavimaya Coast, Yavimaya Coast, Fact or Fiction, Fact or Fiction, Darkwater Catacombs, Dark Ritual, Swamp, Swamp, Swamp, Swamp, Swamp, Deep Analysis, Deep Analysis, Merfolk Looter, Spirit of the Night, Buried Alive, Underground River, Underground River, Thirst for Knowledge, Thirst for Knowledge, Force of Will, Recurring Nightmare, Circular Logic, Island, Island, Island, Island, Island, Waterfront Bouncer, Zombify, Stitch Together, Adarkar Wastes, Psychatog, Psychatog, Phantom Nishoba, Mystical Tutor","Diabolic Edict, Recoil, Gush, Wonder, Tinker, Exalted Angel, Wrath of God, Wrath of God, Addle, Glory, Goblin Warchief, Contagion, Vendetta, Vendetta, Bottle Gnomes, Forbid, Repulse, Barbed Sextant, Nomads en-Kor, Nomads en-Kor, Memory Lapse, Stupor, Counterspell, Control Magic, Nekrataal, Rising Waters, Parallax Tide, Drain Life, Flooded Strand, Great Furnace"
"44","6","Blue","U Value","Spells","2","21","17","2.43","Shivan Reef, Shivan Reef, Shivan Reef, Shivan Reef, Accumulated Knowledge, Accumulated Knowledge, Accumulated Knowledge, Accumulated Knowledge, Brainstorm, Yavimaya Coast, Fact or Fiction, Lightning Bolt, Serum Visions, Dismiss, Man-o'-War, Man-o'-War, Miscalculation, Miscalculation, Miscalculation, Force of Will, Condescend, Fire // Ice, Island, Island, Island, Island, Island, Island, Island, Island, Island, Karplusan Forest, Misdirection, Mana Leak, Counterspell, Counterspell, Counterspell, Impulse, Cloudpost, Cloudpost","Warrior en-Kor, Frantic Search, Icy Manipulator, Icy Manipulator, Yavimaya Coast, Heart of Ramos, Pouncing Jaguar, Wild Dogs, Capsize, Soltari Visionary, Mirari's Wake, Arcanis the Omnipotent, Quiet Speculation, Cloudchaser Eagle, Cataclysm, Circular Logic, Worn Powerstone, Basking Rootwalla, Karplusan Forest, Opposition, Opposition, Ironclaw Orcs, Tradewind Rider, Ghazbán Ogre, Confiscate, Siege-Gang Commander, Fires of Yavimaya, Call of the Herd, Seal of Removal"
"44","7","Green/White","GW Counters","Enchantments","13","10","17","3.04","Parallax Wave, Parallax Wave, Survival of the Fittest, Genesis, Ancient Tomb, Plow Under, Windswept Heath, Squirrel Nest, Serra Angel, Spike Feeder, Brushland, Brushland, Pacifism, Llanowar Elves, Verdant Force, Gaea's Cradle, River Boa, Secluded Steppe, Secluded Steppe, Secluded Steppe, Rancor, Tranquil Thicket, Tranquil Thicket, Swords to Plowshares, Forest, Forest, Plains, Plains, Plains, Anurid Brushhopper, Armageddon, Elfhame Palace, Elfhame Palace, Birds of Paradise, Birds of Paradise, Blastoderm, Blastoderm, Wild Mongrel, Call of the Herd, Wall of Blossoms","Eternal Dragon, Eternal Dragon, Wrath of God, Wax // Wane, Goblin Grappler, Blazing Specter, Replenish, Aquamoeba, Giant Growth, Soltari Monk, Decree of Justice, Reflecting Pool, Saproling Burst, Rampant Growth, Thornscape Battlemage, Mogg Flunkies, Thawing Glaciers, Phyrexian Colossus, Land Tax, Krosan Verge, Arrogant Wurm, Academy Rector, Academy Rector, Empyrial Armor, Soltari Priest"
"44","8","Blue/White","UW Artifacts","Artifacts, Spells","1","22","17","2.74","Talisman of Progress, Talisman of Progress, Ancient Den, Voltaic Key, Voltaic Key, Voltaic Key, Balance, Sky Diamond, Grim Monolith, Tinker, Tinker, Seat of the Synod, Seat of the Synod, Blinkmoth Nexus, Talisman of Dominance, Krark-Clan Ironworks, Skycloud Expanse, Skycloud Expanse, Upheaval, Karn, Silver Golem, Darksteel Citadel, Thran Dynamo, Thran Dynamo, Swords to Plowshares, Worn Powerstone, Island, Island, Island, Island, Island, Island, Plains, Enlightened Tutor, Mind Stone, Mind Stone, Thoughtcast, Thoughtcast, Flooded Strand, Cloudpost, Cloudpost","Shivan Reef, Frantic Search, Rapid Decay, Exalted Angel, Phyrexian Processor, Somber Hoverguard, Deep Analysis, Soltari Monk, Reflecting Pool, Daze, Astral Slide, Sulfuric Vortex, Force Spike, Force of Will, Barbed Sextant, Disenchant, Frogmite, Renewed Faith, Akroma's Vengeance, Goblin Sledder, Swords to Plowshares, Spite // Malice, Covetous Dragon, Tangle Wire, Ivory Tower, Pyroclasm, Aura of Silence"
"45","1","Black","B Midrange","Spells, Enchantments","4","19","17","2.61","Cabal Therapy, Diabolic Edict, Doomed Necromancer, Dance of the Dead, Entomb, Duress, Dark Ritual, Dark Ritual, Swamp, Swamp, Swamp, Swamp, Swamp, Swamp, Swamp, Swamp, Swamp, Swamp, Swamp, Swamp, Swamp, Swamp, Mishra's Factory, Crystal Vein, Innocent Blood, Spirit of the Night, Volrath's Stronghold, Hypnotic Specter, Buried Alive, Necropotence, Necropotence, Necropotence, Hymn to Tourach, Recurring Nightmare, Recurring Nightmare, Zombify, Stupor, Nekrataal, Ghastly Demise, Phyrexian Arena","Urborg Volcano, Dark Banishing, Recoil, Wonder, Rapid Decay, Squirrel Nest, Order of the Ebon Hand, Order of the Ebon Hand, Exalted Angel, Last Rites, Yawgmoth's Will, Careful Study, Addle, Contagion, Fallen Askari, Vendetta, Aquamoeba, Plague Spitter, Terminate, Pouncing Jaguar, Wild Dogs, Soltari Visionary, Chainer's Edict, River Boa, Knight of Stromgald, Black Knight, Phyrexian Scuta, Anurid Brushhopper, Tradewind Rider, Psychatog, Drain Life, Yawgmoth's Bargain, Soltari Priest, Crumbling Sanctuary"
"45","2","Red","R Burn","Spells, Goblins","12","11","17","2.26","Hammer of Bogardan, Urza's Rage, Goblin Warchief, Blinkmoth Nexus, Lightning Bolt, Lightning Bolt, Goblin Taskmaster, Ball Lightning, Sulfuric Vortex, Shatter, Jackal Pup, Thunderscape Battlemage, Fireblast, Mountain, Mountain, Mountain, Mountain, Mountain, Mountain, Mountain, Mountain, Shock, Fireball, Goblin Sledder, Flametongue Kavu, Mogg Flunkies, Mogg Flunkies, Karplusan Forest, Karplusan Forest, Karplusan Forest, Karplusan Forest, Karplusan Forest, Skirk Prospector, Ironclaw Orcs, Avalanche Riders, Howling Mine, Incinerate, City of Brass, Rishadan Port, Sulfurous Springs","Albino Troll, Albino Troll, Aeolipile, Shivan Reef, Nimble Mongoose, Overrun, Wrath of God, Yavimaya Coast, Giant Growth, Creeping Mold, Spike Feeder, Attunement, Brushland, Soltari Monk, Masticore, Reflecting Pool, Arcbound Worker, Saproling Burst, Rampant Growth, Thornscape Battlemage, Barbed Sextant, Treetop Village, Nomads en-Kor, Fires of Yavimaya, Call of the Herd, City of Brass, Bloodstained Mire, Paladin en-Vec"
"45","3","Green","G Graveyard","Creatures","19","4","17","2.87","Survival of the Fittest, Survival of the Fittest, Genesis, Eternal Witness, Eternal Witness, Eternal Witness, Llanowar Wastes, Llanowar Wastes, Llanowar Wastes, Llanowar Wastes, Wall of Roots, Llanowar Elves, Verdant Force, Gaea's Cradle, Sylvan Library, Werebear, Symbiotic Wurm, Phantom Centaur, Tranquil Thicket, Basking Rootwalla, Basking Rootwalla, Forest, Forest, Forest, Forest, Forest, Forest, Forest, Forest, Forest, Forest, Forest, Birds of Paradise, Birds of Paradise, Birds of Paradise, Blastoderm, Arrogant Wurm, Wild Mongrel, Wild Mongrel, Call of the Herd","Phyrexian Tower, Patriarch's Bidding, Llanowar Wastes, Barren Moor, Spiritmonger, Blazing Specter, Undead Gladiator, Vendetta, Replenish, Replenish, Opalescence, Viridian Shaman, Uktabi Orangutan, Hypnotic Specter, Visara the Dreadful, Secluded Steppe, Roar of the Wurm, Roar of the Wurm, Stitch Together, Tangle Wire, Nekrataal, Blastoderm, Psychatog, Order of Leitbur, Parallax Tide, Academy Rector, Phantom Nishoba, Wall of Blossoms, Wall of Blossoms, Phyrexian Negator, Soltari Priest"
"45","4","Blue","U Tempo","Spells","1","22","17","2.83","Wasteland, Gush, Frantic Search, Frantic Search, Accumulated Knowledge, Accumulated Knowledge, Brainstorm, Fact or Fiction, Fact or Fiction, Deep Analysis, Deep Analysis, Man-o'-War, Forbid, Daze, Opt, Capsize, Underground River, Miscalculation, Miscalculation, Force of Will, Force of Will, Island, Island, Island, Island, Island, Island, Island, Island, Island, Island, Island, Island, Island, Island, Mana Leak, Counterspell, Counterspell, Saprazzan Skerry, Seal of Removal","Vault of Whispers, Voltaic Key, Shivan Reef, Sky Diamond, Grim Monolith, Ravenous Rats, Phyrexian Processor, Darkwater Catacombs, Dark Ritual, Dark Ritual, Nightscape Familiar, Creeping Mold, Attunement, Brushland, Undermine, Astral Slide, Skycloud Expanse, Chainer's Edict, Underground River, Secluded Steppe, Thirst for Knowledge, Black Knight, Fellwar Stone, Renewed Faith, Smother, Akroma's Vengeance, Waterfront Bouncer, Spite // Malice, Hydroblast, Opposition, Drain Life, Vampiric Tutor, Reprisal, Bloodstained Mire"
"45","5","Black/Blue","BU Artifacts","Artifacts","9","14","17","2.52","Ancient Den, Voltaic Key, Winter Orb, Grim Monolith, Ancient Tomb, Tinker, Seat of the Synod, Somber Hoverguard, Talisman of Dominance, Swamp, Swamp, Swamp, Swamp, Swamp, Masticore, Arcbound Ravager, Krark-Clan Ironworks, Cranial Plating, Darksteel Citadel, Metalworker, Metalworker, Ornithopter, Thran Dynamo, Frogmite, Frogmite, Worn Powerstone, Island, Island, Island, Island, Plains, Plains, Plains, Plains, Tangle Wire, Enlightened Tutor, Disciple of the Vault, Mind Stone, Mind Stone, Chrome Mox","Ancient Den, Eternal Dragon, Zuran Orb, Wildfire, Shivan Reef, Exalted Angel, Wrath of God, Wrath of God, Glory, Somber Hoverguard, Temporal Aperture, Bottle Gnomes, Opalescence, Decree of Justice, Arcbound Worker, Arcbound Worker, Soltari Visionary, Arcanis the Omnipotent, Fire Diamond, Seal of Cleansing, Disenchant, Renewed Faith, Cataclysm, Swords to Plowshares, Swords to Plowshares, Covetous Dragon, Elfhame Palace, Myr Incubator, Order of Leitbur, White Knight, Anger, Staunch Defenders, Great Furnace"
"45","6","Green/Red","GR Burn","Goblins","15","8","17","2.26","Goblin Warchief, Blinkmoth Nexus, Lightning Bolt, Lightning Bolt, Gempalm Incinerator, Gempalm Incinerator, Goblin Piledriver, Cursed Scroll, Mishra's Factory, Centaur Garden, Stone Rain, Ball Lightning, Mogg Fanatic, Jackal Pup, Earthquake, Ghitu Encampment, Rancor, Rancor, Tranquil Thicket, Mountain, Mountain, Mountain, Mountain, Mountain, Mountain, Mountain, Mountain, Mountain, Mountain, Mountain, Mountain, Goblin Sledder, Flametongue Kavu, Sparksmith, Mogg Flunkies, Ironclaw Orcs, Goblin Sharpshooter, Siege-Gang Commander, Siege-Gang Commander, Fires of Yavimaya","Pillage, Gemstone Mine, Wildfire, Warrior en-Kor, Simoon, Firestorm, Squirrel Nest, Starstorm, Yavimaya Coast, Wax // Wane, Goblin Grappler, Weatherseed Treefolk, Elvish Archers, Arcbound Ravager, Arcbound Ravager, Llanowar Elves, Salt Marsh, Saproling Burst, Kavu Chameleon, Jester's Cap, Quiet Speculation, Nevinyrral's Disk, Cloudchaser Eagle, Autumn Willow, Birds of Paradise, Shrapnel Blast, Erhnam Djinn, Order of Leitbur, Krosan Verge, Arrogant Wurm, Black Vise, Pyroclasm"
"45","7","Blue","U Tempo","Spells","2","21","17","2.78","Accumulated Knowledge, Accumulated Knowledge, Fact or Fiction, Serum Visions, Deep Analysis, Dismiss, Merfolk Looter, Man-o'-War, Repulse, Force Spike, Miscalculation, Thirst for Knowledge, Force of Will, Condescend, Circular Logic, Island, Island, Island, Island, Island, Island, Island, Island, Island, Island, Island, Island, Island, Island, Memory Lapse, Misdirection, Cephalid Coliseum, Counterspell, Counterspell, Control Magic, Confiscate, Flooded Strand, Flooded Strand, Impulse, Mystical Tutor","Talisman of Progress, Eternal Dragon, Parallax Wave, Parallax Wave, Shivan Reef, Ray of Distortion, Tinker, Tinker, Windswept Heath, Yawgmoth's Will, Icy Manipulator, Yavimaya Coast, Scrabbling Claws, Serra Angel, Heart of Ramos, Pacifism, Decree of Justice, Astral Slide, Skycloud Expanse, Mirari's Wake, Underground River, Kjeldoran Outpost, Tranquil Thicket, Fire // Ice, Swords to Plowshares, Nomads en-Kor, Opposition, Evincar's Justice, Disciple of the Vault, Powder Keg, Ghazbán Ogre, Adarkar Wastes, Academy Rector, Empyrial Armor"
"45","8","Blue","U Combo","Artifacts","5","18","17","3.22","Talisman of Progress, Voltaic Key, Grim Monolith, Icy Manipulator, Phyrexian Processor, Seat of the Synod, Yavimaya Coast, Serrated Arrows, Krark-Clan Ironworks, Mishra's Helix, Pentad Prism, Cranial Plating, Upheaval, Karn, Silver Golem, Ornithopter, Thran Dynamo, Frogmite, Frogmite, Worn Powerstone, Island, Island, Island, Island, Island, Island, Island, Island, Island, Island, Phyrexian Colossus, Thoughtcast, Thoughtcast, Ivory Tower, Welding Jar, Chrome Mox, City of Traitors, Cloudpost, Cloudpost, Cloudpost, Cloudpost","Vault of Whispers, Shivan Reef, Warrior en-Kor, Shadowblood Ridge, Balance, Defense Grid, Plow Under, Patriarch's Bidding, Wall of Roots, Yavimaya Coast, Soltari Monk, Reflecting Pool, Arcbound Worker, Spike Weaver, Tree of Tales, Secluded Steppe, Barbed Sextant, Akroma's Vengeance, Circular Logic, Swords to Plowshares, Wing Shards, Covetous Dragon, Thawing Glaciers, Armageddon, Elfhame Palace, Land Tax, Rising Waters, Aura of Silence, Empyrial Armor, Great Furnace"
"46","1","Red","R Burn","Spells","9","14","17","2.43","Pillage, Shivan Reef, Shivan Reef, Shivan Reef, Hammer of Bogardan, Urza's Rage, Lightning Bolt, Lightning Bolt, Lightning Bolt, Lightning Bolt, Ball Lightning, Mogg Fanatic, Jackal Pup, Earthquake, Ghitu Encampment, Fireblast, Mountain, Mountain, Mountain, Mountain, Mountain, Mountain, Mountain, Mountain, Mountain, Mountain, Mountain, Mountain, Shock, Fireball, Worn Powerstone, Flametongue Kavu, Ironclaw Orcs, Avalanche Riders, Goblin Sharpshooter, Incinerate, Siege-Gang Commander, Pyroclasm, Anger, Great Furnace","Wildfire, Wildfire, Shivan Reef, Accumulated Knowledge, Accumulated Knowledge, Sky Diamond, Grim Monolith, Defense Grid, Starstorm, Fact or Fiction, Deep Analysis, Creeping Mold, Serrated Arrows, Man-o'-War, Arcbound Worker, Capsize, Force of Will, Nevinyrral's Disk, Barbed Sextant, Thran Dynamo, Circular Logic, Hydroblast, Karplusan Forest, Opposition, Covetous Dragon, Counterspell, Counterspell, Thoughtcast, Rising Waters, Confiscate, Fires of Yavimaya, City of Brass"
"46","2","Blue","U Artifacts","Artifacts, Spells","3","20","17","2.74","Voltaic Key, Voltaic Key, Accumulated Knowledge, Grim Monolith, Grim Monolith, Ancient Tomb, Tinker, Tinker, Icy Manipulator, Phyrexian Processor, Seat of the Synod, Scrabbling Claws, Talisman of Dominance, Crystal Vein, Masticore, Pentad Prism, Upheaval, Underground River, Miscalculation, Thirst for Knowledge, Ornithopter, Thran Dynamo, Island, Island, Island, Island, Island, Island, Island, Island, Island, Island, Island, Misdirection, Cephalid Coliseum, Phyrexian Colossus, Counterspell, Impulse, Cloudpost, Mystical Tutor","Zuran Orb, Vault of Whispers, Gemstone Mine, Shivan Reef, Recoil, Llanowar Wastes, Yawgmoth's Will, Yawgmoth's Will, Yavimaya Coast, Heart of Ramos, Dark Ritual, Aquamoeba, Attunement, Decree of Justice, Reflecting Pool, Undermine, Forbid, Stone Rain, Repulse, Verdant Force, Jester's Cap, Quiet Speculation, Mogg Flunkies, Karplusan Forest, Covetous Dragon, Ivory Tower, Order of Leitbur, Vampiric Tutor, Wall of Blossoms, Yawgmoth's Bargain, Crumbling Sanctuary"
"46","3","Black/Green","BG Graveyard","Black/Green","14","9","17","2.96","Survival of the Fittest, Survival of the Fittest, Doomed Necromancer, Genesis, Phyrexian Tower, Eternal Witness, Eternal Witness, Llanowar Wastes, Llanowar Wastes, Llanowar Wastes, Llanowar Wastes, Barren Moor, Spiritmonger, Chainer's Edict, Gaea's Cradle, Buried Alive, Tree of Tales, Sylvan Library, Werebear, Symbiotic Wurm, Tranquil Thicket, Recurring Nightmare, Basking Rootwalla, Basking Rootwalla, Forest, Forest, Forest, Forest, Forest, Forest, Forest, Treetop Village, Roar of the Wurm, Stitch Together, Birds of Paradise, Birds of Paradise, Arrogant Wurm, Wild Mongrel, Wild Mongrel, Call of the Herd","Simoon, Shadowblood Ridge, Patriarch's Bidding, Rapid Decay, Squirrel Nest, Order of the Ebon Hand, Gempalm Incinerator, Fallen Askari, Blazing Specter, Goblin Piledriver, Vendetta, Vendetta, Dark Ritual, Bottle Gnomes, Soltari Monk, Plague Spitter, Uktabi Orangutan, Astral Slide, Spike Weaver, Thunderscape Battlemage, Rancor, Flametongue Kavu, Karplusan Forest, Stupor, Ghazbán Ogre, Phyrexian Arena, Phyrexian Negator"
"46","4","Blue/White","UW Control","Spells, Enchantments","4","19","17","3.30","Talisman of Progress, Talisman of Progress, Eternal Dragon, Eternal Dragon, Parallax Wave, Exalted Angel, Wrath of God, Wrath of God, Wrath of God, Pacifism, Man-o'-War, Decree of Justice, Daze, Skycloud Expanse, Kjeldoran Outpost, Secluded Steppe, Secluded Steppe, Secluded Steppe, Miscalculation, Seal of Cleansing, Disenchant, Akroma's Vengeance, Swords to Plowshares, Swords to Plowshares, Island, Island, Plains, Plains, Plains, Plains, Plains, Plains, Plains, Plains, Counterspell, Control Magic, Land Tax, Adarkar Wastes, Parallax Tide, Flooded Strand","Albino Troll, Warrior en-Kor, Windswept Heath, Squirrel Nest, Yavimaya Coast, Goblin Grappler, Serra Angel, Brushland, Soltari Monk, Goblin Taskmaster, Astral Slide, Soltari Visionary, Renewed Faith, Renewed Faith, Cloudchaser Eagle, Cataclysm, Opposition, Disciple of the Vault, Armageddon, Order of Leitbur, White Knight, Aura of Silence, Staunch Defenders, Empyrial Armor, Seal of Removal, City of Brass, Sulfurous Springs, Soltari Priest, Reprisal, Paladin en-Vec"
"46","5","Green/White","GW Counters","Enchantments","14","9","17","3.00","Wasteland, Parallax Wave, Plow Under, Exalted Angel, Eternal Witness, Wall of Roots, Wall of Roots, Opalescence, Opalescence, Spike Feeder, Brushland, Llanowar Elves, Llanowar Elves, Mirari's Wake, Rampant Growth, Rancor, Tranquil Thicket, Swords to Plowshares, Forest, Forest, Forest, Forest, Forest, Forest, Forest, Plains, Plains, Plains, Anurid Brushhopper, Elfhame Palace, Elfhame Palace, Birds of Paradise, Birds of Paradise, Academy Rector, Academy Rector, Phantom Nishoba, Call of the Herd, Wall of Blossoms, Rishadan Port, Cloudpost","Nimble Mongoose, Warrior en-Kor, Overrun, Goblin Warchief, Goblin Warchief, Wax // Wane, Weatherseed Treefolk, Replenish, Replenish, Elvish Archers, Creeping Mold, Viridian Shaman, Saproling Burst, Saproling Burst, Thornscape Battlemage, Akroma's Vengeance, Fire // Ice, Roar of the Wurm, Karplusan Forest, Skirk Prospector, Mind Stone, Erhnam Djinn, Blastoderm, Blastoderm, Krosan Verge, Arrogant Wurm, Fires of Yavimaya, Chrome Mox, Chrome Mox, Empyrial Armor"
"46","6","Colorless","Combo","Artifacts, Frogs","12","11","17","3.09","Ancient Den, Voltaic Key, Winter Orb, Tinker, Blinkmoth Nexus, Swamp, Masticore, Arcbound Ravager, Arcbound Ravager, Arcbound Ravager, Krark-Clan Ironworks, Krark-Clan Ironworks, Mishra's Helix, Cranial Plating, Cranial Plating, Karn, Silver Golem, Darksteel Citadel, Metalworker, Metalworker, Ornithopter, Frogmite, Frogmite, Frogmite, Frogmite, Island, Island, Island, Island, Island, Island, Island, Island, Island, Island, Tangle Wire, Tangle Wire, Thoughtcast, City of Traitors, Cloudpost, Cloudpost","Ancient Den, Vault of Whispers, Balance, Glory, Seat of the Synod, Somber Hoverguard, Yavimaya Coast, Temporal Aperture, Arcbound Worker, Arcbound Worker, Arcbound Worker, Sulfuric Vortex, Skycloud Expanse, Visara the Dreadful, Shatter, Fellwar Stone, Fire Diamond, Barbed Sextant, Goblin Sledder, Swords to Plowshares, Karplusan Forest, Enlightened Tutor, Thawing Glaciers, Autumn Willow, Powder Keg, Tradewind Rider, Shrapnel Blast, Order of Leitbur, Black Vise, Welding Jar, Great Furnace"
"46","7","Black","B Midrange","Spells, Knights","9","14","17","2.35","Cabal Therapy, Diabolic Edict, Dark Banishing, Order of the Ebon Hand, Ravenous Rats, Blinkmoth Nexus, Contagion, Cursed Scroll, Dark Ritual, Dark Ritual, Swamp, Swamp, Swamp, Swamp, Swamp, Swamp, Swamp, Swamp, Swamp, Swamp, Swamp, Swamp, Swamp, Swamp, Mishra's Factory, Innocent Blood, Volrath's Stronghold, Hypnotic Specter, Hypnotic Specter, Knight of Stromgald, Black Knight, Black Knight, Necropotence, Necropotence, Necropotence, Hymn to Tourach, Smother, Phyrexian Scuta, Nekrataal, Drain Life","Urborg Volcano, Albino Troll, Aeolipile, Dance of the Dead, Patriarch's Bidding, Last Rites, Duress, Icy Manipulator, Phyrexian Processor, Addle, Gempalm Incinerator, Undead Gladiator, Giant Growth, Centaur Garden, Reflecting Pool, Pouncing Jaguar, Wild Dogs, Spirit of the Night, Ball Lightning, Soltari Visionary, Chainer's Edict, Kavu Chameleon, River Boa, Jackal Pup, Phantom Centaur, Recurring Nightmare, Goblin Sledder, Worn Powerstone, Nomads en-Kor, Mogg Flunkies, Disciple of the Vault, Mind Stone, Myr Incubator, Ghastly Demise"
"46","8","Blue","U Tempo","Spells","4","19","17","2.70","Gush, Accumulated Knowledge, Careful Study, Brainstorm, Yavimaya Coast, Fact or Fiction, Fact or Fiction, Darkwater Catacombs, Serum Visions, Deep Analysis, Deep Analysis, Mishra's Factory, Dismiss, Merfolk Looter, Salt Marsh, Opt, Underground River, Underground River, Force Spike, Miscalculation, Force of Will, Force of Will, Condescend, Circular Logic, Island, Island, Island, Island, Island, Island, Island, Island, Waterfront Bouncer, Memory Lapse, Mana Leak, Psychatog, Psychatog, Saprazzan Skerry, Flooded Strand, Bloodstained Mire","Firestorm, Frantic Search, Frantic Search, Ray of Distortion, Wonder, Entomb, Somber Hoverguard, Yavimaya Coast, Nightscape Familiar, Attunement, Terminate, Arcanis the Omnipotent, Thirst for Knowledge, Tranquil Thicket, Sparksmith, Wing Shards, Spite // Malice, Nomads en-Kor, Mogg Flunkies, Zombify, Evincar's Justice, Ironclaw Orcs, Howling Mine, Nekrataal, Siege-Gang Commander, Drain Life, Soltari Priest, Bloodstained Mire"
"47","1","Green","G Ramp","Creatures","17","6","17","2.78","Survival of the Fittest, Survival of the Fittest, Genesis, Eternal Witness, Eternal Witness, Eternal Witness, Llanowar Wastes, Llanowar Wastes, Llanowar Wastes, Llanowar Elves, Llanowar Elves, Verdant Force, Gaea's Cradle, Sylvan Library, Werebear, Tranquil Thicket, Tranquil Thicket, Basking Rootwalla, Basking Rootwalla, Forest, Forest, Forest, Forest, Forest, Forest, Forest, Forest, Forest, Forest, Treetop Village, Roar of the Wurm, Birds of Paradise, Birds of Paradise, Birds of Paradise, Arrogant Wurm, Arrogant Wurm, Wild Mongrel, Wild Mongrel, Call of the Herd, Call of the Herd","Albino Troll, Albino Troll, Diabolic Edict, Entomb, Squirrel Nest, Llanowar Wastes, Careful Study, Wall of Roots, Goblin Piledriver, Weatherseed Treefolk, Creeping Mold, Spike Feeder, Spike Weaver, Rampant Growth, River Boa, Symbiotic Wurm, Phantom Centaur, Recurring Nightmare, Waterfront Bouncer, Zombify, Karplusan Forest, Blastoderm, Order of Leitbur, Fires of Yavimaya, Academy Rector, Phantom Nishoba, Drain Life, Wall of Blossoms, Wall of Blossoms, City of Brass"
"47","2","Blue","U Spellslinger","Spells","1","22","17","2.78","Shivan Reef, Accumulated Knowledge, Accumulated Knowledge, Brainstorm, Yavimaya Coast, Fact or Fiction, Fact or Fiction, Fact or Fiction, Deep Analysis, Merfolk Looter, Forbid, Repulse, Capsize, Upheaval, Force Spike, Miscalculation, Force of Will, Condescend, Circular Logic, Island, Island, Island, Island, Island, Island, Island, Island, Island, Island, Island, Island, Island, Memory Lapse, Misdirection, Mana Leak, Counterspell, Flooded Strand, Flooded Strand, Impulse, Mystical Tutor","Talisman of Progress, Eternal Dragon, Voltaic Key, Voltaic Key, Shivan Reef, Simoon, Sky Diamond, Defense Grid, Tinker, Yavimaya Coast, Heart of Ramos, Goblin Taskmaster, Astral Slide, Underground River, Arcanis the Omnipotent, Kjeldoran Outpost, Thirst for Knowledge, Barbed Sextant, Renewed Faith, Fire // Ice, Cataclysm, Swords to Plowshares, Karplusan Forest, Anurid Brushhopper, Ironclaw Orcs, Thoughtcast, Howling Mine, Goblin Sharpshooter, Siege-Gang Commander, Black Vise, Parallax Tide, Pyroclasm, Phyrexian Negator"
"47","3","Red/Blue","RU Artifacts","Artifacts","4","19","17","3.04","Talisman of Progress, Aeolipile, Zuran Orb, Voltaic Key, Wildfire, Shivan Reef, Shivan Reef, Grim Monolith, Icy Manipulator, Seat of the Synod, Seat of the Synod, Somber Hoverguard, Blinkmoth Nexus, Lightning Bolt, Masticore, Krark-Clan Ironworks, Pentad Prism, Skycloud Expanse, Shatter, Miscalculation, Force of Will, Nevinyrral's Disk, Barbed Sextant, Mountain, Mountain, Mountain, Mountain, Mountain, Mountain, Mountain, Thran Dynamo, Frogmite, Worn Powerstone, Island, Island, Covetous Dragon, Mind Stone, Rising Waters, Cloudpost, Cloudpost","Ancient Den, Order of the Ebon Hand, Wrath of God, Addle, Yavimaya Coast, Replenish, Replenish, Aquamoeba, Attunement, Decree of Justice, Arcbound Worker, Stone Rain, Astral Slide, Ball Lightning, Ball Lightning, Thunderscape Battlemage, Rancor, Fireblast, Smother, Goblin Sledder, Mogg Flunkies, Karplusan Forest, Opposition, Ironclaw Orcs, Avalanche Riders, Control Magic, Confiscate, Aura of Silence, Seal of Removal"
"47","4","Black","B Midrange","Spells, Humans","9","14","17","2.30","Cabal Therapy, Wasteland, Dark Banishing, Phyrexian Tower, Ravenous Rats, Undead Gladiator, Vendetta, Dark Ritual, Dark Ritual, Dark Ritual, Dark Ritual, Swamp, Swamp, Swamp, Swamp, Swamp, Swamp, Swamp, Swamp, Swamp, Swamp, Swamp, Mishra's Factory, Reflecting Pool, Volrath's Stronghold, Hypnotic Specter, Hypnotic Specter, Knight of Stromgald, Black Knight, Black Knight, Necropotence, Necropotence, Necropotence, Hymn to Tourach, Phyrexian Scuta, Stupor, Nekrataal, Drain Life, Phyrexian Arena, City of Traitors","Warrior en-Kor, Doomed Necromancer, Wonder, Patriarch's Bidding, Patriarch's Bidding, Rapid Decay, Hammer of Bogardan, Last Rites, Llanowar Wastes, Yawgmoth's Will, Phyrexian Processor, Gempalm Incinerator, Blazing Specter, Cursed Scroll, Innocent Blood, Reflecting Pool, Arcbound Worker, Chainer's Edict, Visara the Dreadful, Thornscape Battlemage, Quiet Speculation, Recurring Nightmare, Shock, Disciple of the Vault, Autumn Willow, Order of Leitbur, Chrome Mox, Chrome Mox, City of Brass, Yawgmoth's Bargain, Crumbling Sanctuary"
"47","5","Black/Blue","BU Tempo","Spells","2","21","17","2.61","Recoil, Gush, Frantic Search, Accumulated Knowledge, Accumulated Knowledge, Barren Moor, Duress, Darkwater Catacombs, Swamp, Swamp, Swamp, Swamp, Swamp, Swamp, Swamp, Serum Visions, Deep Analysis, Deep Analysis, Dismiss, Salt Marsh, Undermine, Daze, Opt, Underground River, Miscalculation, Force of Will, Circular Logic, Island, Island, Island, Island, Cephalid Coliseum, Elfhame Palace, Counterspell, Counterspell, Counterspell, Nekrataal, Psychatog, Ghastly Demise, Vampiric Tutor","Dance of the Dead, Grim Monolith, Grim Monolith, Tinker, Yawgmoth's Will, Somber Hoverguard, Yavimaya Coast, Contagion, Vendetta, Nightscape Familiar, Centaur Garden, Attunement, Brushland, Plague Spitter, Man-o'-War, Chainer's Edict, Saproling Burst, Saproling Burst, Mirari's Wake, Thirst for Knowledge, Fellwar Stone, Ornithopter, Cloudchaser Eagle, Karplusan Forest, Evincar's Justice, Elfhame Palace, Blastoderm, Staunch Defenders, Sulfurous Springs, Reprisal, Bloodstained Mire"
"47","6","Red","R Burn","Goblins","15","8","17","2.09","Pillage, Ancient Tomb, Urza's Rage, Goblin Warchief, Goblin Warchief, Blinkmoth Nexus, Lightning Bolt, Lightning Bolt, Lightning Bolt, Gempalm Incinerator, Mishra's Factory, Sulfuric Vortex, Mogg Fanatic, Darksteel Citadel, Jackal Pup, Jackal Pup, Ghitu Encampment, Ornithopter, Mountain, Mountain, Mountain, Mountain, Mountain, Mountain, Mountain, Mountain, Mountain, Mountain, Fireball, Goblin Sledder, Flametongue Kavu, Flametongue Kavu, Sparksmith, Mogg Flunkies, Mogg Flunkies, Skirk Prospector, Incinerate, Siege-Gang Commander, Rishadan Port, Great Furnace","Urborg Volcano, Wildfire, Firestorm, Overrun, Squirrel Nest, Icy Manipulator, Bottle Gnomes, Viridian Shaman, Masticore, Arcbound Ravager, Arcbound Worker, Wild Dogs, Tree of Tales, Fire Diamond, Rancor, Tranquil Thicket, Frogmite, Nomads en-Kor, Stitch Together, Karplusan Forest, Covetous Dragon, Thawing Glaciers, Ghazbán Ogre, Birds of Paradise, Shrapnel Blast, Erhnam Djinn, Fires of Yavimaya, Saprazzan Skerry, Anger, Bloodstained Mire"
"47","7","White","W Control","Spells, Enchantments","4","19","17","3.35","Ancient Den, Eternal Dragon, Parallax Wave, Parallax Wave, Balance, Exalted Angel, Exalted Angel, Wrath of God, Wrath of God, Serra Angel, Opalescence, Opalescence, Pacifism, Decree of Justice, Secluded Steppe, Secluded Steppe, Secluded Steppe, Seal of Cleansing, Disenchant, Renewed Faith, Akroma's Vengeance, Swords to Plowshares, Swords to Plowshares, Swords to Plowshares, Wing Shards, Plains, Plains, Plains, Plains, Plains, Plains, Plains, Plains, Plains, Plains, Plains, Plains, Plains, Enlightened Tutor, Land Tax","Gemstone Mine, Nimble Mongoose, Warrior en-Kor, Ray of Distortion, Windswept Heath, Order of the Ebon Hand, Glory, Scrabbling Claws, Wax // Wane, Goblin Grappler, Giant Growth, Brushland, Serrated Arrows, Soltari Monk, Soltari Monk, Man-o'-War, Uktabi Orangutan, Spirit of the Night, Skycloud Expanse, Soltari Visionary, Soltari Visionary, Nomads en-Kor, Opposition, Armageddon, Myr Incubator, Adarkar Wastes, Order of Leitbur, Krosan Verge, White Knight, Empyrial Armor, Soltari Priest, Soltari Priest, Paladin en-Vec"
"47","8","Black/Blue","BU Artifacts","Artifacts","8","15","17","3.22","Vault of Whispers, Vault of Whispers, Winter Orb, Tinker, Phyrexian Processor, Talisman of Dominance, Swamp, Swamp, Crystal Vein, Arcbound Ravager, Arcbound Ravager, Krark-Clan Ironworks, Mishra's Helix, Cranial Plating, Cranial Plating, Underground River, Karn, Silver Golem, Metalworker, Metalworker, Thran Dynamo, Frogmite, Frogmite, Worn Powerstone, Island, Island, Island, Island, Island, Island, Island, Island, Island, Tangle Wire, Tangle Wire, Mind Stone, Phyrexian Colossus, Thoughtcast, Welding Jar, Cloudpost, Cloudpost","Shivan Reef, Shadowblood Ridge, Frantic Search, Plow Under, Starstorm, Spiritmonger, Wall of Roots, Yavimaya Coast, Fallen Askari, Elvish Archers, Temporal Aperture, Creeping Mold, Terminate, Arcbound Worker, Pouncing Jaguar, Buried Alive, Kavu Chameleon, Jester's Cap, Earthquake, Akroma's Vengeance, Spite // Malice, Roar of the Wurm, Hydroblast, Disciple of the Vault, Powder Keg, Tradewind Rider, Ivory Tower, Psychatog, Academy Rector, Empyrial Armor, Great Furnace"
"48","1","Green","G Counters","Creatures","16","7","17","3.26","Albino Troll, Albino Troll, Genesis, Overrun, Plow Under, Windswept Heath, Eternal Witness, Eternal Witness, Eternal Witness, Llanowar Wastes, Llanowar Wastes, Weatherseed Treefolk, Centaur Garden, Brushland, Llanowar Elves, Verdant Force, Saproling Burst, Saproling Burst, Gaea's Cradle, River Boa, Sylvan Library, Phantom Centaur, Rancor, Tranquil Thicket, Forest, Forest, Forest, Forest, Forest, Forest, Forest, Forest, Forest, Treetop Village, Birds of Paradise, Birds of Paradise, Birds of Paradise, Blastoderm, Blastoderm, Call of the Herd","Survival of the Fittest, Squirrel Nest, Squirrel Nest, Llanowar Wastes, Addle, Wall of Roots, Elvish Archers, Giant Growth, Creeping Mold, Spike Feeder, Brushland, Arcbound Ravager, Goblin Taskmaster, Reflecting Pool, Pouncing Jaguar, Wild Dogs, Spike Weaver, Kavu Chameleon, Mirari's Wake, Renewed Faith, Roar of the Wurm, Nomads en-Kor, Skirk Prospector, Elfhame Palace, Erhnam Djinn, Fires of Yavimaya, Anger, Wall of Blossoms, Wall of Blossoms"
"48","2","Red","R Burn","Goblins","15","8","17","2.43","Wasteland, Hammer of Bogardan, Goblin Warchief, Goblin Warchief, Lightning Bolt, Lightning Bolt, Lightning Bolt, Gempalm Incinerator, Goblin Piledriver, Mishra's Factory, Ball Lightning, Sulfuric Vortex, Mogg Fanatic, Jackal Pup, Jackal Pup, Ghitu Encampment, Fireblast, Mountain, Mountain, Mountain, Mountain, Mountain, Mountain, Mountain, Mountain, Mountain, Mountain, Mountain, Mountain, Shock, Sparksmith, Mogg Flunkies, Mogg Flunkies, Mogg Flunkies, Karplusan Forest, Goblin Sharpshooter, Incinerate, Siege-Gang Commander, Siege-Gang Commander, Great Furnace","Pillage, Wildfire, Wildfire, Nimble Mongoose, Simoon, Firestorm, Urza's Rage, Goblin Grappler, Terminate, Arcbound Worker, Stone Rain, Ball Lightning, Knight of Stromgald, Fire Diamond, Earthquake, Thunderscape Battlemage, Seal of Cleansing, Fireball, Goblin Sledder, Cataclysm, Flametongue Kavu, Flametongue Kavu, Karplusan Forest, Covetous Dragon, Ironclaw Orcs, Ironclaw Orcs, Avalanche Riders, Mind Stone, Armageddon, Shrapnel Blast, Pyroclasm, Chrome Mox"
"48","3","Black","B Midrange","Spells","4","19","17","2.22","Cabal Therapy, Diabolic Edict, Dark Banishing, Doomed Necromancer, Dance of the Dead, Phyrexian Tower, Entomb, Ravenous Rats, Yawgmoth's Will, Duress, Contagion, Vendetta, Vendetta, Dark Ritual, Dark Ritual, Swamp, Swamp, Swamp, Swamp, Swamp, Swamp, Swamp, Swamp, Swamp, Swamp, Swamp, Swamp, Swamp, Swamp, Mishra's Factory, Volrath's Stronghold, Chainer's Edict, Necropotence, Smother, Zombify, Stitch Together, Nekrataal, Nekrataal, Drain Life, Vampiric Tutor","Eternal Dragon, Warrior en-Kor, Ray of Distortion, Patriarch's Bidding, Patriarch's Bidding, Order of the Ebon Hand, Exalted Angel, Last Rites, Wax // Wane, Fallen Askari, Blazing Specter, Serrated Arrows, Plague Spitter, Soltari Visionary, Soltari Visionary, Underground River, Black Knight, Nevinyrral's Disk, Renewed Faith, Cloudchaser Eagle, Swords to Plowshares, Swords to Plowshares, Swords to Plowshares, Swords to Plowshares, Hydroblast, Evincar's Justice, Tangle Wire, Disciple of the Vault, Order of Leitbur, Black Vise, Aura of Silence, Phyrexian Negator, Crumbling Sanctuary, Bloodstained Mire"
"48","4","Green/Blue","GU Ramp","Green/Blue","13","10","17","3.09","Survival of the Fittest, Wonder, Yavimaya Coast, Yavimaya Coast, Yavimaya Coast, Yavimaya Coast, Yavimaya Coast, Aquamoeba, Man-o'-War, Llanowar Elves, Force of Will, Force of Will, Tranquil Thicket, Circular Logic, Circular Logic, Island, Island, Island, Island, Island, Island, Island, Basking Rootwalla, Basking Rootwalla, Forest, Forest, Forest, Waterfront Bouncer, Roar of the Wurm, Opposition, Opposition, Counterspell, Tradewind Rider, Birds of Paradise, Arrogant Wurm, Arrogant Wurm, Wild Mongrel, Wild Mongrel, Call of the Herd, City of Traitors","Warrior en-Kor, Frantic Search, Wall of Roots, Fact or Fiction, Fact or Fiction, Opalescence, Viridian Shaman, Attunement, Undermine, Uktabi Orangutan, Repulse, Opt, Capsize, Rampant Growth, Jester's Cap, Force Spike, Thirst for Knowledge, Fellwar Stone, Werebear, Rancor, Karplusan Forest, Autumn Willow, Powder Keg, Elfhame Palace, Myr Incubator, Order of Leitbur, Empyrial Armor, Seal of Removal, Sulfurous Springs, Soltari Priest"
"48","5","Blue","U Artifacts","Artifacts","9","14","17","3.61","Talisman of Progress, Voltaic Key, Shivan Reef, Shivan Reef, Grim Monolith, Grim Monolith, Tinker, Tinker, Icy Manipulator, Phyrexian Processor, Seat of the Synod, Somber Hoverguard, Blinkmoth Nexus, Blinkmoth Nexus, Masticore, Upheaval, Karn, Silver Golem, Metalworker, Ornithopter, Thran Dynamo, Frogmite, Frogmite, Frogmite, Worn Powerstone, Island, Island, Island, Island, Island, Island, Island, Plains, Mind Stone, Phyrexian Colossus, Thoughtcast, Thoughtcast, Rishadan Port, Cloudpost, Cloudpost, Cloudpost","Zuran Orb, Parallax Wave, Shivan Reef, Accumulated Knowledge, Accumulated Knowledge, Lightning Bolt, Scrabbling Claws, Gempalm Incinerator, Cursed Scroll, Replenish, Temporal Aperture, Creeping Mold, Attunement, Arcbound Worker, Tree of Tales, Miscalculation, Force of Will, Barbed Sextant, Disenchant, Akroma's Vengeance, Goblin Sledder, Covetous Dragon, Howling Mine, Confiscate, Order of Leitbur, Staunch Defenders, Great Furnace, Paladin en-Vec"
"48","6","Black","B Midrange","Spells, Enchantments","6","17","17","2.87","Vault of Whispers, Vault of Whispers, Order of the Ebon Hand, Llanowar Wastes, Yawgmoth's Will, Barren Moor, Undead Gladiator, Dark Ritual, Dark Ritual, Swamp, Swamp, Swamp, Swamp, Swamp, Swamp, Swamp, Swamp, Swamp, Swamp, Swamp, Innocent Blood, Spirit of the Night, Hypnotic Specter, Hypnotic Specter, Chainer's Edict, Visara the Dreadful, Buried Alive, Underground River, Necropotence, Necropotence, Hymn to Tourach, Recurring Nightmare, Recurring Nightmare, Stupor, Ghastly Demise, Drain Life, Chrome Mox, Phyrexian Arena, City of Brass, Yawgmoth's Bargain","Urborg Volcano, Aeolipile, Gemstone Mine, Shadowblood Ridge, Sky Diamond, Defense Grid, Rapid Decay, Llanowar Wastes, Careful Study, Phyrexian Processor, Spiritmonger, Heart of Ramos, Replenish, Bottle Gnomes, Nightscape Familiar, Merfolk Looter, Cranial Plating, Underground River, Miscalculation, Black Knight, Symbiotic Wurm, Phyrexian Scuta, Karplusan Forest, Ivory Tower, Psychatog, Krosan Verge, Saprazzan Skerry, Empyrial Armor, City of Brass, Soltari Priest, Bloodstained Mire"
"48","7","Black/Blue","BU Artifacts","Artifacts","8","15","17","2.70","Ancient Den, Voltaic Key, Voltaic Key, Winter Orb, Grim Monolith, Ancient Tomb, Tinker, Icy Manipulator, Seat of the Synod, Somber Hoverguard, Talisman of Dominance, Swamp, Swamp, Swamp, Crystal Vein, Masticore, Arcbound Ravager, Arcbound Ravager, Krark-Clan Ironworks, Krark-Clan Ironworks, Salt Marsh, Mishra's Helix, Cranial Plating, Darksteel Citadel, Metalworker, Ornithopter, Thran Dynamo, Frogmite, Worn Powerstone, Island, Island, Island, Island, Island, Island, Tangle Wire, Cephalid Coliseum, Disciple of the Vault, Welding Jar, Cloudpost","Ancient Den, Shivan Reef, Recoil, Accumulated Knowledge, Wrath of God, Glory, Deep Analysis, Dismiss, Arcbound Worker, Pentad Prism, Shatter, Thornscape Battlemage, Thirst for Knowledge, Condescend, Barbed Sextant, Tranquil Thicket, Akroma's Vengeance, Karplusan Forest, Enlightened Tutor, Counterspell, Land Tax, Ghazbán Ogre, Rising Waters, Adarkar Wastes, Psychatog, Fires of Yavimaya, Parallax Tide, Academy Rector, Impulse"
"48","8","Blue/White","UW Control","Spells","2","21","17","3.04","Talisman of Progress, Eternal Dragon, Balance, Accumulated Knowledge, Exalted Angel, Wrath of God, Wrath of God, Brainstorm, Fact or Fiction, Serum Visions, Deep Analysis, Decree of Justice, Decree of Justice, Forbid, Daze, Skycloud Expanse, Skycloud Expanse, Kjeldoran Outpost, Secluded Steppe, Secluded Steppe, Secluded Steppe, Miscalculation, Island, Island, Island, Island, Island, Island, Island, Memory Lapse, Plains, Plains, Misdirection, Mana Leak, Counterspell, Counterspell, Control Magic, Flooded Strand, Flooded Strand, Mystical Tutor","Parallax Wave, Shivan Reef, Gush, Frantic Search, Starstorm, Darkwater Catacombs, Serra Angel, Deep Analysis, Opalescence, Pacifism, Soltari Monk, Soltari Monk, Man-o'-War, Reflecting Pool, Arcbound Worker, Astral Slide, Astral Slide, Arcanis the Omnipotent, Quiet Speculation, Fire // Ice, Wing Shards, Spite // Malice, Nomads en-Kor, Anurid Brushhopper, Thawing Glaciers, White Knight, Academy Rector, Phantom Nishoba, Reprisal"
"49","1","Blue","U Artifacts","Artifacts","3","20","17","2.78","Accumulated Knowledge, Winter Orb, Grim Monolith, Ancient Tomb, Tinker, Icy Manipulator, Phyrexian Processor, Phyrexian Processor, Seat of the Synod, Talisman of Dominance, Swamp, Serum Visions, Serrated Arrows, Crystal Vein, Arcbound Ravager, Reflecting Pool, Mishra's Helix, Cranial Plating, Miscalculation, Thirst for Knowledge, Fellwar Stone, Force of Will, Metalworker, Frogmite, Worn Powerstone, Worn Powerstone, Island, Island, Island, Island, Island, Island, Island, Island, Island, Island, Mind Stone, Chrome Mox, Cloudpost, Cloudpost","Diabolic Edict, Vault of Whispers, Firestorm, Phyrexian Tower, Order of the Ebon Hand, Order of the Ebon Hand, Exalted Angel, Yawgmoth's Will, Blazing Specter, Vendetta, Opalescence, Attunement, Soltari Monk, Reflecting Pool, Undermine, Arcbound Worker, Astral Slide, Capsize, Jester's Cap, Force Spike, Fire Diamond, Recurring Nightmare, Circular Logic, Wing Shards, Opposition, Skirk Prospector, Tradewind Rider, Adarkar Wastes, Order of Leitbur, Drain Life, Flooded Strand"
"49","2","Blue","U Artifacts","Artifacts","11","12","17","2.96","Ancient Den, Voltaic Key, Voltaic Key, Voltaic Key, Shivan Reef, Shivan Reef, Grim Monolith, Tinker, Tinker, Blinkmoth Nexus, Swamp, Swamp, Swamp, Swamp, Swamp, Swamp, Swamp, Masticore, Arcbound Ravager, Krark-Clan Ironworks, Krark-Clan Ironworks, Cranial Plating, Karn, Silver Golem, Darksteel Citadel, Metalworker, Ornithopter, Ornithopter, Frogmite, Frogmite, Frogmite, Island, Island, Tangle Wire, Disciple of the Vault, Phyrexian Colossus, Thoughtcast, Thoughtcast, City of Traitors, Cloudpost, Cloudpost","Talisman of Progress, Ancient Den, Zuran Orb, Shivan Reef, Gush, Icy Manipulator, Addle, Somber Hoverguard, Temporal Aperture, Bottle Gnomes, Decree of Justice, Ball Lightning, Upheaval, Rampant Growth, Kjeldoran Outpost, Barbed Sextant, Earthquake, Ghitu Encampment, Thran Dynamo, Cloudchaser Eagle, Nomads en-Kor, Hydroblast, Covetous Dragon, Disciple of the Vault, Mind Stone, Howling Mine, Shrapnel Blast, Great Furnace, Soltari Priest"
"49","3","Green","G Ramp","Creatures","16","7","17","3.30","Survival of the Fittest, Survival of the Fittest, Genesis, Eternal Witness, Eternal Witness, Llanowar Wastes, Llanowar Wastes, Llanowar Wastes, Llanowar Wastes, Wall of Roots, Wall of Roots, Llanowar Elves, Llanowar Elves, Verdant Force, Sylvan Library, Werebear, Symbiotic Wurm, Tranquil Thicket, Tranquil Thicket, Basking Rootwalla, Basking Rootwalla, Forest, Forest, Forest, Forest, Forest, Forest, Forest, Forest, Forest, Forest, Forest, Roar of the Wurm, Roar of the Wurm, Blastoderm, Arrogant Wurm, Call of the Herd, Call of the Herd, Wall of Blossoms, Wall of Blossoms","Cabal Therapy, Dark Banishing, Entomb, Llanowar Wastes, Barren Moor, Spiritmonger, Somber Hoverguard, Scrabbling Claws, Wax // Wane, Serra Angel, Elvish Archers, Dark Ritual, Opalescence, Brushland, Plague Spitter, Masticore, Pentad Prism, Spike Weaver, Buried Alive, River Boa, Rancor, Rancor, Smother, Nomads en-Kor, Zombify, Elfhame Palace, Blastoderm, Order of Leitbur, Krosan Verge, Phantom Nishoba, Reprisal"
"49","4","Blue/White","UW Control","Spells","1","22","17","2.65","Talisman of Progress, Eternal Dragon, Balance, Grim Monolith, Windswept Heath, Wrath of God, Wrath of God, Wrath of God, Brainstorm, Yavimaya Coast, Yavimaya Coast, Dismiss, Decree of Justice, Skycloud Expanse, Skycloud Expanse, Secluded Steppe, Secluded Steppe, Miscalculation, Miscalculation, Force of Will, Swords to Plowshares, Swords to Plowshares, Swords to Plowshares, Swords to Plowshares, Island, Island, Island, Island, Island, Memory Lapse, Plains, Plains, Plains, Plains, Plains, Mana Leak, Counterspell, Counterspell, Control Magic, Impulse","Eternal Dragon, Parallax Wave, Parallax Wave, Accumulated Knowledge, Defense Grid, Glory, Yavimaya Coast, Deep Analysis, Creeping Mold, Astral Slide, Thran Dynamo, Seal of Cleansing, Renewed Faith, Renewed Faith, Akroma's Vengeance, Akroma's Vengeance, Cataclysm, Misdirection, Enlightened Tutor, Thawing Glaciers, Armageddon, Powder Keg, Land Tax, Parallax Tide, Academy Rector, Academy Rector, Welding Jar, Staunch Defenders, Empyrial Armor, Soltari Priest"
"49","5","Black/Blue","BU Tempo","Spells","4","19","17","2.57","Vault of Whispers, Frantic Search, Frantic Search, Yawgmoth's Will, Seat of the Synod, Fact or Fiction, Fact or Fiction, Darkwater Catacombs, Vendetta, Dark Ritual, Dark Ritual, Dark Ritual, Swamp, Swamp, Swamp, Swamp, Swamp, Swamp, Swamp, Swamp, Swamp, Nightscape Familiar, Salt Marsh, Opt, Hypnotic Specter, Hypnotic Specter, Chainer's Edict, Underground River, Necropotence, Necropotence, Circular Logic, Island, Spite // Malice, Stupor, Cephalid Coliseum, Counterspell, Psychatog, Ghastly Demise, Vampiric Tutor, Rishadan Port","Albino Troll, Gemstone Mine, Doomed Necromancer, Accumulated Knowledge, Wonder, Goblin Grappler, Undead Gladiator, Cursed Scroll, Attunement, Terminate, Man-o'-War, Arcbound Worker, Forbid, Soltari Visionary, Visara the Dreadful, Kavu Chameleon, Black Knight, Black Knight, Thunderscape Battlemage, Waterfront Bouncer, Stitch Together, Anurid Brushhopper, Opposition, Tangle Wire, Ivory Tower, Black Vise, Drain Life, Anger, Seal of Removal, Phyrexian Negator"
"49","6","Red","R Burn","Goblins, Creatures","19","4","17","2.65","Wasteland, Hammer of Bogardan, Goblin Warchief, Goblin Warchief, Blinkmoth Nexus, Lightning Bolt, Gempalm Incinerator, Gempalm Incinerator, Goblin Piledriver, Mishra's Factory, Sulfuric Vortex, Mogg Fanatic, Jackal Pup, Jackal Pup, Fireblast, Mountain, Mountain, Mountain, Mountain, Mountain, Mountain, Mountain, Mountain, Mountain, Mountain, Mountain, Goblin Sledder, Goblin Sledder, Flametongue Kavu, Flametongue Kavu, Sparksmith, Mogg Flunkies, Mogg Flunkies, Mogg Flunkies, Goblin Sharpshooter, Siege-Gang Commander, Siege-Gang Commander, Great Furnace, Bloodstained Mire, Bloodstained Mire","Urborg Volcano, Shivan Reef, Nimble Mongoose, Simoon, Shadowblood Ridge, Patriarch's Bidding, Squirrel Nest, Starstorm, Urza's Rage, Yavimaya Coast, Heart of Ramos, Replenish, Giant Growth, Viridian Shaman, Goblin Taskmaster, Arcbound Worker, Arcbound Worker, Stone Rain, Pouncing Jaguar, Wild Dogs, Shatter, Barbed Sextant, Fireball, Fire // Ice, Ironclaw Orcs, Myr Incubator, White Knight, Chrome Mox, City of Brass, Sulfurous Springs, Crumbling Sanctuary"
"49","7","Green/Red","GR Stompy","Birds","13","10","17","2.83","Albino Troll, Overrun, Plow Under, Eternal Witness, Lightning Bolt, Lightning Bolt, Lightning Bolt, Weatherseed Treefolk, Mishra's Factory, Centaur Garden, Brushland, Saproling Burst, Saproling Burst, Gaea's Cradle, Tree of Tales, Thornscape Battlemage, Phantom Centaur, Tranquil Thicket, Forest, Forest, Forest, Treetop Village, Karplusan Forest, Karplusan Forest, Karplusan Forest, Karplusan Forest, Karplusan Forest, Elfhame Palace, Birds of Paradise, Birds of Paradise, Birds of Paradise, Birds of Paradise, Erhnam Djinn, Incinerate, Arrogant Wurm, Fires of Yavimaya, Fires of Yavimaya, Wild Mongrel, Wild Mongrel, City of Brass","Aeolipile, Pillage, Wildfire, Wildfire, Shivan Reef, Squirrel Nest, Yavimaya Coast, Fact or Fiction, Fallen Askari, Creeping Mold, Spike Feeder, Uktabi Orangutan, Ball Lightning, Soltari Visionary, Quiet Speculation, Nevinyrral's Disk, Shock, Covetous Dragon, Ironclaw Orcs, Autumn Willow, Avalanche Riders, Ghazbán Ogre, Pyroclasm"
"49","8","Black/Blue","BU Tempo","Spells","6","17","17","2.87","Recoil, Accumulated Knowledge, Ravenous Rats, Duress, Swamp, Swamp, Swamp, Swamp, Swamp, Swamp, Swamp, Swamp, Deep Analysis, Deep Analysis, Merfolk Looter, Innocent Blood, Man-o'-War, Repulse, Daze, Volrath's Stronghold, Chainer's Edict, Underground River, Underground River, Force of Will, Condescend, Hymn to Tourach, Recurring Nightmare, Island, Island, Island, Island, Island, Evincar's Justice, Counterspell, Nekrataal, Nekrataal, Confiscate, Psychatog, Saprazzan Skerry, Phyrexian Arena","Warrior en-Kor, Warrior en-Kor, Dance of the Dead, Ray of Distortion, Sky Diamond, Patriarch's Bidding, Rapid Decay, Exalted Angel, Last Rites, Careful Study, Contagion, Replenish, Aquamoeba, Pacifism, Soltari Monk, Arcbound Ravager, Spirit of the Night, Mirari's Wake, Arcanis the Omnipotent, Knight of Stromgald, Secluded Steppe, Thirst for Knowledge, Necropotence, Disenchant, Phyrexian Scuta, Rising Waters, Order of Leitbur, Aura of Silence, Empyrial Armor, Flooded Strand, Yawgmoth's Bargain, Mystical Tutor, Paladin en-Vec"
"50","1","Green/Blue","GU Ramp","Spells, Birds","10","13","17","2.61","Eternal Witness, Yavimaya Coast, Yavimaya Coast, Yavimaya Coast, Yavimaya Coast, Yavimaya Coast, Fact or Fiction, Fact or Fiction, Deep Analysis, Man-o'-War, Llanowar Elves, Gaea's Cradle, Miscalculation, Sylvan Library, Force of Will, Force of Will, Condescend, Tranquil Thicket, Island, Island, Island, Island, Forest, Forest, Forest, Forest, Forest, Opposition, Opposition, Mana Leak, Counterspell, Counterspell, Tradewind Rider, Birds of Paradise, Birds of Paradise, Birds of Paradise, Birds of Paradise, Wall of Blossoms, Wall of Blossoms, Cloudpost","Aeolipile, Zuran Orb, Shivan Reef, Simoon, Frantic Search, Accumulated Knowledge, Squirrel Nest, Squirrel Nest, Glory, Giant Growth, Brushland, Salt Marsh, Skycloud Expanse, Saproling Burst, Force Spike, Werebear, Cloudchaser Eagle, Circular Logic, Circular Logic, Waterfront Bouncer, Roar of the Wurm, Nomads en-Kor, Misdirection, Myr Incubator, Ghazbán Ogre, Confiscate, Krosan Verge, Siege-Gang Commander, Call of the Herd"
"50","2","Black/Green","BG Graveyard","Creatures","18","5","17","3.57","Ravenous Rats, Eternal Witness, Llanowar Wastes, Llanowar Wastes, Llanowar Wastes, Llanowar Wastes, Barren Moor, Spiritmonger, Wall of Roots, Swamp, Swamp, Swamp, Llanowar Elves, Uktabi Orangutan, Spirit of the Night, Volrath's Stronghold, Chainer's Edict, Visara the Dreadful, Verdant Force, River Boa, Symbiotic Wurm, Recurring Nightmare, Smother, Basking Rootwalla, Basking Rootwalla, Forest, Forest, Forest, Forest, Forest, Forest, Zombify, Karplusan Forest, Karplusan Forest, Nekrataal, Nekrataal, Arrogant Wurm, Wild Mongrel, Wild Mongrel, Call of the Herd","Wonder, Last Rites, Duress, Lightning Bolt, Lightning Bolt, Goblin Grappler, Blazing Specter, Bottle Gnomes, Creeping Mold, Spike Feeder, Soltari Monk, Innocent Blood, Wild Dogs, Saproling Burst, Kavu Chameleon, Rancor, Karplusan Forest, Disciple of the Vault, Disciple of the Vault, Autumn Willow, Avalanche Riders, Blastoderm, Fires of Yavimaya, Pyroclasm, Anger, Great Furnace, Sulfurous Springs, Soltari Priest, Bloodstained Mire"
"50","3","Green/White","GW Counters","Spells, Enchantments","6","17","17","3.17","Eternal Dragon, Parallax Wave, Survival of the Fittest, Grim Monolith, Windswept Heath, Exalted Angel, Eternal Witness, Wrath of God, Wrath of God, Wall of Roots, Replenish, Opalescence, Brushland, Pacifism, Decree of Justice, Decree of Justice, Mirari's Wake, Rampant Growth, Tranquil Thicket, Tranquil Thicket, Swords to Plowshares, Swords to Plowshares, Forest, Treetop Village, Plains, Plains, Plains, Plains, Plains, Plains, Plains, Plains, Plains, Plains, Elfhame Palace, Land Tax, Academy Rector, Phantom Nishoba, Chrome Mox, Chrome Mox","Albino Troll, Albino Troll, Nimble Mongoose, Genesis, Overrun, Plow Under, Llanowar Wastes, Weatherseed Treefolk, Creeping Mold, Viridian Shaman, Soltari Monk, Stone Rain, Spike Weaver, Thornscape Battlemage, Black Knight, Fellwar Stone, Phantom Centaur, Rancor, Cataclysm, Wing Shards, Roar of the Wurm, Anurid Brushhopper, Evincar's Justice, Stupor, Mind Stone, Order of Leitbur, Order of Leitbur, Arrogant Wurm, Empyrial Armor, Flooded Strand, Paladin en-Vec"
"50","4","Red","R Burn","Goblins","14","9","17","2.48","Pillage, Ancient Tomb, Hammer of Bogardan, Goblin Warchief, Goblin Warchief, Blinkmoth Nexus, Lightning Bolt, Lightning Bolt, Gempalm Incinerator, Goblin Piledriver, Cursed Scroll, Ball Lightning, Ball Lightning, Sulfuric Vortex, Mogg Fanatic, Darksteel Citadel, Jackal Pup, Jackal Pup, Fireblast, Mountain, Mountain, Mountain, Mountain, Mountain, Mountain, Mountain, Mountain, Mountain, Mountain, Mountain, Shock, Flametongue Kavu, Mogg Flunkies, Mogg Flunkies, Goblin Sharpshooter, Incinerate, Siege-Gang Commander, City of Brass, Rishadan Port, Great Furnace","Ancient Den, Shadowblood Ridge, Firestorm, Winter Orb, Starstorm, Icy Manipulator, Urza's Rage, Centaur Garden, Goblin Taskmaster, Arcbound Worker, Arcbound Worker, Pouncing Jaguar, Knight of Stromgald, Secluded Steppe, Quiet Speculation, Thunderscape Battlemage, Fireball, Goblin Sledder, Goblin Sledder, Flametongue Kavu, Mogg Flunkies, Karplusan Forest, Ironclaw Orcs, Armageddon, Shrapnel Blast, Black Vise, Fires of Yavimaya, Parallax Tide, Staunch Defenders, City of Brass, Bloodstained Mire"
"50","5","Black/White","BW Aristocrats","Spells, Enchantments","5","18","17","2.48","Cabal Therapy, Eternal Dragon, Wasteland, Doomed Necromancer, Dance of the Dead, Phyrexian Tower, Entomb, Exalted Angel, Vendetta, Replenish, Dark Ritual, Dark Ritual, Swamp, Swamp, Swamp, Swamp, Swamp, Swamp, Swamp, Swamp, Swamp, Swamp, Mishra's Factory, Mishra's Factory, Hypnotic Specter, Buried Alive, Kjeldoran Outpost, Secluded Steppe, Necropotence, Necropotence, Necropotence, Hymn to Tourach, Recurring Nightmare, Swords to Plowshares, Swords to Plowshares, Stitch Together, Plains, Ghastly Demise, Academy Rector, Vampiric Tutor","Gemstone Mine, Survival of the Fittest, Grim Monolith, Patriarch's Bidding, Patriarch's Bidding, Order of the Ebon Hand, Order of the Ebon Hand, Yawgmoth's Will, Yawgmoth's Will, Gempalm Incinerator, Wax // Wane, Serra Angel, Opalescence, Plague Spitter, Reflecting Pool, Hypnotic Specter, Soltari Visionary, Soltari Visionary, Jester's Cap, Arcanis the Omnipotent, Tree of Tales, Black Knight, Akroma's Vengeance, Phyrexian Scuta, Rising Waters, Blastoderm, Psychatog, Drain Life, Drain Life, Soltari Priest, Reprisal"
"50","6","Blue","U Artifacts","Artifacts","6","17","17","3.04","Talisman of Progress, Vault of Whispers, Voltaic Key, Shivan Reef, Shivan Reef, Grim Monolith, Tinker, Tinker, Icy Manipulator, Seat of the Synod, Seat of the Synod, Scrabbling Claws, Crystal Vein, Mishra's Helix, Pentad Prism, Cranial Plating, Upheaval, Underground River, Thirst for Knowledge, Metalworker, Metalworker, Ornithopter, Ornithopter, Thran Dynamo, Thran Dynamo, Frogmite, Worn Powerstone, Island, Island, Island, Island, Island, Island, Island, Tangle Wire, Phyrexian Colossus, Thoughtcast, Adarkar Wastes, City of Traitors, Cloudpost","Ancient Den, Vault of Whispers, Wildfire, Shivan Reef, Balance, Accumulated Knowledge, Defense Grid, Wrath of God, Heart of Ramos, Elvish Archers, Temporal Aperture, Serum Visions, Serrated Arrows, Miscalculation, Nevinyrral's Disk, Barbed Sextant, Barbed Sextant, Seal of Cleansing, Renewed Faith, Covetous Dragon, Skirk Prospector, Enlightened Tutor, Counterspell, Erhnam Djinn, Empyrial Armor, Seal of Removal, Mystical Tutor"
"50","7","Black/Blue","BU Tempo","Spells","2","21","17","2.91","Recoil, Gush, Accumulated Knowledge, Accumulated Knowledge, Careful Study, Brainstorm, Fact or Fiction, Darkwater Catacombs, Deep Analysis, Deep Analysis, Dismiss, Merfolk Looter, Undermine, Forbid, Repulse, Daze, Opt, Underground River, Underground River, Miscalculation, Island, Island, Island, Island, Island, Island, Island, Island, Island, Island, Island, Island, Island, Spite // Malice, Memory Lapse, Cephalid Coliseum, Counterspell, Control Magic, Psychatog, Impulse","Urborg Volcano, Diabolic Edict, Dark Banishing, Shivan Reef, Warrior en-Kor, Frantic Search, Ray of Distortion, Addle, Somber Hoverguard, Contagion, Fallen Askari, Undead Gladiator, Vendetta, Dark Ritual, Dark Ritual, Aquamoeba, Nightscape Familiar, Attunement, Attunement, Reflecting Pool, Astral Slide, Skycloud Expanse, Chainer's Edict, Ghitu Encampment, Fire // Ice, Nomads en-Kor, Hydroblast, Ironclaw Orcs, Thawing Glaciers, White Knight, Phyrexian Arena, Phyrexian Negator, Yawgmoth's Bargain"
"50","8","Blue","U Artifacts","Artifacts","7","16","17","2.91","Talisman of Progress, Voltaic Key, Voltaic Key, Sky Diamond, Tinker, Phyrexian Processor, Phyrexian Processor, Blinkmoth Nexus, Talisman of Dominance, Swamp, Swamp, Arcbound Ravager, Arcbound Ravager, Arcbound Ravager, Krark-Clan Ironworks, Krark-Clan Ironworks, Cranial Plating, Karn, Silver Golem, Frogmite, Frogmite, Frogmite, Worn Powerstone, Island, Island, Island, Island, Island, Island, Island, Island, Island, Plains, Tangle Wire, Mind Stone, Powder Keg, Thoughtcast, Saprazzan Skerry, Flooded Strand, Cloudpost, Cloudpost","Parallax Wave, Wildfire, Warrior en-Kor, Rapid Decay, Somber Hoverguard, Masticore, Masticore, Terminate, Man-o'-War, Arcbound Worker, Arcbound Worker, Astral Slide, Capsize, Shatter, Secluded Steppe, Thirst for Knowledge, Force of Will, Fire Diamond, Earthquake, Disenchant, Renewed Faith, Akroma's Vengeance, Sparksmith, Karplusan Forest, Covetous Dragon, Elfhame Palace, Howling Mine, Ivory Tower, Order of Leitbur, Welding Jar, Aura of Silence, Crumbling Sanctuary"